file_name,label,duplicate_group_id,class_name
train_0001.png,0,dup_group_00001,NORMAL
train_0003.png,0,dup_group_00003,NORMAL
train_0004.png,0,dup_group_00003,NORMAL
train_0005.png,0,dup_group_00004,NORMAL
train_0006.png,0,dup_group_00003,NORMAL
train_0007.png,0,dup_group_00005,NORMAL
train_0008.png,0,dup_group_00006,NORMAL
train_0009.png,0,dup_group_00007,NORMAL
train_0012.png,0,dup_group_00009,NORMAL
train_0013.png,0,dup_group_00010,NORMAL
train_0014.png,0,dup_group_00011,NORMAL
train_0015.png,0,dup_group_00012,NORMAL
train_0017.png,0,dup_group_00013,NORMAL
train_0018.png,0,dup_group_00014,NORMAL
train_0019.png,0,dup_group_00003,NORMAL
train_0021.png,0,dup_group_00003,NORMAL
train_0022.png,0,dup_group_00015,NORMAL
train_0023.png,0,dup_group_00016,NORMAL
train_0024.png,0,dup_group_00017,NORMAL
train_0025.png,0,dup_group_00018,NORMAL
train_0026.png,0,dup_group_00019,NORMAL
train_0028.png,0,dup_group_00021,NORMAL
train_0029.png,0,dup_group_00022,NORMAL
train_0030.png,0,dup_group_00023,NORMAL
train_0031.png,0,dup_group_00024,NORMAL
train_0032.png,0,dup_group_00025,NORMAL
train_0034.png,0,dup_group_00026,NORMAL
train_0035.png,0,dup_group_00027,NORMAL
train_0036.png,0,dup_group_00028,NORMAL
train_0037.png,0,dup_group_00029,NORMAL
train_0038.png,0,dup_group_00030,NORMAL
train_0039.png,0,dup_group_00031,NORMAL
train_0040.png,0,dup_group_00032,NORMAL
train_0042.png,0,dup_group_00034,NORMAL
train_0044.png,0,dup_group_00035,NORMAL
train_0045.png,0,dup_group_00036,NORMAL
train_0046.png,0,dup_group_00037,NORMAL
train_0047.png,0,dup_group_00038,NORMAL
train_0048.png,0,dup_group_00039,NORMAL
train_0049.png,0,dup_group_00003,NORMAL
train_0053.png,0,dup_group_00041,NORMAL
train_0054.png,0,dup_group_00042,NORMAL
train_0055.png,0,dup_group_00043,NORMAL
train_0056.png,0,dup_group_00044,NORMAL
train_0057.png,0,dup_group_00045,NORMAL
train_0059.png,0,dup_group_00047,NORMAL
train_0060.png,0,dup_group_00003,NORMAL
train_0061.png,0,dup_group_00048,NORMAL
train_0062.png,0,dup_group_00049,NORMAL
train_0064.png,0,dup_group_00051,NORMAL
train_0065.png,0,dup_group_00006,NORMAL
train_0067.png,0,dup_group_00053,NORMAL
train_0068.png,0,dup_group_00054,NORMAL
train_0069.png,0,dup_group_00055,NORMAL
train_0070.png,0,dup_group_00056,NORMAL
train_0071.png,0,dup_group_00004,NORMAL
train_0072.png,0,dup_group_00057,NORMAL
train_0073.png,0,dup_group_00058,NORMAL
train_0074.png,0,dup_group_00004,NORMAL
train_0075.png,0,dup_group_00059,NORMAL
train_0076.png,0,dup_group_00060,NORMAL
train_0077.png,0,dup_group_00061,NORMAL
train_0078.png,0,dup_group_00062,NORMAL
train_0079.png,0,dup_group_00063,NORMAL
train_0080.png,0,dup_group_00064,NORMAL
train_0082.png,0,dup_group_00065,NORMAL
train_0083.png,0,dup_group_00066,NORMAL
train_0084.png,0,dup_group_00067,NORMAL
train_0085.png,0,dup_group_00068,NORMAL
train_0086.png,0,dup_group_00069,NORMAL
train_0087.png,0,dup_group_00003,NORMAL
train_0088.png,0,dup_group_00070,NORMAL
train_0090.png,0,dup_group_00071,NORMAL
train_0092.png,0,dup_group_00028,NORMAL
train_0093.png,0,dup_group_00073,NORMAL
train_0094.png,0,dup_group_00074,NORMAL
train_0095.png,0,dup_group_00075,NORMAL
train_0096.png,0,dup_group_00076,NORMAL
train_0097.png,0,dup_group_00077,NORMAL
train_0098.png,0,dup_group_00078,NORMAL
train_0099.png,0,dup_group_00079,NORMAL
train_0100.png,0,dup_group_00080,NORMAL
train_0101.png,0,dup_group_00081,NORMAL
train_0102.png,0,dup_group_00082,NORMAL
train_0103.png,0,dup_group_00083,NORMAL
train_0104.png,0,dup_group_00084,NORMAL
train_0106.png,0,dup_group_00016,NORMAL
train_0108.png,0,dup_group_00086,NORMAL
train_0109.png,0,dup_group_00087,NORMAL
train_0110.png,0,dup_group_00088,NORMAL
train_0111.png,0,dup_group_00089,NORMAL
train_0113.png,0,dup_group_00091,NORMAL
train_0114.png,0,dup_group_00092,NORMAL
train_0115.png,0,dup_group_00093,NORMAL
train_0116.png,0,dup_group_00003,NORMAL
train_0117.png,0,dup_group_00029,NORMAL
train_0118.png,0,dup_group_00094,NORMAL
train_0119.png,0,dup_group_00095,NORMAL
train_0120.png,0,dup_group_00096,NORMAL
train_0121.png,0,dup_group_00097,NORMAL
train_0122.png,0,dup_group_00098,NORMAL
train_0123.png,0,dup_group_00099,NORMAL
train_0124.png,0,dup_group_00100,NORMAL
train_0125.png,0,dup_group_00101,NORMAL
train_0126.png,0,dup_group_00102,NORMAL
train_0128.png,0,dup_group_00103,NORMAL
train_0129.png,0,dup_group_00003,NORMAL
train_0130.png,0,dup_group_00104,NORMAL
train_0131.png,0,dup_group_00105,NORMAL
train_0132.png,0,dup_group_00106,NORMAL
train_0135.png,0,dup_group_00107,NORMAL
train_0137.png,0,dup_group_00109,NORMAL
train_0138.png,0,dup_group_00003,NORMAL
train_0139.png,0,dup_group_00110,NORMAL
train_0140.png,0,dup_group_00111,NORMAL
train_0141.png,0,dup_group_00112,NORMAL
train_0142.png,0,dup_group_00113,NORMAL
train_0143.png,0,dup_group_00114,NORMAL
train_0144.png,0,dup_group_00115,NORMAL
train_0146.png,0,dup_group_00116,NORMAL
train_0147.png,0,dup_group_00117,NORMAL
train_0148.png,0,dup_group_00118,NORMAL
train_0149.png,0,dup_group_00119,NORMAL
train_0150.png,0,dup_group_00120,NORMAL
train_0151.png,0,dup_group_00121,NORMAL
train_0152.png,0,dup_group_00115,NORMAL
train_0153.png,0,dup_group_00122,NORMAL
train_0155.png,0,dup_group_00123,NORMAL
train_0156.png,0,dup_group_00124,NORMAL
train_0158.png,0,dup_group_00126,NORMAL
train_0159.png,0,dup_group_00127,NORMAL
train_0160.png,0,dup_group_00128,NORMAL
train_0164.png,0,dup_group_00131,NORMAL
train_0165.png,0,dup_group_00058,NORMAL
train_0166.png,0,dup_group_00132,NORMAL
train_0169.png,0,dup_group_00133,NORMAL
train_0172.png,0,dup_group_00136,NORMAL
train_0173.png,0,dup_group_00003,NORMAL
train_0174.png,0,dup_group_00137,NORMAL
train_0175.png,0,dup_group_00138,NORMAL
train_0177.png,0,dup_group_00003,NORMAL
train_0178.png,0,dup_group_00140,NORMAL
train_0179.png,0,dup_group_00003,NORMAL
train_0180.png,0,dup_group_00141,NORMAL
train_0185.png,0,dup_group_00145,NORMAL
train_0186.png,0,dup_group_00146,NORMAL
train_0187.png,0,dup_group_00147,NORMAL
train_0188.png,0,dup_group_00003,NORMAL
train_0189.png,0,dup_group_00148,NORMAL
train_0190.png,0,dup_group_00149,NORMAL
train_0191.png,0,dup_group_00150,NORMAL
train_0192.png,0,dup_group_00151,NORMAL
train_0193.png,0,dup_group_00003,NORMAL
train_0194.png,0,dup_group_00152,NORMAL
train_0195.png,0,dup_group_00153,NORMAL
train_0196.png,0,dup_group_00154,NORMAL
train_0197.png,0,dup_group_00155,NORMAL
train_0198.png,0,dup_group_00156,NORMAL
train_0199.png,0,dup_group_00157,NORMAL
train_0200.png,0,dup_group_00158,NORMAL
train_0201.png,0,dup_group_00159,NORMAL
train_0202.png,0,dup_group_00160,NORMAL
train_0203.png,0,dup_group_00161,NORMAL
train_0205.png,0,dup_group_00162,NORMAL
train_0206.png,0,dup_group_00163,NORMAL
train_0207.png,0,dup_group_00164,NORMAL
train_0208.png,0,dup_group_00165,NORMAL
train_0209.png,0,dup_group_00166,NORMAL
train_0210.png,0,dup_group_00167,NORMAL
train_0211.png,0,dup_group_00168,NORMAL
train_0212.png,0,dup_group_00169,NORMAL
train_0213.png,0,dup_group_00170,NORMAL
train_0214.png,0,dup_group_00171,NORMAL
train_0215.png,0,dup_group_00172,NORMAL
train_0216.png,0,dup_group_00173,NORMAL
train_0220.png,0,dup_group_00176,NORMAL
train_0221.png,0,dup_group_00177,NORMAL
train_0222.png,0,dup_group_00178,NORMAL
train_0223.png,0,dup_group_00179,NORMAL
train_0224.png,0,dup_group_00180,NORMAL
train_0225.png,0,dup_group_00181,NORMAL
train_0226.png,0,dup_group_00182,NORMAL
train_0227.png,0,dup_group_00183,NORMAL
train_0228.png,0,dup_group_00184,NORMAL
train_0229.png,0,dup_group_00185,NORMAL
train_0230.png,0,dup_group_00186,NORMAL
train_0231.png,0,dup_group_00187,NORMAL
train_0232.png,0,dup_group_00188,NORMAL
train_0233.png,0,dup_group_00189,NORMAL
train_0235.png,0,dup_group_00190,NORMAL
train_0236.png,0,dup_group_00027,NORMAL
train_0239.png,0,dup_group_00193,NORMAL
train_0240.png,0,dup_group_00194,NORMAL
train_0241.png,0,dup_group_00195,NORMAL
train_0243.png,0,dup_group_00003,NORMAL
train_0245.png,0,dup_group_00198,NORMAL
train_0246.png,0,dup_group_00199,NORMAL
train_0247.png,0,dup_group_00200,NORMAL
train_0248.png,0,dup_group_00117,NORMAL
train_0249.png,0,dup_group_00003,NORMAL
train_0250.png,0,dup_group_00003,NORMAL
train_0251.png,0,dup_group_00201,NORMAL
train_0252.png,0,dup_group_00202,NORMAL
train_0253.png,0,dup_group_00203,NORMAL
train_0254.png,0,dup_group_00204,NORMAL
train_0255.png,0,dup_group_00205,NORMAL
train_0257.png,0,dup_group_00207,NORMAL
train_0258.png,0,dup_group_00208,NORMAL
train_0259.png,0,dup_group_00003,NORMAL
train_0260.png,0,dup_group_00209,NORMAL
train_0261.png,0,dup_group_00210,NORMAL
train_0262.png,0,dup_group_00211,NORMAL
train_0263.png,0,dup_group_00212,NORMAL
train_0264.png,0,dup_group_00003,NORMAL
train_0265.png,0,dup_group_00070,NORMAL
train_0267.png,0,dup_group_00214,NORMAL
train_0268.png,0,dup_group_00215,NORMAL
train_0270.png,0,dup_group_00209,NORMAL
train_0271.png,0,dup_group_00217,NORMAL
train_0272.png,0,dup_group_00218,NORMAL
train_0273.png,0,dup_group_00219,NORMAL
train_0275.png,0,dup_group_00221,NORMAL
train_0277.png,0,dup_group_00222,NORMAL
train_0279.png,0,dup_group_00224,NORMAL
train_0281.png,0,dup_group_00070,NORMAL
train_0282.png,0,dup_group_00226,NORMAL
train_0283.png,0,dup_group_00227,NORMAL
train_0285.png,0,dup_group_00228,NORMAL
train_0286.png,0,dup_group_00229,NORMAL
train_0287.png,0,dup_group_00230,NORMAL
train_0289.png,0,dup_group_00231,NORMAL
train_0290.png,0,dup_group_00232,NORMAL
train_0291.png,0,dup_group_00233,NORMAL
train_0293.png,0,dup_group_00235,NORMAL
train_0294.png,0,dup_group_00236,NORMAL
train_0296.png,0,dup_group_00070,NORMAL
train_0297.png,0,dup_group_00075,NORMAL
train_0298.png,0,dup_group_00238,NORMAL
train_0299.png,0,dup_group_00239,NORMAL
train_0300.png,0,dup_group_00240,NORMAL
train_0301.png,0,dup_group_00241,NORMAL
train_0302.png,0,dup_group_00004,NORMAL
train_0303.png,0,dup_group_00242,NORMAL
train_0304.png,0,dup_group_00243,NORMAL
train_0306.png,0,dup_group_00003,NORMAL
train_0308.png,0,dup_group_00245,NORMAL
train_0309.png,0,dup_group_00117,NORMAL
train_0311.png,0,dup_group_00247,NORMAL
train_0313.png,0,dup_group_00249,NORMAL
train_0314.png,0,dup_group_00177,NORMAL
train_0317.png,0,dup_group_00252,NORMAL
train_0319.png,0,dup_group_00253,NORMAL
train_0320.png,0,dup_group_00254,NORMAL
train_0322.png,0,dup_group_00255,NORMAL
train_0323.png,0,dup_group_00256,NORMAL
train_0325.png,0,dup_group_00258,NORMAL
train_0327.png,0,dup_group_00259,NORMAL
train_0328.png,0,dup_group_00003,NORMAL
train_0330.png,0,dup_group_00260,NORMAL
train_0331.png,0,dup_group_00261,NORMAL
train_0332.png,0,dup_group_00262,NORMAL
train_0333.png,0,dup_group_00263,NORMAL
train_0334.png,0,dup_group_00264,NORMAL
train_0335.png,0,dup_group_00265,NORMAL
train_0337.png,0,dup_group_00137,NORMAL
train_0338.png,0,dup_group_00267,NORMAL
train_0339.png,0,dup_group_00268,NORMAL
train_0340.png,0,dup_group_00269,NORMAL
train_0341.png,0,dup_group_00270,NORMAL
train_0343.png,0,dup_group_00272,NORMAL
train_0344.png,0,dup_group_00003,NORMAL
train_0345.png,0,dup_group_00273,NORMAL
train_0346.png,0,dup_group_00274,NORMAL
train_0347.png,0,dup_group_00275,NORMAL
train_0348.png,0,dup_group_00003,NORMAL
train_0349.png,0,dup_group_00276,NORMAL
train_0351.png,0,dup_group_00278,NORMAL
train_0352.png,0,dup_group_00279,NORMAL
train_0355.png,0,dup_group_00209,NORMAL
train_0356.png,0,dup_group_00281,NORMAL
train_0357.png,0,dup_group_00282,NORMAL
train_0358.png,0,dup_group_00003,NORMAL
train_0359.png,0,dup_group_00283,NORMAL
train_0361.png,0,dup_group_00284,NORMAL
train_0362.png,0,dup_group_00285,NORMAL
train_0363.png,0,dup_group_00286,NORMAL
train_0364.png,0,dup_group_00287,NORMAL
train_0365.png,0,dup_group_00288,NORMAL
train_0366.png,0,dup_group_00003,NORMAL
train_0369.png,0,dup_group_00003,NORMAL
train_0370.png,0,dup_group_00291,NORMAL
train_0371.png,0,dup_group_00240,NORMAL
train_0372.png,0,dup_group_00292,NORMAL
train_0373.png,0,dup_group_00293,NORMAL
train_0375.png,0,dup_group_00295,NORMAL
train_0377.png,0,dup_group_00296,NORMAL
train_0378.png,0,dup_group_00023,NORMAL
train_0379.png,0,dup_group_00297,NORMAL
train_0380.png,0,dup_group_00003,NORMAL
train_0381.png,0,dup_group_00298,NORMAL
train_0382.png,0,dup_group_00299,NORMAL
train_0383.png,0,dup_group_00300,NORMAL
train_0384.png,0,dup_group_00301,NORMAL
train_0385.png,0,dup_group_00302,NORMAL
train_0386.png,0,dup_group_00303,NORMAL
train_0387.png,0,dup_group_00304,NORMAL
train_0388.png,0,dup_group_00305,NORMAL
train_0389.png,0,dup_group_00306,NORMAL
train_0390.png,0,dup_group_00029,NORMAL
train_0391.png,0,dup_group_00307,NORMAL
train_0393.png,0,dup_group_00308,NORMAL
train_0394.png,0,dup_group_00309,NORMAL
train_0395.png,0,dup_group_00029,NORMAL
train_0396.png,0,dup_group_00310,NORMAL
train_0397.png,0,dup_group_00311,NORMAL
train_0398.png,0,dup_group_00003,NORMAL
train_0399.png,0,dup_group_00312,NORMAL
train_0400.png,0,dup_group_00313,NORMAL
train_0401.png,0,dup_group_00003,NORMAL
train_0402.png,0,dup_group_00314,NORMAL
train_0403.png,0,dup_group_00315,NORMAL
train_0404.png,0,dup_group_00316,NORMAL
train_0405.png,0,dup_group_00240,NORMAL
train_0406.png,0,dup_group_00317,NORMAL
train_0407.png,0,dup_group_00318,NORMAL
train_0408.png,0,dup_group_00319,NORMAL
train_0409.png,0,dup_group_00320,NORMAL
train_0410.png,0,dup_group_00003,NORMAL
train_0412.png,0,dup_group_00322,NORMAL
train_0413.png,0,dup_group_00187,NORMAL
train_0414.png,0,dup_group_00032,NORMAL
train_0417.png,0,dup_group_00003,NORMAL
train_0418.png,0,dup_group_00325,NORMAL
train_0419.png,0,dup_group_00326,NORMAL
train_0420.png,0,dup_group_00327,NORMAL
train_0421.png,0,dup_group_00328,NORMAL
train_0423.png,0,dup_group_00330,NORMAL
train_0425.png,0,dup_group_00031,NORMAL
train_0426.png,0,dup_group_00113,NORMAL
train_0427.png,0,dup_group_00332,NORMAL
train_0428.png,0,dup_group_00333,NORMAL
train_0429.png,0,dup_group_00240,NORMAL
train_0431.png,0,dup_group_00334,NORMAL
train_0432.png,0,dup_group_00330,NORMAL
train_0434.png,0,dup_group_00335,NORMAL
train_0435.png,0,dup_group_00193,NORMAL
train_0437.png,0,dup_group_00016,NORMAL
train_0439.png,0,dup_group_00338,NORMAL
train_0440.png,0,dup_group_00339,NORMAL
train_0441.png,0,dup_group_00340,NORMAL
train_0442.png,0,dup_group_00341,NORMAL
train_0443.png,0,dup_group_00342,NORMAL
train_0444.png,0,dup_group_00343,NORMAL
train_0445.png,0,dup_group_00344,NORMAL
train_0446.png,0,dup_group_00345,NORMAL
train_0447.png,0,dup_group_00346,NORMAL
train_0448.png,0,dup_group_00347,NORMAL
train_0449.png,0,dup_group_00348,NORMAL
train_0450.png,0,dup_group_00349,NORMAL
train_0451.png,0,dup_group_00350,NORMAL
train_0453.png,0,dup_group_00003,NORMAL
train_0454.png,0,dup_group_00352,NORMAL
train_0455.png,0,dup_group_00353,NORMAL
train_0456.png,0,dup_group_00354,NORMAL
train_0457.png,0,dup_group_00355,NORMAL
train_0458.png,0,dup_group_00356,NORMAL
train_0459.png,0,dup_group_00016,NORMAL
train_0460.png,0,dup_group_00357,NORMAL
train_0461.png,0,dup_group_00358,NORMAL
train_0462.png,0,dup_group_00359,NORMAL
train_0463.png,0,dup_group_00360,NORMAL
train_0465.png,0,dup_group_00362,NORMAL
train_0467.png,0,dup_group_00364,NORMAL
train_0468.png,0,dup_group_00365,NORMAL
train_0469.png,0,dup_group_00115,NORMAL
train_0470.png,0,dup_group_00177,NORMAL
train_0472.png,0,dup_group_00115,NORMAL
train_0473.png,0,dup_group_00366,NORMAL
train_0474.png,0,dup_group_00367,NORMAL
train_0475.png,0,dup_group_00006,NORMAL
train_0476.png,0,dup_group_00368,NORMAL
train_0477.png,0,dup_group_00006,NORMAL
train_0478.png,0,dup_group_00369,NORMAL
train_0479.png,0,dup_group_00370,NORMAL
train_0481.png,0,dup_group_00219,NORMAL
train_0483.png,0,dup_group_00371,NORMAL
train_0485.png,0,dup_group_00372,NORMAL
train_0486.png,0,dup_group_00352,NORMAL
train_0488.png,0,dup_group_00177,NORMAL
train_0489.png,0,dup_group_00374,NORMAL
train_0490.png,0,dup_group_00300,NORMAL
train_0491.png,0,dup_group_00375,NORMAL
train_0492.png,0,dup_group_00376,NORMAL
train_0493.png,0,dup_group_00100,NORMAL
train_0494.png,0,dup_group_00377,NORMAL
train_0495.png,0,dup_group_00378,NORMAL
train_0496.png,0,dup_group_00003,NORMAL
train_0498.png,0,dup_group_00380,NORMAL
train_0499.png,0,dup_group_00381,NORMAL
train_0500.png,0,dup_group_00382,NORMAL
train_0501.png,0,dup_group_00383,NORMAL
train_0502.png,0,dup_group_00384,NORMAL
train_0503.png,0,dup_group_00385,NORMAL
train_0504.png,0,dup_group_00386,NORMAL
train_0505.png,0,dup_group_00029,NORMAL
train_0507.png,0,dup_group_00388,NORMAL
train_0508.png,0,dup_group_00389,NORMAL
train_0511.png,0,dup_group_00029,NORMAL
train_0512.png,0,dup_group_00392,NORMAL
train_0513.png,0,dup_group_00393,NORMAL
train_0514.png,0,dup_group_00394,NORMAL
train_0515.png,0,dup_group_00395,NORMAL
train_0516.png,0,dup_group_00396,NORMAL
train_0518.png,0,dup_group_00398,NORMAL
train_0519.png,0,dup_group_00003,NORMAL
train_0520.png,0,dup_group_00399,NORMAL
train_0521.png,0,dup_group_00003,NORMAL
train_0522.png,0,dup_group_00400,NORMAL
train_0523.png,0,dup_group_00401,NORMAL
train_0524.png,0,dup_group_00003,NORMAL
train_0527.png,0,dup_group_00003,NORMAL
train_0528.png,0,dup_group_00402,NORMAL
train_0529.png,0,dup_group_00403,NORMAL
train_0530.png,0,dup_group_00003,NORMAL
train_0532.png,0,dup_group_00405,NORMAL
train_0533.png,0,dup_group_00069,NORMAL
train_0534.png,0,dup_group_00406,NORMAL
train_0535.png,0,dup_group_00407,NORMAL
train_0536.png,0,dup_group_00408,NORMAL
train_0538.png,0,dup_group_00410,NORMAL
train_0539.png,0,dup_group_00411,NORMAL
train_0540.png,0,dup_group_00412,NORMAL
train_0542.png,0,dup_group_00414,NORMAL
train_0544.png,0,dup_group_00415,NORMAL
train_0545.png,0,dup_group_00416,NORMAL
train_0546.png,0,dup_group_00417,NORMAL
train_0547.png,0,dup_group_00418,NORMAL
train_0548.png,0,dup_group_00419,NORMAL
train_0549.png,0,dup_group_00420,NORMAL
train_0551.png,0,dup_group_00003,NORMAL
train_0552.png,0,dup_group_00003,NORMAL
train_0554.png,0,dup_group_00423,NORMAL
train_0555.png,0,dup_group_00320,NORMAL
train_0556.png,0,dup_group_00424,NORMAL
train_0558.png,0,dup_group_00392,NORMAL
train_0559.png,0,dup_group_00426,NORMAL
train_0560.png,0,dup_group_00427,NORMAL
train_0561.png,0,dup_group_00428,NORMAL
train_0562.png,0,dup_group_00003,NORMAL
train_0563.png,0,dup_group_00151,NORMAL
train_0564.png,0,dup_group_00003,NORMAL
train_0565.png,0,dup_group_00429,NORMAL
train_0566.png,0,dup_group_00430,NORMAL
train_0567.png,0,dup_group_00431,NORMAL
train_0568.png,0,dup_group_00427,NORMAL
train_0569.png,0,dup_group_00177,NORMAL
train_0570.png,0,dup_group_00432,NORMAL
train_0571.png,0,dup_group_00433,NORMAL
train_0574.png,0,dup_group_00434,NORMAL
train_0576.png,0,dup_group_00436,NORMAL
train_0577.png,0,dup_group_00437,NORMAL
train_0579.png,0,dup_group_00438,NORMAL
train_0580.png,0,dup_group_00003,NORMAL
train_0581.png,0,dup_group_00439,NORMAL
train_0582.png,0,dup_group_00440,NORMAL
train_0583.png,0,dup_group_00441,NORMAL
train_0584.png,0,dup_group_00016,NORMAL
train_0585.png,0,dup_group_00003,NORMAL
train_0586.png,0,dup_group_00442,NORMAL
train_0587.png,0,dup_group_00443,NORMAL
train_0588.png,0,dup_group_00444,NORMAL
train_0589.png,0,dup_group_00270,NORMAL
train_0590.png,0,dup_group_00445,NORMAL
train_0591.png,0,dup_group_00446,NORMAL
train_0592.png,0,dup_group_00447,NORMAL
train_0593.png,0,dup_group_00448,NORMAL
train_0594.png,0,dup_group_00449,NORMAL
train_0595.png,0,dup_group_00450,NORMAL
train_0596.png,0,dup_group_00451,NORMAL
train_0598.png,0,dup_group_00453,NORMAL
train_0599.png,0,dup_group_00454,NORMAL
train_0600.png,0,dup_group_00455,NORMAL
train_0601.png,0,dup_group_00456,NORMAL
train_0602.png,0,dup_group_00253,NORMAL
train_0604.png,0,dup_group_00458,NORMAL
train_0605.png,0,dup_group_00459,NORMAL
train_0607.png,0,dup_group_00461,NORMAL
train_0609.png,0,dup_group_00462,NORMAL
train_0610.png,0,dup_group_00463,NORMAL
train_0611.png,0,dup_group_00003,NORMAL
train_0612.png,0,dup_group_00464,NORMAL
train_0613.png,0,dup_group_00465,NORMAL
train_0614.png,0,dup_group_00132,NORMAL
train_0615.png,0,dup_group_00466,NORMAL
train_0616.png,0,dup_group_00070,NORMAL
train_0618.png,0,dup_group_00229,NORMAL
train_0619.png,0,dup_group_00467,NORMAL
train_0620.png,0,dup_group_00468,NORMAL
train_0621.png,0,dup_group_00469,NORMAL
train_0622.png,0,dup_group_00470,NORMAL
train_0623.png,0,dup_group_00014,NORMAL
train_0624.png,0,dup_group_00471,NORMAL
train_0625.png,0,dup_group_00472,NORMAL
train_0627.png,0,dup_group_00474,NORMAL
train_0628.png,0,dup_group_00475,NORMAL
train_0629.png,0,dup_group_00476,NORMAL
train_0630.png,0,dup_group_00477,NORMAL
train_0631.png,0,dup_group_00478,NORMAL
train_0632.png,0,dup_group_00006,NORMAL
train_0633.png,0,dup_group_00479,NORMAL
train_0634.png,0,dup_group_00480,NORMAL
train_0636.png,0,dup_group_00070,NORMAL
train_0638.png,0,dup_group_00483,NORMAL
train_0639.png,0,dup_group_00484,NORMAL
train_0641.png,0,dup_group_00486,NORMAL
train_0642.png,0,dup_group_00487,NORMAL
train_0644.png,0,dup_group_00488,NORMAL
train_0645.png,0,dup_group_00370,NORMAL
train_0646.png,0,dup_group_00489,NORMAL
train_0648.png,0,dup_group_00491,NORMAL
train_0649.png,0,dup_group_00011,NORMAL
train_0651.png,0,dup_group_00376,NORMAL
train_0653.png,0,dup_group_00138,NORMAL
train_0654.png,0,dup_group_00493,NORMAL
train_0655.png,0,dup_group_00494,NORMAL
train_0656.png,0,dup_group_00427,NORMAL
train_0657.png,0,dup_group_00495,NORMAL
train_0658.png,0,dup_group_00075,NORMAL
train_0659.png,0,dup_group_00037,NORMAL
train_0660.png,0,dup_group_00496,NORMAL
train_0661.png,0,dup_group_00497,NORMAL
train_0662.png,0,dup_group_00069,NORMAL
train_0663.png,0,dup_group_00003,NORMAL
train_0664.png,0,dup_group_00498,NORMAL
train_0665.png,0,dup_group_00499,NORMAL
train_0667.png,0,dup_group_00352,NORMAL
train_0668.png,0,dup_group_00500,NORMAL
train_0669.png,0,dup_group_00501,NORMAL
train_0671.png,0,dup_group_00078,NORMAL
train_0672.png,0,dup_group_00503,NORMAL
train_0673.png,0,dup_group_00504,NORMAL
train_0674.png,0,dup_group_00505,NORMAL
train_0675.png,0,dup_group_00506,NORMAL
train_0676.png,0,dup_group_00507,NORMAL
train_0678.png,0,dup_group_00509,NORMAL
train_0679.png,0,dup_group_00510,NORMAL
train_0680.png,0,dup_group_00511,NORMAL
train_0681.png,0,dup_group_00512,NORMAL
train_0683.png,0,dup_group_00514,NORMAL
train_0684.png,0,dup_group_00515,NORMAL
train_0685.png,0,dup_group_00003,NORMAL
train_0686.png,0,dup_group_00516,NORMAL
train_0687.png,0,dup_group_00215,NORMAL
train_0688.png,0,dup_group_00517,NORMAL
train_0691.png,0,dup_group_00520,NORMAL
train_0692.png,0,dup_group_00521,NORMAL
train_0693.png,0,dup_group_00006,NORMAL
train_0694.png,0,dup_group_00356,NORMAL
train_0695.png,0,dup_group_00003,NORMAL
train_0696.png,0,dup_group_00522,NORMAL
train_0697.png,0,dup_group_00523,NORMAL
train_0698.png,0,dup_group_00524,NORMAL
train_0699.png,0,dup_group_00525,NORMAL
train_0701.png,0,dup_group_00221,NORMAL
train_0702.png,0,dup_group_00309,NORMAL
train_0703.png,0,dup_group_00527,NORMAL
train_0704.png,0,dup_group_00070,NORMAL
train_0705.png,0,dup_group_00528,NORMAL
train_0706.png,0,dup_group_00209,NORMAL
train_0707.png,0,dup_group_00529,NORMAL
train_0708.png,0,dup_group_00154,NORMAL
train_0709.png,0,dup_group_00530,NORMAL
train_0711.png,0,dup_group_00532,NORMAL
train_0713.png,0,dup_group_00264,NORMAL
train_0714.png,0,dup_group_00302,NORMAL
train_0715.png,0,dup_group_00534,NORMAL
train_0716.png,0,dup_group_00535,NORMAL
train_0718.png,0,dup_group_00537,NORMAL
train_0719.png,0,dup_group_00538,NORMAL
train_0721.png,0,dup_group_00540,NORMAL
train_0722.png,0,dup_group_00541,NORMAL
train_0724.png,0,dup_group_00543,NORMAL
train_0725.png,0,dup_group_00544,NORMAL
train_0728.png,0,dup_group_00357,NORMAL
train_0730.png,0,dup_group_00546,NORMAL
train_0731.png,0,dup_group_00547,NORMAL
train_0732.png,0,dup_group_00548,NORMAL
train_0733.png,0,dup_group_00549,NORMAL
train_0734.png,0,dup_group_00550,NORMAL
train_0736.png,0,dup_group_00551,NORMAL
train_0737.png,0,dup_group_00100,NORMAL
train_0738.png,0,dup_group_00003,NORMAL
train_0739.png,0,dup_group_00552,NORMAL
train_0740.png,0,dup_group_00553,NORMAL
train_0742.png,0,dup_group_00555,NORMAL
train_0743.png,0,dup_group_00556,NORMAL
train_0744.png,0,dup_group_00557,NORMAL
train_0745.png,0,dup_group_00226,NORMAL
train_0746.png,0,dup_group_00558,NORMAL
train_0747.png,0,dup_group_00559,NORMAL
train_0748.png,0,dup_group_00560,NORMAL
train_0749.png,0,dup_group_00561,NORMAL
train_0751.png,0,dup_group_00563,NORMAL
train_0752.png,0,dup_group_00564,NORMAL
train_0754.png,0,dup_group_00566,NORMAL
train_0755.png,0,dup_group_00566,NORMAL
train_0756.png,0,dup_group_00567,NORMAL
train_0758.png,0,dup_group_00194,NORMAL
train_0759.png,0,dup_group_00568,NORMAL
train_0761.png,0,dup_group_00570,NORMAL
train_0762.png,0,dup_group_00571,NORMAL
train_0763.png,0,dup_group_00293,NORMAL
train_0764.png,0,dup_group_00572,NORMAL
train_0765.png,0,dup_group_00573,NORMAL
train_0766.png,0,dup_group_00574,NORMAL
train_0767.png,0,dup_group_00575,NORMAL
train_0768.png,0,dup_group_00576,NORMAL
train_0769.png,0,dup_group_00577,NORMAL
train_0770.png,0,dup_group_00578,NORMAL
train_0771.png,0,dup_group_00579,NORMAL
train_0772.png,0,dup_group_00580,NORMAL
train_0774.png,0,dup_group_00582,NORMAL
train_0775.png,0,dup_group_00583,NORMAL
train_0776.png,0,dup_group_00584,NORMAL
train_0777.png,0,dup_group_00585,NORMAL
train_0779.png,0,dup_group_00587,NORMAL
train_0780.png,0,dup_group_00588,NORMAL
train_0783.png,0,dup_group_00591,NORMAL
train_0784.png,0,dup_group_00592,NORMAL
train_0785.png,0,dup_group_00593,NORMAL
train_0787.png,0,dup_group_00595,NORMAL
train_0789.png,0,dup_group_00596,NORMAL
train_0790.png,0,dup_group_00597,NORMAL
train_0791.png,0,dup_group_00598,NORMAL
train_0793.png,0,dup_group_00600,NORMAL
train_0795.png,0,dup_group_00003,NORMAL
train_0796.png,0,dup_group_00602,NORMAL
train_0797.png,0,dup_group_00603,NORMAL
train_0799.png,0,dup_group_00392,NORMAL
train_0800.png,0,dup_group_00604,NORMAL
train_0802.png,0,dup_group_00316,NORMAL
train_0803.png,0,dup_group_00606,NORMAL
train_0804.png,0,dup_group_00607,NORMAL
train_0805.png,0,dup_group_01042,NORMAL
train_0806.png,0,dup_group_00608,NORMAL
train_0807.png,0,dup_group_00609,NORMAL
train_0808.png,0,dup_group_00610,NORMAL
train_0809.png,0,dup_group_00611,NORMAL
train_0811.png,0,dup_group_00613,NORMAL
train_0812.png,0,dup_group_00347,NORMAL
train_0813.png,0,dup_group_00614,NORMAL
train_0814.png,0,dup_group_00615,NORMAL
train_0816.png,0,dup_group_00616,NORMAL
train_0817.png,0,dup_group_00617,NORMAL
train_0818.png,0,dup_group_00496,NORMAL
train_0823.png,0,dup_group_00621,NORMAL
train_0824.png,0,dup_group_00622,NORMAL
train_0825.png,0,dup_group_00623,NORMAL
train_0827.png,0,dup_group_00357,NORMAL
train_0828.png,0,dup_group_00625,NORMAL
train_0831.png,0,dup_group_00628,NORMAL
train_0832.png,0,dup_group_00286,NORMAL
train_0833.png,0,dup_group_00221,NORMAL
train_0834.png,0,dup_group_00629,NORMAL
train_0835.png,0,dup_group_00630,NORMAL
train_0836.png,0,dup_group_00032,NORMAL
train_0837.png,0,dup_group_00631,NORMAL
train_0838.png,0,dup_group_00632,NORMAL
train_0839.png,0,dup_group_00633,NORMAL
train_0840.png,0,dup_group_00634,NORMAL
train_0841.png,0,dup_group_00070,NORMAL
train_0843.png,0,dup_group_00285,NORMAL
train_0844.png,0,dup_group_00115,NORMAL
train_0845.png,0,dup_group_00635,NORMAL
train_0848.png,0,dup_group_00638,NORMAL
train_0849.png,0,dup_group_00639,NORMAL
train_0850.png,0,dup_group_00640,NORMAL
train_0851.png,0,dup_group_00029,NORMAL
train_0852.png,0,dup_group_00641,NORMAL
train_0853.png,0,dup_group_00642,NORMAL
train_0854.png,0,dup_group_00643,NORMAL
train_0856.png,0,dup_group_00006,NORMAL
train_0857.png,0,dup_group_00645,NORMAL
train_0858.png,0,dup_group_00646,NORMAL
train_0859.png,0,dup_group_00647,NORMAL
train_0860.png,0,dup_group_00648,NORMAL
train_0861.png,0,dup_group_00639,NORMAL
train_0862.png,0,dup_group_00649,NORMAL
train_0863.png,0,dup_group_00070,NORMAL
train_0864.png,0,dup_group_00650,NORMAL
train_0865.png,0,dup_group_00100,NORMAL
train_0866.png,0,dup_group_00497,NORMAL
train_0867.png,0,dup_group_00651,NORMAL
train_0868.png,0,dup_group_00576,NORMAL
train_0869.png,0,dup_group_00652,NORMAL
train_0870.png,0,dup_group_00653,NORMAL
train_0871.png,0,dup_group_00654,NORMAL
train_0872.png,0,dup_group_00003,NORMAL
train_0873.png,0,dup_group_00655,NORMAL
train_0874.png,0,dup_group_00309,NORMAL
train_0875.png,0,dup_group_00656,NORMAL
train_0876.png,0,dup_group_00427,NORMAL
train_0878.png,0,dup_group_00657,NORMAL
train_0879.png,0,dup_group_00658,NORMAL
train_0880.png,0,dup_group_00659,NORMAL
train_0881.png,0,dup_group_00547,NORMAL
train_0882.png,0,dup_group_00660,NORMAL
train_0883.png,0,dup_group_00661,NORMAL
train_0884.png,0,dup_group_00468,NORMAL
train_0888.png,0,dup_group_00663,NORMAL
train_0889.png,0,dup_group_00664,NORMAL
train_0890.png,0,dup_group_00665,NORMAL
train_0891.png,0,dup_group_00666,NORMAL
train_0892.png,0,dup_group_00667,NORMAL
train_0893.png,0,dup_group_00668,NORMAL
train_0894.png,0,dup_group_00669,NORMAL
train_0895.png,0,dup_group_00670,NORMAL
train_0896.png,0,dup_group_00427,NORMAL
train_0897.png,0,dup_group_00671,NORMAL
train_0899.png,0,dup_group_00100,NORMAL
train_0900.png,0,dup_group_00673,NORMAL
train_0901.png,0,dup_group_00674,NORMAL
train_0903.png,0,dup_group_00675,NORMAL
train_0904.png,0,dup_group_00676,NORMAL
train_0906.png,0,dup_group_00678,NORMAL
train_0907.png,0,dup_group_00679,NORMAL
train_0908.png,0,dup_group_00680,NORMAL
train_0909.png,0,dup_group_00227,NORMAL
train_0910.png,0,dup_group_00014,NORMAL
train_0911.png,0,dup_group_00681,NORMAL
train_0912.png,0,dup_group_00682,NORMAL
train_0913.png,0,dup_group_00683,NORMAL
train_0914.png,0,dup_group_00684,NORMAL
train_0915.png,0,dup_group_00685,NORMAL
train_0916.png,0,dup_group_00253,NORMAL
train_0917.png,0,dup_group_00686,NORMAL
train_0918.png,0,dup_group_00687,NORMAL
train_0919.png,0,dup_group_00688,NORMAL
train_0920.png,0,dup_group_00689,NORMAL
train_0921.png,0,dup_group_00690,NORMAL
train_0922.png,0,dup_group_00691,NORMAL
train_0923.png,0,dup_group_00194,NORMAL
train_0924.png,0,dup_group_00692,NORMAL
train_0925.png,0,dup_group_00693,NORMAL
train_0926.png,0,dup_group_00694,NORMAL
train_0927.png,0,dup_group_00259,NORMAL
train_0930.png,0,dup_group_00697,NORMAL
train_0931.png,0,dup_group_00698,NORMAL
train_0933.png,0,dup_group_00699,NORMAL
train_0934.png,0,dup_group_00003,NORMAL
train_0935.png,0,dup_group_00013,NORMAL
train_0936.png,0,dup_group_00700,NORMAL
train_0939.png,0,dup_group_00702,NORMAL
train_0940.png,0,dup_group_00703,NORMAL
train_0941.png,0,dup_group_00427,NORMAL
train_0943.png,0,dup_group_00704,NORMAL
train_0944.png,0,dup_group_00070,NORMAL
train_0945.png,0,dup_group_00705,NORMAL
train_0946.png,0,dup_group_00706,NORMAL
train_0947.png,0,dup_group_00573,NORMAL
train_0948.png,0,dup_group_00707,NORMAL
train_0949.png,0,dup_group_00177,NORMAL
train_0950.png,0,dup_group_00003,NORMAL
train_0951.png,0,dup_group_00708,NORMAL
train_0952.png,0,dup_group_00709,NORMAL
train_0953.png,0,dup_group_00710,NORMAL
train_0954.png,0,dup_group_00711,NORMAL
train_0955.png,0,dup_group_00427,NORMAL
train_0956.png,0,dup_group_00177,NORMAL
train_0957.png,0,dup_group_00712,NORMAL
train_0958.png,0,dup_group_00713,NORMAL
train_0959.png,0,dup_group_00233,NORMAL
train_0961.png,0,dup_group_00715,NORMAL
train_0962.png,0,dup_group_00716,NORMAL
train_0963.png,0,dup_group_00717,NORMAL
train_0964.png,0,dup_group_00718,NORMAL
train_0966.png,0,dup_group_00719,NORMAL
train_0967.png,0,dup_group_00720,NORMAL
train_0968.png,0,dup_group_00392,NORMAL
train_0969.png,0,dup_group_00003,NORMAL
train_0970.png,0,dup_group_00185,NORMAL
train_0971.png,0,dup_group_00721,NORMAL
train_0972.png,0,dup_group_00003,NORMAL
train_0973.png,0,dup_group_00722,NORMAL
train_0974.png,0,dup_group_00723,NORMAL
train_0975.png,0,dup_group_00724,NORMAL
train_0976.png,0,dup_group_00003,NORMAL
train_0977.png,0,dup_group_00725,NORMAL
train_0978.png,0,dup_group_00726,NORMAL
train_0981.png,0,dup_group_00728,NORMAL
train_0982.png,0,dup_group_00103,NORMAL
train_0983.png,0,dup_group_00729,NORMAL
train_0984.png,0,dup_group_00730,NORMAL
train_0987.png,0,dup_group_00733,NORMAL
train_0988.png,0,dup_group_00734,NORMAL
train_0989.png,0,dup_group_00735,NORMAL
train_0990.png,0,dup_group_00736,NORMAL
train_0991.png,0,dup_group_00737,NORMAL
train_0992.png,0,dup_group_00738,NORMAL
train_0993.png,0,dup_group_00253,NORMAL
train_0994.png,0,dup_group_00739,NORMAL
train_0995.png,0,dup_group_00740,NORMAL
train_0996.png,0,dup_group_00741,NORMAL
train_0997.png,0,dup_group_00742,NORMAL
train_0998.png,0,dup_group_00517,NORMAL
train_0999.png,0,dup_group_00743,NORMAL
train_1000.png,0,dup_group_00115,NORMAL
train_1001.png,0,dup_group_00744,NORMAL
train_1002.png,0,dup_group_00745,NORMAL
train_1003.png,0,dup_group_00016,NORMAL
train_1004.png,0,dup_group_00131,NORMAL
train_1005.png,0,dup_group_00746,NORMAL
train_1008.png,0,dup_group_00748,NORMAL
train_1010.png,0,dup_group_00730,NORMAL
train_1011.png,0,dup_group_00749,NORMAL
train_1012.png,0,dup_group_00750,NORMAL
train_1013.png,0,dup_group_00751,NORMAL
train_1014.png,0,dup_group_00752,NORMAL
train_1015.png,0,dup_group_00753,NORMAL
train_1016.png,0,dup_group_00754,NORMAL
train_1018.png,0,dup_group_00138,NORMAL
train_1019.png,0,dup_group_00003,NORMAL
train_1020.png,0,dup_group_00123,NORMAL
train_1021.png,0,dup_group_00194,NORMAL
train_1022.png,0,dup_group_00756,NORMAL
train_1023.png,0,dup_group_00358,NORMAL
train_1024.png,0,dup_group_00757,NORMAL
train_1025.png,0,dup_group_00758,NORMAL
train_1026.png,0,dup_group_00759,NORMAL
train_1029.png,0,dup_group_00762,NORMAL
train_1030.png,0,dup_group_00763,NORMAL
train_1032.png,0,dup_group_00765,NORMAL
train_1033.png,0,dup_group_00766,NORMAL
train_1034.png,0,dup_group_00767,NORMAL
train_1035.png,0,dup_group_00768,NORMAL
train_1036.png,0,dup_group_00769,NORMAL
train_1037.png,0,dup_group_00770,NORMAL
train_1038.png,0,dup_group_00771,NORMAL
train_1039.png,0,dup_group_00772,NORMAL
train_1040.png,0,dup_group_00773,NORMAL
train_1044.png,0,dup_group_00100,NORMAL
train_1045.png,0,dup_group_00776,NORMAL
train_1046.png,0,dup_group_00777,NORMAL
train_1047.png,0,dup_group_00177,NORMAL
train_1048.png,0,dup_group_00075,NORMAL
train_1049.png,0,dup_group_00778,NORMAL
train_1050.png,0,dup_group_00779,NORMAL
train_1051.png,0,dup_group_00003,NORMAL
train_1052.png,0,dup_group_00780,NORMAL
train_1053.png,0,dup_group_00781,NORMAL
train_1054.png,0,dup_group_00495,NORMAL
train_1055.png,0,dup_group_00782,NORMAL
train_1056.png,0,dup_group_00783,NORMAL
train_1057.png,0,dup_group_00784,NORMAL
train_1058.png,0,dup_group_00003,NORMAL
train_1059.png,0,dup_group_00785,NORMAL
train_1060.png,0,dup_group_00786,NORMAL
train_1061.png,0,dup_group_00787,NORMAL
train_1062.png,0,dup_group_00788,NORMAL
train_1063.png,0,dup_group_00524,NORMAL
train_1064.png,0,dup_group_00011,NORMAL
train_1065.png,0,dup_group_00789,NORMAL
train_1066.png,0,dup_group_00790,NORMAL
train_1067.png,0,dup_group_00029,NORMAL
train_1068.png,0,dup_group_00791,NORMAL
train_1069.png,0,dup_group_00792,NORMAL
train_1070.png,0,dup_group_00793,NORMAL
train_1071.png,0,dup_group_00794,NORMAL
train_1072.png,0,dup_group_00003,NORMAL
train_1073.png,0,dup_group_00795,NORMAL
train_1074.png,0,dup_group_00796,NORMAL
train_1075.png,0,dup_group_00097,NORMAL
train_1076.png,0,dup_group_00797,NORMAL
train_1080.png,0,dup_group_00801,NORMAL
train_1081.png,0,dup_group_00802,NORMAL
train_1082.png,0,dup_group_00803,NORMAL
train_1084.png,0,dup_group_00804,NORMAL
train_1086.png,0,dup_group_00806,NORMAL
train_1090.png,0,dup_group_00810,NORMAL
train_1092.png,0,dup_group_00812,NORMAL
train_1093.png,0,dup_group_00070,NORMAL
train_1095.png,0,dup_group_00813,NORMAL
train_1096.png,0,dup_group_00814,NORMAL
train_1097.png,0,dup_group_00517,NORMAL
train_1098.png,0,dup_group_00815,NORMAL
train_1100.png,0,dup_group_00632,NORMAL
train_1101.png,0,dup_group_00817,NORMAL
train_1102.png,0,dup_group_00003,NORMAL
train_1103.png,0,dup_group_00818,NORMAL
train_1104.png,0,dup_group_00819,NORMAL
train_1105.png,0,dup_group_00253,NORMAL
train_1108.png,0,dup_group_00822,NORMAL
train_1109.png,0,dup_group_00343,NORMAL
train_1110.png,0,dup_group_00823,NORMAL
train_1111.png,0,dup_group_00824,NORMAL
train_1113.png,0,dup_group_00826,NORMAL
train_1114.png,0,dup_group_00827,NORMAL
train_1115.png,0,dup_group_00828,NORMAL
train_1116.png,0,dup_group_00829,NORMAL
train_1117.png,0,dup_group_00830,NORMAL
train_1118.png,0,dup_group_00831,NORMAL
train_1119.png,0,dup_group_00832,NORMAL
train_1120.png,0,dup_group_00833,NORMAL
train_1122.png,0,dup_group_00835,NORMAL
train_1124.png,0,dup_group_00199,NORMAL
train_1125.png,0,dup_group_00837,NORMAL
train_1126.png,0,dup_group_00838,NORMAL
train_1128.png,0,dup_group_00840,NORMAL
train_1130.png,0,dup_group_00842,NORMAL
train_1133.png,0,dup_group_00845,NORMAL
train_1134.png,0,dup_group_00741,NORMAL
train_1135.png,0,dup_group_00355,NORMAL
train_1136.png,0,dup_group_00846,NORMAL
train_1137.png,0,dup_group_00356,NORMAL
train_1138.png,0,dup_group_00847,NORMAL
train_1139.png,0,dup_group_00440,NORMAL
train_1141.png,0,dup_group_00376,NORMAL
train_1142.png,0,dup_group_00003,NORMAL
train_1143.png,0,dup_group_00849,NORMAL
train_1145.png,0,dup_group_00392,NORMAL
train_1146.png,0,dup_group_00123,NORMAL
train_1147.png,0,dup_group_00497,NORMAL
train_1150.png,0,dup_group_00443,NORMAL
train_1152.png,0,dup_group_00854,NORMAL
train_1153.png,0,dup_group_00855,NORMAL
train_1154.png,0,dup_group_00856,NORMAL
train_1156.png,0,dup_group_00857,NORMAL
train_1157.png,0,dup_group_00858,NORMAL
train_1158.png,0,dup_group_00859,NORMAL
train_1159.png,0,dup_group_00860,NORMAL
train_1160.png,0,dup_group_00861,NORMAL
train_1161.png,0,dup_group_00742,NORMAL
train_1163.png,0,dup_group_00862,NORMAL
train_1165.png,0,dup_group_00864,NORMAL
train_1166.png,0,dup_group_00865,NORMAL
train_1167.png,0,dup_group_00866,NORMAL
train_1168.png,0,dup_group_00867,NORMAL
train_1169.png,0,dup_group_00233,NORMAL
train_1170.png,0,dup_group_00868,NORMAL
train_1172.png,0,dup_group_00869,NORMAL
train_1173.png,0,dup_group_00870,NORMAL
train_1175.png,0,dup_group_00872,NORMAL
train_1176.png,0,dup_group_00873,NORMAL
train_1177.png,0,dup_group_00874,NORMAL
train_1178.png,0,dup_group_00875,NORMAL
train_1179.png,0,dup_group_00343,NORMAL
train_1180.png,0,dup_group_00876,NORMAL
train_1181.png,0,dup_group_00877,NORMAL
train_1182.png,0,dup_group_00878,NORMAL
train_1183.png,0,dup_group_00879,NORMAL
train_1184.png,0,dup_group_00003,NORMAL
train_1185.png,0,dup_group_00880,NORMAL
train_1186.png,0,dup_group_00517,NORMAL
train_1187.png,0,dup_group_00881,NORMAL
train_1188.png,0,dup_group_00882,NORMAL
train_1189.png,0,dup_group_00883,NORMAL
train_1190.png,0,dup_group_00884,NORMAL
train_1191.png,0,dup_group_00885,NORMAL
train_1193.png,0,dup_group_00003,NORMAL
train_1194.png,0,dup_group_00111,NORMAL
train_1195.png,0,dup_group_00886,NORMAL
train_1196.png,0,dup_group_00233,NORMAL
train_1198.png,0,dup_group_00888,NORMAL
train_1199.png,0,dup_group_00003,NORMAL
train_1200.png,0,dup_group_00420,NORMAL
train_1202.png,0,dup_group_00890,NORMAL
train_1204.png,0,dup_group_00356,NORMAL
train_1205.png,0,dup_group_00665,NORMAL
train_1206.png,0,dup_group_00233,NORMAL
train_1207.png,0,dup_group_00892,NORMAL
train_1208.png,0,dup_group_00893,NORMAL
train_1210.png,0,dup_group_00115,NORMAL
train_1211.png,0,dup_group_00741,NORMAL
train_1215.png,0,dup_group_00896,NORMAL
train_1216.png,0,dup_group_00003,NORMAL
train_1217.png,0,dup_group_00003,NORMAL
train_1218.png,0,dup_group_00897,NORMAL
train_1219.png,0,dup_group_00898,NORMAL
train_1220.png,0,dup_group_00003,NORMAL
train_1221.png,0,dup_group_00899,NORMAL
train_1222.png,0,dup_group_00392,NORMAL
train_1223.png,0,dup_group_00900,NORMAL
train_1225.png,0,dup_group_00901,NORMAL
train_1226.png,0,dup_group_00902,NORMAL
train_1227.png,0,dup_group_00370,NORMAL
train_1228.png,0,dup_group_00903,NORMAL
train_1229.png,0,dup_group_00219,NORMAL
train_1234.png,0,dup_group_00906,NORMAL
train_1235.png,0,dup_group_00907,NORMAL
train_1236.png,0,dup_group_00350,NORMAL
train_1237.png,0,dup_group_00104,NORMAL
train_1239.png,0,dup_group_00909,NORMAL
train_1240.png,0,dup_group_00910,NORMAL
train_1241.png,0,dup_group_00376,NORMAL
train_1242.png,0,dup_group_00911,NORMAL
train_1243.png,0,dup_group_00003,NORMAL
train_1245.png,0,dup_group_00912,NORMAL
train_1246.png,0,dup_group_00913,NORMAL
train_1247.png,0,dup_group_00914,NORMAL
train_1248.png,0,dup_group_00915,NORMAL
train_1249.png,0,dup_group_00916,NORMAL
train_1250.png,0,dup_group_00917,NORMAL
train_1251.png,0,dup_group_00302,NORMAL
train_1252.png,0,dup_group_00003,NORMAL
train_1254.png,0,dup_group_00362,NORMAL
train_1255.png,0,dup_group_00919,NORMAL
train_1257.png,0,dup_group_00639,NORMAL
train_1258.png,0,dup_group_00075,NORMAL
train_1260.png,0,dup_group_00921,NORMAL
train_1261.png,0,dup_group_00084,NORMAL
train_1262.png,0,dup_group_00897,NORMAL
train_1263.png,0,dup_group_00576,NORMAL
train_1265.png,0,dup_group_00923,NORMAL
train_1266.png,0,dup_group_00924,NORMAL
train_1267.png,0,dup_group_00925,NORMAL
train_1268.png,0,dup_group_00926,NORMAL
train_1269.png,0,dup_group_00927,NORMAL
train_1271.png,0,dup_group_00929,NORMAL
train_1273.png,0,dup_group_00931,NORMAL
train_1274.png,0,dup_group_00932,NORMAL
train_1276.png,0,dup_group_00934,NORMAL
train_1277.png,0,dup_group_00070,NORMAL
train_1278.png,0,dup_group_00272,NORMAL
train_1279.png,0,dup_group_00935,NORMAL
train_1280.png,0,dup_group_00936,NORMAL
train_1282.png,0,dup_group_00006,NORMAL
train_1283.png,0,dup_group_00938,NORMAL
train_1284.png,0,dup_group_00093,NORMAL
train_1285.png,0,dup_group_00939,NORMAL
train_1286.png,0,dup_group_00194,NORMAL
train_1288.png,0,dup_group_00941,NORMAL
train_1289.png,0,dup_group_00123,NORMAL
train_1290.png,0,dup_group_00575,NORMAL
train_1291.png,0,dup_group_00942,NORMAL
train_1292.png,0,dup_group_00312,NORMAL
train_1293.png,0,dup_group_00943,NORMAL
train_1294.png,0,dup_group_00087,NORMAL
train_1295.png,0,dup_group_00944,NORMAL
train_1296.png,0,dup_group_00945,NORMAL
train_1297.png,0,dup_group_00946,NORMAL
train_1299.png,0,dup_group_00070,NORMAL
train_1303.png,0,dup_group_00951,NORMAL
train_1304.png,0,dup_group_00394,NORMAL
train_1306.png,0,dup_group_00953,NORMAL
train_1308.png,0,dup_group_00955,NORMAL
train_1309.png,0,dup_group_00956,NORMAL
train_1311.png,0,dup_group_00958,NORMAL
train_1312.png,0,dup_group_00959,NORMAL
train_1313.png,0,dup_group_00960,NORMAL
train_1314.png,0,dup_group_00961,NORMAL
train_1315.png,0,dup_group_00962,NORMAL
train_1316.png,0,dup_group_00963,NORMAL
train_1317.png,0,dup_group_00093,NORMAL
train_1318.png,0,dup_group_00964,NORMAL
train_1319.png,0,dup_group_00965,NORMAL
train_1320.png,0,dup_group_00966,NORMAL
train_1321.png,0,dup_group_00003,NORMAL
train_1322.png,0,dup_group_00043,NORMAL
train_1323.png,0,dup_group_00639,NORMAL
train_1324.png,0,dup_group_00967,NORMAL
train_1325.png,0,dup_group_00968,NORMAL
train_1326.png,0,dup_group_00462,NORMAL
train_1327.png,0,dup_group_00969,NORMAL
train_1328.png,0,dup_group_00970,NORMAL
train_1329.png,0,dup_group_00971,NORMAL
train_1330.png,0,dup_group_00330,NORMAL
train_1331.png,0,dup_group_00972,NORMAL
train_1333.png,0,dup_group_00974,NORMAL
train_1334.png,0,dup_group_00975,NORMAL
train_1335.png,0,dup_group_00976,NORMAL
train_1336.png,0,dup_group_00977,NORMAL
train_1340.png,0,dup_group_00978,NORMAL
train_1341.png,0,dup_group_00979,NORMAL
train_1344.png,1,dup_group_00980,PNEUMONIA
train_1345.png,1,dup_group_00981,PNEUMONIA
train_1346.png,1,dup_group_00982,PNEUMONIA
train_1347.png,1,dup_group_00983,PNEUMONIA
train_1350.png,1,dup_group_00984,PNEUMONIA
train_1351.png,1,dup_group_00985,PNEUMONIA
train_1353.png,1,dup_group_00986,PNEUMONIA
train_1355.png,1,dup_group_00987,PNEUMONIA
train_1356.png,1,dup_group_00988,PNEUMONIA
train_1357.png,1,dup_group_00989,PNEUMONIA
train_1358.png,1,dup_group_00990,PNEUMONIA
train_1359.png,1,dup_group_00991,PNEUMONIA
train_1360.png,1,dup_group_00992,PNEUMONIA
train_1361.png,1,dup_group_00993,PNEUMONIA
train_1362.png,1,dup_group_00994,PNEUMONIA
train_1363.png,1,dup_group_00995,PNEUMONIA
train_1364.png,1,dup_group_00044,PNEUMONIA
train_1365.png,1,dup_group_00996,PNEUMONIA
train_1366.png,1,dup_group_00997,PNEUMONIA
train_1368.png,1,dup_group_00998,PNEUMONIA
train_1369.png,1,dup_group_00999,PNEUMONIA
train_1372.png,1,dup_group_01000,PNEUMONIA
train_1373.png,1,dup_group_01001,PNEUMONIA
train_1374.png,1,dup_group_01002,PNEUMONIA
train_1375.png,1,dup_group_01003,PNEUMONIA
train_1376.png,1,dup_group_01004,PNEUMONIA
train_1379.png,1,dup_group_01005,PNEUMONIA
train_1380.png,1,dup_group_01006,PNEUMONIA
train_1381.png,1,dup_group_01007,PNEUMONIA
train_1383.png,1,dup_group_01008,PNEUMONIA
train_1385.png,1,dup_group_01009,PNEUMONIA
train_1386.png,1,dup_group_01010,PNEUMONIA
train_1388.png,1,dup_group_01011,PNEUMONIA
train_1389.png,1,dup_group_01012,PNEUMONIA
train_1391.png,1,dup_group_00003,PNEUMONIA
train_1393.png,1,dup_group_02878,PNEUMONIA
train_1394.png,1,dup_group_01013,PNEUMONIA
train_1395.png,1,dup_group_01014,PNEUMONIA
train_1396.png,1,dup_group_01015,PNEUMONIA
train_1397.png,1,dup_group_01016,PNEUMONIA
train_1398.png,1,dup_group_01017,PNEUMONIA
train_1399.png,1,dup_group_01018,PNEUMONIA
train_1400.png,1,dup_group_01019,PNEUMONIA
train_1401.png,1,dup_group_01020,PNEUMONIA
train_1403.png,1,dup_group_01021,PNEUMONIA
train_1404.png,1,dup_group_01022,PNEUMONIA
train_1405.png,1,dup_group_01023,PNEUMONIA
train_1407.png,1,dup_group_01024,PNEUMONIA
train_1408.png,1,dup_group_01025,PNEUMONIA
train_1410.png,1,dup_group_01026,PNEUMONIA
train_1411.png,1,dup_group_00989,PNEUMONIA
train_1412.png,1,dup_group_01027,PNEUMONIA
train_1413.png,1,dup_group_01071,PNEUMONIA
train_1414.png,1,dup_group_01028,PNEUMONIA
train_1415.png,1,dup_group_01029,PNEUMONIA
train_1417.png,1,dup_group_01030,PNEUMONIA
train_1419.png,1,dup_group_01031,PNEUMONIA
train_1420.png,1,dup_group_01032,PNEUMONIA
train_1421.png,1,dup_group_01033,PNEUMONIA
train_1424.png,1,dup_group_01034,PNEUMONIA
train_1426.png,1,dup_group_00037,PNEUMONIA
train_1427.png,1,dup_group_01035,PNEUMONIA
train_1428.png,1,dup_group_01036,PNEUMONIA
train_1429.png,1,dup_group_01037,PNEUMONIA
train_1430.png,1,dup_group_01038,PNEUMONIA
train_1432.png,1,dup_group_01040,PNEUMONIA
train_1433.png,1,dup_group_01041,PNEUMONIA
train_1434.png,1,dup_group_01042,PNEUMONIA
train_1435.png,1,dup_group_01043,PNEUMONIA
train_1436.png,1,dup_group_01044,PNEUMONIA
train_1437.png,1,dup_group_01045,PNEUMONIA
train_1438.png,1,dup_group_01046,PNEUMONIA
train_1439.png,1,dup_group_00968,PNEUMONIA
train_1440.png,1,dup_group_01047,PNEUMONIA
train_1443.png,1,dup_group_01048,PNEUMONIA
train_1444.png,1,dup_group_01049,PNEUMONIA
train_1445.png,1,dup_group_01050,PNEUMONIA
train_1447.png,1,dup_group_01042,PNEUMONIA
train_1450.png,1,dup_group_01051,PNEUMONIA
train_1453.png,1,dup_group_01053,PNEUMONIA
train_1454.png,1,dup_group_01054,PNEUMONIA
train_1455.png,1,dup_group_01055,PNEUMONIA
train_1457.png,1,dup_group_01056,PNEUMONIA
train_1459.png,1,dup_group_01057,PNEUMONIA
train_1461.png,1,dup_group_01058,PNEUMONIA
train_1463.png,1,dup_group_01059,PNEUMONIA
train_1464.png,1,dup_group_01060,PNEUMONIA
train_1465.png,1,dup_group_01061,PNEUMONIA
train_1466.png,1,dup_group_00649,PNEUMONIA
train_1467.png,1,dup_group_01062,PNEUMONIA
train_1468.png,1,dup_group_01063,PNEUMONIA
train_1469.png,1,dup_group_00985,PNEUMONIA
train_1471.png,1,dup_group_01064,PNEUMONIA
train_1472.png,1,dup_group_01065,PNEUMONIA
train_1473.png,1,dup_group_01066,PNEUMONIA
train_1474.png,1,dup_group_00445,PNEUMONIA
train_1475.png,1,dup_group_01067,PNEUMONIA
train_1477.png,1,dup_group_01068,PNEUMONIA
train_1478.png,1,dup_group_01042,PNEUMONIA
train_1479.png,1,dup_group_01069,PNEUMONIA
train_1482.png,1,dup_group_01070,PNEUMONIA
train_1483.png,1,dup_group_01071,PNEUMONIA
train_1484.png,1,dup_group_00069,PNEUMONIA
train_1486.png,1,dup_group_01072,PNEUMONIA
train_1488.png,1,dup_group_01073,PNEUMONIA
train_1490.png,1,dup_group_01074,PNEUMONIA
train_1493.png,1,dup_group_01075,PNEUMONIA
train_1496.png,1,dup_group_01076,PNEUMONIA
train_1497.png,1,dup_group_01077,PNEUMONIA
train_1500.png,1,dup_group_01079,PNEUMONIA
train_1501.png,1,dup_group_01080,PNEUMONIA
train_1502.png,1,dup_group_01081,PNEUMONIA
train_1506.png,1,dup_group_01082,PNEUMONIA
train_1507.png,1,dup_group_01067,PNEUMONIA
train_1508.png,1,dup_group_01083,PNEUMONIA
train_1509.png,1,dup_group_01012,PNEUMONIA
train_1510.png,1,dup_group_00137,PNEUMONIA
train_1511.png,1,dup_group_00989,PNEUMONIA
train_1512.png,1,dup_group_00989,PNEUMONIA
train_1513.png,1,dup_group_01084,PNEUMONIA
train_1515.png,1,dup_group_01085,PNEUMONIA
train_1517.png,1,dup_group_01086,PNEUMONIA
train_1518.png,1,dup_group_01087,PNEUMONIA
train_1519.png,1,dup_group_01088,PNEUMONIA
train_1520.png,1,dup_group_01089,PNEUMONIA
train_1521.png,1,dup_group_01090,PNEUMONIA
train_1522.png,1,dup_group_01091,PNEUMONIA
train_1523.png,1,dup_group_01092,PNEUMONIA
train_1524.png,1,dup_group_01093,PNEUMONIA
train_1525.png,1,dup_group_01094,PNEUMONIA
train_1526.png,1,dup_group_01095,PNEUMONIA
train_1527.png,1,dup_group_01096,PNEUMONIA
train_1528.png,1,dup_group_01097,PNEUMONIA
train_1529.png,1,dup_group_01098,PNEUMONIA
train_1532.png,1,dup_group_01099,PNEUMONIA
train_1534.png,1,dup_group_01100,PNEUMONIA
train_1535.png,1,dup_group_01101,PNEUMONIA
train_1536.png,1,dup_group_01102,PNEUMONIA
train_1537.png,1,dup_group_01103,PNEUMONIA
train_1538.png,1,dup_group_01104,PNEUMONIA
train_1540.png,1,dup_group_01105,PNEUMONIA
train_1542.png,1,dup_group_01106,PNEUMONIA
train_1543.png,1,dup_group_00993,PNEUMONIA
train_1544.png,1,dup_group_01107,PNEUMONIA
train_1545.png,1,dup_group_01108,PNEUMONIA
train_1548.png,1,dup_group_01109,PNEUMONIA
train_1549.png,1,dup_group_01110,PNEUMONIA
train_1550.png,1,dup_group_01111,PNEUMONIA
train_1552.png,1,dup_group_01112,PNEUMONIA
train_1553.png,1,dup_group_01113,PNEUMONIA
train_1554.png,1,dup_group_01114,PNEUMONIA
train_1555.png,1,dup_group_01115,PNEUMONIA
train_1556.png,1,dup_group_01116,PNEUMONIA
train_1558.png,1,dup_group_01117,PNEUMONIA
train_1560.png,1,dup_group_01118,PNEUMONIA
train_1562.png,1,dup_group_01119,PNEUMONIA
train_1563.png,1,dup_group_01120,PNEUMONIA
train_1564.png,1,dup_group_01121,PNEUMONIA
train_1565.png,1,dup_group_01122,PNEUMONIA
train_1567.png,1,dup_group_01123,PNEUMONIA
train_1569.png,1,dup_group_01124,PNEUMONIA
train_1570.png,1,dup_group_01125,PNEUMONIA
train_1571.png,1,dup_group_01126,PNEUMONIA
train_1572.png,1,dup_group_01027,PNEUMONIA
train_1573.png,1,dup_group_01127,PNEUMONIA
train_1575.png,1,dup_group_01128,PNEUMONIA
train_1576.png,1,dup_group_01129,PNEUMONIA
train_1578.png,1,dup_group_01021,PNEUMONIA
train_1579.png,1,dup_group_01130,PNEUMONIA
train_1580.png,1,dup_group_01131,PNEUMONIA
train_1581.png,1,dup_group_01132,PNEUMONIA
train_1582.png,1,dup_group_00140,PNEUMONIA
train_1583.png,1,dup_group_01133,PNEUMONIA
train_1584.png,1,dup_group_01134,PNEUMONIA
train_1586.png,1,dup_group_01135,PNEUMONIA
train_1587.png,1,dup_group_01136,PNEUMONIA
train_1590.png,1,dup_group_01137,PNEUMONIA
train_1591.png,1,dup_group_01138,PNEUMONIA
train_1592.png,1,dup_group_01139,PNEUMONIA
train_1595.png,1,dup_group_01140,PNEUMONIA
train_1596.png,1,dup_group_01141,PNEUMONIA
train_1597.png,1,dup_group_01142,PNEUMONIA
train_1598.png,1,dup_group_01143,PNEUMONIA
train_1599.png,1,dup_group_01144,PNEUMONIA
train_1600.png,1,dup_group_01145,PNEUMONIA
train_1601.png,1,dup_group_00993,PNEUMONIA
train_1603.png,1,dup_group_01146,PNEUMONIA
train_1604.png,1,dup_group_01147,PNEUMONIA
train_1605.png,1,dup_group_01148,PNEUMONIA
train_1607.png,1,dup_group_01149,PNEUMONIA
train_1608.png,1,dup_group_01150,PNEUMONIA
train_1611.png,1,dup_group_01152,PNEUMONIA
train_1612.png,1,dup_group_01153,PNEUMONIA
train_1613.png,1,dup_group_01154,PNEUMONIA
train_1614.png,1,dup_group_01155,PNEUMONIA
train_1615.png,1,dup_group_01156,PNEUMONIA
train_1616.png,1,dup_group_01157,PNEUMONIA
train_1617.png,1,dup_group_01158,PNEUMONIA
train_1618.png,1,dup_group_01159,PNEUMONIA
train_1619.png,1,dup_group_01160,PNEUMONIA
train_1620.png,1,dup_group_01161,PNEUMONIA
train_1621.png,1,dup_group_01162,PNEUMONIA
train_1622.png,1,dup_group_01163,PNEUMONIA
train_1623.png,1,dup_group_01164,PNEUMONIA
train_1624.png,1,dup_group_01165,PNEUMONIA
train_1625.png,1,dup_group_01166,PNEUMONIA
train_1626.png,1,dup_group_01267,PNEUMONIA
train_1627.png,1,dup_group_01167,PNEUMONIA
train_1628.png,1,dup_group_01168,PNEUMONIA
train_1629.png,1,dup_group_01169,PNEUMONIA
train_1630.png,1,dup_group_01170,PNEUMONIA
train_1631.png,1,dup_group_01171,PNEUMONIA
train_1632.png,1,dup_group_01172,PNEUMONIA
train_1633.png,1,dup_group_01075,PNEUMONIA
train_1635.png,1,dup_group_01173,PNEUMONIA
train_1636.png,1,dup_group_01174,PNEUMONIA
train_1637.png,1,dup_group_01175,PNEUMONIA
train_1638.png,1,dup_group_01176,PNEUMONIA
train_1639.png,1,dup_group_01177,PNEUMONIA
train_1640.png,1,dup_group_01178,PNEUMONIA
train_1641.png,1,dup_group_00517,PNEUMONIA
train_1642.png,1,dup_group_01179,PNEUMONIA
train_1643.png,1,dup_group_01180,PNEUMONIA
train_1644.png,1,dup_group_00993,PNEUMONIA
train_1647.png,1,dup_group_01150,PNEUMONIA
train_1648.png,1,dup_group_01181,PNEUMONIA
train_1649.png,1,dup_group_01182,PNEUMONIA
train_1650.png,1,dup_group_01183,PNEUMONIA
train_1651.png,1,dup_group_00285,PNEUMONIA
train_1652.png,1,dup_group_01184,PNEUMONIA
train_1653.png,1,dup_group_01185,PNEUMONIA
train_1654.png,1,dup_group_01186,PNEUMONIA
train_1656.png,1,dup_group_02878,PNEUMONIA
train_1657.png,1,dup_group_01187,PNEUMONIA
train_1658.png,1,dup_group_01188,PNEUMONIA
train_1659.png,1,dup_group_01189,PNEUMONIA
train_1660.png,1,dup_group_01190,PNEUMONIA
train_1661.png,1,dup_group_01191,PNEUMONIA
train_1662.png,1,dup_group_01192,PNEUMONIA
train_1663.png,1,dup_group_01193,PNEUMONIA
train_1664.png,1,dup_group_01194,PNEUMONIA
train_1665.png,1,dup_group_01195,PNEUMONIA
train_1666.png,1,dup_group_01196,PNEUMONIA
train_1668.png,1,dup_group_01197,PNEUMONIA
train_1669.png,1,dup_group_01198,PNEUMONIA
train_1670.png,1,dup_group_01199,PNEUMONIA
train_1671.png,1,dup_group_01200,PNEUMONIA
train_1672.png,1,dup_group_01201,PNEUMONIA
train_1674.png,1,dup_group_01202,PNEUMONIA
train_1675.png,1,dup_group_01203,PNEUMONIA
train_1676.png,1,dup_group_00069,PNEUMONIA
train_1677.png,1,dup_group_01204,PNEUMONIA
train_1678.png,1,dup_group_01205,PNEUMONIA
train_1679.png,1,dup_group_01206,PNEUMONIA
train_1680.png,1,dup_group_00993,PNEUMONIA
train_1681.png,1,dup_group_01207,PNEUMONIA
train_1682.png,1,dup_group_01208,PNEUMONIA
train_1683.png,1,dup_group_01209,PNEUMONIA
train_1684.png,1,dup_group_01210,PNEUMONIA
train_1686.png,1,dup_group_01211,PNEUMONIA
train_1687.png,1,dup_group_01108,PNEUMONIA
train_1688.png,1,dup_group_01212,PNEUMONIA
train_1689.png,1,dup_group_00989,PNEUMONIA
train_1691.png,1,dup_group_01214,PNEUMONIA
train_1692.png,1,dup_group_01215,PNEUMONIA
train_1694.png,1,dup_group_01216,PNEUMONIA
train_1695.png,1,dup_group_01217,PNEUMONIA
train_1696.png,1,dup_group_01218,PNEUMONIA
train_1698.png,1,dup_group_01219,PNEUMONIA
train_1699.png,1,dup_group_01220,PNEUMONIA
train_1701.png,1,dup_group_01221,PNEUMONIA
train_1702.png,1,dup_group_01222,PNEUMONIA
train_1703.png,1,dup_group_01223,PNEUMONIA
train_1704.png,1,dup_group_01224,PNEUMONIA
train_1705.png,1,dup_group_01225,PNEUMONIA
train_1706.png,1,dup_group_01226,PNEUMONIA
train_1707.png,1,dup_group_01227,PNEUMONIA
train_1708.png,1,dup_group_01228,PNEUMONIA
train_1710.png,1,dup_group_01089,PNEUMONIA
train_1711.png,1,dup_group_01229,PNEUMONIA
train_1712.png,1,dup_group_01230,PNEUMONIA
train_1713.png,1,dup_group_01231,PNEUMONIA
train_1714.png,1,dup_group_01232,PNEUMONIA
train_1715.png,1,dup_group_00003,PNEUMONIA
train_1716.png,1,dup_group_01233,PNEUMONIA
train_1717.png,1,dup_group_01234,PNEUMONIA
train_1718.png,1,dup_group_01235,PNEUMONIA
train_1719.png,1,dup_group_01236,PNEUMONIA
train_1721.png,1,dup_group_01237,PNEUMONIA
train_1722.png,1,dup_group_01238,PNEUMONIA
train_1723.png,1,dup_group_01239,PNEUMONIA
train_1724.png,1,dup_group_01240,PNEUMONIA
train_1725.png,1,dup_group_01241,PNEUMONIA
train_1726.png,1,dup_group_00069,PNEUMONIA
train_1727.png,1,dup_group_01242,PNEUMONIA
train_1728.png,1,dup_group_00155,PNEUMONIA
train_1730.png,1,dup_group_01243,PNEUMONIA
train_1731.png,1,dup_group_01042,PNEUMONIA
train_1732.png,1,dup_group_00993,PNEUMONIA
train_1733.png,1,dup_group_01244,PNEUMONIA
train_1734.png,1,dup_group_01135,PNEUMONIA
train_1735.png,1,dup_group_01245,PNEUMONIA
train_1736.png,1,dup_group_01246,PNEUMONIA
train_1738.png,1,dup_group_01247,PNEUMONIA
train_1739.png,1,dup_group_01248,PNEUMONIA
train_1740.png,1,dup_group_01249,PNEUMONIA
train_1741.png,1,dup_group_01250,PNEUMONIA
train_1743.png,1,dup_group_01251,PNEUMONIA
train_1744.png,1,dup_group_01252,PNEUMONIA
train_1745.png,1,dup_group_01253,PNEUMONIA
train_1746.png,1,dup_group_01254,PNEUMONIA
train_1747.png,1,dup_group_01255,PNEUMONIA
train_1748.png,1,dup_group_01256,PNEUMONIA
train_1749.png,1,dup_group_01257,PNEUMONIA
train_1750.png,1,dup_group_01258,PNEUMONIA
train_1751.png,1,dup_group_01259,PNEUMONIA
train_1752.png,1,dup_group_01260,PNEUMONIA
train_1754.png,1,dup_group_01368,PNEUMONIA
train_1755.png,1,dup_group_00253,PNEUMONIA
train_1756.png,1,dup_group_01261,PNEUMONIA
train_1757.png,1,dup_group_01262,PNEUMONIA
train_1759.png,1,dup_group_01263,PNEUMONIA
train_1760.png,1,dup_group_01264,PNEUMONIA
train_1762.png,1,dup_group_01265,PNEUMONIA
train_1763.png,1,dup_group_01266,PNEUMONIA
train_1764.png,1,dup_group_01261,PNEUMONIA
train_1765.png,1,dup_group_01267,PNEUMONIA
train_1769.png,1,dup_group_00070,PNEUMONIA
train_1771.png,1,dup_group_01269,PNEUMONIA
train_1774.png,1,dup_group_00069,PNEUMONIA
train_1775.png,1,dup_group_01270,PNEUMONIA
train_1776.png,1,dup_group_01204,PNEUMONIA
train_1777.png,1,dup_group_01271,PNEUMONIA
train_1778.png,1,dup_group_01272,PNEUMONIA
train_1779.png,1,dup_group_01273,PNEUMONIA
train_1781.png,1,dup_group_01274,PNEUMONIA
train_1782.png,1,dup_group_01179,PNEUMONIA
train_1783.png,1,dup_group_01275,PNEUMONIA
train_1784.png,1,dup_group_01276,PNEUMONIA
train_1785.png,1,dup_group_01057,PNEUMONIA
train_1786.png,1,dup_group_01277,PNEUMONIA
train_1787.png,1,dup_group_00517,PNEUMONIA
train_1788.png,1,dup_group_01278,PNEUMONIA
train_1789.png,1,dup_group_00849,PNEUMONIA
train_1790.png,1,dup_group_01279,PNEUMONIA
train_1792.png,1,dup_group_01280,PNEUMONIA
train_1793.png,1,dup_group_01281,PNEUMONIA
train_1794.png,1,dup_group_00434,PNEUMONIA
train_1795.png,1,dup_group_01282,PNEUMONIA
train_1796.png,1,dup_group_01283,PNEUMONIA
train_1797.png,1,dup_group_01284,PNEUMONIA
train_1798.png,1,dup_group_01285,PNEUMONIA
train_1803.png,1,dup_group_01286,PNEUMONIA
train_1804.png,1,dup_group_01287,PNEUMONIA
train_1806.png,1,dup_group_01234,PNEUMONIA
train_1807.png,1,dup_group_01288,PNEUMONIA
train_1808.png,1,dup_group_01289,PNEUMONIA
train_1809.png,1,dup_group_00029,PNEUMONIA
train_1810.png,1,dup_group_01290,PNEUMONIA
train_1811.png,1,dup_group_01059,PNEUMONIA
train_1812.png,1,dup_group_01291,PNEUMONIA
train_1813.png,1,dup_group_01292,PNEUMONIA
train_1814.png,1,dup_group_01293,PNEUMONIA
train_1815.png,1,dup_group_01294,PNEUMONIA
train_1817.png,1,dup_group_01295,PNEUMONIA
train_1818.png,1,dup_group_01296,PNEUMONIA
train_1819.png,1,dup_group_01297,PNEUMONIA
train_1820.png,1,dup_group_01298,PNEUMONIA
train_1821.png,1,dup_group_01299,PNEUMONIA
train_1822.png,1,dup_group_01300,PNEUMONIA
train_1823.png,1,dup_group_01301,PNEUMONIA
train_1825.png,1,dup_group_01302,PNEUMONIA
train_1826.png,1,dup_group_01303,PNEUMONIA
train_1827.png,1,dup_group_01304,PNEUMONIA
train_1829.png,1,dup_group_01305,PNEUMONIA
train_1830.png,1,dup_group_01306,PNEUMONIA
train_1831.png,1,dup_group_01307,PNEUMONIA
train_1832.png,1,dup_group_01308,PNEUMONIA
train_1833.png,1,dup_group_01309,PNEUMONIA
train_1834.png,1,dup_group_01310,PNEUMONIA
train_1836.png,1,dup_group_01045,PNEUMONIA
train_1837.png,1,dup_group_01311,PNEUMONIA
train_1839.png,1,dup_group_00115,PNEUMONIA
train_1840.png,1,dup_group_01312,PNEUMONIA
train_1842.png,1,dup_group_00131,PNEUMONIA
train_1845.png,1,dup_group_01313,PNEUMONIA
train_1846.png,1,dup_group_01314,PNEUMONIA
train_1847.png,1,dup_group_01315,PNEUMONIA
train_1848.png,1,dup_group_01316,PNEUMONIA
train_1849.png,1,dup_group_01317,PNEUMONIA
train_1850.png,1,dup_group_01318,PNEUMONIA
train_1851.png,1,dup_group_01319,PNEUMONIA
train_1853.png,1,dup_group_01320,PNEUMONIA
train_1855.png,1,dup_group_01321,PNEUMONIA
train_1856.png,1,dup_group_01322,PNEUMONIA
train_1857.png,1,dup_group_01323,PNEUMONIA
train_1860.png,1,dup_group_01324,PNEUMONIA
train_1861.png,1,dup_group_00111,PNEUMONIA
train_1862.png,1,dup_group_00093,PNEUMONIA
train_1863.png,1,dup_group_01127,PNEUMONIA
train_1865.png,1,dup_group_01325,PNEUMONIA
train_1866.png,1,dup_group_01326,PNEUMONIA
train_1867.png,1,dup_group_00838,PNEUMONIA
train_1869.png,1,dup_group_01327,PNEUMONIA
train_1870.png,1,dup_group_01328,PNEUMONIA
train_1872.png,1,dup_group_01329,PNEUMONIA
train_1873.png,1,dup_group_01330,PNEUMONIA
train_1874.png,1,dup_group_00634,PNEUMONIA
train_1875.png,1,dup_group_01331,PNEUMONIA
train_1876.png,1,dup_group_01332,PNEUMONIA
train_1878.png,1,dup_group_01333,PNEUMONIA
train_1879.png,1,dup_group_01334,PNEUMONIA
train_1880.png,1,dup_group_01335,PNEUMONIA
train_1881.png,1,dup_group_01336,PNEUMONIA
train_1883.png,1,dup_group_01337,PNEUMONIA
train_1884.png,1,dup_group_01338,PNEUMONIA
train_1886.png,1,dup_group_01339,PNEUMONIA
train_1887.png,1,dup_group_01340,PNEUMONIA
train_1888.png,1,dup_group_01341,PNEUMONIA
train_1890.png,1,dup_group_01342,PNEUMONIA
train_1892.png,1,dup_group_01343,PNEUMONIA
train_1893.png,1,dup_group_01344,PNEUMONIA
train_1894.png,1,dup_group_00859,PNEUMONIA
train_1895.png,1,dup_group_01345,PNEUMONIA
train_1896.png,1,dup_group_01346,PNEUMONIA
train_1898.png,1,dup_group_00969,PNEUMONIA
train_1899.png,1,dup_group_01347,PNEUMONIA
train_1900.png,1,dup_group_00157,PNEUMONIA
train_1901.png,1,dup_group_01348,PNEUMONIA
train_1903.png,1,dup_group_01350,PNEUMONIA
train_1904.png,1,dup_group_01351,PNEUMONIA
train_1905.png,1,dup_group_01207,PNEUMONIA
train_1907.png,1,dup_group_01352,PNEUMONIA
train_1909.png,1,dup_group_01353,PNEUMONIA
train_1910.png,1,dup_group_01354,PNEUMONIA
train_1911.png,1,dup_group_01234,PNEUMONIA
train_1912.png,1,dup_group_01355,PNEUMONIA
train_1913.png,1,dup_group_01356,PNEUMONIA
train_1914.png,1,dup_group_01357,PNEUMONIA
train_1915.png,1,dup_group_01322,PNEUMONIA
train_1916.png,1,dup_group_01358,PNEUMONIA
train_1917.png,1,dup_group_01359,PNEUMONIA
train_1918.png,1,dup_group_01360,PNEUMONIA
train_1919.png,1,dup_group_01361,PNEUMONIA
train_1920.png,1,dup_group_01362,PNEUMONIA
train_1921.png,1,dup_group_01363,PNEUMONIA
train_1922.png,1,dup_group_01364,PNEUMONIA
train_1925.png,1,dup_group_00993,PNEUMONIA
train_1926.png,1,dup_group_01365,PNEUMONIA
train_1927.png,1,dup_group_01366,PNEUMONIA
train_1928.png,1,dup_group_01367,PNEUMONIA
train_1929.png,1,dup_group_01368,PNEUMONIA
train_1930.png,1,dup_group_01369,PNEUMONIA
train_1931.png,1,dup_group_01370,PNEUMONIA
train_1933.png,1,dup_group_01371,PNEUMONIA
train_1935.png,1,dup_group_01372,PNEUMONIA
train_1937.png,1,dup_group_01373,PNEUMONIA
train_1938.png,1,dup_group_01374,PNEUMONIA
train_1939.png,1,dup_group_01997,PNEUMONIA
train_1940.png,1,dup_group_01375,PNEUMONIA
train_1941.png,1,dup_group_01367,PNEUMONIA
train_1942.png,1,dup_group_00069,PNEUMONIA
train_1943.png,1,dup_group_01376,PNEUMONIA
train_1944.png,1,dup_group_01096,PNEUMONIA
train_1945.png,1,dup_group_01377,PNEUMONIA
train_1946.png,1,dup_group_01378,PNEUMONIA
train_1948.png,1,dup_group_01379,PNEUMONIA
train_1949.png,1,dup_group_01380,PNEUMONIA
train_1950.png,1,dup_group_01207,PNEUMONIA
train_1951.png,1,dup_group_01381,PNEUMONIA
train_1953.png,1,dup_group_01382,PNEUMONIA
train_1954.png,1,dup_group_00700,PNEUMONIA
train_1956.png,1,dup_group_01383,PNEUMONIA
train_1957.png,1,dup_group_01384,PNEUMONIA
train_1958.png,1,dup_group_00003,PNEUMONIA
train_1959.png,1,dup_group_01385,PNEUMONIA
train_1960.png,1,dup_group_01189,PNEUMONIA
train_1961.png,1,dup_group_01386,PNEUMONIA
train_1962.png,1,dup_group_01387,PNEUMONIA
train_1963.png,1,dup_group_01388,PNEUMONIA
train_1964.png,1,dup_group_01048,PNEUMONIA
train_1966.png,1,dup_group_01389,PNEUMONIA
train_1970.png,1,dup_group_01390,PNEUMONIA
train_1972.png,1,dup_group_01391,PNEUMONIA
train_1973.png,1,dup_group_01392,PNEUMONIA
train_1974.png,1,dup_group_00849,PNEUMONIA
train_1975.png,1,dup_group_01393,PNEUMONIA
train_1977.png,1,dup_group_01394,PNEUMONIA
train_1978.png,1,dup_group_01395,PNEUMONIA
train_1979.png,1,dup_group_01396,PNEUMONIA
train_1980.png,1,dup_group_01397,PNEUMONIA
train_1981.png,1,dup_group_01398,PNEUMONIA
train_1984.png,1,dup_group_01399,PNEUMONIA
train_1985.png,1,dup_group_01400,PNEUMONIA
train_1987.png,1,dup_group_01400,PNEUMONIA
train_1988.png,1,dup_group_01401,PNEUMONIA
train_1989.png,1,dup_group_01402,PNEUMONIA
train_1990.png,1,dup_group_01042,PNEUMONIA
train_1991.png,1,dup_group_01403,PNEUMONIA
train_1992.png,1,dup_group_01404,PNEUMONIA
train_1993.png,1,dup_group_01040,PNEUMONIA
train_1994.png,1,dup_group_01405,PNEUMONIA
train_1997.png,1,dup_group_01406,PNEUMONIA
train_1998.png,1,dup_group_00137,PNEUMONIA
train_1999.png,1,dup_group_01322,PNEUMONIA
train_2000.png,1,dup_group_01407,PNEUMONIA
train_2001.png,1,dup_group_01408,PNEUMONIA
train_2005.png,1,dup_group_00392,PNEUMONIA
train_2006.png,1,dup_group_01410,PNEUMONIA
train_2007.png,1,dup_group_01411,PNEUMONIA
train_2009.png,1,dup_group_01412,PNEUMONIA
train_2010.png,1,dup_group_00372,PNEUMONIA
train_2011.png,1,dup_group_00969,PNEUMONIA
train_2013.png,1,dup_group_01413,PNEUMONIA
train_2014.png,1,dup_group_01414,PNEUMONIA
train_2015.png,1,dup_group_01415,PNEUMONIA
train_2016.png,1,dup_group_01367,PNEUMONIA
train_2018.png,1,dup_group_01417,PNEUMONIA
train_2019.png,1,dup_group_01418,PNEUMONIA
train_2020.png,1,dup_group_01419,PNEUMONIA
train_2021.png,1,dup_group_01420,PNEUMONIA
train_2022.png,1,dup_group_01421,PNEUMONIA
train_2024.png,1,dup_group_01422,PNEUMONIA
train_2025.png,1,dup_group_01423,PNEUMONIA
train_2026.png,1,dup_group_01424,PNEUMONIA
train_2027.png,1,dup_group_01034,PNEUMONIA
train_2028.png,1,dup_group_01425,PNEUMONIA
train_2030.png,1,dup_group_00016,PNEUMONIA
train_2032.png,1,dup_group_01426,PNEUMONIA
train_2034.png,1,dup_group_01427,PNEUMONIA
train_2035.png,1,dup_group_00609,PNEUMONIA
train_2036.png,1,dup_group_00969,PNEUMONIA
train_2037.png,1,dup_group_01428,PNEUMONIA
train_2039.png,1,dup_group_01429,PNEUMONIA
train_2040.png,1,dup_group_01430,PNEUMONIA
train_2041.png,1,dup_group_01431,PNEUMONIA
train_2042.png,1,dup_group_01357,PNEUMONIA
train_2043.png,1,dup_group_01432,PNEUMONIA
train_2044.png,1,dup_group_01433,PNEUMONIA
train_2045.png,1,dup_group_01434,PNEUMONIA
train_2047.png,1,dup_group_01436,PNEUMONIA
train_2048.png,1,dup_group_01437,PNEUMONIA
train_2049.png,1,dup_group_01438,PNEUMONIA
train_2050.png,1,dup_group_01375,PNEUMONIA
train_2051.png,1,dup_group_00029,PNEUMONIA
train_2053.png,1,dup_group_01439,PNEUMONIA
train_2055.png,1,dup_group_00969,PNEUMONIA
train_2056.png,1,dup_group_00915,PNEUMONIA
train_2057.png,1,dup_group_01440,PNEUMONIA
train_2059.png,1,dup_group_01301,PNEUMONIA
train_2062.png,1,dup_group_01441,PNEUMONIA
train_2063.png,1,dup_group_01442,PNEUMONIA
train_2064.png,1,dup_group_01443,PNEUMONIA
train_2067.png,1,dup_group_01445,PNEUMONIA
train_2068.png,1,dup_group_01322,PNEUMONIA
train_2069.png,1,dup_group_01446,PNEUMONIA
train_2070.png,1,dup_group_01447,PNEUMONIA
train_2071.png,1,dup_group_01448,PNEUMONIA
train_2072.png,1,dup_group_01449,PNEUMONIA
train_2073.png,1,dup_group_01450,PNEUMONIA
train_2074.png,1,dup_group_01451,PNEUMONIA
train_2075.png,1,dup_group_01452,PNEUMONIA
train_2076.png,1,dup_group_00700,PNEUMONIA
train_2077.png,1,dup_group_01253,PNEUMONIA
train_2078.png,1,dup_group_01453,PNEUMONIA
train_2079.png,1,dup_group_01454,PNEUMONIA
train_2081.png,1,dup_group_00003,PNEUMONIA
train_2082.png,1,dup_group_01455,PNEUMONIA
train_2083.png,1,dup_group_00003,PNEUMONIA
train_2084.png,1,dup_group_01456,PNEUMONIA
train_2085.png,1,dup_group_01687,PNEUMONIA
train_2086.png,1,dup_group_01457,PNEUMONIA
train_2087.png,1,dup_group_01458,PNEUMONIA
train_2089.png,1,dup_group_01459,PNEUMONIA
train_2090.png,1,dup_group_00069,PNEUMONIA
train_2091.png,1,dup_group_01460,PNEUMONIA
train_2092.png,1,dup_group_02878,PNEUMONIA
train_2095.png,1,dup_group_00115,PNEUMONIA
train_2096.png,1,dup_group_01461,PNEUMONIA
train_2097.png,1,dup_group_01462,PNEUMONIA
train_2098.png,1,dup_group_00969,PNEUMONIA
train_2099.png,1,dup_group_01463,PNEUMONIA
train_2100.png,1,dup_group_01464,PNEUMONIA
train_2101.png,1,dup_group_01465,PNEUMONIA
train_2103.png,1,dup_group_00115,PNEUMONIA
train_2104.png,1,dup_group_01466,PNEUMONIA
train_2105.png,1,dup_group_01467,PNEUMONIA
train_2106.png,1,dup_group_01423,PNEUMONIA
train_2107.png,1,dup_group_01468,PNEUMONIA
train_2109.png,1,dup_group_01469,PNEUMONIA
train_2110.png,1,dup_group_01470,PNEUMONIA
train_2111.png,1,dup_group_01471,PNEUMONIA
train_2112.png,1,dup_group_01021,PNEUMONIA
train_2113.png,1,dup_group_01057,PNEUMONIA
train_2114.png,1,dup_group_01472,PNEUMONIA
train_2115.png,1,dup_group_01473,PNEUMONIA
train_2116.png,1,dup_group_01474,PNEUMONIA
train_2117.png,1,dup_group_01475,PNEUMONIA
train_2118.png,1,dup_group_01476,PNEUMONIA
train_2119.png,1,dup_group_01477,PNEUMONIA
train_2120.png,1,dup_group_01477,PNEUMONIA
train_2121.png,1,dup_group_01478,PNEUMONIA
train_2122.png,1,dup_group_01479,PNEUMONIA
train_2123.png,1,dup_group_00016,PNEUMONIA
train_2124.png,1,dup_group_01480,PNEUMONIA
train_2125.png,1,dup_group_01481,PNEUMONIA
train_2126.png,1,dup_group_01482,PNEUMONIA
train_2127.png,1,dup_group_00302,PNEUMONIA
train_2128.png,1,dup_group_01269,PNEUMONIA
train_2130.png,1,dup_group_01483,PNEUMONIA
train_2131.png,1,dup_group_01484,PNEUMONIA
train_2133.png,1,dup_group_01485,PNEUMONIA
train_2134.png,1,dup_group_00623,PNEUMONIA
train_2137.png,1,dup_group_01127,PNEUMONIA
train_2138.png,1,dup_group_00158,PNEUMONIA
train_2140.png,1,dup_group_01486,PNEUMONIA
train_2142.png,1,dup_group_01090,PNEUMONIA
train_2145.png,1,dup_group_01487,PNEUMONIA
train_2146.png,1,dup_group_01465,PNEUMONIA
train_2149.png,1,dup_group_01488,PNEUMONIA
train_2151.png,1,dup_group_01388,PNEUMONIA
train_2152.png,1,dup_group_01489,PNEUMONIA
train_2153.png,1,dup_group_01490,PNEUMONIA
train_2154.png,1,dup_group_01389,PNEUMONIA
train_2155.png,1,dup_group_01329,PNEUMONIA
train_2156.png,1,dup_group_01491,PNEUMONIA
train_2157.png,1,dup_group_01492,PNEUMONIA
train_2158.png,1,dup_group_00003,PNEUMONIA
train_2159.png,1,dup_group_01493,PNEUMONIA
train_2160.png,1,dup_group_01494,PNEUMONIA
train_2161.png,1,dup_group_01495,PNEUMONIA
train_2163.png,1,dup_group_01497,PNEUMONIA
train_2165.png,1,dup_group_01498,PNEUMONIA
train_2166.png,1,dup_group_01499,PNEUMONIA
train_2167.png,1,dup_group_01500,PNEUMONIA
train_2169.png,1,dup_group_01502,PNEUMONIA
train_2170.png,1,dup_group_01350,PNEUMONIA
train_2171.png,1,dup_group_01503,PNEUMONIA
train_2172.png,1,dup_group_01504,PNEUMONIA
train_2173.png,1,dup_group_01505,PNEUMONIA
train_2174.png,1,dup_group_01506,PNEUMONIA
train_2175.png,1,dup_group_01507,PNEUMONIA
train_2177.png,1,dup_group_01508,PNEUMONIA
train_2178.png,1,dup_group_01509,PNEUMONIA
train_2179.png,1,dup_group_01510,PNEUMONIA
train_2180.png,1,dup_group_01511,PNEUMONIA
train_2181.png,1,dup_group_01512,PNEUMONIA
train_2183.png,1,dup_group_01513,PNEUMONIA
train_2184.png,1,dup_group_01514,PNEUMONIA
train_2185.png,1,dup_group_01301,PNEUMONIA
train_2186.png,1,dup_group_01515,PNEUMONIA
train_2187.png,1,dup_group_01516,PNEUMONIA
train_2189.png,1,dup_group_01517,PNEUMONIA
train_2190.png,1,dup_group_00029,PNEUMONIA
train_2191.png,1,dup_group_01518,PNEUMONIA
train_2192.png,1,dup_group_01519,PNEUMONIA
train_2193.png,1,dup_group_01520,PNEUMONIA
train_2194.png,1,dup_group_01521,PNEUMONIA
train_2195.png,1,dup_group_01522,PNEUMONIA
train_2196.png,1,dup_group_01523,PNEUMONIA
train_2197.png,1,dup_group_01524,PNEUMONIA
train_2198.png,1,dup_group_01525,PNEUMONIA
train_2199.png,1,dup_group_01526,PNEUMONIA
train_2200.png,1,dup_group_01527,PNEUMONIA
train_2201.png,1,dup_group_01528,PNEUMONIA
train_2202.png,1,dup_group_01529,PNEUMONIA
train_2203.png,1,dup_group_01526,PNEUMONIA
train_2204.png,1,dup_group_01530,PNEUMONIA
train_2205.png,1,dup_group_01531,PNEUMONIA
train_2206.png,1,dup_group_01532,PNEUMONIA
train_2207.png,1,dup_group_00632,PNEUMONIA
train_2209.png,1,dup_group_01533,PNEUMONIA
train_2210.png,1,dup_group_00993,PNEUMONIA
train_2211.png,1,dup_group_01221,PNEUMONIA
train_2212.png,1,dup_group_01237,PNEUMONIA
train_2213.png,1,dup_group_01534,PNEUMONIA
train_2214.png,1,dup_group_01535,PNEUMONIA
train_2218.png,1,dup_group_01536,PNEUMONIA
train_2219.png,1,dup_group_00111,PNEUMONIA
train_2221.png,1,dup_group_01537,PNEUMONIA
train_2222.png,1,dup_group_01538,PNEUMONIA
train_2223.png,1,dup_group_01539,PNEUMONIA
train_2224.png,1,dup_group_01540,PNEUMONIA
train_2225.png,1,dup_group_01541,PNEUMONIA
train_2226.png,1,dup_group_00100,PNEUMONIA
train_2227.png,1,dup_group_01542,PNEUMONIA
train_2228.png,1,dup_group_01543,PNEUMONIA
train_2229.png,1,dup_group_00115,PNEUMONIA
train_2230.png,1,dup_group_01544,PNEUMONIA
train_2231.png,1,dup_group_01545,PNEUMONIA
train_2232.png,1,dup_group_01057,PNEUMONIA
train_2233.png,1,dup_group_01546,PNEUMONIA
train_2235.png,1,dup_group_01547,PNEUMONIA
train_2238.png,1,dup_group_01109,PNEUMONIA
train_2239.png,1,dup_group_01548,PNEUMONIA
train_2241.png,1,dup_group_00275,PNEUMONIA
train_2242.png,1,dup_group_01549,PNEUMONIA
train_2243.png,1,dup_group_01550,PNEUMONIA
train_2244.png,1,dup_group_01551,PNEUMONIA
train_2245.png,1,dup_group_01552,PNEUMONIA
train_2246.png,1,dup_group_01553,PNEUMONIA
train_2247.png,1,dup_group_01554,PNEUMONIA
train_2248.png,1,dup_group_01555,PNEUMONIA
train_2249.png,1,dup_group_01556,PNEUMONIA
train_2250.png,1,dup_group_01557,PNEUMONIA
train_2251.png,1,dup_group_01557,PNEUMONIA
train_2252.png,1,dup_group_01558,PNEUMONIA
train_2253.png,1,dup_group_00968,PNEUMONIA
train_2254.png,1,dup_group_00003,PNEUMONIA
train_2255.png,1,dup_group_01559,PNEUMONIA
train_2256.png,1,dup_group_01560,PNEUMONIA
train_2257.png,1,dup_group_01561,PNEUMONIA
train_2258.png,1,dup_group_01562,PNEUMONIA
train_2259.png,1,dup_group_01563,PNEUMONIA
train_2260.png,1,dup_group_01564,PNEUMONIA
train_2261.png,1,dup_group_01565,PNEUMONIA
train_2263.png,1,dup_group_01204,PNEUMONIA
train_2264.png,1,dup_group_00578,PNEUMONIA
train_2266.png,1,dup_group_01566,PNEUMONIA
train_2267.png,1,dup_group_01375,PNEUMONIA
train_2268.png,1,dup_group_01567,PNEUMONIA
train_2269.png,1,dup_group_01568,PNEUMONIA
train_2270.png,1,dup_group_01569,PNEUMONIA
train_2271.png,1,dup_group_01570,PNEUMONIA
train_2272.png,1,dup_group_01571,PNEUMONIA
train_2274.png,1,dup_group_01572,PNEUMONIA
train_2275.png,1,dup_group_01573,PNEUMONIA
train_2276.png,1,dup_group_01574,PNEUMONIA
train_2277.png,1,dup_group_01221,PNEUMONIA
train_2278.png,1,dup_group_01575,PNEUMONIA
train_2279.png,1,dup_group_01576,PNEUMONIA
train_2280.png,1,dup_group_01577,PNEUMONIA
train_2281.png,1,dup_group_01578,PNEUMONIA
train_2282.png,1,dup_group_01579,PNEUMONIA
train_2284.png,1,dup_group_01581,PNEUMONIA
train_2285.png,1,dup_group_00043,PNEUMONIA
train_2286.png,1,dup_group_01582,PNEUMONIA
train_2287.png,1,dup_group_01583,PNEUMONIA
train_2288.png,1,dup_group_01584,PNEUMONIA
train_2290.png,1,dup_group_01585,PNEUMONIA
train_2291.png,1,dup_group_01586,PNEUMONIA
train_2292.png,1,dup_group_01587,PNEUMONIA
train_2293.png,1,dup_group_01588,PNEUMONIA
train_2294.png,1,dup_group_00989,PNEUMONIA
train_2295.png,1,dup_group_01589,PNEUMONIA
train_2296.png,1,dup_group_01590,PNEUMONIA
train_2297.png,1,dup_group_02003,PNEUMONIA
train_2299.png,1,dup_group_01591,PNEUMONIA
train_2300.png,1,dup_group_01592,PNEUMONIA
train_2301.png,1,dup_group_01593,PNEUMONIA
train_2302.png,1,dup_group_01594,PNEUMONIA
train_2303.png,1,dup_group_01042,PNEUMONIA
train_2305.png,1,dup_group_01322,PNEUMONIA
train_2306.png,1,dup_group_00439,PNEUMONIA
train_2308.png,1,dup_group_01595,PNEUMONIA
train_2310.png,1,dup_group_01596,PNEUMONIA
train_2311.png,1,dup_group_00989,PNEUMONIA
train_2312.png,1,dup_group_01597,PNEUMONIA
train_2313.png,1,dup_group_01598,PNEUMONIA
train_2314.png,1,dup_group_01599,PNEUMONIA
train_2315.png,1,dup_group_01600,PNEUMONIA
train_2316.png,1,dup_group_01601,PNEUMONIA
train_2318.png,1,dup_group_01302,PNEUMONIA
train_2321.png,1,dup_group_01602,PNEUMONIA
train_2322.png,1,dup_group_01526,PNEUMONIA
train_2323.png,1,dup_group_01603,PNEUMONIA
train_2324.png,1,dup_group_01604,PNEUMONIA
train_2325.png,1,dup_group_01605,PNEUMONIA
train_2327.png,1,dup_group_01606,PNEUMONIA
train_2328.png,1,dup_group_01607,PNEUMONIA
train_2329.png,1,dup_group_01608,PNEUMONIA
train_2331.png,1,dup_group_01609,PNEUMONIA
train_2332.png,1,dup_group_01610,PNEUMONIA
train_2333.png,1,dup_group_01611,PNEUMONIA
train_2336.png,1,dup_group_01612,PNEUMONIA
train_2337.png,1,dup_group_01367,PNEUMONIA
train_2338.png,1,dup_group_01613,PNEUMONIA
train_2339.png,1,dup_group_01445,PNEUMONIA
train_2340.png,1,dup_group_01614,PNEUMONIA
train_2342.png,1,dup_group_01615,PNEUMONIA
train_2343.png,1,dup_group_00070,PNEUMONIA
train_2344.png,1,dup_group_01578,PNEUMONIA
train_2345.png,1,dup_group_01616,PNEUMONIA
train_2346.png,1,dup_group_01617,PNEUMONIA
train_2347.png,1,dup_group_01618,PNEUMONIA
train_2348.png,1,dup_group_01619,PNEUMONIA
train_2349.png,1,dup_group_00044,PNEUMONIA
train_2350.png,1,dup_group_01288,PNEUMONIA
train_2351.png,1,dup_group_01620,PNEUMONIA
train_2352.png,1,dup_group_00969,PNEUMONIA
train_2353.png,1,dup_group_01621,PNEUMONIA
train_2354.png,1,dup_group_01622,PNEUMONIA
train_2355.png,1,dup_group_01623,PNEUMONIA
train_2356.png,1,dup_group_01418,PNEUMONIA
train_2357.png,1,dup_group_01624,PNEUMONIA
train_2358.png,1,dup_group_01625,PNEUMONIA
train_2359.png,1,dup_group_01626,PNEUMONIA
train_2360.png,1,dup_group_01627,PNEUMONIA
train_2362.png,1,dup_group_00226,PNEUMONIA
train_2363.png,1,dup_group_01420,PNEUMONIA
train_2364.png,1,dup_group_01071,PNEUMONIA
train_2365.png,1,dup_group_00578,PNEUMONIA
train_2367.png,1,dup_group_01628,PNEUMONIA
train_2368.png,1,dup_group_01042,PNEUMONIA
train_2369.png,1,dup_group_01498,PNEUMONIA
train_2370.png,1,dup_group_01629,PNEUMONIA
train_2371.png,1,dup_group_01630,PNEUMONIA
train_2372.png,1,dup_group_01631,PNEUMONIA
train_2374.png,1,dup_group_01633,PNEUMONIA
train_2375.png,1,dup_group_01634,PNEUMONIA
train_2378.png,1,dup_group_01070,PNEUMONIA
train_2379.png,1,dup_group_01637,PNEUMONIA
train_2380.png,1,dup_group_01638,PNEUMONIA
train_2381.png,1,dup_group_01639,PNEUMONIA
train_2382.png,1,dup_group_01640,PNEUMONIA
train_2384.png,1,dup_group_01641,PNEUMONIA
train_2386.png,1,dup_group_01642,PNEUMONIA
train_2387.png,1,dup_group_01643,PNEUMONIA
train_2388.png,1,dup_group_01644,PNEUMONIA
train_2389.png,1,dup_group_01645,PNEUMONIA
train_2390.png,1,dup_group_01646,PNEUMONIA
train_2391.png,1,dup_group_01647,PNEUMONIA
train_2392.png,1,dup_group_01648,PNEUMONIA
train_2393.png,1,dup_group_01649,PNEUMONIA
train_2394.png,1,dup_group_01650,PNEUMONIA
train_2395.png,1,dup_group_01651,PNEUMONIA
train_2396.png,1,dup_group_01322,PNEUMONIA
train_2397.png,1,dup_group_01652,PNEUMONIA
train_2398.png,1,dup_group_01572,PNEUMONIA
train_2399.png,1,dup_group_01137,PNEUMONIA
train_2400.png,1,dup_group_00070,PNEUMONIA
train_2402.png,1,dup_group_00158,PNEUMONIA
train_2403.png,1,dup_group_00003,PNEUMONIA
train_2404.png,1,dup_group_01653,PNEUMONIA
train_2405.png,1,dup_group_01654,PNEUMONIA
train_2406.png,1,dup_group_00700,PNEUMONIA
train_2407.png,1,dup_group_01137,PNEUMONIA
train_2408.png,1,dup_group_01655,PNEUMONIA
train_2411.png,1,dup_group_01656,PNEUMONIA
train_2413.png,1,dup_group_01057,PNEUMONIA
train_2414.png,1,dup_group_01279,PNEUMONIA
train_2416.png,1,dup_group_00372,PNEUMONIA
train_2417.png,1,dup_group_01657,PNEUMONIA
train_2418.png,1,dup_group_01658,PNEUMONIA
train_2419.png,1,dup_group_00707,PNEUMONIA
train_2420.png,1,dup_group_01659,PNEUMONIA
train_2421.png,1,dup_group_01660,PNEUMONIA
train_2422.png,1,dup_group_01660,PNEUMONIA
train_2424.png,1,dup_group_01661,PNEUMONIA
train_2425.png,1,dup_group_01662,PNEUMONIA
train_2427.png,1,dup_group_01057,PNEUMONIA
train_2428.png,1,dup_group_00985,PNEUMONIA
train_2429.png,1,dup_group_01663,PNEUMONIA
train_2432.png,1,dup_group_01665,PNEUMONIA
train_2433.png,1,dup_group_01666,PNEUMONIA
train_2435.png,1,dup_group_01667,PNEUMONIA
train_2438.png,1,dup_group_01668,PNEUMONIA
train_2439.png,1,dup_group_01669,PNEUMONIA
train_2440.png,1,dup_group_01670,PNEUMONIA
train_2441.png,1,dup_group_01671,PNEUMONIA
train_2442.png,1,dup_group_01421,PNEUMONIA
train_2443.png,1,dup_group_01672,PNEUMONIA
train_2444.png,1,dup_group_01673,PNEUMONIA
train_2445.png,1,dup_group_00517,PNEUMONIA
train_2446.png,1,dup_group_01674,PNEUMONIA
train_2447.png,1,dup_group_01675,PNEUMONIA
train_2448.png,1,dup_group_01676,PNEUMONIA
train_2449.png,1,dup_group_01677,PNEUMONIA
train_2450.png,1,dup_group_01189,PNEUMONIA
train_2451.png,1,dup_group_01678,PNEUMONIA
train_2453.png,1,dup_group_01680,PNEUMONIA
train_2454.png,1,dup_group_01681,PNEUMONIA
train_2455.png,1,dup_group_01682,PNEUMONIA
train_2456.png,1,dup_group_01683,PNEUMONIA
train_2457.png,1,dup_group_01684,PNEUMONIA
train_2458.png,1,dup_group_01685,PNEUMONIA
train_2459.png,1,dup_group_00330,PNEUMONIA
train_2460.png,1,dup_group_01686,PNEUMONIA
train_2461.png,1,dup_group_01375,PNEUMONIA
train_2462.png,1,dup_group_01398,PNEUMONIA
train_2463.png,1,dup_group_01687,PNEUMONIA
train_2464.png,1,dup_group_00003,PNEUMONIA
train_2465.png,1,dup_group_01688,PNEUMONIA
train_2466.png,1,dup_group_01689,PNEUMONIA
train_2467.png,1,dup_group_01690,PNEUMONIA
train_2469.png,1,dup_group_01691,PNEUMONIA
train_2470.png,1,dup_group_01692,PNEUMONIA
train_2471.png,1,dup_group_01693,PNEUMONIA
train_2472.png,1,dup_group_01014,PNEUMONIA
train_2476.png,1,dup_group_00302,PNEUMONIA
train_2478.png,1,dup_group_01695,PNEUMONIA
train_2479.png,1,dup_group_01696,PNEUMONIA
train_2480.png,1,dup_group_01697,PNEUMONIA
train_2481.png,1,dup_group_01698,PNEUMONIA
train_2482.png,1,dup_group_01699,PNEUMONIA
train_2483.png,1,dup_group_01700,PNEUMONIA
train_2485.png,1,dup_group_01701,PNEUMONIA
train_2486.png,1,dup_group_01702,PNEUMONIA
train_2488.png,1,dup_group_01703,PNEUMONIA
train_2489.png,1,dup_group_01704,PNEUMONIA
train_2490.png,1,dup_group_01705,PNEUMONIA
train_2492.png,1,dup_group_01707,PNEUMONIA
train_2493.png,1,dup_group_01708,PNEUMONIA
train_2494.png,1,dup_group_01709,PNEUMONIA
train_2500.png,1,dup_group_01710,PNEUMONIA
train_2502.png,1,dup_group_01711,PNEUMONIA
train_2506.png,1,dup_group_01712,PNEUMONIA
train_2507.png,1,dup_group_01713,PNEUMONIA
train_2508.png,1,dup_group_01714,PNEUMONIA
train_2509.png,1,dup_group_01370,PNEUMONIA
train_2511.png,1,dup_group_01715,PNEUMONIA
train_2513.png,1,dup_group_01716,PNEUMONIA
train_2514.png,1,dup_group_01717,PNEUMONIA
train_2515.png,1,dup_group_01718,PNEUMONIA
train_2516.png,1,dup_group_01719,PNEUMONIA
train_2517.png,1,dup_group_01720,PNEUMONIA
train_2521.png,1,dup_group_01721,PNEUMONIA
train_2522.png,1,dup_group_00700,PNEUMONIA
train_2523.png,1,dup_group_01722,PNEUMONIA
train_2524.png,1,dup_group_01723,PNEUMONIA
train_2526.png,1,dup_group_01090,PNEUMONIA
train_2527.png,1,dup_group_01724,PNEUMONIA
train_2528.png,1,dup_group_01725,PNEUMONIA
train_2529.png,1,dup_group_01726,PNEUMONIA
train_2530.png,1,dup_group_01727,PNEUMONIA
train_2531.png,1,dup_group_01728,PNEUMONIA
train_2532.png,1,dup_group_01729,PNEUMONIA
train_2533.png,1,dup_group_01322,PNEUMONIA
train_2534.png,1,dup_group_00445,PNEUMONIA
train_2535.png,1,dup_group_00158,PNEUMONIA
train_2536.png,1,dup_group_01375,PNEUMONIA
train_2538.png,1,dup_group_01730,PNEUMONIA
train_2539.png,1,dup_group_00915,PNEUMONIA
train_2540.png,1,dup_group_01127,PNEUMONIA
train_2541.png,1,dup_group_01248,PNEUMONIA
train_2543.png,1,dup_group_01731,PNEUMONIA
train_2544.png,1,dup_group_01732,PNEUMONIA
train_2546.png,1,dup_group_00111,PNEUMONIA
train_2547.png,1,dup_group_01475,PNEUMONIA
train_2548.png,1,dup_group_01733,PNEUMONIA
train_2549.png,1,dup_group_01734,PNEUMONIA
train_2550.png,1,dup_group_01498,PNEUMONIA
train_2551.png,1,dup_group_01057,PNEUMONIA
train_2553.png,1,dup_group_01735,PNEUMONIA
train_2554.png,1,dup_group_01736,PNEUMONIA
train_2555.png,1,dup_group_01737,PNEUMONIA
train_2556.png,1,dup_group_01738,PNEUMONIA
train_2557.png,1,dup_group_00004,PNEUMONIA
train_2558.png,1,dup_group_01739,PNEUMONIA
train_2559.png,1,dup_group_01740,PNEUMONIA
train_2560.png,1,dup_group_01741,PNEUMONIA
train_2561.png,1,dup_group_01012,PNEUMONIA
train_2562.png,1,dup_group_00022,PNEUMONIA
train_2564.png,1,dup_group_01742,PNEUMONIA
train_2567.png,1,dup_group_01743,PNEUMONIA
train_2568.png,1,dup_group_01744,PNEUMONIA
train_2571.png,1,dup_group_01745,PNEUMONIA
train_2572.png,1,dup_group_01367,PNEUMONIA
train_2573.png,1,dup_group_01746,PNEUMONIA
train_2574.png,1,dup_group_01747,PNEUMONIA
train_2575.png,1,dup_group_01748,PNEUMONIA
train_2576.png,1,dup_group_00454,PNEUMONIA
train_2577.png,1,dup_group_01749,PNEUMONIA
train_2581.png,1,dup_group_01750,PNEUMONIA
train_2582.png,1,dup_group_01751,PNEUMONIA
train_2583.png,1,dup_group_01752,PNEUMONIA
train_2584.png,1,dup_group_01753,PNEUMONIA
train_2585.png,1,dup_group_01754,PNEUMONIA
train_2587.png,1,dup_group_01755,PNEUMONIA
train_2588.png,1,dup_group_01756,PNEUMONIA
train_2592.png,1,dup_group_01498,PNEUMONIA
train_2593.png,1,dup_group_01757,PNEUMONIA
train_2594.png,1,dup_group_01758,PNEUMONIA
train_2595.png,1,dup_group_01322,PNEUMONIA
train_2597.png,1,dup_group_01759,PNEUMONIA
train_2598.png,1,dup_group_01760,PNEUMONIA
train_2599.png,1,dup_group_01761,PNEUMONIA
train_2600.png,1,dup_group_01762,PNEUMONIA
train_2601.png,1,dup_group_01763,PNEUMONIA
train_2602.png,1,dup_group_01764,PNEUMONIA
train_2603.png,1,dup_group_01765,PNEUMONIA
train_2604.png,1,dup_group_01766,PNEUMONIA
train_2605.png,1,dup_group_02119,PNEUMONIA
train_2606.png,1,dup_group_01767,PNEUMONIA
train_2607.png,1,dup_group_01768,PNEUMONIA
train_2608.png,1,dup_group_01769,PNEUMONIA
train_2609.png,1,dup_group_01770,PNEUMONIA
train_2610.png,1,dup_group_01771,PNEUMONIA
train_2611.png,1,dup_group_01772,PNEUMONIA
train_2612.png,1,dup_group_01773,PNEUMONIA
train_2613.png,1,dup_group_01774,PNEUMONIA
train_2614.png,1,dup_group_01775,PNEUMONIA
train_2615.png,1,dup_group_01776,PNEUMONIA
train_2616.png,1,dup_group_01777,PNEUMONIA
train_2618.png,1,dup_group_01778,PNEUMONIA
train_2619.png,1,dup_group_00293,PNEUMONIA
train_2620.png,1,dup_group_01779,PNEUMONIA
train_2622.png,1,dup_group_01780,PNEUMONIA
train_2623.png,1,dup_group_01781,PNEUMONIA
train_2625.png,1,dup_group_01782,PNEUMONIA
train_2626.png,1,dup_group_01783,PNEUMONIA
train_2627.png,1,dup_group_01784,PNEUMONIA
train_2628.png,1,dup_group_01785,PNEUMONIA
train_2629.png,1,dup_group_01786,PNEUMONIA
train_2630.png,1,dup_group_01787,PNEUMONIA
train_2631.png,1,dup_group_01788,PNEUMONIA
train_2632.png,1,dup_group_01243,PNEUMONIA
train_2633.png,1,dup_group_01789,PNEUMONIA
train_2634.png,1,dup_group_01790,PNEUMONIA
train_2635.png,1,dup_group_01398,PNEUMONIA
train_2636.png,1,dup_group_01791,PNEUMONIA
train_2637.png,1,dup_group_01792,PNEUMONIA
train_2639.png,1,dup_group_01793,PNEUMONIA
train_2640.png,1,dup_group_01794,PNEUMONIA
train_2641.png,1,dup_group_01795,PNEUMONIA
train_2642.png,1,dup_group_01796,PNEUMONIA
train_2643.png,1,dup_group_01797,PNEUMONIA
train_2646.png,1,dup_group_01798,PNEUMONIA
train_2647.png,1,dup_group_01799,PNEUMONIA
train_2648.png,1,dup_group_01800,PNEUMONIA
train_2649.png,1,dup_group_01801,PNEUMONIA
train_2650.png,1,dup_group_01802,PNEUMONIA
train_2651.png,1,dup_group_01493,PNEUMONIA
train_2652.png,1,dup_group_01803,PNEUMONIA
train_2653.png,1,dup_group_01804,PNEUMONIA
train_2654.png,1,dup_group_01092,PNEUMONIA
train_2656.png,1,dup_group_01805,PNEUMONIA
train_2657.png,1,dup_group_01806,PNEUMONIA
train_2658.png,1,dup_group_01586,PNEUMONIA
train_2659.png,1,dup_group_01807,PNEUMONIA
train_2660.png,1,dup_group_01684,PNEUMONIA
train_2661.png,1,dup_group_00985,PNEUMONIA
train_2662.png,1,dup_group_01485,PNEUMONIA
train_2663.png,1,dup_group_01322,PNEUMONIA
train_2664.png,1,dup_group_01808,PNEUMONIA
train_2665.png,1,dup_group_01809,PNEUMONIA
train_2666.png,1,dup_group_01618,PNEUMONIA
train_2667.png,1,dup_group_01204,PNEUMONIA
train_2668.png,1,dup_group_01810,PNEUMONIA
train_2669.png,1,dup_group_01150,PNEUMONIA
train_2671.png,1,dup_group_01812,PNEUMONIA
train_2673.png,1,dup_group_00164,PNEUMONIA
train_2674.png,1,dup_group_01813,PNEUMONIA
train_2675.png,1,dup_group_01439,PNEUMONIA
train_2676.png,1,dup_group_01683,PNEUMONIA
train_2677.png,1,dup_group_01814,PNEUMONIA
train_2678.png,1,dup_group_01815,PNEUMONIA
train_2679.png,1,dup_group_00302,PNEUMONIA
train_2681.png,1,dup_group_01816,PNEUMONIA
train_2682.png,1,dup_group_01168,PNEUMONIA
train_2683.png,1,dup_group_01817,PNEUMONIA
train_2684.png,1,dup_group_01818,PNEUMONIA
train_2685.png,1,dup_group_00985,PNEUMONIA
train_2686.png,1,dup_group_01819,PNEUMONIA
train_2687.png,1,dup_group_01820,PNEUMONIA
train_2688.png,1,dup_group_01821,PNEUMONIA
train_2689.png,1,dup_group_01822,PNEUMONIA
train_2691.png,1,dup_group_01823,PNEUMONIA
train_2692.png,1,dup_group_01824,PNEUMONIA
train_2693.png,1,dup_group_01824,PNEUMONIA
train_2694.png,1,dup_group_01825,PNEUMONIA
train_2695.png,1,dup_group_01826,PNEUMONIA
train_2696.png,1,dup_group_01827,PNEUMONIA
train_2697.png,1,dup_group_01828,PNEUMONIA
train_2700.png,1,dup_group_01829,PNEUMONIA
train_2702.png,1,dup_group_01830,PNEUMONIA
train_2703.png,1,dup_group_01152,PNEUMONIA
train_2704.png,1,dup_group_01831,PNEUMONIA
train_2705.png,1,dup_group_01832,PNEUMONIA
train_2706.png,1,dup_group_01833,PNEUMONIA
train_2708.png,1,dup_group_01834,PNEUMONIA
train_2709.png,1,dup_group_01835,PNEUMONIA
train_2710.png,1,dup_group_01836,PNEUMONIA
train_2711.png,1,dup_group_01837,PNEUMONIA
train_2712.png,1,dup_group_01838,PNEUMONIA
train_2713.png,1,dup_group_01839,PNEUMONIA
train_2714.png,1,dup_group_01840,PNEUMONIA
train_2715.png,1,dup_group_01021,PNEUMONIA
train_2716.png,1,dup_group_01841,PNEUMONIA
train_2718.png,1,dup_group_01212,PNEUMONIA
train_2719.png,1,dup_group_01842,PNEUMONIA
train_2721.png,1,dup_group_01178,PNEUMONIA
train_2723.png,1,dup_group_01843,PNEUMONIA
train_2724.png,1,dup_group_00517,PNEUMONIA
train_2726.png,1,dup_group_01844,PNEUMONIA
train_2727.png,1,dup_group_01845,PNEUMONIA
train_2728.png,1,dup_group_01846,PNEUMONIA
train_2729.png,1,dup_group_01847,PNEUMONIA
train_2732.png,1,dup_group_01848,PNEUMONIA
train_2733.png,1,dup_group_01849,PNEUMONIA
train_2734.png,1,dup_group_01850,PNEUMONIA
train_2735.png,1,dup_group_01851,PNEUMONIA
train_2737.png,1,dup_group_01097,PNEUMONIA
train_2738.png,1,dup_group_01852,PNEUMONIA
train_2739.png,1,dup_group_01853,PNEUMONIA
train_2742.png,1,dup_group_01854,PNEUMONIA
train_2743.png,1,dup_group_01855,PNEUMONIA
train_2744.png,1,dup_group_01204,PNEUMONIA
train_2745.png,1,dup_group_00993,PNEUMONIA
train_2746.png,1,dup_group_01856,PNEUMONIA
train_2747.png,1,dup_group_01857,PNEUMONIA
train_2749.png,1,dup_group_00239,PNEUMONIA
train_2750.png,1,dup_group_01858,PNEUMONIA
train_2751.png,1,dup_group_01859,PNEUMONIA
train_2752.png,1,dup_group_01860,PNEUMONIA
train_2753.png,1,dup_group_01861,PNEUMONIA
train_2754.png,1,dup_group_01862,PNEUMONIA
train_2755.png,1,dup_group_01648,PNEUMONIA
train_2756.png,1,dup_group_00182,PNEUMONIA
train_2757.png,1,dup_group_02047,PNEUMONIA
train_2758.png,1,dup_group_01863,PNEUMONIA
train_2759.png,1,dup_group_00993,PNEUMONIA
train_2760.png,1,dup_group_01137,PNEUMONIA
train_2761.png,1,dup_group_01864,PNEUMONIA
train_2762.png,1,dup_group_01865,PNEUMONIA
train_2763.png,1,dup_group_01866,PNEUMONIA
train_2764.png,1,dup_group_01137,PNEUMONIA
train_2765.png,1,dup_group_01867,PNEUMONIA
train_2766.png,1,dup_group_01868,PNEUMONIA
train_2768.png,1,dup_group_01092,PNEUMONIA
train_2770.png,1,dup_group_00968,PNEUMONIA
train_2771.png,1,dup_group_01869,PNEUMONIA
train_2772.png,1,dup_group_01870,PNEUMONIA
train_2773.png,1,dup_group_01687,PNEUMONIA
train_2774.png,1,dup_group_01871,PNEUMONIA
train_2775.png,1,dup_group_01357,PNEUMONIA
train_2776.png,1,dup_group_01872,PNEUMONIA
train_2777.png,1,dup_group_01873,PNEUMONIA
train_2778.png,1,dup_group_01874,PNEUMONIA
train_2779.png,1,dup_group_01875,PNEUMONIA
train_2780.png,1,dup_group_01876,PNEUMONIA
train_2782.png,1,dup_group_01877,PNEUMONIA
train_2783.png,1,dup_group_01878,PNEUMONIA
train_2787.png,1,dup_group_01879,PNEUMONIA
train_2788.png,1,dup_group_01880,PNEUMONIA
train_2789.png,1,dup_group_01881,PNEUMONIA
train_2790.png,1,dup_group_01882,PNEUMONIA
train_2792.png,1,dup_group_01883,PNEUMONIA
train_2793.png,1,dup_group_01129,PNEUMONIA
train_2794.png,1,dup_group_01884,PNEUMONIA
train_2795.png,1,dup_group_01617,PNEUMONIA
train_2797.png,1,dup_group_01886,PNEUMONIA
train_2798.png,1,dup_group_01887,PNEUMONIA
train_2799.png,1,dup_group_01888,PNEUMONIA
train_2800.png,1,dup_group_01889,PNEUMONIA
train_2801.png,1,dup_group_01890,PNEUMONIA
train_2803.png,1,dup_group_01891,PNEUMONIA
train_2804.png,1,dup_group_01892,PNEUMONIA
train_2805.png,1,dup_group_01344,PNEUMONIA
train_2806.png,1,dup_group_01893,PNEUMONIA
train_2807.png,1,dup_group_01894,PNEUMONIA
train_2808.png,1,dup_group_00993,PNEUMONIA
train_2810.png,1,dup_group_01895,PNEUMONIA
train_2812.png,1,dup_group_01897,PNEUMONIA
train_2813.png,1,dup_group_01898,PNEUMONIA
train_2814.png,1,dup_group_01899,PNEUMONIA
train_2816.png,1,dup_group_01900,PNEUMONIA
train_2817.png,1,dup_group_01901,PNEUMONIA
train_2818.png,1,dup_group_01902,PNEUMONIA
train_2819.png,1,dup_group_01699,PNEUMONIA
train_2820.png,1,dup_group_00993,PNEUMONIA
train_2822.png,1,dup_group_01903,PNEUMONIA
train_2823.png,1,dup_group_01904,PNEUMONIA
train_2824.png,1,dup_group_01905,PNEUMONIA
train_2825.png,1,dup_group_01906,PNEUMONIA
train_2827.png,1,dup_group_01375,PNEUMONIA
train_2828.png,1,dup_group_01908,PNEUMONIA
train_2829.png,1,dup_group_00849,PNEUMONIA
train_2830.png,1,dup_group_01909,PNEUMONIA
train_2831.png,1,dup_group_01829,PNEUMONIA
train_2834.png,1,dup_group_01910,PNEUMONIA
train_2835.png,1,dup_group_01911,PNEUMONIA
train_2837.png,1,dup_group_01912,PNEUMONIA
train_2838.png,1,dup_group_01913,PNEUMONIA
train_2839.png,1,dup_group_01914,PNEUMONIA
train_2840.png,1,dup_group_01915,PNEUMONIA
train_2841.png,1,dup_group_01916,PNEUMONIA
train_2842.png,1,dup_group_01917,PNEUMONIA
train_2843.png,1,dup_group_01918,PNEUMONIA
train_2844.png,1,dup_group_01919,PNEUMONIA
train_2845.png,1,dup_group_01344,PNEUMONIA
train_2846.png,1,dup_group_01420,PNEUMONIA
train_2847.png,1,dup_group_01405,PNEUMONIA
train_2848.png,1,dup_group_00111,PNEUMONIA
train_2849.png,1,dup_group_00971,PNEUMONIA
train_2850.png,1,dup_group_01453,PNEUMONIA
train_2852.png,1,dup_group_01920,PNEUMONIA
train_2853.png,1,dup_group_01921,PNEUMONIA
train_2855.png,1,dup_group_01922,PNEUMONIA
train_2856.png,1,dup_group_01472,PNEUMONIA
train_2857.png,1,dup_group_01057,PNEUMONIA
train_2858.png,1,dup_group_01923,PNEUMONIA
train_2860.png,1,dup_group_01322,PNEUMONIA
train_2861.png,1,dup_group_01925,PNEUMONIA
train_2863.png,1,dup_group_01367,PNEUMONIA
train_2864.png,1,dup_group_01926,PNEUMONIA
train_2866.png,1,dup_group_00003,PNEUMONIA
train_2867.png,1,dup_group_01927,PNEUMONIA
train_2868.png,1,dup_group_01042,PNEUMONIA
train_2869.png,1,dup_group_01928,PNEUMONIA
train_2870.png,1,dup_group_01204,PNEUMONIA
train_2871.png,1,dup_group_01929,PNEUMONIA
train_2872.png,1,dup_group_01930,PNEUMONIA
train_2873.png,1,dup_group_01109,PNEUMONIA
train_2874.png,1,dup_group_00968,PNEUMONIA
train_2875.png,1,dup_group_01578,PNEUMONIA
train_2876.png,1,dup_group_01931,PNEUMONIA
train_2877.png,1,dup_group_01932,PNEUMONIA
train_2879.png,1,dup_group_01654,PNEUMONIA
train_2880.png,1,dup_group_01933,PNEUMONIA
train_2881.png,1,dup_group_01934,PNEUMONIA
train_2882.png,1,dup_group_01935,PNEUMONIA
train_2883.png,1,dup_group_01936,PNEUMONIA
train_2885.png,1,dup_group_01937,PNEUMONIA
train_2886.png,1,dup_group_01207,PNEUMONIA
train_2887.png,1,dup_group_01938,PNEUMONIA
train_2888.png,1,dup_group_01939,PNEUMONIA
train_2889.png,1,dup_group_00158,PNEUMONIA
train_2892.png,1,dup_group_02003,PNEUMONIA
train_2893.png,1,dup_group_01699,PNEUMONIA
train_2895.png,1,dup_group_01137,PNEUMONIA
train_2896.png,1,dup_group_01940,PNEUMONIA
train_2897.png,1,dup_group_01941,PNEUMONIA
train_2898.png,1,dup_group_01942,PNEUMONIA
train_2899.png,1,dup_group_01943,PNEUMONIA
train_2900.png,1,dup_group_01944,PNEUMONIA
train_2902.png,1,dup_group_01945,PNEUMONIA
train_2903.png,1,dup_group_01946,PNEUMONIA
train_2904.png,1,dup_group_01947,PNEUMONIA
train_2905.png,1,dup_group_01948,PNEUMONIA
train_2910.png,1,dup_group_01949,PNEUMONIA
train_2911.png,1,dup_group_01950,PNEUMONIA
train_2912.png,1,dup_group_00968,PNEUMONIA
train_2914.png,1,dup_group_01951,PNEUMONIA
train_2915.png,1,dup_group_01952,PNEUMONIA
train_2916.png,1,dup_group_01953,PNEUMONIA
train_2919.png,1,dup_group_01954,PNEUMONIA
train_2921.png,1,dup_group_01367,PNEUMONIA
train_2922.png,1,dup_group_01955,PNEUMONIA
train_2923.png,1,dup_group_01057,PNEUMONIA
train_2924.png,1,dup_group_01158,PNEUMONIA
train_2925.png,1,dup_group_01370,PNEUMONIA
train_2930.png,1,dup_group_01137,PNEUMONIA
train_2931.png,1,dup_group_01281,PNEUMONIA
train_2933.png,1,dup_group_01211,PNEUMONIA
train_2934.png,1,dup_group_01957,PNEUMONIA
train_2937.png,1,dup_group_01481,PNEUMONIA
train_2938.png,1,dup_group_01958,PNEUMONIA
train_2939.png,1,dup_group_01803,PNEUMONIA
train_2940.png,1,dup_group_00993,PNEUMONIA
train_2941.png,1,dup_group_01959,PNEUMONIA
train_2942.png,1,dup_group_01960,PNEUMONIA
train_2945.png,1,dup_group_01961,PNEUMONIA
train_2946.png,1,dup_group_01962,PNEUMONIA
train_2947.png,1,dup_group_01963,PNEUMONIA
train_2949.png,1,dup_group_01964,PNEUMONIA
train_2950.png,1,dup_group_01965,PNEUMONIA
train_2951.png,1,dup_group_01322,PNEUMONIA
train_2952.png,1,dup_group_00330,PNEUMONIA
train_2953.png,1,dup_group_01966,PNEUMONIA
train_2954.png,1,dup_group_01967,PNEUMONIA
train_2955.png,1,dup_group_00978,PNEUMONIA
train_2956.png,1,dup_group_01968,PNEUMONIA
train_2957.png,1,dup_group_01578,PNEUMONIA
train_2958.png,1,dup_group_01969,PNEUMONIA
train_2960.png,1,dup_group_01970,PNEUMONIA
train_2961.png,1,dup_group_01971,PNEUMONIA
train_2962.png,1,dup_group_01972,PNEUMONIA
train_2963.png,1,dup_group_01973,PNEUMONIA
train_2964.png,1,dup_group_01974,PNEUMONIA
train_2965.png,1,dup_group_01485,PNEUMONIA
train_2966.png,1,dup_group_01207,PNEUMONIA
train_2967.png,1,dup_group_01322,PNEUMONIA
train_2968.png,1,dup_group_01975,PNEUMONIA
train_2969.png,1,dup_group_01976,PNEUMONIA
train_2970.png,1,dup_group_01977,PNEUMONIA
train_2971.png,1,dup_group_01978,PNEUMONIA
train_2972.png,1,dup_group_01979,PNEUMONIA
train_2974.png,1,dup_group_01322,PNEUMONIA
train_2975.png,1,dup_group_01980,PNEUMONIA
train_2976.png,1,dup_group_01981,PNEUMONIA
train_2977.png,1,dup_group_01982,PNEUMONIA
train_2978.png,1,dup_group_01983,PNEUMONIA
train_2979.png,1,dup_group_01984,PNEUMONIA
train_2980.png,1,dup_group_01089,PNEUMONIA
train_2981.png,1,dup_group_01387,PNEUMONIA
train_2982.png,1,dup_group_01322,PNEUMONIA
train_2983.png,1,dup_group_01387,PNEUMONIA
train_2984.png,1,dup_group_01985,PNEUMONIA
train_2985.png,1,dup_group_01211,PNEUMONIA
train_2986.png,1,dup_group_01986,PNEUMONIA
train_2987.png,1,dup_group_01421,PNEUMONIA
train_2988.png,1,dup_group_01375,PNEUMONIA
train_2989.png,1,dup_group_01322,PNEUMONIA
train_2990.png,1,dup_group_01987,PNEUMONIA
train_2991.png,1,dup_group_01253,PNEUMONIA
train_2992.png,1,dup_group_01988,PNEUMONIA
train_2993.png,1,dup_group_01989,PNEUMONIA
train_2995.png,1,dup_group_01990,PNEUMONIA
train_2996.png,1,dup_group_01991,PNEUMONIA
train_2997.png,1,dup_group_01992,PNEUMONIA
train_2998.png,1,dup_group_01993,PNEUMONIA
train_2999.png,1,dup_group_01994,PNEUMONIA
train_3001.png,1,dup_group_01995,PNEUMONIA
train_3002.png,1,dup_group_00069,PNEUMONIA
train_3003.png,1,dup_group_01996,PNEUMONIA
train_3004.png,1,dup_group_01997,PNEUMONIA
train_3006.png,1,dup_group_01998,PNEUMONIA
train_3007.png,1,dup_group_00439,PNEUMONIA
train_3010.png,1,dup_group_01445,PNEUMONIA
train_3011.png,1,dup_group_00094,PNEUMONIA
train_3012.png,1,dup_group_01999,PNEUMONIA
train_3013.png,1,dup_group_02000,PNEUMONIA
train_3016.png,1,dup_group_01177,PNEUMONIA
train_3017.png,1,dup_group_02001,PNEUMONIA
train_3019.png,1,dup_group_02002,PNEUMONIA
train_3020.png,1,dup_group_02003,PNEUMONIA
train_3021.png,1,dup_group_02004,PNEUMONIA
train_3022.png,1,dup_group_02005,PNEUMONIA
train_3023.png,1,dup_group_01281,PNEUMONIA
train_3025.png,1,dup_group_02006,PNEUMONIA
train_3026.png,1,dup_group_02007,PNEUMONIA
train_3027.png,1,dup_group_02008,PNEUMONIA
train_3028.png,1,dup_group_02009,PNEUMONIA
train_3029.png,1,dup_group_02010,PNEUMONIA
train_3030.png,1,dup_group_02011,PNEUMONIA
train_3031.png,1,dup_group_02012,PNEUMONIA
train_3032.png,1,dup_group_01803,PNEUMONIA
train_3033.png,1,dup_group_02013,PNEUMONIA
train_3035.png,1,dup_group_02014,PNEUMONIA
train_3037.png,1,dup_group_00547,PNEUMONIA
train_3038.png,1,dup_group_00989,PNEUMONIA
train_3039.png,1,dup_group_02015,PNEUMONIA
train_3040.png,1,dup_group_02016,PNEUMONIA
train_3041.png,1,dup_group_02017,PNEUMONIA
train_3042.png,1,dup_group_02018,PNEUMONIA
train_3043.png,1,dup_group_02018,PNEUMONIA
train_3044.png,1,dup_group_02019,PNEUMONIA
train_3045.png,1,dup_group_02020,PNEUMONIA
train_3046.png,1,dup_group_02021,PNEUMONIA
train_3047.png,1,dup_group_02022,PNEUMONIA
train_3048.png,1,dup_group_02023,PNEUMONIA
train_3049.png,1,dup_group_02024,PNEUMONIA
train_3050.png,1,dup_group_00272,PNEUMONIA
train_3052.png,1,dup_group_00547,PNEUMONIA
train_3053.png,1,dup_group_02025,PNEUMONIA
train_3054.png,1,dup_group_02026,PNEUMONIA
train_3055.png,1,dup_group_02027,PNEUMONIA
train_3056.png,1,dup_group_02028,PNEUMONIA
train_3057.png,1,dup_group_01059,PNEUMONIA
train_3058.png,1,dup_group_02029,PNEUMONIA
train_3059.png,1,dup_group_02030,PNEUMONIA
train_3060.png,1,dup_group_02031,PNEUMONIA
train_3061.png,1,dup_group_01163,PNEUMONIA
train_3062.png,1,dup_group_02032,PNEUMONIA
train_3063.png,1,dup_group_02033,PNEUMONIA
train_3064.png,1,dup_group_02034,PNEUMONIA
train_3065.png,1,dup_group_00377,PNEUMONIA
train_3066.png,1,dup_group_02035,PNEUMONIA
train_3069.png,1,dup_group_02036,PNEUMONIA
train_3071.png,1,dup_group_02037,PNEUMONIA
train_3072.png,1,dup_group_02038,PNEUMONIA
train_3073.png,1,dup_group_02039,PNEUMONIA
train_3074.png,1,dup_group_02040,PNEUMONIA
train_3075.png,1,dup_group_02041,PNEUMONIA
train_3076.png,1,dup_group_02042,PNEUMONIA
train_3079.png,1,dup_group_02043,PNEUMONIA
train_3080.png,1,dup_group_02044,PNEUMONIA
train_3081.png,1,dup_group_02045,PNEUMONIA
train_3083.png,1,dup_group_02046,PNEUMONIA
train_3086.png,1,dup_group_02047,PNEUMONIA
train_3087.png,1,dup_group_02047,PNEUMONIA
train_3088.png,1,dup_group_02048,PNEUMONIA
train_3089.png,1,dup_group_01177,PNEUMONIA
train_3090.png,1,dup_group_02049,PNEUMONIA
train_3091.png,1,dup_group_02050,PNEUMONIA
train_3092.png,1,dup_group_02878,PNEUMONIA
train_3093.png,1,dup_group_01321,PNEUMONIA
train_3096.png,1,dup_group_01578,PNEUMONIA
train_3098.png,1,dup_group_01462,PNEUMONIA
train_3099.png,1,dup_group_02051,PNEUMONIA
train_3100.png,1,dup_group_00253,PNEUMONIA
train_3101.png,1,dup_group_02052,PNEUMONIA
train_3103.png,1,dup_group_01860,PNEUMONIA
train_3104.png,1,dup_group_02053,PNEUMONIA
train_3105.png,1,dup_group_02054,PNEUMONIA
train_3106.png,1,dup_group_02055,PNEUMONIA
train_3107.png,1,dup_group_02056,PNEUMONIA
train_3108.png,1,dup_group_02057,PNEUMONIA
train_3109.png,1,dup_group_02058,PNEUMONIA
train_3113.png,1,dup_group_01511,PNEUMONIA
train_3114.png,1,dup_group_02059,PNEUMONIA
train_3116.png,1,dup_group_00302,PNEUMONIA
train_3118.png,1,dup_group_02060,PNEUMONIA
train_3119.png,1,dup_group_00330,PNEUMONIA
train_3121.png,1,dup_group_02061,PNEUMONIA
train_3122.png,1,dup_group_01755,PNEUMONIA
train_3123.png,1,dup_group_01277,PNEUMONIA
train_3124.png,1,dup_group_02062,PNEUMONIA
train_3126.png,1,dup_group_02064,PNEUMONIA
train_3127.png,1,dup_group_02065,PNEUMONIA
train_3128.png,1,dup_group_02066,PNEUMONIA
train_3129.png,1,dup_group_02067,PNEUMONIA
train_3130.png,1,dup_group_02068,PNEUMONIA
train_3131.png,1,dup_group_02069,PNEUMONIA
train_3132.png,1,dup_group_02070,PNEUMONIA
train_3134.png,1,dup_group_01864,PNEUMONIA
train_3135.png,1,dup_group_01405,PNEUMONIA
train_3136.png,1,dup_group_01699,PNEUMONIA
train_3139.png,1,dup_group_02071,PNEUMONIA
train_3140.png,1,dup_group_02072,PNEUMONIA
train_3141.png,1,dup_group_02073,PNEUMONIA
train_3142.png,1,dup_group_02074,PNEUMONIA
train_3143.png,1,dup_group_02075,PNEUMONIA
train_3144.png,1,dup_group_02076,PNEUMONIA
train_3147.png,1,dup_group_02077,PNEUMONIA
train_3148.png,1,dup_group_02078,PNEUMONIA
train_3150.png,1,dup_group_02079,PNEUMONIA
train_3152.png,1,dup_group_02080,PNEUMONIA
train_3153.png,1,dup_group_02081,PNEUMONIA
train_3154.png,1,dup_group_02082,PNEUMONIA
train_3155.png,1,dup_group_01357,PNEUMONIA
train_3156.png,1,dup_group_02083,PNEUMONIA
train_3157.png,1,dup_group_02084,PNEUMONIA
train_3158.png,1,dup_group_02085,PNEUMONIA
train_3159.png,1,dup_group_02086,PNEUMONIA
train_3160.png,1,dup_group_02087,PNEUMONIA
train_3161.png,1,dup_group_01445,PNEUMONIA
train_3162.png,1,dup_group_02088,PNEUMONIA
train_3164.png,1,dup_group_02090,PNEUMONIA
train_3165.png,1,dup_group_01302,PNEUMONIA
train_3167.png,1,dup_group_01272,PNEUMONIA
train_3168.png,1,dup_group_02091,PNEUMONIA
train_3169.png,1,dup_group_02092,PNEUMONIA
train_3170.png,1,dup_group_00989,PNEUMONIA
train_3171.png,1,dup_group_02093,PNEUMONIA
train_3172.png,1,dup_group_02094,PNEUMONIA
train_3173.png,1,dup_group_02095,PNEUMONIA
train_3175.png,1,dup_group_00993,PNEUMONIA
train_3176.png,1,dup_group_00993,PNEUMONIA
train_3177.png,1,dup_group_02096,PNEUMONIA
train_3178.png,1,dup_group_02097,PNEUMONIA
train_3180.png,1,dup_group_00158,PNEUMONIA
train_3181.png,1,dup_group_00070,PNEUMONIA
train_3183.png,1,dup_group_02098,PNEUMONIA
train_3184.png,1,dup_group_02099,PNEUMONIA
train_3185.png,1,dup_group_02100,PNEUMONIA
train_3186.png,1,dup_group_02101,PNEUMONIA
train_3187.png,1,dup_group_01367,PNEUMONIA
train_3188.png,1,dup_group_00993,PNEUMONIA
train_3189.png,1,dup_group_02102,PNEUMONIA
train_3190.png,1,dup_group_02103,PNEUMONIA
train_3191.png,1,dup_group_02104,PNEUMONIA
train_3192.png,1,dup_group_00221,PNEUMONIA
train_3193.png,1,dup_group_01097,PNEUMONIA
train_3194.png,1,dup_group_01322,PNEUMONIA
train_3195.png,1,dup_group_02105,PNEUMONIA
train_3196.png,1,dup_group_02106,PNEUMONIA
train_3197.png,1,dup_group_01498,PNEUMONIA
train_3198.png,1,dup_group_02107,PNEUMONIA
train_3199.png,1,dup_group_02108,PNEUMONIA
train_3200.png,1,dup_group_02109,PNEUMONIA
train_3201.png,1,dup_group_01420,PNEUMONIA
train_3202.png,1,dup_group_02110,PNEUMONIA
train_3204.png,1,dup_group_02111,PNEUMONIA
train_3205.png,1,dup_group_02112,PNEUMONIA
train_3206.png,1,dup_group_02113,PNEUMONIA
train_3207.png,1,dup_group_02114,PNEUMONIA
train_3208.png,1,dup_group_02878,PNEUMONIA
train_3209.png,1,dup_group_02115,PNEUMONIA
train_3210.png,1,dup_group_02116,PNEUMONIA
train_3212.png,1,dup_group_01130,PNEUMONIA
train_3213.png,1,dup_group_01687,PNEUMONIA
train_3214.png,1,dup_group_01671,PNEUMONIA
train_3215.png,1,dup_group_02117,PNEUMONIA
train_3216.png,1,dup_group_02118,PNEUMONIA
train_3217.png,1,dup_group_02119,PNEUMONIA
train_3218.png,1,dup_group_01963,PNEUMONIA
train_3219.png,1,dup_group_02120,PNEUMONIA
train_3220.png,1,dup_group_02121,PNEUMONIA
train_3221.png,1,dup_group_02122,PNEUMONIA
train_3222.png,1,dup_group_01212,PNEUMONIA
train_3223.png,1,dup_group_02123,PNEUMONIA
train_3224.png,1,dup_group_01420,PNEUMONIA
train_3225.png,1,dup_group_02124,PNEUMONIA
train_3226.png,1,dup_group_01375,PNEUMONIA
train_3227.png,1,dup_group_02125,PNEUMONIA
train_3228.png,1,dup_group_02126,PNEUMONIA
train_3229.png,1,dup_group_01498,PNEUMONIA
train_3230.png,1,dup_group_02127,PNEUMONIA
train_3231.png,1,dup_group_02128,PNEUMONIA
train_3233.png,1,dup_group_02129,PNEUMONIA
train_3234.png,1,dup_group_02130,PNEUMONIA
train_3235.png,1,dup_group_01960,PNEUMONIA
train_3237.png,1,dup_group_02131,PNEUMONIA
train_3238.png,1,dup_group_02132,PNEUMONIA
train_3239.png,1,dup_group_02133,PNEUMONIA
train_3241.png,1,dup_group_02134,PNEUMONIA
train_3242.png,1,dup_group_02135,PNEUMONIA
train_3244.png,1,dup_group_02136,PNEUMONIA
train_3245.png,1,dup_group_02137,PNEUMONIA
train_3246.png,1,dup_group_02138,PNEUMONIA
train_3248.png,1,dup_group_02139,PNEUMONIA
train_3249.png,1,dup_group_02140,PNEUMONIA
train_3250.png,1,dup_group_02141,PNEUMONIA
train_3252.png,1,dup_group_02142,PNEUMONIA
train_3253.png,1,dup_group_00029,PNEUMONIA
train_3254.png,1,dup_group_02143,PNEUMONIA
train_3255.png,1,dup_group_02144,PNEUMONIA
train_3256.png,1,dup_group_02145,PNEUMONIA
train_3257.png,1,dup_group_02146,PNEUMONIA
train_3258.png,1,dup_group_02147,PNEUMONIA
train_3259.png,1,dup_group_02148,PNEUMONIA
train_3260.png,1,dup_group_02149,PNEUMONIA
train_3261.png,1,dup_group_02150,PNEUMONIA
train_3262.png,1,dup_group_02151,PNEUMONIA
train_3263.png,1,dup_group_02152,PNEUMONIA
train_3264.png,1,dup_group_02153,PNEUMONIA
train_3265.png,1,dup_group_01889,PNEUMONIA
train_3266.png,1,dup_group_01322,PNEUMONIA
train_3267.png,1,dup_group_02154,PNEUMONIA
train_3269.png,1,dup_group_02155,PNEUMONIA
train_3271.png,1,dup_group_02153,PNEUMONIA
train_3273.png,1,dup_group_02156,PNEUMONIA
train_3274.png,1,dup_group_02157,PNEUMONIA
train_3275.png,1,dup_group_00700,PNEUMONIA
train_3276.png,1,dup_group_02158,PNEUMONIA
train_3277.png,1,dup_group_02159,PNEUMONIA
train_3278.png,1,dup_group_02160,PNEUMONIA
train_3280.png,1,dup_group_02161,PNEUMONIA
train_3281.png,1,dup_group_01086,PNEUMONIA
train_3282.png,1,dup_group_01042,PNEUMONIA
train_3285.png,1,dup_group_02162,PNEUMONIA
train_3286.png,1,dup_group_02163,PNEUMONIA
train_3287.png,1,dup_group_02164,PNEUMONIA
train_3288.png,1,dup_group_02165,PNEUMONIA
train_3289.png,1,dup_group_01598,PNEUMONIA
train_3290.png,1,dup_group_02166,PNEUMONIA
train_3291.png,1,dup_group_02167,PNEUMONIA
train_3292.png,1,dup_group_02168,PNEUMONIA
train_3293.png,1,dup_group_02169,PNEUMONIA
train_3294.png,1,dup_group_02170,PNEUMONIA
train_3296.png,1,dup_group_02171,PNEUMONIA
train_3297.png,1,dup_group_02172,PNEUMONIA
train_3298.png,1,dup_group_02173,PNEUMONIA
train_3300.png,1,dup_group_02174,PNEUMONIA
train_3301.png,1,dup_group_02175,PNEUMONIA
train_3302.png,1,dup_group_01322,PNEUMONIA
train_3303.png,1,dup_group_00786,PNEUMONIA
train_3304.png,1,dup_group_02176,PNEUMONIA
train_3305.png,1,dup_group_02177,PNEUMONIA
train_3306.png,1,dup_group_02178,PNEUMONIA
train_3307.png,1,dup_group_02179,PNEUMONIA
train_3308.png,1,dup_group_00069,PNEUMONIA
train_3309.png,1,dup_group_01462,PNEUMONIA
train_3311.png,1,dup_group_02180,PNEUMONIA
train_3312.png,1,dup_group_01312,PNEUMONIA
train_3313.png,1,dup_group_02181,PNEUMONIA
train_3314.png,1,dup_group_02182,PNEUMONIA
train_3315.png,1,dup_group_01420,PNEUMONIA
train_3316.png,1,dup_group_02119,PNEUMONIA
train_3317.png,1,dup_group_02183,PNEUMONIA
train_3318.png,1,dup_group_02184,PNEUMONIA
train_3319.png,1,dup_group_02185,PNEUMONIA
train_3320.png,1,dup_group_02186,PNEUMONIA
train_3321.png,1,dup_group_01211,PNEUMONIA
train_3322.png,1,dup_group_01137,PNEUMONIA
train_3323.png,1,dup_group_02187,PNEUMONIA
train_3324.png,1,dup_group_01301,PNEUMONIA
train_3325.png,1,dup_group_02188,PNEUMONIA
train_3326.png,1,dup_group_01176,PNEUMONIA
train_3327.png,1,dup_group_01275,PNEUMONIA
train_3328.png,1,dup_group_02189,PNEUMONIA
train_3329.png,1,dup_group_02190,PNEUMONIA
train_3330.png,1,dup_group_02191,PNEUMONIA
train_3331.png,1,dup_group_01367,PNEUMONIA
train_3332.png,1,dup_group_02192,PNEUMONIA
train_3333.png,1,dup_group_01419,PNEUMONIA
train_3334.png,1,dup_group_00993,PNEUMONIA
train_3335.png,1,dup_group_01322,PNEUMONIA
train_3336.png,1,dup_group_01683,PNEUMONIA
train_3337.png,1,dup_group_02193,PNEUMONIA
train_3339.png,1,dup_group_00970,PNEUMONIA
train_3340.png,1,dup_group_01997,PNEUMONIA
train_3342.png,1,dup_group_02194,PNEUMONIA
train_3345.png,1,dup_group_02195,PNEUMONIA
train_3347.png,1,dup_group_02196,PNEUMONIA
train_3348.png,1,dup_group_02197,PNEUMONIA
train_3350.png,1,dup_group_02199,PNEUMONIA
train_3352.png,1,dup_group_02200,PNEUMONIA
train_3353.png,1,dup_group_02201,PNEUMONIA
train_3354.png,1,dup_group_02202,PNEUMONIA
train_3355.png,1,dup_group_01420,PNEUMONIA
train_3356.png,1,dup_group_01097,PNEUMONIA
train_3357.png,1,dup_group_01677,PNEUMONIA
train_3358.png,1,dup_group_02203,PNEUMONIA
train_3359.png,1,dup_group_01683,PNEUMONIA
train_3360.png,1,dup_group_01388,PNEUMONIA
train_3361.png,1,dup_group_02204,PNEUMONIA
train_3362.png,1,dup_group_02205,PNEUMONIA
train_3363.png,1,dup_group_02206,PNEUMONIA
train_3364.png,1,dup_group_01841,PNEUMONIA
train_3365.png,1,dup_group_01370,PNEUMONIA
train_3366.png,1,dup_group_02207,PNEUMONIA
train_3367.png,1,dup_group_01498,PNEUMONIA
train_3368.png,1,dup_group_01207,PNEUMONIA
train_3369.png,1,dup_group_02208,PNEUMONIA
train_3371.png,1,dup_group_02209,PNEUMONIA
train_3372.png,1,dup_group_02210,PNEUMONIA
train_3373.png,1,dup_group_02211,PNEUMONIA
train_3374.png,1,dup_group_02159,PNEUMONIA
train_3375.png,1,dup_group_02212,PNEUMONIA
train_3376.png,1,dup_group_02213,PNEUMONIA
train_3377.png,1,dup_group_02214,PNEUMONIA
train_3378.png,1,dup_group_00138,PNEUMONIA
train_3380.png,1,dup_group_02215,PNEUMONIA
train_3381.png,1,dup_group_02216,PNEUMONIA
train_3382.png,1,dup_group_00968,PNEUMONIA
train_3383.png,1,dup_group_02217,PNEUMONIA
train_3384.png,1,dup_group_02218,PNEUMONIA
train_3385.png,1,dup_group_01434,PNEUMONIA
train_3386.png,1,dup_group_02219,PNEUMONIA
train_3390.png,1,dup_group_02220,PNEUMONIA
train_3391.png,1,dup_group_02221,PNEUMONIA
train_3392.png,1,dup_group_01275,PNEUMONIA
train_3393.png,1,dup_group_02222,PNEUMONIA
train_3394.png,1,dup_group_02223,PNEUMONIA
train_3395.png,1,dup_group_02224,PNEUMONIA
train_3397.png,1,dup_group_02225,PNEUMONIA
train_3398.png,1,dup_group_02226,PNEUMONIA
train_3399.png,1,dup_group_01034,PNEUMONIA
train_3400.png,1,dup_group_01322,PNEUMONIA
train_3401.png,1,dup_group_02227,PNEUMONIA
train_3402.png,1,dup_group_02228,PNEUMONIA
train_3404.png,1,dup_group_01420,PNEUMONIA
train_3405.png,1,dup_group_02229,PNEUMONIA
train_3406.png,1,dup_group_02230,PNEUMONIA
train_3407.png,1,dup_group_02231,PNEUMONIA
train_3408.png,1,dup_group_02232,PNEUMONIA
train_3409.png,1,dup_group_02233,PNEUMONIA
train_3410.png,1,dup_group_02234,PNEUMONIA
train_3411.png,1,dup_group_02235,PNEUMONIA
train_3412.png,1,dup_group_02236,PNEUMONIA
train_3413.png,1,dup_group_01829,PNEUMONIA
train_3414.png,1,dup_group_02237,PNEUMONIA
train_3415.png,1,dup_group_02238,PNEUMONIA
train_3416.png,1,dup_group_02239,PNEUMONIA
train_3417.png,1,dup_group_02240,PNEUMONIA
train_3418.png,1,dup_group_00968,PNEUMONIA
train_3419.png,1,dup_group_02241,PNEUMONIA
train_3420.png,1,dup_group_02242,PNEUMONIA
train_3421.png,1,dup_group_02243,PNEUMONIA
train_3422.png,1,dup_group_02244,PNEUMONIA
train_3423.png,1,dup_group_01781,PNEUMONIA
train_3424.png,1,dup_group_00993,PNEUMONIA
train_3425.png,1,dup_group_02245,PNEUMONIA
train_3426.png,1,dup_group_01997,PNEUMONIA
train_3427.png,1,dup_group_02246,PNEUMONIA
train_3428.png,1,dup_group_00100,PNEUMONIA
train_3429.png,1,dup_group_01357,PNEUMONIA
train_3430.png,1,dup_group_02247,PNEUMONIA
train_3431.png,1,dup_group_01687,PNEUMONIA
train_3433.png,1,dup_group_02248,PNEUMONIA
train_3434.png,1,dup_group_02249,PNEUMONIA
train_3435.png,1,dup_group_02250,PNEUMONIA
train_3436.png,1,dup_group_02251,PNEUMONIA
train_3437.png,1,dup_group_00330,PNEUMONIA
train_3438.png,1,dup_group_01192,PNEUMONIA
train_3439.png,1,dup_group_01889,PNEUMONIA
train_3440.png,1,dup_group_02252,PNEUMONIA
train_3441.png,1,dup_group_02253,PNEUMONIA
train_3442.png,1,dup_group_01344,PNEUMONIA
train_3443.png,1,dup_group_02254,PNEUMONIA
train_3445.png,1,dup_group_02255,PNEUMONIA
train_3449.png,1,dup_group_02257,PNEUMONIA
train_3450.png,1,dup_group_02258,PNEUMONIA
train_3451.png,1,dup_group_02259,PNEUMONIA
train_3453.png,1,dup_group_00093,PNEUMONIA
train_3454.png,1,dup_group_02260,PNEUMONIA
train_3457.png,1,dup_group_02160,PNEUMONIA
train_3458.png,1,dup_group_02261,PNEUMONIA
train_3459.png,1,dup_group_02262,PNEUMONIA
train_3460.png,1,dup_group_02263,PNEUMONIA
train_3461.png,1,dup_group_02264,PNEUMONIA
train_3462.png,1,dup_group_02265,PNEUMONIA
train_3463.png,1,dup_group_02266,PNEUMONIA
train_3464.png,1,dup_group_01687,PNEUMONIA
train_3466.png,1,dup_group_02267,PNEUMONIA
train_3467.png,1,dup_group_02268,PNEUMONIA
train_3469.png,1,dup_group_02269,PNEUMONIA
train_3470.png,1,dup_group_01122,PNEUMONIA
train_3471.png,1,dup_group_02270,PNEUMONIA
train_3472.png,1,dup_group_02271,PNEUMONIA
train_3473.png,1,dup_group_01752,PNEUMONIA
train_3474.png,1,dup_group_02272,PNEUMONIA
train_3475.png,1,dup_group_02273,PNEUMONIA
train_3476.png,1,dup_group_02274,PNEUMONIA
train_3477.png,1,dup_group_02275,PNEUMONIA
train_3478.png,1,dup_group_00330,PNEUMONIA
train_3479.png,1,dup_group_02276,PNEUMONIA
train_3480.png,1,dup_group_02277,PNEUMONIA
train_3481.png,1,dup_group_02278,PNEUMONIA
train_3482.png,1,dup_group_02279,PNEUMONIA
train_3483.png,1,dup_group_02280,PNEUMONIA
train_3484.png,1,dup_group_00993,PNEUMONIA
train_3485.png,1,dup_group_02281,PNEUMONIA
train_3486.png,1,dup_group_01070,PNEUMONIA
train_3488.png,1,dup_group_01237,PNEUMONIA
train_3489.png,1,dup_group_01137,PNEUMONIA
train_3490.png,1,dup_group_01890,PNEUMONIA
train_3492.png,1,dup_group_00003,PNEUMONIA
train_3493.png,1,dup_group_02282,PNEUMONIA
train_3494.png,1,dup_group_02283,PNEUMONIA
train_3495.png,1,dup_group_02284,PNEUMONIA
train_3496.png,1,dup_group_02285,PNEUMONIA
train_3497.png,1,dup_group_00416,PNEUMONIA
train_3498.png,1,dup_group_02286,PNEUMONIA
train_3499.png,1,dup_group_02287,PNEUMONIA
train_3500.png,1,dup_group_02288,PNEUMONIA
train_3501.png,1,dup_group_02289,PNEUMONIA
train_3502.png,1,dup_group_02290,PNEUMONIA
train_3503.png,1,dup_group_02291,PNEUMONIA
train_3504.png,1,dup_group_02292,PNEUMONIA
train_3505.png,1,dup_group_02293,PNEUMONIA
train_3506.png,1,dup_group_01899,PNEUMONIA
train_3507.png,1,dup_group_02294,PNEUMONIA
train_3508.png,1,dup_group_02295,PNEUMONIA
train_3509.png,1,dup_group_02296,PNEUMONIA
train_3510.png,1,dup_group_02297,PNEUMONIA
train_3511.png,1,dup_group_01096,PNEUMONIA
train_3512.png,1,dup_group_00111,PNEUMONIA
train_3513.png,1,dup_group_01279,PNEUMONIA
train_3514.png,1,dup_group_02298,PNEUMONIA
train_3515.png,1,dup_group_02299,PNEUMONIA
train_3516.png,1,dup_group_02300,PNEUMONIA
train_3517.png,1,dup_group_02301,PNEUMONIA
train_3519.png,1,dup_group_02303,PNEUMONIA
train_3520.png,1,dup_group_02304,PNEUMONIA
train_3522.png,1,dup_group_02305,PNEUMONIA
train_3523.png,1,dup_group_02290,PNEUMONIA
train_3524.png,1,dup_group_01101,PNEUMONIA
train_3525.png,1,dup_group_02306,PNEUMONIA
train_3526.png,1,dup_group_01034,PNEUMONIA
train_3527.png,1,dup_group_02307,PNEUMONIA
train_3528.png,1,dup_group_01086,PNEUMONIA
train_3531.png,1,dup_group_01177,PNEUMONIA
train_3532.png,1,dup_group_01319,PNEUMONIA
train_3533.png,1,dup_group_02308,PNEUMONIA
train_3534.png,1,dup_group_01118,PNEUMONIA
train_3535.png,1,dup_group_01038,PNEUMONIA
train_3536.png,1,dup_group_00037,PNEUMONIA
train_3537.png,1,dup_group_02309,PNEUMONIA
train_3538.png,1,dup_group_02310,PNEUMONIA
train_3539.png,1,dup_group_02311,PNEUMONIA
train_3540.png,1,dup_group_00003,PNEUMONIA
train_3541.png,1,dup_group_01272,PNEUMONIA
train_3543.png,1,dup_group_02312,PNEUMONIA
train_3544.png,1,dup_group_02313,PNEUMONIA
train_3545.png,1,dup_group_02314,PNEUMONIA
train_3547.png,1,dup_group_02315,PNEUMONIA
train_3548.png,1,dup_group_02316,PNEUMONIA
train_3549.png,1,dup_group_02317,PNEUMONIA
train_3550.png,1,dup_group_01466,PNEUMONIA
train_3551.png,1,dup_group_01362,PNEUMONIA
train_3552.png,1,dup_group_02318,PNEUMONIA
train_3553.png,1,dup_group_02878,PNEUMONIA
train_3554.png,1,dup_group_02319,PNEUMONIA
train_3556.png,1,dup_group_01375,PNEUMONIA
train_3557.png,1,dup_group_02320,PNEUMONIA
train_3560.png,1,dup_group_02321,PNEUMONIA
train_3561.png,1,dup_group_02322,PNEUMONIA
train_3562.png,1,dup_group_01176,PNEUMONIA
train_3563.png,1,dup_group_02323,PNEUMONIA
train_3564.png,1,dup_group_02324,PNEUMONIA
train_3565.png,1,dup_group_01661,PNEUMONIA
train_3566.png,1,dup_group_02325,PNEUMONIA
train_3567.png,1,dup_group_02326,PNEUMONIA
train_3568.png,1,dup_group_02327,PNEUMONIA
train_3569.png,1,dup_group_01624,PNEUMONIA
train_3570.png,1,dup_group_02328,PNEUMONIA
train_3571.png,1,dup_group_02329,PNEUMONIA
train_3573.png,1,dup_group_02330,PNEUMONIA
train_3574.png,1,dup_group_02331,PNEUMONIA
train_3577.png,1,dup_group_02332,PNEUMONIA
train_3579.png,1,dup_group_00253,PNEUMONIA
train_3580.png,1,dup_group_02333,PNEUMONIA
train_3581.png,1,dup_group_02334,PNEUMONIA
train_3583.png,1,dup_group_01445,PNEUMONIA
train_3584.png,1,dup_group_01322,PNEUMONIA
train_3585.png,1,dup_group_02335,PNEUMONIA
train_3587.png,1,dup_group_02336,PNEUMONIA
train_3588.png,1,dup_group_02337,PNEUMONIA
train_3589.png,1,dup_group_02338,PNEUMONIA
train_3590.png,1,dup_group_02339,PNEUMONIA
train_3591.png,1,dup_group_02340,PNEUMONIA
train_3592.png,1,dup_group_01012,PNEUMONIA
train_3593.png,1,dup_group_01176,PNEUMONIA
train_3594.png,1,dup_group_02341,PNEUMONIA
train_3595.png,1,dup_group_02342,PNEUMONIA
train_3597.png,1,dup_group_02276,PNEUMONIA
train_3598.png,1,dup_group_01675,PNEUMONIA
train_3599.png,1,dup_group_02343,PNEUMONIA
train_3600.png,1,dup_group_02344,PNEUMONIA
train_3601.png,1,dup_group_02345,PNEUMONIA
train_3602.png,1,dup_group_02346,PNEUMONIA
train_3603.png,1,dup_group_02347,PNEUMONIA
train_3604.png,1,dup_group_02348,PNEUMONIA
train_3605.png,1,dup_group_02349,PNEUMONIA
train_3607.png,1,dup_group_02350,PNEUMONIA
train_3609.png,1,dup_group_01648,PNEUMONIA
train_3610.png,1,dup_group_01057,PNEUMONIA
train_3611.png,1,dup_group_02351,PNEUMONIA
train_3613.png,1,dup_group_02352,PNEUMONIA
train_3614.png,1,dup_group_01972,PNEUMONIA
train_3615.png,1,dup_group_01661,PNEUMONIA
train_3616.png,1,dup_group_02353,PNEUMONIA
train_3618.png,1,dup_group_01344,PNEUMONIA
train_3619.png,1,dup_group_02354,PNEUMONIA
train_3621.png,1,dup_group_01267,PNEUMONIA
train_3622.png,1,dup_group_02355,PNEUMONIA
train_3624.png,1,dup_group_01315,PNEUMONIA
train_3625.png,1,dup_group_02356,PNEUMONIA
train_3626.png,1,dup_group_02357,PNEUMONIA
train_3627.png,1,dup_group_02358,PNEUMONIA
train_3628.png,1,dup_group_02359,PNEUMONIA
train_3629.png,1,dup_group_02360,PNEUMONIA
train_3631.png,1,dup_group_00462,PNEUMONIA
train_3632.png,1,dup_group_02361,PNEUMONIA
train_3633.png,1,dup_group_02362,PNEUMONIA
train_3634.png,1,dup_group_02363,PNEUMONIA
train_3635.png,1,dup_group_02364,PNEUMONIA
train_3636.png,1,dup_group_02365,PNEUMONIA
train_3638.png,1,dup_group_02366,PNEUMONIA
train_3639.png,1,dup_group_00115,PNEUMONIA
train_3640.png,1,dup_group_01070,PNEUMONIA
train_3641.png,1,dup_group_01322,PNEUMONIA
train_3643.png,1,dup_group_02367,PNEUMONIA
train_3644.png,1,dup_group_02368,PNEUMONIA
train_3645.png,1,dup_group_02369,PNEUMONIA
train_3646.png,1,dup_group_02370,PNEUMONIA
train_3648.png,1,dup_group_02371,PNEUMONIA
train_3650.png,1,dup_group_02372,PNEUMONIA
train_3651.png,1,dup_group_01322,PNEUMONIA
train_3652.png,1,dup_group_02329,PNEUMONIA
train_3653.png,1,dup_group_02373,PNEUMONIA
train_3654.png,1,dup_group_02374,PNEUMONIA
train_3655.png,1,dup_group_00158,PNEUMONIA
train_3656.png,1,dup_group_01184,PNEUMONIA
train_3657.png,1,dup_group_02375,PNEUMONIA
train_3658.png,1,dup_group_02376,PNEUMONIA
train_3659.png,1,dup_group_02377,PNEUMONIA
train_3660.png,1,dup_group_01450,PNEUMONIA
train_3661.png,1,dup_group_00915,PNEUMONIA
train_3662.png,1,dup_group_00069,PNEUMONIA
train_3664.png,1,dup_group_00069,PNEUMONIA
train_3665.png,1,dup_group_02055,PNEUMONIA
train_3666.png,1,dup_group_01042,PNEUMONIA
train_3667.png,1,dup_group_01042,PNEUMONIA
train_3668.png,1,dup_group_01687,PNEUMONIA
train_3669.png,1,dup_group_02378,PNEUMONIA
train_3671.png,1,dup_group_02379,PNEUMONIA
train_3672.png,1,dup_group_01177,PNEUMONIA
train_3673.png,1,dup_group_02380,PNEUMONIA
train_3674.png,1,dup_group_02381,PNEUMONIA
train_3675.png,1,dup_group_02382,PNEUMONIA
train_3676.png,1,dup_group_02383,PNEUMONIA
train_3677.png,1,dup_group_01964,PNEUMONIA
train_3679.png,1,dup_group_02384,PNEUMONIA
train_3680.png,1,dup_group_02385,PNEUMONIA
train_3682.png,1,dup_group_01765,PNEUMONIA
train_3683.png,1,dup_group_02386,PNEUMONIA
train_3684.png,1,dup_group_02387,PNEUMONIA
train_3685.png,1,dup_group_02388,PNEUMONIA
train_3686.png,1,dup_group_01322,PNEUMONIA
train_3687.png,1,dup_group_02389,PNEUMONIA
train_3688.png,1,dup_group_02390,PNEUMONIA
train_3689.png,1,dup_group_02391,PNEUMONIA
train_3690.png,1,dup_group_01615,PNEUMONIA
train_3691.png,1,dup_group_02392,PNEUMONIA
train_3692.png,1,dup_group_02393,PNEUMONIA
train_3693.png,1,dup_group_02394,PNEUMONIA
train_3694.png,1,dup_group_02395,PNEUMONIA
train_3695.png,1,dup_group_02396,PNEUMONIA
train_3697.png,1,dup_group_02397,PNEUMONIA
train_3698.png,1,dup_group_02398,PNEUMONIA
train_3699.png,1,dup_group_02399,PNEUMONIA
train_3700.png,1,dup_group_02400,PNEUMONIA
train_3701.png,1,dup_group_02401,PNEUMONIA
train_3702.png,1,dup_group_02402,PNEUMONIA
train_3703.png,1,dup_group_02403,PNEUMONIA
train_3704.png,1,dup_group_02404,PNEUMONIA
train_3705.png,1,dup_group_02405,PNEUMONIA
train_3706.png,1,dup_group_02406,PNEUMONIA
train_3708.png,1,dup_group_02407,PNEUMONIA
train_3709.png,1,dup_group_01838,PNEUMONIA
train_3710.png,1,dup_group_00971,PNEUMONIA
train_3711.png,1,dup_group_01129,PNEUMONIA
train_3712.png,1,dup_group_02408,PNEUMONIA
train_3713.png,1,dup_group_02409,PNEUMONIA
train_3714.png,1,dup_group_02410,PNEUMONIA
train_3716.png,1,dup_group_02411,PNEUMONIA
train_3717.png,1,dup_group_02412,PNEUMONIA
train_3718.png,1,dup_group_02413,PNEUMONIA
train_3719.png,1,dup_group_00968,PNEUMONIA
train_3720.png,1,dup_group_02414,PNEUMONIA
train_3721.png,1,dup_group_01216,PNEUMONIA
train_3722.png,1,dup_group_02415,PNEUMONIA
train_3723.png,1,dup_group_02416,PNEUMONIA
train_3724.png,1,dup_group_02417,PNEUMONIA
train_3725.png,1,dup_group_02418,PNEUMONIA
train_3726.png,1,dup_group_02419,PNEUMONIA
train_3727.png,1,dup_group_02420,PNEUMONIA
train_3728.png,1,dup_group_02421,PNEUMONIA
train_3729.png,1,dup_group_02422,PNEUMONIA
train_3730.png,1,dup_group_02423,PNEUMONIA
train_3731.png,1,dup_group_02424,PNEUMONIA
train_3733.png,1,dup_group_02425,PNEUMONIA
train_3734.png,1,dup_group_02426,PNEUMONIA
train_3735.png,1,dup_group_00700,PNEUMONIA
train_3736.png,1,dup_group_02427,PNEUMONIA
train_3737.png,1,dup_group_02093,PNEUMONIA
train_3738.png,1,dup_group_02428,PNEUMONIA
train_3739.png,1,dup_group_01376,PNEUMONIA
train_3740.png,1,dup_group_02429,PNEUMONIA
train_3741.png,1,dup_group_00993,PNEUMONIA
train_3742.png,1,dup_group_01420,PNEUMONIA
train_3743.png,1,dup_group_02430,PNEUMONIA
train_3744.png,1,dup_group_02431,PNEUMONIA
train_3745.png,1,dup_group_02432,PNEUMONIA
train_3747.png,1,dup_group_02434,PNEUMONIA
train_3748.png,1,dup_group_00003,PNEUMONIA
train_3749.png,1,dup_group_02435,PNEUMONIA
train_3751.png,1,dup_group_02436,PNEUMONIA
train_3752.png,1,dup_group_02437,PNEUMONIA
train_3753.png,1,dup_group_02438,PNEUMONIA
train_3754.png,1,dup_group_02439,PNEUMONIA
train_3755.png,1,dup_group_02440,PNEUMONIA
train_3757.png,1,dup_group_01446,PNEUMONIA
train_3758.png,1,dup_group_02441,PNEUMONIA
train_3759.png,1,dup_group_02442,PNEUMONIA
train_3760.png,1,dup_group_01375,PNEUMONIA
train_3761.png,1,dup_group_01367,PNEUMONIA
train_3762.png,1,dup_group_02443,PNEUMONIA
train_3763.png,1,dup_group_02444,PNEUMONIA
train_3764.png,1,dup_group_00093,PNEUMONIA
train_3765.png,1,dup_group_00069,PNEUMONIA
train_3766.png,1,dup_group_02445,PNEUMONIA
train_3767.png,1,dup_group_02446,PNEUMONIA
train_3769.png,1,dup_group_01261,PNEUMONIA
train_3771.png,1,dup_group_02447,PNEUMONIA
train_3772.png,1,dup_group_01368,PNEUMONIA
train_3773.png,1,dup_group_01322,PNEUMONIA
train_3774.png,1,dup_group_02448,PNEUMONIA
train_3775.png,1,dup_group_00155,PNEUMONIA
train_3776.png,1,dup_group_02449,PNEUMONIA
train_3777.png,1,dup_group_02450,PNEUMONIA
train_3779.png,1,dup_group_02451,PNEUMONIA
train_3780.png,1,dup_group_02452,PNEUMONIA
train_3782.png,1,dup_group_02453,PNEUMONIA
train_3784.png,1,dup_group_02454,PNEUMONIA
train_3786.png,1,dup_group_02338,PNEUMONIA
train_3787.png,1,dup_group_01282,PNEUMONIA
train_3788.png,1,dup_group_02455,PNEUMONIA
train_3791.png,1,dup_group_02457,PNEUMONIA
train_3792.png,1,dup_group_02458,PNEUMONIA
train_3793.png,1,dup_group_01803,PNEUMONIA
train_3794.png,1,dup_group_02344,PNEUMONIA
train_3795.png,1,dup_group_02459,PNEUMONIA
train_3796.png,1,dup_group_02460,PNEUMONIA
train_3798.png,1,dup_group_02461,PNEUMONIA
train_3799.png,1,dup_group_02462,PNEUMONIA
train_3800.png,1,dup_group_02463,PNEUMONIA
train_3801.png,1,dup_group_02464,PNEUMONIA
train_3802.png,1,dup_group_02465,PNEUMONIA
train_3803.png,1,dup_group_02466,PNEUMONIA
train_3804.png,1,dup_group_02467,PNEUMONIA
train_3805.png,1,dup_group_01357,PNEUMONIA
train_3806.png,1,dup_group_02468,PNEUMONIA
train_3807.png,1,dup_group_00985,PNEUMONIA
train_3808.png,1,dup_group_02344,PNEUMONIA
train_3813.png,1,dup_group_02469,PNEUMONIA
train_3814.png,1,dup_group_02470,PNEUMONIA
train_3815.png,1,dup_group_02471,PNEUMONIA
train_3817.png,1,dup_group_01204,PNEUMONIA
train_3818.png,1,dup_group_02472,PNEUMONIA
train_3819.png,1,dup_group_02473,PNEUMONIA
train_3821.png,1,dup_group_02474,PNEUMONIA
train_3822.png,1,dup_group_01024,PNEUMONIA
train_3823.png,1,dup_group_02475,PNEUMONIA
train_3824.png,1,dup_group_01150,PNEUMONIA
train_3825.png,1,dup_group_00700,PNEUMONIA
train_3827.png,1,dup_group_01803,PNEUMONIA
train_3828.png,1,dup_group_02476,PNEUMONIA
train_3829.png,1,dup_group_02477,PNEUMONIA
train_3830.png,1,dup_group_02478,PNEUMONIA
train_3831.png,1,dup_group_02479,PNEUMONIA
train_3832.png,1,dup_group_00993,PNEUMONIA
train_3833.png,1,dup_group_02480,PNEUMONIA
train_3834.png,1,dup_group_02481,PNEUMONIA
train_3835.png,1,dup_group_01590,PNEUMONIA
train_3836.png,1,dup_group_00022,PNEUMONIA
train_3837.png,1,dup_group_02482,PNEUMONIA
train_3838.png,1,dup_group_02483,PNEUMONIA
train_3839.png,1,dup_group_00700,PNEUMONIA
train_3840.png,1,dup_group_02484,PNEUMONIA
train_3841.png,1,dup_group_02485,PNEUMONIA
train_3843.png,1,dup_group_01306,PNEUMONIA
train_3845.png,1,dup_group_01040,PNEUMONIA
train_3846.png,1,dup_group_02487,PNEUMONIA
train_3848.png,1,dup_group_02488,PNEUMONIA
train_3849.png,1,dup_group_02489,PNEUMONIA
train_3850.png,1,dup_group_01097,PNEUMONIA
train_3852.png,1,dup_group_00069,PNEUMONIA
train_3853.png,1,dup_group_02490,PNEUMONIA
train_3855.png,1,dup_group_02491,PNEUMONIA
train_3856.png,1,dup_group_02492,PNEUMONIA
train_3857.png,1,dup_group_01042,PNEUMONIA
train_3858.png,1,dup_group_02493,PNEUMONIA
train_3859.png,1,dup_group_02494,PNEUMONIA
train_3860.png,1,dup_group_02495,PNEUMONIA
train_3861.png,1,dup_group_02496,PNEUMONIA
train_3862.png,1,dup_group_02497,PNEUMONIA
train_3863.png,1,dup_group_01702,PNEUMONIA
train_3864.png,1,dup_group_02498,PNEUMONIA
train_3866.png,1,dup_group_02499,PNEUMONIA
train_3867.png,1,dup_group_02500,PNEUMONIA
train_3868.png,1,dup_group_02501,PNEUMONIA
train_3870.png,1,dup_group_02502,PNEUMONIA
train_3871.png,1,dup_group_02503,PNEUMONIA
train_3872.png,1,dup_group_02504,PNEUMONIA
train_3874.png,1,dup_group_02505,PNEUMONIA
train_3875.png,1,dup_group_02506,PNEUMONIA
train_3876.png,1,dup_group_02507,PNEUMONIA
train_3878.png,1,dup_group_02508,PNEUMONIA
train_3879.png,1,dup_group_02509,PNEUMONIA
train_3880.png,1,dup_group_02510,PNEUMONIA
train_3881.png,1,dup_group_01277,PNEUMONIA
train_3882.png,1,dup_group_02511,PNEUMONIA
train_3883.png,1,dup_group_02512,PNEUMONIA
train_3884.png,1,dup_group_00969,PNEUMONIA
train_3885.png,1,dup_group_02513,PNEUMONIA
train_3886.png,1,dup_group_01959,PNEUMONIA
train_3887.png,1,dup_group_02514,PNEUMONIA
train_3888.png,1,dup_group_01803,PNEUMONIA
train_3889.png,1,dup_group_02515,PNEUMONIA
train_3891.png,1,dup_group_02392,PNEUMONIA
train_3896.png,1,dup_group_02516,PNEUMONIA
train_3897.png,1,dup_group_02517,PNEUMONIA
train_3899.png,1,dup_group_02187,PNEUMONIA
train_3900.png,1,dup_group_02518,PNEUMONIA
train_3901.png,1,dup_group_02519,PNEUMONIA
train_3902.png,1,dup_group_02520,PNEUMONIA
train_3903.png,1,dup_group_02521,PNEUMONIA
train_3904.png,1,dup_group_02522,PNEUMONIA
train_3905.png,1,dup_group_02523,PNEUMONIA
train_3906.png,1,dup_group_02524,PNEUMONIA
train_3908.png,1,dup_group_02526,PNEUMONIA
train_3909.png,1,dup_group_01057,PNEUMONIA
train_3910.png,1,dup_group_01021,PNEUMONIA
train_3911.png,1,dup_group_02527,PNEUMONIA
train_3912.png,1,dup_group_02399,PNEUMONIA
train_3913.png,1,dup_group_02528,PNEUMONIA
train_3914.png,1,dup_group_01129,PNEUMONIA
train_3915.png,1,dup_group_02529,PNEUMONIA
train_3916.png,1,dup_group_01710,PNEUMONIA
train_3917.png,1,dup_group_02530,PNEUMONIA
train_3918.png,1,dup_group_01362,PNEUMONIA
train_3919.png,1,dup_group_02531,PNEUMONIA
train_3920.png,1,dup_group_02532,PNEUMONIA
train_3921.png,1,dup_group_02533,PNEUMONIA
train_3922.png,1,dup_group_02534,PNEUMONIA
train_3923.png,1,dup_group_02535,PNEUMONIA
train_3924.png,1,dup_group_02536,PNEUMONIA
train_3925.png,1,dup_group_02537,PNEUMONIA
train_3926.png,1,dup_group_02538,PNEUMONIA
train_3927.png,1,dup_group_02539,PNEUMONIA
train_3928.png,1,dup_group_02540,PNEUMONIA
train_3929.png,1,dup_group_02541,PNEUMONIA
train_3930.png,1,dup_group_00302,PNEUMONIA
train_3931.png,1,dup_group_01493,PNEUMONIA
train_3932.png,1,dup_group_02542,PNEUMONIA
train_3933.png,1,dup_group_02543,PNEUMONIA
train_3934.png,1,dup_group_02544,PNEUMONIA
train_3935.png,1,dup_group_02545,PNEUMONIA
train_3936.png,1,dup_group_02546,PNEUMONIA
train_3937.png,1,dup_group_02547,PNEUMONIA
train_3938.png,1,dup_group_02548,PNEUMONIA
train_3939.png,1,dup_group_01322,PNEUMONIA
train_3940.png,1,dup_group_02549,PNEUMONIA
train_3942.png,1,dup_group_02550,PNEUMONIA
train_3943.png,1,dup_group_02551,PNEUMONIA
train_3944.png,1,dup_group_02552,PNEUMONIA
train_3945.png,1,dup_group_02553,PNEUMONIA
train_3946.png,1,dup_group_02554,PNEUMONIA
train_3947.png,1,dup_group_01137,PNEUMONIA
train_3948.png,1,dup_group_02555,PNEUMONIA
train_3949.png,1,dup_group_02556,PNEUMONIA
train_3950.png,1,dup_group_01137,PNEUMONIA
train_3951.png,1,dup_group_00003,PNEUMONIA
train_3952.png,1,dup_group_02557,PNEUMONIA
train_3953.png,1,dup_group_02558,PNEUMONIA
train_3954.png,1,dup_group_01683,PNEUMONIA
train_3957.png,1,dup_group_02559,PNEUMONIA
train_3958.png,1,dup_group_02560,PNEUMONIA
train_3960.png,1,dup_group_02561,PNEUMONIA
train_3961.png,1,dup_group_01374,PNEUMONIA
train_3962.png,1,dup_group_02562,PNEUMONIA
train_3964.png,1,dup_group_02563,PNEUMONIA
train_3965.png,1,dup_group_01498,PNEUMONIA
train_3966.png,1,dup_group_02564,PNEUMONIA
train_3967.png,1,dup_group_02565,PNEUMONIA
train_3968.png,1,dup_group_02566,PNEUMONIA
train_3969.png,1,dup_group_02567,PNEUMONIA
train_3971.png,1,dup_group_02568,PNEUMONIA
train_3972.png,1,dup_group_02569,PNEUMONIA
train_3974.png,1,dup_group_00993,PNEUMONIA
train_3975.png,1,dup_group_02571,PNEUMONIA
train_3976.png,1,dup_group_02572,PNEUMONIA
train_3977.png,1,dup_group_02573,PNEUMONIA
train_3980.png,1,dup_group_02574,PNEUMONIA
train_3981.png,1,dup_group_02575,PNEUMONIA
train_3982.png,1,dup_group_02576,PNEUMONIA
train_3983.png,1,dup_group_02577,PNEUMONIA
train_3984.png,1,dup_group_02578,PNEUMONIA
train_3985.png,1,dup_group_02579,PNEUMONIA
train_3986.png,1,dup_group_02580,PNEUMONIA
train_3987.png,1,dup_group_02581,PNEUMONIA
train_3988.png,1,dup_group_02582,PNEUMONIA
train_3989.png,1,dup_group_02583,PNEUMONIA
train_3990.png,1,dup_group_02584,PNEUMONIA
train_3992.png,1,dup_group_02585,PNEUMONIA
train_3994.png,1,dup_group_01301,PNEUMONIA
train_3995.png,1,dup_group_02586,PNEUMONIA
train_3996.png,1,dup_group_00111,PNEUMONIA
train_3997.png,1,dup_group_02587,PNEUMONIA
train_3999.png,1,dup_group_02588,PNEUMONIA
train_4000.png,1,dup_group_02589,PNEUMONIA
train_4002.png,1,dup_group_02590,PNEUMONIA
train_4003.png,1,dup_group_01661,PNEUMONIA
train_4004.png,1,dup_group_01322,PNEUMONIA
train_4005.png,1,dup_group_00985,PNEUMONIA
train_4007.png,1,dup_group_02591,PNEUMONIA
train_4008.png,1,dup_group_01011,PNEUMONIA
train_4009.png,1,dup_group_02498,PNEUMONIA
train_4010.png,1,dup_group_02592,PNEUMONIA
train_4011.png,1,dup_group_02593,PNEUMONIA
train_4012.png,1,dup_group_02594,PNEUMONIA
train_4013.png,1,dup_group_01024,PNEUMONIA
train_4015.png,1,dup_group_00158,PNEUMONIA
train_4017.png,1,dup_group_02595,PNEUMONIA
train_4018.png,1,dup_group_02596,PNEUMONIA
train_4019.png,1,dup_group_02597,PNEUMONIA
train_4020.png,1,dup_group_02598,PNEUMONIA
train_4021.png,1,dup_group_02599,PNEUMONIA
train_4022.png,1,dup_group_02600,PNEUMONIA
train_4024.png,1,dup_group_02601,PNEUMONIA
train_4025.png,1,dup_group_02602,PNEUMONIA
train_4027.png,1,dup_group_02603,PNEUMONIA
train_4028.png,1,dup_group_01322,PNEUMONIA
train_4031.png,1,dup_group_02604,PNEUMONIA
train_4032.png,1,dup_group_01042,PNEUMONIA
train_4033.png,1,dup_group_02605,PNEUMONIA
train_4034.png,1,dup_group_01245,PNEUMONIA
train_4035.png,1,dup_group_01420,PNEUMONIA
train_4037.png,1,dup_group_02606,PNEUMONIA
train_4038.png,1,dup_group_02607,PNEUMONIA
train_4039.png,1,dup_group_00041,PNEUMONIA
train_4040.png,1,dup_group_02509,PNEUMONIA
train_4041.png,1,dup_group_02608,PNEUMONIA
train_4042.png,1,dup_group_00117,PNEUMONIA
train_4044.png,1,dup_group_00978,PNEUMONIA
train_4045.png,1,dup_group_00272,PNEUMONIA
train_4047.png,1,dup_group_02609,PNEUMONIA
train_4048.png,1,dup_group_02610,PNEUMONIA
train_4049.png,1,dup_group_01586,PNEUMONIA
train_4050.png,1,dup_group_00983,PNEUMONIA
train_4052.png,1,dup_group_02611,PNEUMONIA
train_4053.png,1,dup_group_02051,PNEUMONIA
train_4055.png,1,dup_group_01910,PNEUMONIA
train_4059.png,1,dup_group_02612,PNEUMONIA
train_4061.png,1,dup_group_01820,PNEUMONIA
train_4065.png,1,dup_group_02614,PNEUMONIA
train_4066.png,1,dup_group_01089,PNEUMONIA
train_4068.png,1,dup_group_01275,PNEUMONIA
train_4069.png,1,dup_group_02615,PNEUMONIA
train_4070.png,1,dup_group_01042,PNEUMONIA
train_4071.png,1,dup_group_01370,PNEUMONIA
train_4072.png,1,dup_group_02616,PNEUMONIA
train_4073.png,1,dup_group_01129,PNEUMONIA
train_4074.png,1,dup_group_02617,PNEUMONIA
train_4075.png,1,dup_group_00210,PNEUMONIA
train_4076.png,1,dup_group_02618,PNEUMONIA
train_4078.png,1,dup_group_01820,PNEUMONIA
train_4079.png,1,dup_group_02619,PNEUMONIA
train_4080.png,1,dup_group_02620,PNEUMONIA
train_4081.png,1,dup_group_02621,PNEUMONIA
train_4082.png,1,dup_group_00302,PNEUMONIA
train_4084.png,1,dup_group_02622,PNEUMONIA
train_4085.png,1,dup_group_01596,PNEUMONIA
train_4087.png,1,dup_group_01807,PNEUMONIA
train_4088.png,1,dup_group_02623,PNEUMONIA
train_4089.png,1,dup_group_01092,PNEUMONIA
train_4091.png,1,dup_group_02624,PNEUMONIA
train_4092.png,1,dup_group_00700,PNEUMONIA
train_4093.png,1,dup_group_02625,PNEUMONIA
train_4095.png,1,dup_group_02627,PNEUMONIA
train_4096.png,1,dup_group_02628,PNEUMONIA
train_4097.png,1,dup_group_02629,PNEUMONIA
train_4098.png,1,dup_group_02630,PNEUMONIA
train_4099.png,1,dup_group_01204,PNEUMONIA
train_4100.png,1,dup_group_01104,PNEUMONIA
train_4101.png,1,dup_group_02631,PNEUMONIA
train_4102.png,1,dup_group_02632,PNEUMONIA
train_4103.png,1,dup_group_02633,PNEUMONIA
train_4106.png,1,dup_group_02634,PNEUMONIA
train_4107.png,1,dup_group_02635,PNEUMONIA
train_4108.png,1,dup_group_02636,PNEUMONIA
train_4109.png,1,dup_group_02637,PNEUMONIA
train_4110.png,1,dup_group_01267,PNEUMONIA
train_4112.png,1,dup_group_02638,PNEUMONIA
train_4113.png,1,dup_group_02639,PNEUMONIA
train_4114.png,1,dup_group_01207,PNEUMONIA
train_4115.png,1,dup_group_02640,PNEUMONIA
train_4116.png,1,dup_group_02641,PNEUMONIA
train_4118.png,1,dup_group_02642,PNEUMONIA
train_4119.png,1,dup_group_01322,PNEUMONIA
train_4120.png,1,dup_group_02643,PNEUMONIA
train_4121.png,1,dup_group_01578,PNEUMONIA
train_4122.png,1,dup_group_02062,PNEUMONIA
train_4123.png,1,dup_group_01889,PNEUMONIA
train_4124.png,1,dup_group_01357,PNEUMONIA
train_4126.png,1,dup_group_00700,PNEUMONIA
train_4128.png,1,dup_group_02644,PNEUMONIA
train_4129.png,1,dup_group_01778,PNEUMONIA
train_4130.png,1,dup_group_01137,PNEUMONIA
train_4131.png,1,dup_group_00968,PNEUMONIA
train_4133.png,1,dup_group_01493,PNEUMONIA
train_4134.png,1,dup_group_01177,PNEUMONIA
train_4135.png,1,dup_group_02645,PNEUMONIA
train_4136.png,1,dup_group_02646,PNEUMONIA
train_4137.png,1,dup_group_02647,PNEUMONIA
train_4138.png,1,dup_group_02648,PNEUMONIA
train_4139.png,1,dup_group_02649,PNEUMONIA
train_4140.png,1,dup_group_02650,PNEUMONIA
train_4141.png,1,dup_group_02651,PNEUMONIA
train_4142.png,1,dup_group_02652,PNEUMONIA
train_4143.png,1,dup_group_02653,PNEUMONIA
train_4144.png,1,dup_group_01398,PNEUMONIA
train_4148.png,1,dup_group_02654,PNEUMONIA
train_4149.png,1,dup_group_02655,PNEUMONIA
train_4150.png,1,dup_group_00707,PNEUMONIA
train_4151.png,1,dup_group_01129,PNEUMONIA
train_4152.png,1,dup_group_02656,PNEUMONIA
train_4154.png,1,dup_group_01344,PNEUMONIA
train_4155.png,1,dup_group_02657,PNEUMONIA
train_4156.png,1,dup_group_02658,PNEUMONIA
train_4159.png,1,dup_group_02659,PNEUMONIA
train_4161.png,1,dup_group_02660,PNEUMONIA
train_4163.png,1,dup_group_01420,PNEUMONIA
train_4165.png,1,dup_group_02661,PNEUMONIA
train_4166.png,1,dup_group_02662,PNEUMONIA
train_4167.png,1,dup_group_01045,PNEUMONIA
train_4168.png,1,dup_group_02878,PNEUMONIA
train_4169.png,1,dup_group_01332,PNEUMONIA
train_4172.png,1,dup_group_02663,PNEUMONIA
train_4173.png,1,dup_group_01136,PNEUMONIA
train_4174.png,1,dup_group_02664,PNEUMONIA
train_4175.png,1,dup_group_02665,PNEUMONIA
train_4176.png,1,dup_group_02666,PNEUMONIA
train_4177.png,1,dup_group_02667,PNEUMONIA
train_4178.png,1,dup_group_01829,PNEUMONIA
train_4179.png,1,dup_group_02668,PNEUMONIA
train_4180.png,1,dup_group_02669,PNEUMONIA
train_4181.png,1,dup_group_02670,PNEUMONIA
train_4183.png,1,dup_group_02671,PNEUMONIA
train_4184.png,1,dup_group_01803,PNEUMONIA
train_4185.png,1,dup_group_02672,PNEUMONIA
train_4186.png,1,dup_group_01451,PNEUMONIA
train_4187.png,1,dup_group_02673,PNEUMONIA
train_4188.png,1,dup_group_00989,PNEUMONIA
train_4189.png,1,dup_group_02674,PNEUMONIA
train_4190.png,1,dup_group_02675,PNEUMONIA
train_4191.png,1,dup_group_02676,PNEUMONIA
train_4193.png,1,dup_group_00029,PNEUMONIA
train_4195.png,1,dup_group_01042,PNEUMONIA
train_4196.png,1,dup_group_02677,PNEUMONIA
train_4197.png,1,dup_group_02290,PNEUMONIA
train_4198.png,1,dup_group_02247,PNEUMONIA
train_4199.png,1,dup_group_02678,PNEUMONIA
train_4200.png,1,dup_group_02679,PNEUMONIA
train_4201.png,1,dup_group_02680,PNEUMONIA
train_4202.png,1,dup_group_02681,PNEUMONIA
train_4203.png,1,dup_group_00994,PNEUMONIA
train_4204.png,1,dup_group_02682,PNEUMONIA
train_4205.png,1,dup_group_02683,PNEUMONIA
train_4206.png,1,dup_group_02684,PNEUMONIA
train_4207.png,1,dup_group_01398,PNEUMONIA
train_4208.png,1,dup_group_02685,PNEUMONIA
train_4209.png,1,dup_group_01092,PNEUMONIA
train_4210.png,1,dup_group_02686,PNEUMONIA
train_4211.png,1,dup_group_02687,PNEUMONIA
train_4213.png,1,dup_group_02688,PNEUMONIA
train_4214.png,1,dup_group_02689,PNEUMONIA
train_4215.png,1,dup_group_02690,PNEUMONIA
train_4217.png,1,dup_group_02692,PNEUMONIA
train_4219.png,1,dup_group_02693,PNEUMONIA
train_4220.png,1,dup_group_02694,PNEUMONIA
train_4221.png,1,dup_group_01176,PNEUMONIA
train_4222.png,1,dup_group_01368,PNEUMONIA
train_4223.png,1,dup_group_00224,PNEUMONIA
train_4224.png,1,dup_group_01889,PNEUMONIA
train_4225.png,1,dup_group_01931,PNEUMONIA
train_4226.png,1,dup_group_02695,PNEUMONIA
train_4227.png,1,dup_group_01322,PNEUMONIA
train_4228.png,1,dup_group_01405,PNEUMONIA
train_4229.png,1,dup_group_01578,PNEUMONIA
train_4230.png,1,dup_group_02696,PNEUMONIA
train_4231.png,1,dup_group_02697,PNEUMONIA
train_4232.png,1,dup_group_02698,PNEUMONIA
train_4233.png,1,dup_group_01778,PNEUMONIA
train_4234.png,1,dup_group_02699,PNEUMONIA
train_4235.png,1,dup_group_01455,PNEUMONIA
train_4236.png,1,dup_group_02700,PNEUMONIA
train_4237.png,1,dup_group_02701,PNEUMONIA
train_4238.png,1,dup_group_01731,PNEUMONIA
train_4239.png,1,dup_group_02702,PNEUMONIA
train_4240.png,1,dup_group_01819,PNEUMONIA
train_4241.png,1,dup_group_02703,PNEUMONIA
train_4242.png,1,dup_group_01476,PNEUMONIA
train_4244.png,1,dup_group_02705,PNEUMONIA
train_4246.png,1,dup_group_00993,PNEUMONIA
train_4247.png,1,dup_group_02706,PNEUMONIA
train_4248.png,1,dup_group_01420,PNEUMONIA
train_4250.png,1,dup_group_02707,PNEUMONIA
train_4251.png,1,dup_group_02708,PNEUMONIA
train_4252.png,1,dup_group_01322,PNEUMONIA
train_4253.png,1,dup_group_02709,PNEUMONIA
train_4254.png,1,dup_group_02710,PNEUMONIA
train_4255.png,1,dup_group_02711,PNEUMONIA
train_4256.png,1,dup_group_02712,PNEUMONIA
train_4257.png,1,dup_group_02713,PNEUMONIA
train_4258.png,1,dup_group_01596,PNEUMONIA
train_4259.png,1,dup_group_02714,PNEUMONIA
train_4260.png,1,dup_group_01264,PNEUMONIA
train_4261.png,1,dup_group_02715,PNEUMONIA
train_4263.png,1,dup_group_01021,PNEUMONIA
train_4265.png,1,dup_group_01322,PNEUMONIA
train_4267.png,1,dup_group_02716,PNEUMONIA
train_4268.png,1,dup_group_02717,PNEUMONIA
train_4271.png,1,dup_group_00993,PNEUMONIA
train_4272.png,1,dup_group_02718,PNEUMONIA
train_4273.png,1,dup_group_02719,PNEUMONIA
train_4274.png,1,dup_group_02720,PNEUMONIA
train_4275.png,1,dup_group_02721,PNEUMONIA
train_4277.png,1,dup_group_02481,PNEUMONIA
train_4278.png,1,dup_group_01207,PNEUMONIA
train_4279.png,1,dup_group_02722,PNEUMONIA
train_4280.png,1,dup_group_01137,PNEUMONIA
train_4281.png,1,dup_group_02723,PNEUMONIA
train_4282.png,1,dup_group_02724,PNEUMONIA
train_4283.png,1,dup_group_02725,PNEUMONIA
train_4284.png,1,dup_group_01042,PNEUMONIA
train_4285.png,1,dup_group_02726,PNEUMONIA
train_4286.png,1,dup_group_02159,PNEUMONIA
train_4287.png,1,dup_group_00003,PNEUMONIA
train_4288.png,1,dup_group_00394,PNEUMONIA
train_4289.png,1,dup_group_02727,PNEUMONIA
train_4290.png,1,dup_group_01398,PNEUMONIA
train_4291.png,1,dup_group_01130,PNEUMONIA
train_4292.png,1,dup_group_00224,PNEUMONIA
train_4293.png,1,dup_group_02728,PNEUMONIA
train_4295.png,1,dup_group_00224,PNEUMONIA
train_4296.png,1,dup_group_02729,PNEUMONIA
train_4298.png,1,dup_group_02159,PNEUMONIA
train_4299.png,1,dup_group_02730,PNEUMONIA
train_4300.png,1,dup_group_02731,PNEUMONIA
train_4302.png,1,dup_group_01344,PNEUMONIA
train_4303.png,1,dup_group_02732,PNEUMONIA
train_4305.png,1,dup_group_00004,PNEUMONIA
train_4306.png,1,dup_group_01279,PNEUMONIA
train_4307.png,1,dup_group_02733,PNEUMONIA
train_4308.png,1,dup_group_01057,PNEUMONIA
train_4309.png,1,dup_group_02734,PNEUMONIA
train_4310.png,1,dup_group_02735,PNEUMONIA
train_4311.png,1,dup_group_02736,PNEUMONIA
train_4313.png,1,dup_group_00093,PNEUMONIA
train_4314.png,1,dup_group_01453,PNEUMONIA
train_4315.png,1,dup_group_02737,PNEUMONIA
train_4316.png,1,dup_group_02738,PNEUMONIA
train_4317.png,1,dup_group_00968,PNEUMONIA
train_4318.png,1,dup_group_02739,PNEUMONIA
train_4320.png,1,dup_group_02740,PNEUMONIA
train_4322.png,1,dup_group_02741,PNEUMONIA
train_4323.png,1,dup_group_02742,PNEUMONIA
train_4324.png,1,dup_group_02743,PNEUMONIA
train_4325.png,1,dup_group_02621,PNEUMONIA
train_4326.png,1,dup_group_01253,PNEUMONIA
train_4327.png,1,dup_group_01511,PNEUMONIA
train_4329.png,1,dup_group_02744,PNEUMONIA
train_4330.png,1,dup_group_02745,PNEUMONIA
train_4331.png,1,dup_group_01596,PNEUMONIA
train_4332.png,1,dup_group_02746,PNEUMONIA
train_4333.png,1,dup_group_02747,PNEUMONIA
train_4334.png,1,dup_group_00069,PNEUMONIA
train_4336.png,1,dup_group_01334,PNEUMONIA
train_4337.png,1,dup_group_00158,PNEUMONIA
train_4338.png,1,dup_group_02748,PNEUMONIA
train_4339.png,1,dup_group_02749,PNEUMONIA
train_4341.png,1,dup_group_02750,PNEUMONIA
train_4342.png,1,dup_group_01034,PNEUMONIA
train_4343.png,1,dup_group_01207,PNEUMONIA
train_4344.png,1,dup_group_01889,PNEUMONIA
train_4345.png,1,dup_group_02751,PNEUMONIA
train_4348.png,1,dup_group_02752,PNEUMONIA
train_4350.png,1,dup_group_02753,PNEUMONIA
train_4351.png,1,dup_group_02754,PNEUMONIA
train_4352.png,1,dup_group_02399,PNEUMONIA
train_4353.png,1,dup_group_01431,PNEUMONIA
train_4355.png,1,dup_group_00221,PNEUMONIA
train_4356.png,1,dup_group_01451,PNEUMONIA
train_4359.png,1,dup_group_02755,PNEUMONIA
train_4360.png,1,dup_group_02756,PNEUMONIA
train_4361.png,1,dup_group_02757,PNEUMONIA
train_4362.png,1,dup_group_02758,PNEUMONIA
train_4363.png,1,dup_group_02759,PNEUMONIA
train_4364.png,1,dup_group_02760,PNEUMONIA
train_4365.png,1,dup_group_01446,PNEUMONIA
train_4367.png,1,dup_group_02761,PNEUMONIA
train_4369.png,1,dup_group_02762,PNEUMONIA
train_4370.png,1,dup_group_00158,PNEUMONIA
train_4371.png,1,dup_group_02763,PNEUMONIA
train_4373.png,1,dup_group_00993,PNEUMONIA
train_4375.png,1,dup_group_02764,PNEUMONIA
train_4376.png,1,dup_group_02765,PNEUMONIA
train_4377.png,1,dup_group_02303,PNEUMONIA
train_4378.png,1,dup_group_00445,PNEUMONIA
train_4379.png,1,dup_group_02766,PNEUMONIA
train_4380.png,1,dup_group_02767,PNEUMONIA
train_4384.png,1,dup_group_02769,PNEUMONIA
train_4385.png,1,dup_group_01272,PNEUMONIA
train_4387.png,1,dup_group_02770,PNEUMONIA
train_4388.png,1,dup_group_02771,PNEUMONIA
train_4389.png,1,dup_group_02772,PNEUMONIA
train_4390.png,1,dup_group_02773,PNEUMONIA
train_4391.png,1,dup_group_02774,PNEUMONIA
train_4392.png,1,dup_group_02878,PNEUMONIA
train_4393.png,1,dup_group_02775,PNEUMONIA
train_4396.png,1,dup_group_02776,PNEUMONIA
train_4397.png,1,dup_group_02777,PNEUMONIA
train_4398.png,1,dup_group_02778,PNEUMONIA
train_4399.png,1,dup_group_02779,PNEUMONIA
train_4400.png,1,dup_group_02780,PNEUMONIA
train_4401.png,1,dup_group_00069,PNEUMONIA
train_4402.png,1,dup_group_02781,PNEUMONIA
train_4403.png,1,dup_group_01290,PNEUMONIA
train_4404.png,1,dup_group_01997,PNEUMONIA
train_4405.png,1,dup_group_01781,PNEUMONIA
train_4408.png,1,dup_group_02782,PNEUMONIA
train_4409.png,1,dup_group_02783,PNEUMONIA
train_4410.png,1,dup_group_02784,PNEUMONIA
train_4411.png,1,dup_group_02785,PNEUMONIA
train_4412.png,1,dup_group_02786,PNEUMONIA
train_4413.png,1,dup_group_00993,PNEUMONIA
train_4414.png,1,dup_group_00968,PNEUMONIA
train_4415.png,1,dup_group_02787,PNEUMONIA
train_4417.png,1,dup_group_02788,PNEUMONIA
train_4418.png,1,dup_group_02789,PNEUMONIA
train_4419.png,1,dup_group_02392,PNEUMONIA
train_4420.png,1,dup_group_01857,PNEUMONIA
train_4421.png,1,dup_group_02790,PNEUMONIA
train_4422.png,1,dup_group_02266,PNEUMONIA
train_4423.png,1,dup_group_01596,PNEUMONIA
train_4424.png,1,dup_group_02791,PNEUMONIA
train_4425.png,1,dup_group_02792,PNEUMONIA
train_4426.png,1,dup_group_02793,PNEUMONIA
train_4427.png,1,dup_group_01042,PNEUMONIA
train_4428.png,1,dup_group_02517,PNEUMONIA
train_4429.png,1,dup_group_02794,PNEUMONIA
train_4430.png,1,dup_group_01357,PNEUMONIA
train_4433.png,1,dup_group_01011,PNEUMONIA
train_4434.png,1,dup_group_02795,PNEUMONIA
train_4435.png,1,dup_group_02796,PNEUMONIA
train_4436.png,1,dup_group_02797,PNEUMONIA
train_4437.png,1,dup_group_01367,PNEUMONIA
train_4438.png,1,dup_group_02798,PNEUMONIA
train_4439.png,1,dup_group_02799,PNEUMONIA
train_4442.png,1,dup_group_02801,PNEUMONIA
train_4444.png,1,dup_group_01204,PNEUMONIA
train_4445.png,1,dup_group_01322,PNEUMONIA
train_4446.png,1,dup_group_02802,PNEUMONIA
train_4448.png,1,dup_group_02803,PNEUMONIA
train_4450.png,1,dup_group_01221,PNEUMONIA
train_4453.png,1,dup_group_02804,PNEUMONIA
train_4454.png,1,dup_group_02805,PNEUMONIA
train_4455.png,1,dup_group_00093,PNEUMONIA
train_4456.png,1,dup_group_02806,PNEUMONIA
train_4457.png,1,dup_group_01090,PNEUMONIA
train_4458.png,1,dup_group_02807,PNEUMONIA
train_4459.png,1,dup_group_02808,PNEUMONIA
train_4460.png,1,dup_group_02809,PNEUMONIA
train_4461.png,1,dup_group_02810,PNEUMONIA
train_4462.png,1,dup_group_02811,PNEUMONIA
train_4463.png,1,dup_group_01357,PNEUMONIA
train_4464.png,1,dup_group_01334,PNEUMONIA
train_4466.png,1,dup_group_02813,PNEUMONIA
train_4467.png,1,dup_group_02814,PNEUMONIA
train_4468.png,1,dup_group_02815,PNEUMONIA
train_4469.png,1,dup_group_01445,PNEUMONIA
train_4470.png,1,dup_group_02816,PNEUMONIA
train_4471.png,1,dup_group_00138,PNEUMONIA
train_4472.png,1,dup_group_02817,PNEUMONIA
train_4473.png,1,dup_group_01368,PNEUMONIA
train_4474.png,1,dup_group_02160,PNEUMONIA
train_4475.png,1,dup_group_02818,PNEUMONIA
train_4477.png,1,dup_group_02819,PNEUMONIA
train_4478.png,1,dup_group_02820,PNEUMONIA
train_4479.png,1,dup_group_01712,PNEUMONIA
train_4480.png,1,dup_group_02821,PNEUMONIA
train_4481.png,1,dup_group_00968,PNEUMONIA
train_4483.png,1,dup_group_02822,PNEUMONIA
train_4484.png,1,dup_group_01996,PNEUMONIA
train_4485.png,1,dup_group_01545,PNEUMONIA
train_4486.png,1,dup_group_02823,PNEUMONIA
train_4487.png,1,dup_group_02824,PNEUMONIA
train_4488.png,1,dup_group_02825,PNEUMONIA
train_4489.png,1,dup_group_02826,PNEUMONIA
train_4490.png,1,dup_group_02827,PNEUMONIA
train_4493.png,1,dup_group_01446,PNEUMONIA
train_4495.png,1,dup_group_02828,PNEUMONIA
train_4497.png,1,dup_group_02829,PNEUMONIA
train_4498.png,1,dup_group_02362,PNEUMONIA
train_4499.png,1,dup_group_01710,PNEUMONIA
train_4500.png,1,dup_group_02830,PNEUMONIA
train_4502.png,1,dup_group_02831,PNEUMONIA
train_4504.png,1,dup_group_02832,PNEUMONIA
train_4505.png,1,dup_group_02833,PNEUMONIA
train_4506.png,1,dup_group_02834,PNEUMONIA
train_4507.png,1,dup_group_02835,PNEUMONIA
train_4508.png,1,dup_group_01332,PNEUMONIA
train_4509.png,1,dup_group_02836,PNEUMONIA
train_4510.png,1,dup_group_02837,PNEUMONIA
train_4511.png,1,dup_group_02838,PNEUMONIA
train_4513.png,1,dup_group_02839,PNEUMONIA
train_4514.png,1,dup_group_02839,PNEUMONIA
train_4515.png,1,dup_group_02840,PNEUMONIA
train_4516.png,1,dup_group_02841,PNEUMONIA
train_4518.png,1,dup_group_00587,PNEUMONIA
train_4519.png,1,dup_group_01461,PNEUMONIA
train_4520.png,1,dup_group_02842,PNEUMONIA
train_4521.png,1,dup_group_01136,PNEUMONIA
train_4522.png,1,dup_group_02843,PNEUMONIA
train_4524.png,1,dup_group_01583,PNEUMONIA
train_4525.png,1,dup_group_02844,PNEUMONIA
train_4526.png,1,dup_group_02097,PNEUMONIA
train_4527.png,1,dup_group_00993,PNEUMONIA
train_4528.png,1,dup_group_02845,PNEUMONIA
train_4530.png,1,dup_group_00748,PNEUMONIA
train_4531.png,1,dup_group_01048,PNEUMONIA
train_4532.png,1,dup_group_02846,PNEUMONIA
train_4534.png,1,dup_group_01108,PNEUMONIA
train_4535.png,1,dup_group_01108,PNEUMONIA
train_4536.png,1,dup_group_02847,PNEUMONIA
train_4537.png,1,dup_group_02848,PNEUMONIA
train_4538.png,1,dup_group_01535,PNEUMONIA
train_4540.png,1,dup_group_02850,PNEUMONIA
train_4541.png,1,dup_group_02851,PNEUMONIA
train_4542.png,1,dup_group_02852,PNEUMONIA
train_4543.png,1,dup_group_00305,PNEUMONIA
train_4544.png,1,dup_group_02853,PNEUMONIA
train_4546.png,1,dup_group_02855,PNEUMONIA
train_4547.png,1,dup_group_02856,PNEUMONIA
train_4548.png,1,dup_group_01370,PNEUMONIA
train_4549.png,1,dup_group_02857,PNEUMONIA
train_4550.png,1,dup_group_01498,PNEUMONIA
train_4552.png,1,dup_group_02858,PNEUMONIA
train_4554.png,1,dup_group_02859,PNEUMONIA
train_4555.png,1,dup_group_02860,PNEUMONIA
train_4556.png,1,dup_group_02861,PNEUMONIA
train_4557.png,1,dup_group_00993,PNEUMONIA
train_4558.png,1,dup_group_02862,PNEUMONIA
train_4559.png,1,dup_group_01204,PNEUMONIA
train_4561.png,1,dup_group_02863,PNEUMONIA
train_4562.png,1,dup_group_01322,PNEUMONIA
train_4563.png,1,dup_group_02864,PNEUMONIA
train_4566.png,1,dup_group_02865,PNEUMONIA
train_4568.png,1,dup_group_02866,PNEUMONIA
train_4569.png,1,dup_group_00022,PNEUMONIA
train_4570.png,1,dup_group_01485,PNEUMONIA
train_4571.png,1,dup_group_01334,PNEUMONIA
train_4572.png,1,dup_group_02867,PNEUMONIA
train_4574.png,1,dup_group_02868,PNEUMONIA
train_4575.png,1,dup_group_02869,PNEUMONIA
train_4576.png,1,dup_group_01216,PNEUMONIA
train_4577.png,1,dup_group_02870,PNEUMONIA
train_4578.png,1,dup_group_02871,PNEUMONIA
train_4581.png,1,dup_group_02872,PNEUMONIA
train_4582.png,1,dup_group_02873,PNEUMONIA
train_4583.png,1,dup_group_02555,PNEUMONIA
train_4584.png,1,dup_group_01204,PNEUMONIA
train_4585.png,1,dup_group_01889,PNEUMONIA
train_4586.png,1,dup_group_00993,PNEUMONIA
train_4587.png,1,dup_group_00993,PNEUMONIA
train_4588.png,1,dup_group_02874,PNEUMONIA
train_4589.png,1,dup_group_02875,PNEUMONIA
train_4590.png,1,dup_group_00700,PNEUMONIA
train_4592.png,1,dup_group_02876,PNEUMONIA
train_4596.png,1,dup_group_02877,PNEUMONIA
train_4597.png,1,dup_group_02878,PNEUMONIA
train_4598.png,1,dup_group_02879,PNEUMONIA
train_4599.png,1,dup_group_02880,PNEUMONIA
train_4600.png,1,dup_group_01717,PNEUMONIA
train_4603.png,1,dup_group_02881,PNEUMONIA
train_4605.png,1,dup_group_02882,PNEUMONIA
train_4606.png,1,dup_group_02883,PNEUMONIA
train_4607.png,1,dup_group_00993,PNEUMONIA
train_4608.png,1,dup_group_01596,PNEUMONIA
train_4610.png,1,dup_group_02884,PNEUMONIA
train_4611.png,1,dup_group_02885,PNEUMONIA
train_4612.png,1,dup_group_02886,PNEUMONIA
train_4613.png,1,dup_group_02887,PNEUMONIA
train_4615.png,1,dup_group_02678,PNEUMONIA
train_4616.png,1,dup_group_02888,PNEUMONIA
train_4618.png,1,dup_group_02890,PNEUMONIA
train_4619.png,1,dup_group_02891,PNEUMONIA
train_4620.png,1,dup_group_02892,PNEUMONIA
train_4621.png,1,dup_group_02893,PNEUMONIA
train_4623.png,1,dup_group_02658,PNEUMONIA
train_4625.png,1,dup_group_01177,PNEUMONIA
train_4627.png,1,dup_group_02894,PNEUMONIA
train_4628.png,1,dup_group_01130,PNEUMONIA
train_4629.png,1,dup_group_02895,PNEUMONIA
train_4630.png,1,dup_group_01184,PNEUMONIA
train_4632.png,1,dup_group_01375,PNEUMONIA
train_4633.png,1,dup_group_01021,PNEUMONIA
train_4634.png,1,dup_group_02897,PNEUMONIA
train_4635.png,1,dup_group_02898,PNEUMONIA
train_4636.png,1,dup_group_01368,PNEUMONIA
train_4637.png,1,dup_group_01781,PNEUMONIA
train_4639.png,1,dup_group_02681,PNEUMONIA
train_4640.png,1,dup_group_02899,PNEUMONIA
train_4641.png,1,dup_group_01021,PNEUMONIA
train_4642.png,1,dup_group_02900,PNEUMONIA
train_4643.png,1,dup_group_01468,PNEUMONIA
train_4644.png,1,dup_group_02901,PNEUMONIA
train_4646.png,1,dup_group_01367,PNEUMONIA
train_4647.png,1,dup_group_01867,PNEUMONIA
train_4649.png,1,dup_group_02902,PNEUMONIA
train_4650.png,1,dup_group_01207,PNEUMONIA
train_4651.png,1,dup_group_02903,PNEUMONIA
train_4654.png,1,dup_group_01476,PNEUMONIA
train_4656.png,1,dup_group_02906,PNEUMONIA
train_4657.png,1,dup_group_02907,PNEUMONIA
train_4658.png,1,dup_group_02908,PNEUMONIA
train_4659.png,1,dup_group_02909,PNEUMONIA
train_4660.png,1,dup_group_02602,PNEUMONIA
train_4661.png,1,dup_group_02910,PNEUMONIA
train_4662.png,1,dup_group_01253,PNEUMONIA
train_4663.png,1,dup_group_02911,PNEUMONIA
train_4665.png,1,dup_group_02913,PNEUMONIA
train_4666.png,1,dup_group_02431,PNEUMONIA
train_4667.png,1,dup_group_00115,PNEUMONIA
train_4668.png,1,dup_group_02914,PNEUMONIA
train_4669.png,1,dup_group_02915,PNEUMONIA
train_4670.png,1,dup_group_02916,PNEUMONIA
train_4671.png,1,dup_group_01204,PNEUMONIA
train_4672.png,1,dup_group_01216,PNEUMONIA
train_4673.png,1,dup_group_02917,PNEUMONIA
train_4674.png,1,dup_group_01578,PNEUMONIA
train_4675.png,1,dup_group_01129,PNEUMONIA
train_4676.png,1,dup_group_02918,PNEUMONIA
train_4677.png,1,dup_group_02919,PNEUMONIA
train_4678.png,1,dup_group_01357,PNEUMONIA
train_4679.png,1,dup_group_02920,PNEUMONIA
train_4680.png,1,dup_group_02921,PNEUMONIA
train_4682.png,1,dup_group_00989,PNEUMONIA
train_4683.png,1,dup_group_02498,PNEUMONIA
train_4684.png,1,dup_group_02922,PNEUMONIA
train_4685.png,1,dup_group_02923,PNEUMONIA
train_4686.png,1,dup_group_02924,PNEUMONIA
train_4687.png,1,dup_group_02925,PNEUMONIA
train_4689.png,1,dup_group_02927,PNEUMONIA
train_4690.png,1,dup_group_02673,PNEUMONIA
train_4691.png,1,dup_group_02928,PNEUMONIA
train_4693.png,1,dup_group_02929,PNEUMONIA
train_4695.png,1,dup_group_02930,PNEUMONIA
train_4696.png,1,dup_group_02931,PNEUMONIA
train_4697.png,1,dup_group_01057,PNEUMONIA
train_4698.png,1,dup_group_02383,PNEUMONIA
train_4700.png,1,dup_group_02932,PNEUMONIA
train_4701.png,1,dup_group_01158,PNEUMONIA
train_4702.png,1,dup_group_02933,PNEUMONIA
train_4703.png,1,dup_group_02934,PNEUMONIA
train_4704.png,1,dup_group_01661,PNEUMONIA
train_4705.png,1,dup_group_01427,PNEUMONIA
train_4706.png,1,dup_group_02935,PNEUMONIA
train_4707.png,1,dup_group_02936,PNEUMONIA
train_4708.png,1,dup_group_02937,PNEUMONIA
train_4709.png,1,dup_group_02938,PNEUMONIA
train_4710.png,1,dup_group_02939,PNEUMONIA
train_4711.png,1,dup_group_02940,PNEUMONIA
train_4712.png,1,dup_group_02941,PNEUMONIA
train_4713.png,1,dup_group_02942,PNEUMONIA
train_4714.png,1,dup_group_02943,PNEUMONIA
train_4715.png,1,dup_group_01964,PNEUMONIA
train_4716.png,1,dup_group_02944,PNEUMONIA
train_4717.png,1,dup_group_02945,PNEUMONIA
train_4718.png,1,dup_group_02946,PNEUMONIA
train_4719.png,1,dup_group_02947,PNEUMONIA
train_4720.png,1,dup_group_01829,PNEUMONIA
train_4721.png,1,dup_group_02948,PNEUMONIA
train_4722.png,1,dup_group_02051,PNEUMONIA
train_4725.png,1,dup_group_00005,PNEUMONIA
train_4727.png,1,dup_group_02878,PNEUMONIA
train_4732.png,1,dup_group_01075,PNEUMONIA
train_4733.png,1,dup_group_02949,PNEUMONIA
train_4734.png,1,dup_group_02950,PNEUMONIA
train_4735.png,1,dup_group_02951,PNEUMONIA
train_4737.png,1,dup_group_02952,PNEUMONIA
train_4738.png,1,dup_group_02953,PNEUMONIA
train_4739.png,1,dup_group_02954,PNEUMONIA
train_4740.png,1,dup_group_02955,PNEUMONIA
train_4741.png,1,dup_group_02956,PNEUMONIA
train_4742.png,1,dup_group_02957,PNEUMONIA
train_4743.png,1,dup_group_00330,PNEUMONIA
train_4744.png,1,dup_group_02958,PNEUMONIA
train_4745.png,1,dup_group_02959,PNEUMONIA
train_4746.png,1,dup_group_02960,PNEUMONIA
train_4747.png,1,dup_group_02961,PNEUMONIA
train_4748.png,1,dup_group_02962,PNEUMONIA
train_4749.png,1,dup_group_02963,PNEUMONIA
train_4751.png,1,dup_group_02964,PNEUMONIA
train_4752.png,1,dup_group_02965,PNEUMONIA
train_4753.png,1,dup_group_01357,PNEUMONIA
train_4754.png,1,dup_group_02966,PNEUMONIA
train_4755.png,1,dup_group_02967,PNEUMONIA
train_4756.png,1,dup_group_00978,PNEUMONIA
train_4757.png,1,dup_group_02968,PNEUMONIA
train_4758.png,1,dup_group_02969,PNEUMONIA
train_4759.png,1,dup_group_00224,PNEUMONIA
train_4760.png,1,dup_group_02970,PNEUMONIA
train_4761.png,1,dup_group_02971,PNEUMONIA
train_4763.png,1,dup_group_02972,PNEUMONIA
train_4764.png,1,dup_group_01842,PNEUMONIA
train_4766.png,1,dup_group_01057,PNEUMONIA
train_4767.png,1,dup_group_02973,PNEUMONIA
train_4769.png,1,dup_group_01137,PNEUMONIA
train_4770.png,1,dup_group_02974,PNEUMONIA
train_4772.png,1,dup_group_02976,PNEUMONIA
train_4773.png,1,dup_group_02977,PNEUMONIA
train_4774.png,1,dup_group_02978,PNEUMONIA
train_4775.png,1,dup_group_02979,PNEUMONIA
train_4777.png,1,dup_group_01128,PNEUMONIA
train_4778.png,1,dup_group_01216,PNEUMONIA
train_4779.png,1,dup_group_02980,PNEUMONIA
train_4780.png,1,dup_group_02981,PNEUMONIA
train_4781.png,1,dup_group_02982,PNEUMONIA
train_4782.png,1,dup_group_02983,PNEUMONIA
train_4783.png,1,dup_group_02917,PNEUMONIA
train_4784.png,1,dup_group_02984,PNEUMONIA
train_4785.png,1,dup_group_01792,PNEUMONIA
train_4786.png,1,dup_group_02985,PNEUMONIA
train_4787.png,1,dup_group_02986,PNEUMONIA
train_4788.png,1,dup_group_02987,PNEUMONIA
train_4789.png,1,dup_group_02988,PNEUMONIA
train_4790.png,1,dup_group_02989,PNEUMONIA
train_4791.png,1,dup_group_02315,PNEUMONIA
train_4792.png,1,dup_group_02990,PNEUMONIA
train_4793.png,1,dup_group_01461,PNEUMONIA
train_4794.png,1,dup_group_02991,PNEUMONIA
train_4795.png,1,dup_group_02992,PNEUMONIA
train_4796.png,1,dup_group_02169,PNEUMONIA
train_4797.png,1,dup_group_02993,PNEUMONIA
train_4798.png,1,dup_group_01344,PNEUMONIA
train_4800.png,1,dup_group_01577,PNEUMONIA
train_4801.png,1,dup_group_02994,PNEUMONIA
train_4802.png,1,dup_group_02067,PNEUMONIA
train_4803.png,1,dup_group_02995,PNEUMONIA
train_4804.png,1,dup_group_02996,PNEUMONIA
train_4805.png,1,dup_group_02997,PNEUMONIA
train_4806.png,1,dup_group_02247,PNEUMONIA
train_4807.png,1,dup_group_02998,PNEUMONIA
train_4808.png,1,dup_group_02999,PNEUMONIA
train_4809.png,1,dup_group_01129,PNEUMONIA
train_4811.png,1,dup_group_03000,PNEUMONIA
train_4812.png,1,dup_group_03001,PNEUMONIA
train_4813.png,1,dup_group_02067,PNEUMONIA
train_4814.png,1,dup_group_03002,PNEUMONIA
train_4816.png,1,dup_group_00993,PNEUMONIA
train_4818.png,1,dup_group_03003,PNEUMONIA
train_4821.png,1,dup_group_01207,PNEUMONIA
train_4823.png,1,dup_group_01400,PNEUMONIA
train_4824.png,1,dup_group_00253,PNEUMONIA
train_4825.png,1,dup_group_03005,PNEUMONIA
train_4827.png,1,dup_group_01322,PNEUMONIA
train_4828.png,1,dup_group_03007,PNEUMONIA
train_4830.png,1,dup_group_01376,PNEUMONIA
train_4831.png,1,dup_group_03008,PNEUMONIA
train_4833.png,1,dup_group_03009,PNEUMONIA
train_4835.png,1,dup_group_02110,PNEUMONIA
train_4836.png,1,dup_group_03010,PNEUMONIA
train_4837.png,1,dup_group_03011,PNEUMONIA
train_4838.png,1,dup_group_03012,PNEUMONIA
train_4839.png,1,dup_group_03013,PNEUMONIA
train_4841.png,1,dup_group_02159,PNEUMONIA
train_4842.png,1,dup_group_00037,PNEUMONIA
train_4843.png,1,dup_group_03014,PNEUMONIA
train_4844.png,1,dup_group_00975,PNEUMONIA
train_4846.png,1,dup_group_01675,PNEUMONIA
train_4847.png,1,dup_group_03015,PNEUMONIA
train_4848.png,1,dup_group_01285,PNEUMONIA
train_4849.png,1,dup_group_03016,PNEUMONIA
train_4850.png,1,dup_group_03017,PNEUMONIA
train_4851.png,1,dup_group_03018,PNEUMONIA
train_4852.png,1,dup_group_03019,PNEUMONIA
train_4853.png,1,dup_group_03020,PNEUMONIA
train_4854.png,1,dup_group_03021,PNEUMONIA
train_4855.png,1,dup_group_03022,PNEUMONIA
train_4856.png,1,dup_group_00780,PNEUMONIA
train_4857.png,1,dup_group_03023,PNEUMONIA
train_4859.png,1,dup_group_03024,PNEUMONIA
train_4860.png,1,dup_group_03025,PNEUMONIA
train_4861.png,1,dup_group_00715,PNEUMONIA
train_4862.png,1,dup_group_03026,PNEUMONIA
train_4863.png,1,dup_group_03027,PNEUMONIA
train_4864.png,1,dup_group_03028,PNEUMONIA
train_4865.png,1,dup_group_01177,PNEUMONIA
train_4866.png,1,dup_group_03029,PNEUMONIA
train_4867.png,1,dup_group_01367,PNEUMONIA
train_4869.png,1,dup_group_03030,PNEUMONIA
train_4870.png,1,dup_group_03031,PNEUMONIA
train_4871.png,1,dup_group_03032,PNEUMONIA
train_4872.png,1,dup_group_03033,PNEUMONIA
train_4873.png,1,dup_group_03034,PNEUMONIA
train_4874.png,1,dup_group_03035,PNEUMONIA
train_4875.png,1,dup_group_03036,PNEUMONIA
train_4876.png,1,dup_group_03037,PNEUMONIA
train_4877.png,1,dup_group_03038,PNEUMONIA
train_4878.png,1,dup_group_01129,PNEUMONIA
train_4879.png,1,dup_group_03039,PNEUMONIA
train_4880.png,1,dup_group_03040,PNEUMONIA
train_4881.png,1,dup_group_00224,PNEUMONIA
train_4882.png,1,dup_group_03041,PNEUMONIA
train_4883.png,1,dup_group_03042,PNEUMONIA
train_4884.png,1,dup_group_03043,PNEUMONIA
train_4885.png,1,dup_group_03044,PNEUMONIA
train_4886.png,1,dup_group_03045,PNEUMONIA
train_4887.png,1,dup_group_03046,PNEUMONIA
train_4888.png,1,dup_group_03047,PNEUMONIA
train_4890.png,1,dup_group_03048,PNEUMONIA
train_4891.png,1,dup_group_03049,PNEUMONIA
train_4892.png,1,dup_group_03050,PNEUMONIA
train_4894.png,1,dup_group_00302,PNEUMONIA
train_4895.png,1,dup_group_01097,PNEUMONIA
train_4896.png,1,dup_group_01322,PNEUMONIA
train_4897.png,1,dup_group_03051,PNEUMONIA
train_4898.png,1,dup_group_01057,PNEUMONIA
train_4899.png,1,dup_group_03052,PNEUMONIA
train_4900.png,1,dup_group_01362,PNEUMONIA
train_4901.png,1,dup_group_03053,PNEUMONIA
train_4902.png,1,dup_group_03054,PNEUMONIA
train_4903.png,1,dup_group_03055,PNEUMONIA
train_4904.png,1,dup_group_00993,PNEUMONIA
train_4905.png,1,dup_group_01732,PNEUMONIA
train_4907.png,1,dup_group_03057,PNEUMONIA
train_4908.png,1,dup_group_03058,PNEUMONIA
train_4909.png,1,dup_group_01930,PNEUMONIA
train_4911.png,1,dup_group_03059,PNEUMONIA
train_4912.png,1,dup_group_00993,PNEUMONIA
train_4913.png,1,dup_group_03060,PNEUMONIA
train_4914.png,1,dup_group_02159,PNEUMONIA
train_4916.png,1,dup_group_01034,PNEUMONIA
train_4917.png,1,dup_group_02119,PNEUMONIA
train_4918.png,1,dup_group_03061,PNEUMONIA
train_4919.png,1,dup_group_03062,PNEUMONIA
train_4920.png,1,dup_group_03063,PNEUMONIA
train_4921.png,1,dup_group_03064,PNEUMONIA
train_4922.png,1,dup_group_03065,PNEUMONIA
train_4925.png,1,dup_group_01137,PNEUMONIA
train_4926.png,1,dup_group_03066,PNEUMONIA
train_4927.png,1,dup_group_03067,PNEUMONIA
train_4929.png,1,dup_group_01315,PNEUMONIA
train_4930.png,1,dup_group_03068,PNEUMONIA
train_4931.png,1,dup_group_03069,PNEUMONIA
train_4932.png,1,dup_group_03070,PNEUMONIA
train_4933.png,1,dup_group_03071,PNEUMONIA
train_4934.png,1,dup_group_01322,PNEUMONIA
train_4937.png,1,dup_group_01092,PNEUMONIA
train_4938.png,1,dup_group_03072,PNEUMONIA
train_4940.png,1,dup_group_02767,PNEUMONIA
train_4941.png,1,dup_group_03073,PNEUMONIA
train_4942.png,1,dup_group_01370,PNEUMONIA
train_4943.png,1,dup_group_03074,PNEUMONIA
train_4944.png,1,dup_group_03075,PNEUMONIA
train_4946.png,1,dup_group_03076,PNEUMONIA
train_4948.png,1,dup_group_03077,PNEUMONIA
train_4949.png,1,dup_group_03078,PNEUMONIA
train_4950.png,1,dup_group_03079,PNEUMONIA
train_4951.png,1,dup_group_01889,PNEUMONIA
train_4955.png,1,dup_group_01375,PNEUMONIA
train_4956.png,1,dup_group_03080,PNEUMONIA
train_4958.png,1,dup_group_03081,PNEUMONIA
train_4959.png,1,dup_group_03082,PNEUMONIA
train_4960.png,1,dup_group_01057,PNEUMONIA
train_4961.png,1,dup_group_03083,PNEUMONIA
train_4962.png,1,dup_group_03084,PNEUMONIA
train_4963.png,1,dup_group_01048,PNEUMONIA
train_4964.png,1,dup_group_03085,PNEUMONIA
train_4965.png,1,dup_group_00069,PNEUMONIA
train_4966.png,1,dup_group_03086,PNEUMONIA
train_4967.png,1,dup_group_03087,PNEUMONIA
train_4968.png,1,dup_group_03088,PNEUMONIA
train_4969.png,1,dup_group_00138,PNEUMONIA
train_4970.png,1,dup_group_03089,PNEUMONIA
train_4972.png,1,dup_group_01247,PNEUMONIA
train_4973.png,1,dup_group_00517,PNEUMONIA
train_4974.png,1,dup_group_03090,PNEUMONIA
train_4977.png,1,dup_group_00027,PNEUMONIA
train_4978.png,1,dup_group_03091,PNEUMONIA
train_4979.png,1,dup_group_03092,PNEUMONIA
train_4980.png,1,dup_group_00859,PNEUMONIA
train_4986.png,1,dup_group_01661,PNEUMONIA
train_4987.png,1,dup_group_03094,PNEUMONIA
train_4988.png,1,dup_group_03095,PNEUMONIA
train_4989.png,1,dup_group_01578,PNEUMONIA
train_4990.png,1,dup_group_03096,PNEUMONIA
train_4992.png,1,dup_group_03097,PNEUMONIA
train_4993.png,1,dup_group_03098,PNEUMONIA
train_4994.png,1,dup_group_03099,PNEUMONIA
train_4995.png,1,dup_group_03100,PNEUMONIA
train_4996.png,1,dup_group_03101,PNEUMONIA
train_4997.png,1,dup_group_01511,PNEUMONIA
train_4999.png,1,dup_group_03102,PNEUMONIA
train_5000.png,1,dup_group_01129,PNEUMONIA
train_5001.png,1,dup_group_03103,PNEUMONIA
train_5002.png,1,dup_group_01322,PNEUMONIA
train_5003.png,1,dup_group_03104,PNEUMONIA
train_5004.png,1,dup_group_01322,PNEUMONIA
train_5005.png,1,dup_group_01367,PNEUMONIA
train_5006.png,1,dup_group_03105,PNEUMONIA
train_5007.png,1,dup_group_03106,PNEUMONIA
train_5008.png,1,dup_group_01097,PNEUMONIA
train_5009.png,1,dup_group_01275,PNEUMONIA
train_5010.png,1,dup_group_03107,PNEUMONIA
train_5011.png,1,dup_group_03108,PNEUMONIA
train_5012.png,1,dup_group_03109,PNEUMONIA
train_5013.png,1,dup_group_03110,PNEUMONIA
train_5014.png,1,dup_group_01302,PNEUMONIA
train_5015.png,1,dup_group_01177,PNEUMONIA
train_5016.png,1,dup_group_03111,PNEUMONIA
train_5017.png,1,dup_group_03112,PNEUMONIA
train_5018.png,1,dup_group_02908,PNEUMONIA
train_5019.png,1,dup_group_02399,PNEUMONIA
train_5020.png,1,dup_group_03113,PNEUMONIA
train_5021.png,1,dup_group_01204,PNEUMONIA
train_5022.png,1,dup_group_03114,PNEUMONIA
train_5026.png,1,dup_group_03115,PNEUMONIA
train_5027.png,1,dup_group_01275,PNEUMONIA
train_5028.png,1,dup_group_03116,PNEUMONIA
train_5029.png,1,dup_group_01367,PNEUMONIA
train_5030.png,1,dup_group_03117,PNEUMONIA
train_5031.png,1,dup_group_02710,PNEUMONIA
train_5032.png,1,dup_group_03118,PNEUMONIA
train_5034.png,1,dup_group_03119,PNEUMONIA
train_5035.png,1,dup_group_02003,PNEUMONIA
train_5036.png,1,dup_group_03120,PNEUMONIA
train_5037.png,1,dup_group_03121,PNEUMONIA
train_5038.png,1,dup_group_01344,PNEUMONIA
train_5039.png,1,dup_group_00993,PNEUMONIA
train_5041.png,1,dup_group_02767,PNEUMONIA
train_5042.png,1,dup_group_03122,PNEUMONIA
train_5043.png,1,dup_group_03123,PNEUMONIA
train_5045.png,1,dup_group_03124,PNEUMONIA
train_5046.png,1,dup_group_02939,PNEUMONIA
train_5047.png,1,dup_group_01420,PNEUMONIA
train_5048.png,1,dup_group_03125,PNEUMONIA
train_5049.png,1,dup_group_03126,PNEUMONIA
train_5050.png,1,dup_group_03127,PNEUMONIA
train_5052.png,1,dup_group_01326,PNEUMONIA
train_5053.png,1,dup_group_03128,PNEUMONIA
train_5054.png,1,dup_group_03129,PNEUMONIA
train_5058.png,1,dup_group_01930,PNEUMONIA
train_5060.png,1,dup_group_03130,PNEUMONIA
train_5061.png,1,dup_group_00993,PNEUMONIA
train_5064.png,1,dup_group_01065,PNEUMONIA
train_5065.png,1,dup_group_03132,PNEUMONIA
train_5066.png,1,dup_group_01137,PNEUMONIA
train_5067.png,1,dup_group_03133,PNEUMONIA
train_5068.png,1,dup_group_03134,PNEUMONIA
train_5069.png,1,dup_group_01420,PNEUMONIA
train_5070.png,1,dup_group_03135,PNEUMONIA
train_5073.png,1,dup_group_03137,PNEUMONIA
train_5074.png,1,dup_group_02517,PNEUMONIA
train_5075.png,1,dup_group_01322,PNEUMONIA
train_5077.png,1,dup_group_03138,PNEUMONIA
train_5078.png,1,dup_group_03139,PNEUMONIA
train_5079.png,1,dup_group_03140,PNEUMONIA
train_5080.png,1,dup_group_03141,PNEUMONIA
train_5081.png,1,dup_group_01699,PNEUMONIA
train_5082.png,1,dup_group_02159,PNEUMONIA
train_5083.png,1,dup_group_03142,PNEUMONIA
train_5085.png,1,dup_group_02003,PNEUMONIA
train_5086.png,1,dup_group_03143,PNEUMONIA
train_5087.png,1,dup_group_01899,PNEUMONIA
train_5089.png,1,dup_group_03144,PNEUMONIA
train_5091.png,1,dup_group_03145,PNEUMONIA
train_5093.png,1,dup_group_03146,PNEUMONIA
train_5094.png,1,dup_group_02878,PNEUMONIA
train_5095.png,1,dup_group_03147,PNEUMONIA
train_5096.png,1,dup_group_03148,PNEUMONIA
train_5097.png,1,dup_group_03149,PNEUMONIA
train_5098.png,1,dup_group_01405,PNEUMONIA
train_5101.png,1,dup_group_03150,PNEUMONIA
train_5102.png,1,dup_group_03151,PNEUMONIA
train_5103.png,1,dup_group_03152,PNEUMONIA
train_5104.png,1,dup_group_03153,PNEUMONIA
train_5105.png,1,dup_group_00037,PNEUMONIA
train_5106.png,1,dup_group_03154,PNEUMONIA
train_5108.png,1,dup_group_03155,PNEUMONIA
train_5109.png,1,dup_group_03156,PNEUMONIA
train_5110.png,1,dup_group_03157,PNEUMONIA
train_5111.png,1,dup_group_01596,PNEUMONIA
train_5112.png,1,dup_group_03158,PNEUMONIA
train_5114.png,1,dup_group_03159,PNEUMONIA
train_5115.png,1,dup_group_03160,PNEUMONIA
train_5116.png,1,dup_group_03161,PNEUMONIA
train_5117.png,1,dup_group_01170,PNEUMONIA
train_5118.png,1,dup_group_01765,PNEUMONIA
train_5121.png,1,dup_group_03162,PNEUMONIA
train_5123.png,1,dup_group_02878,PNEUMONIA
train_5124.png,1,dup_group_03163,PNEUMONIA
train_5125.png,1,dup_group_01021,PNEUMONIA
train_5127.png,1,dup_group_01322,PNEUMONIA
train_5129.png,1,dup_group_03164,PNEUMONIA
train_5130.png,1,dup_group_03165,PNEUMONIA
train_5131.png,1,dup_group_03166,PNEUMONIA
train_5132.png,1,dup_group_01127,PNEUMONIA
train_5134.png,1,dup_group_00155,PNEUMONIA
train_5135.png,1,dup_group_00985,PNEUMONIA
train_5136.png,1,dup_group_03167,PNEUMONIA
train_5137.png,1,dup_group_03168,PNEUMONIA
train_5138.png,1,dup_group_03169,PNEUMONIA
train_5139.png,1,dup_group_03170,PNEUMONIA
train_5140.png,1,dup_group_03171,PNEUMONIA
train_5143.png,1,dup_group_03173,PNEUMONIA
train_5144.png,1,dup_group_00993,PNEUMONIA
train_5145.png,1,dup_group_03088,PNEUMONIA
train_5146.png,1,dup_group_03174,PNEUMONIA
train_5147.png,1,dup_group_03175,PNEUMONIA
train_5148.png,1,dup_group_00993,PNEUMONIA
train_5149.png,1,dup_group_03176,PNEUMONIA
train_5150.png,1,dup_group_03177,PNEUMONIA
train_5152.png,1,dup_group_03178,PNEUMONIA
train_5153.png,1,dup_group_03179,PNEUMONIA
train_5155.png,1,dup_group_03180,PNEUMONIA
train_5156.png,1,dup_group_02159,PNEUMONIA
train_5157.png,1,dup_group_01048,PNEUMONIA
train_5158.png,1,dup_group_03181,PNEUMONIA
train_5160.png,1,dup_group_01498,PNEUMONIA
train_5161.png,1,dup_group_03182,PNEUMONIA
train_5162.png,1,dup_group_01596,PNEUMONIA
train_5163.png,1,dup_group_03183,PNEUMONIA
train_5166.png,1,dup_group_03186,PNEUMONIA
train_5167.png,1,dup_group_03187,PNEUMONIA
train_5168.png,1,dup_group_03188,PNEUMONIA
train_5169.png,1,dup_group_01285,PNEUMONIA
train_5170.png,1,dup_group_03189,PNEUMONIA
train_5171.png,1,dup_group_03190,PNEUMONIA
train_5172.png,1,dup_group_03191,PNEUMONIA
train_5174.png,1,dup_group_01163,PNEUMONIA
train_5175.png,1,dup_group_03192,PNEUMONIA
train_5176.png,1,dup_group_00730,PNEUMONIA
train_5177.png,1,dup_group_03193,PNEUMONIA
train_5178.png,1,dup_group_03194,PNEUMONIA
train_5180.png,1,dup_group_03195,PNEUMONIA
train_5181.png,1,dup_group_01648,PNEUMONIA
train_5182.png,1,dup_group_02826,PNEUMONIA
train_5184.png,1,dup_group_01765,PNEUMONIA
train_5185.png,1,dup_group_03197,PNEUMONIA
train_5186.png,1,dup_group_03198,PNEUMONIA
train_5187.png,1,dup_group_02159,PNEUMONIA
train_5188.png,1,dup_group_03199,PNEUMONIA
train_5189.png,1,dup_group_03200,PNEUMONIA
train_5193.png,1,dup_group_02878,PNEUMONIA
train_5194.png,1,dup_group_01211,PNEUMONIA
train_5195.png,1,dup_group_03201,PNEUMONIA
train_5196.png,1,dup_group_03202,PNEUMONIA
train_5197.png,1,dup_group_01735,PNEUMONIA
train_5198.png,1,dup_group_01128,PNEUMONIA
train_5199.png,1,dup_group_01096,PNEUMONIA
train_5201.png,1,dup_group_03203,PNEUMONIA
train_5202.png,1,dup_group_03204,PNEUMONIA
train_5203.png,1,dup_group_03205,PNEUMONIA
train_5204.png,1,dup_group_03206,PNEUMONIA
train_5205.png,1,dup_group_01398,PNEUMONIA
train_5206.png,1,dup_group_03207,PNEUMONIA
train_5211.png,1,dup_group_03208,PNEUMONIA
train_5212.png,1,dup_group_03209,PNEUMONIA
train_5213.png,1,dup_group_01177,PNEUMONIA
train_5214.png,1,dup_group_03210,PNEUMONIA
train_5216.png,1,dup_group_01462,PNEUMONIA
