file_name,label,duplicate_group_id,class_name,duplicate_group_size,strict_group_policy,strict_duplicate_group_id,strict_audit_flag
train_0001.png,0,dup_group_00001,NORMAL,1,keep,strict_dup_group_00001,False
train_0003.png,0,dup_group_00003,NORMAL,88,split_large,strict_file_train_0003,False
train_0004.png,0,dup_group_00003,NORMAL,88,split_large,strict_file_train_0004,False
train_0005.png,0,dup_group_00004,NORMAL,6,keep,strict_dup_group_00004,False
train_0006.png,0,dup_group_00003,NORMAL,88,split_large,strict_file_train_0006,False
train_0007.png,0,dup_group_00005,NORMAL,2,keep,strict_dup_group_00005,False
train_0008.png,0,dup_group_00006,NORMAL,8,keep,strict_dup_group_00006,False
train_0009.png,0,dup_group_00007,NORMAL,1,keep,strict_dup_group_00007,False
train_0012.png,0,dup_group_00009,NORMAL,1,keep,strict_dup_group_00009,False
train_0013.png,0,dup_group_00010,NORMAL,1,keep,strict_dup_group_00010,False
train_0015.png,0,dup_group_00012,NORMAL,1,keep,strict_dup_group_00012,False
train_0017.png,0,dup_group_00013,NORMAL,2,keep,strict_dup_group_00013,False
train_0018.png,0,dup_group_00014,NORMAL,3,keep,strict_dup_group_00014,False
train_0021.png,0,dup_group_00003,NORMAL,88,split_large,strict_file_train_0021,False
train_0022.png,0,dup_group_00015,NORMAL,1,keep,strict_dup_group_00015,False
train_0023.png,0,dup_group_00016,NORMAL,8,keep,strict_dup_group_00016,False
train_0025.png,0,dup_group_00018,NORMAL,1,keep,strict_dup_group_00018,False
train_0026.png,0,dup_group_00019,NORMAL,1,keep,strict_dup_group_00019,False
train_0028.png,0,dup_group_00021,NORMAL,1,keep,strict_dup_group_00021,False
train_0030.png,0,dup_group_00023,NORMAL,2,keep,strict_dup_group_00023,False
train_0031.png,0,dup_group_00024,NORMAL,1,keep,strict_dup_group_00024,False
train_0032.png,0,dup_group_00025,NORMAL,1,keep,strict_dup_group_00025,False
train_0034.png,0,dup_group_00026,NORMAL,1,keep,strict_dup_group_00026,False
train_0035.png,0,dup_group_00027,NORMAL,3,keep,strict_dup_group_00027,False
train_0036.png,0,dup_group_00028,NORMAL,2,keep,strict_dup_group_00028,False
train_0037.png,0,dup_group_00029,NORMAL,13,keep,strict_dup_group_00029,False
train_0040.png,0,dup_group_00032,NORMAL,3,keep,strict_dup_group_00032,False
train_0042.png,0,dup_group_00034,NORMAL,1,keep,strict_dup_group_00034,False
train_0044.png,0,dup_group_00035,NORMAL,1,keep,strict_dup_group_00035,False
train_0046.png,0,dup_group_00037,NORMAL,6,keep,strict_dup_group_00037,False
train_0048.png,0,dup_group_00039,NORMAL,1,keep,strict_dup_group_00039,False
train_0049.png,0,dup_group_00003,NORMAL,88,split_large,strict_file_train_0049,False
train_0054.png,0,dup_group_00042,NORMAL,1,keep,strict_dup_group_00042,False
train_0057.png,0,dup_group_00045,NORMAL,1,keep,strict_dup_group_00045,False
train_0059.png,0,dup_group_00047,NORMAL,1,keep,strict_dup_group_00047,False
train_0060.png,0,dup_group_00003,NORMAL,88,split_large,strict_file_train_0060,False
train_0061.png,0,dup_group_00048,NORMAL,1,keep,strict_dup_group_00048,False
train_0062.png,0,dup_group_00049,NORMAL,1,keep,strict_dup_group_00049,False
train_0065.png,0,dup_group_00006,NORMAL,8,keep,strict_dup_group_00006,False
train_0067.png,0,dup_group_00053,NORMAL,1,keep,strict_dup_group_00053,False
train_0068.png,0,dup_group_00054,NORMAL,1,keep,strict_dup_group_00054,False
train_0069.png,0,dup_group_00055,NORMAL,1,keep,strict_dup_group_00055,False
train_0070.png,0,dup_group_00056,NORMAL,1,keep,strict_dup_group_00056,False
train_0071.png,0,dup_group_00004,NORMAL,6,keep,strict_dup_group_00004,False
train_0072.png,0,dup_group_00057,NORMAL,1,keep,strict_dup_group_00057,False
train_0073.png,0,dup_group_00058,NORMAL,2,keep,strict_dup_group_00058,False
train_0074.png,0,dup_group_00004,NORMAL,6,keep,strict_dup_group_00004,False
train_0075.png,0,dup_group_00059,NORMAL,1,keep,strict_dup_group_00059,False
train_0076.png,0,dup_group_00060,NORMAL,1,keep,strict_dup_group_00060,False
train_0077.png,0,dup_group_00061,NORMAL,1,keep,strict_dup_group_00061,False
train_0078.png,0,dup_group_00062,NORMAL,1,keep,strict_dup_group_00062,False
train_0079.png,0,dup_group_00063,NORMAL,1,keep,strict_dup_group_00063,False
train_0080.png,0,dup_group_00064,NORMAL,1,keep,strict_dup_group_00064,False
train_0082.png,0,dup_group_00065,NORMAL,1,keep,strict_dup_group_00065,False
train_0083.png,0,dup_group_00066,NORMAL,1,keep,strict_dup_group_00066,False
train_0084.png,0,dup_group_00067,NORMAL,1,keep,strict_dup_group_00067,False
train_0085.png,0,dup_group_00068,NORMAL,1,keep,strict_dup_group_00068,False
train_0086.png,0,dup_group_00069,NORMAL,18,keep,strict_dup_group_00069,False
train_0087.png,0,dup_group_00003,NORMAL,88,split_large,strict_file_train_0087,False
train_0090.png,0,dup_group_00071,NORMAL,1,keep,strict_dup_group_00071,False
train_0092.png,0,dup_group_00028,NORMAL,2,keep,strict_dup_group_00028,False
train_0093.png,0,dup_group_00073,NORMAL,1,keep,strict_dup_group_00073,False
train_0094.png,0,dup_group_00074,NORMAL,1,keep,strict_dup_group_00074,False
train_0095.png,0,dup_group_00075,NORMAL,5,keep,strict_dup_group_00075,False
train_0096.png,0,dup_group_00076,NORMAL,1,keep,strict_dup_group_00076,False
train_0097.png,0,dup_group_00077,NORMAL,1,keep,strict_dup_group_00077,False
train_0098.png,0,dup_group_00078,NORMAL,2,keep,strict_dup_group_00078,False
train_0099.png,0,dup_group_00079,NORMAL,1,keep,strict_dup_group_00079,False
train_0100.png,0,dup_group_00080,NORMAL,1,keep,strict_dup_group_00080,False
train_0102.png,0,dup_group_00082,NORMAL,1,keep,strict_dup_group_00082,False
train_0103.png,0,dup_group_00083,NORMAL,1,keep,strict_dup_group_00083,False
train_0106.png,0,dup_group_00016,NORMAL,8,keep,strict_dup_group_00016,False
train_0108.png,0,dup_group_00086,NORMAL,1,keep,strict_dup_group_00086,False
train_0109.png,0,dup_group_00087,NORMAL,2,keep,strict_dup_group_00087,False
train_0110.png,0,dup_group_00088,NORMAL,1,keep,strict_dup_group_00088,False
train_0111.png,0,dup_group_00089,NORMAL,1,keep,strict_dup_group_00089,False
train_0113.png,0,dup_group_00091,NORMAL,1,keep,strict_dup_group_00091,False
train_0114.png,0,dup_group_00092,NORMAL,1,keep,strict_dup_group_00092,False
train_0115.png,0,dup_group_00093,NORMAL,8,keep,strict_dup_group_00093,False
train_0116.png,0,dup_group_00003,NORMAL,88,split_large,strict_file_train_0116,False
train_0117.png,0,dup_group_00029,NORMAL,13,keep,strict_dup_group_00029,False
train_0118.png,0,dup_group_00094,NORMAL,2,keep,strict_dup_group_00094,False
train_0120.png,0,dup_group_00096,NORMAL,1,keep,strict_dup_group_00096,False
train_0121.png,0,dup_group_00097,NORMAL,2,keep,strict_dup_group_00097,False
train_0122.png,0,dup_group_00098,NORMAL,1,keep,strict_dup_group_00098,False
train_0123.png,0,dup_group_00099,NORMAL,1,keep,strict_dup_group_00099,False
train_0124.png,0,dup_group_00100,NORMAL,8,keep,strict_dup_group_00100,False
train_0125.png,0,dup_group_00101,NORMAL,1,keep,strict_dup_group_00101,False
train_0126.png,0,dup_group_00102,NORMAL,1,keep,strict_dup_group_00102,False
train_0128.png,0,dup_group_00103,NORMAL,2,keep,strict_dup_group_00103,False
train_0129.png,0,dup_group_00003,NORMAL,88,split_large,strict_file_train_0129,False
train_0130.png,0,dup_group_00104,NORMAL,2,keep,strict_dup_group_00104,False
train_0131.png,0,dup_group_00105,NORMAL,1,keep,strict_dup_group_00105,False
train_0132.png,0,dup_group_00106,NORMAL,1,keep,strict_dup_group_00106,False
train_0135.png,0,dup_group_00107,NORMAL,1,keep,strict_dup_group_00107,False
train_0137.png,0,dup_group_00109,NORMAL,1,keep,strict_dup_group_00109,False
train_0140.png,0,dup_group_00111,NORMAL,8,keep,strict_dup_group_00111,False
train_0141.png,0,dup_group_00112,NORMAL,1,keep,strict_dup_group_00112,False
train_0142.png,0,dup_group_00113,NORMAL,2,keep,strict_dup_group_00113,False
train_0143.png,0,dup_group_00114,NORMAL,1,keep,strict_dup_group_00114,False
train_0144.png,0,dup_group_00115,NORMAL,13,keep,strict_dup_group_00115,False
train_0146.png,0,dup_group_00116,NORMAL,1,keep,strict_dup_group_00116,False
train_0147.png,0,dup_group_00117,NORMAL,4,keep,strict_dup_group_00117,False
train_0149.png,0,dup_group_00119,NORMAL,1,keep,strict_dup_group_00119,False
train_0151.png,0,dup_group_00121,NORMAL,1,keep,strict_dup_group_00121,False
train_0152.png,0,dup_group_00115,NORMAL,13,keep,strict_dup_group_00115,False
train_0153.png,0,dup_group_00122,NORMAL,1,keep,strict_dup_group_00122,False
train_0156.png,0,dup_group_00124,NORMAL,1,keep,strict_dup_group_00124,False
train_0158.png,0,dup_group_00126,NORMAL,1,keep,strict_dup_group_00126,False
train_0159.png,0,dup_group_00127,NORMAL,1,keep,strict_dup_group_00127,False
train_0160.png,0,dup_group_00128,NORMAL,1,keep,strict_dup_group_00128,False
train_0164.png,0,dup_group_00131,NORMAL,3,keep,strict_dup_group_00131,False
train_0165.png,0,dup_group_00058,NORMAL,2,keep,strict_dup_group_00058,False
train_0169.png,0,dup_group_00133,NORMAL,1,keep,strict_dup_group_00133,False
train_0172.png,0,dup_group_00136,NORMAL,1,keep,strict_dup_group_00136,False
train_0173.png,0,dup_group_00003,NORMAL,88,split_large,strict_file_train_0173,False
train_0174.png,0,dup_group_00137,NORMAL,4,keep,strict_dup_group_00137,False
train_0175.png,0,dup_group_00138,NORMAL,6,keep,strict_dup_group_00138,False
train_0178.png,0,dup_group_00140,NORMAL,2,keep,strict_dup_group_00140,False
train_0179.png,0,dup_group_00003,NORMAL,88,split_large,strict_file_train_0179,False
train_0180.png,0,dup_group_00141,NORMAL,1,keep,strict_dup_group_00141,False
train_0185.png,0,dup_group_00145,NORMAL,1,keep,strict_dup_group_00145,False
train_0186.png,0,dup_group_00146,NORMAL,1,keep,strict_dup_group_00146,False
train_0187.png,0,dup_group_00147,NORMAL,1,keep,strict_dup_group_00147,False
train_0188.png,0,dup_group_00003,NORMAL,88,split_large,strict_file_train_0188,False
train_0189.png,0,dup_group_00148,NORMAL,1,keep,strict_dup_group_00148,False
train_0190.png,0,dup_group_00149,NORMAL,1,keep,strict_dup_group_00149,False
train_0191.png,0,dup_group_00150,NORMAL,1,keep,strict_dup_group_00150,False
train_0192.png,0,dup_group_00151,NORMAL,2,keep,strict_dup_group_00151,False
train_0194.png,0,dup_group_00152,NORMAL,1,keep,strict_dup_group_00152,False
train_0195.png,0,dup_group_00153,NORMAL,1,keep,strict_dup_group_00153,False
train_0196.png,0,dup_group_00154,NORMAL,2,keep,strict_dup_group_00154,False
train_0197.png,0,dup_group_00155,NORMAL,4,keep,strict_dup_group_00155,False
train_0198.png,0,dup_group_00156,NORMAL,1,keep,strict_dup_group_00156,False
train_0199.png,0,dup_group_00157,NORMAL,2,keep,strict_dup_group_00157,False
train_0200.png,0,dup_group_00158,NORMAL,10,keep,strict_dup_group_00158,False
train_0201.png,0,dup_group_00159,NORMAL,1,keep,strict_dup_group_00159,False
train_0202.png,0,dup_group_00160,NORMAL,1,keep,strict_dup_group_00160,False
train_0203.png,0,dup_group_00161,NORMAL,1,keep,strict_dup_group_00161,False
train_0205.png,0,dup_group_00162,NORMAL,1,keep,strict_dup_group_00162,False
train_0206.png,0,dup_group_00163,NORMAL,1,keep,strict_dup_group_00163,False
train_0207.png,0,dup_group_00164,NORMAL,2,keep,strict_dup_group_00164,False
train_0209.png,0,dup_group_00166,NORMAL,1,keep,strict_dup_group_00166,False
train_0210.png,0,dup_group_00167,NORMAL,1,keep,strict_dup_group_00167,False
train_0211.png,0,dup_group_00168,NORMAL,1,keep,strict_dup_group_00168,False
train_0212.png,0,dup_group_00169,NORMAL,1,keep,strict_dup_group_00169,False
train_0213.png,0,dup_group_00170,NORMAL,1,keep,strict_dup_group_00170,False
train_0214.png,0,dup_group_00171,NORMAL,1,keep,strict_dup_group_00171,False
train_0215.png,0,dup_group_00172,NORMAL,1,keep,strict_dup_group_00172,False
train_0221.png,0,dup_group_00177,NORMAL,8,keep,strict_dup_group_00177,False
train_0222.png,0,dup_group_00178,NORMAL,1,keep,strict_dup_group_00178,False
train_0223.png,0,dup_group_00179,NORMAL,1,keep,strict_dup_group_00179,False
train_0224.png,0,dup_group_00180,NORMAL,1,keep,strict_dup_group_00180,False
train_0225.png,0,dup_group_00181,NORMAL,1,keep,strict_dup_group_00181,False
train_0226.png,0,dup_group_00182,NORMAL,2,keep,strict_dup_group_00182,False
train_0227.png,0,dup_group_00183,NORMAL,1,keep,strict_dup_group_00183,False
train_0230.png,0,dup_group_00186,NORMAL,1,keep,strict_dup_group_00186,False
train_0231.png,0,dup_group_00187,NORMAL,2,keep,strict_dup_group_00187,False
train_0232.png,0,dup_group_00188,NORMAL,1,keep,strict_dup_group_00188,False
train_0233.png,0,dup_group_00189,NORMAL,1,keep,strict_dup_group_00189,False
train_0236.png,0,dup_group_00027,NORMAL,3,keep,strict_dup_group_00027,False
train_0240.png,0,dup_group_00194,NORMAL,5,keep,strict_dup_group_00194,False
train_0241.png,0,dup_group_00195,NORMAL,1,keep,strict_dup_group_00195,False
train_0243.png,0,dup_group_00003,NORMAL,88,split_large,strict_file_train_0243,False
train_0245.png,0,dup_group_00198,NORMAL,1,keep,strict_dup_group_00198,False
train_0248.png,0,dup_group_00117,NORMAL,4,keep,strict_dup_group_00117,False
train_0249.png,0,dup_group_00003,NORMAL,88,split_large,strict_file_train_0249,False
train_0250.png,0,dup_group_00003,NORMAL,88,split_large,strict_file_train_0250,False
train_0251.png,0,dup_group_00201,NORMAL,1,keep,strict_dup_group_00201,False
train_0252.png,0,dup_group_00202,NORMAL,1,keep,strict_dup_group_00202,False
train_0253.png,0,dup_group_00203,NORMAL,1,keep,strict_dup_group_00203,False
train_0254.png,0,dup_group_00204,NORMAL,1,keep,strict_dup_group_00204,False
train_0255.png,0,dup_group_00205,NORMAL,1,keep,strict_dup_group_00205,False
train_0257.png,0,dup_group_00207,NORMAL,1,keep,strict_dup_group_00207,False
train_0258.png,0,dup_group_00208,NORMAL,1,keep,strict_dup_group_00208,False
train_0261.png,0,dup_group_00210,NORMAL,2,keep,strict_dup_group_00210,False
train_0262.png,0,dup_group_00211,NORMAL,1,keep,strict_dup_group_00211,False
train_0263.png,0,dup_group_00212,NORMAL,1,keep,strict_dup_group_00212,False
train_0264.png,0,dup_group_00003,NORMAL,88,split_large,strict_file_train_0264,False
train_0267.png,0,dup_group_00214,NORMAL,1,keep,strict_dup_group_00214,False
train_0268.png,0,dup_group_00215,NORMAL,2,keep,strict_dup_group_00215,False
train_0271.png,0,dup_group_00217,NORMAL,1,keep,strict_dup_group_00217,False
train_0272.png,0,dup_group_00218,NORMAL,1,keep,strict_dup_group_00218,False
train_0273.png,0,dup_group_00219,NORMAL,3,keep,strict_dup_group_00219,False
train_0279.png,0,dup_group_00224,NORMAL,6,keep,strict_dup_group_00224,False
train_0282.png,0,dup_group_00226,NORMAL,3,keep,strict_dup_group_00226,False
train_0283.png,0,dup_group_00227,NORMAL,2,keep,strict_dup_group_00227,False
train_0285.png,0,dup_group_00228,NORMAL,1,keep,strict_dup_group_00228,False
train_0286.png,0,dup_group_00229,NORMAL,2,keep,strict_dup_group_00229,False
train_0289.png,0,dup_group_00231,NORMAL,1,keep,strict_dup_group_00231,False
train_0290.png,0,dup_group_00232,NORMAL,1,keep,strict_dup_group_00232,False
train_0291.png,0,dup_group_00233,NORMAL,5,keep,strict_dup_group_00233,False
train_0293.png,0,dup_group_00235,NORMAL,1,keep,strict_dup_group_00235,False
train_0294.png,0,dup_group_00236,NORMAL,1,keep,strict_dup_group_00236,False
train_0297.png,0,dup_group_00075,NORMAL,5,keep,strict_dup_group_00075,False
train_0298.png,0,dup_group_00238,NORMAL,1,keep,strict_dup_group_00238,False
train_0300.png,0,dup_group_00240,NORMAL,4,keep,strict_dup_group_00240,False
train_0301.png,0,dup_group_00241,NORMAL,1,keep,strict_dup_group_00241,False
train_0302.png,0,dup_group_00004,NORMAL,6,keep,strict_dup_group_00004,False
train_0303.png,0,dup_group_00242,NORMAL,1,keep,strict_dup_group_00242,False
train_0304.png,0,dup_group_00243,NORMAL,1,keep,strict_dup_group_00243,False
train_0306.png,0,dup_group_00003,NORMAL,88,split_large,strict_file_train_0306,False
train_0308.png,0,dup_group_00245,NORMAL,1,keep,strict_dup_group_00245,False
train_0309.png,0,dup_group_00117,NORMAL,4,keep,strict_dup_group_00117,False
train_0311.png,0,dup_group_00247,NORMAL,1,keep,strict_dup_group_00247,False
train_0313.png,0,dup_group_00249,NORMAL,1,keep,strict_dup_group_00249,False
train_0314.png,0,dup_group_00177,NORMAL,8,keep,strict_dup_group_00177,False
train_0317.png,0,dup_group_00252,NORMAL,1,keep,strict_dup_group_00252,False
train_0320.png,0,dup_group_00254,NORMAL,1,keep,strict_dup_group_00254,False
train_0322.png,0,dup_group_00255,NORMAL,1,keep,strict_dup_group_00255,False
train_0323.png,0,dup_group_00256,NORMAL,1,keep,strict_dup_group_00256,False
train_0327.png,0,dup_group_00259,NORMAL,2,keep,strict_dup_group_00259,False
train_0328.png,0,dup_group_00003,NORMAL,88,split_large,strict_file_train_0328,False
train_0330.png,0,dup_group_00260,NORMAL,1,keep,strict_dup_group_00260,False
train_0331.png,0,dup_group_00261,NORMAL,1,keep,strict_dup_group_00261,False
train_0332.png,0,dup_group_00262,NORMAL,1,keep,strict_dup_group_00262,False
train_0333.png,0,dup_group_00263,NORMAL,1,keep,strict_dup_group_00263,False
train_0334.png,0,dup_group_00264,NORMAL,2,keep,strict_dup_group_00264,False
train_0335.png,0,dup_group_00265,NORMAL,1,keep,strict_dup_group_00265,False
train_0337.png,0,dup_group_00137,NORMAL,4,keep,strict_dup_group_00137,False
train_0340.png,0,dup_group_00269,NORMAL,1,keep,strict_dup_group_00269,False
train_0343.png,0,dup_group_00272,NORMAL,4,keep,strict_dup_group_00272,False
train_0344.png,0,dup_group_00003,NORMAL,88,split_large,strict_file_train_0344,False
train_0345.png,0,dup_group_00273,NORMAL,1,keep,strict_dup_group_00273,False
train_0346.png,0,dup_group_00274,NORMAL,1,keep,strict_dup_group_00274,False
train_0347.png,0,dup_group_00275,NORMAL,2,keep,strict_dup_group_00275,False
train_0348.png,0,dup_group_00003,NORMAL,88,split_large,strict_file_train_0348,False
train_0349.png,0,dup_group_00276,NORMAL,1,keep,strict_dup_group_00276,False
train_0351.png,0,dup_group_00278,NORMAL,1,keep,strict_dup_group_00278,False
train_0352.png,0,dup_group_00279,NORMAL,1,keep,strict_dup_group_00279,False
train_0357.png,0,dup_group_00282,NORMAL,1,keep,strict_dup_group_00282,False
train_0358.png,0,dup_group_00003,NORMAL,88,split_large,strict_file_train_0358,False
train_0359.png,0,dup_group_00283,NORMAL,1,keep,strict_dup_group_00283,False
train_0363.png,0,dup_group_00286,NORMAL,2,keep,strict_dup_group_00286,False
train_0364.png,0,dup_group_00287,NORMAL,1,keep,strict_dup_group_00287,False
train_0365.png,0,dup_group_00288,NORMAL,1,keep,strict_dup_group_00288,False
train_0371.png,0,dup_group_00240,NORMAL,4,keep,strict_dup_group_00240,False
train_0373.png,0,dup_group_00293,NORMAL,3,keep,strict_dup_group_00293,False
train_0375.png,0,dup_group_00295,NORMAL,1,keep,strict_dup_group_00295,False
train_0378.png,0,dup_group_00023,NORMAL,2,keep,strict_dup_group_00023,False
train_0380.png,0,dup_group_00003,NORMAL,88,split_large,strict_file_train_0380,False
train_0381.png,0,dup_group_00298,NORMAL,1,keep,strict_dup_group_00298,False
train_0382.png,0,dup_group_00299,NORMAL,1,keep,strict_dup_group_00299,False
train_0383.png,0,dup_group_00300,NORMAL,2,keep,strict_dup_group_00300,False
train_0384.png,0,dup_group_00301,NORMAL,1,keep,strict_dup_group_00301,False
train_0385.png,0,dup_group_00302,NORMAL,10,keep,strict_dup_group_00302,False
train_0387.png,0,dup_group_00304,NORMAL,1,keep,strict_dup_group_00304,False
train_0388.png,0,dup_group_00305,NORMAL,2,keep,strict_dup_group_00305,False
train_0389.png,0,dup_group_00306,NORMAL,1,keep,strict_dup_group_00306,False
train_0390.png,0,dup_group_00029,NORMAL,13,keep,strict_dup_group_00029,False
train_0391.png,0,dup_group_00307,NORMAL,1,keep,strict_dup_group_00307,False
train_0393.png,0,dup_group_00308,NORMAL,1,keep,strict_dup_group_00308,False
train_0394.png,0,dup_group_00309,NORMAL,3,keep,strict_dup_group_00309,False
train_0395.png,0,dup_group_00029,NORMAL,13,keep,strict_dup_group_00029,False
train_0397.png,0,dup_group_00311,NORMAL,1,keep,strict_dup_group_00311,False
train_0398.png,0,dup_group_00003,NORMAL,88,split_large,strict_file_train_0398,False
train_0399.png,0,dup_group_00312,NORMAL,2,keep,strict_dup_group_00312,False
train_0401.png,0,dup_group_00003,NORMAL,88,split_large,strict_file_train_0401,False
train_0402.png,0,dup_group_00314,NORMAL,1,keep,strict_dup_group_00314,False
train_0404.png,0,dup_group_00316,NORMAL,2,keep,strict_dup_group_00316,False
train_0405.png,0,dup_group_00240,NORMAL,4,keep,strict_dup_group_00240,False
train_0406.png,0,dup_group_00317,NORMAL,1,keep,strict_dup_group_00317,False
train_0407.png,0,dup_group_00318,NORMAL,1,keep,strict_dup_group_00318,False
train_0408.png,0,dup_group_00319,NORMAL,1,keep,strict_dup_group_00319,False
train_0410.png,0,dup_group_00003,NORMAL,88,split_large,strict_file_train_0410,False
train_0412.png,0,dup_group_00322,NORMAL,1,keep,strict_dup_group_00322,False
train_0413.png,0,dup_group_00187,NORMAL,2,keep,strict_dup_group_00187,False
train_0414.png,0,dup_group_00032,NORMAL,3,keep,strict_dup_group_00032,False
train_0417.png,0,dup_group_00003,NORMAL,88,split_large,strict_file_train_0417,False
train_0418.png,0,dup_group_00325,NORMAL,1,keep,strict_dup_group_00325,False
train_0419.png,0,dup_group_00326,NORMAL,1,keep,strict_dup_group_00326,False
train_0421.png,0,dup_group_00328,NORMAL,1,keep,strict_dup_group_00328,False
train_0423.png,0,dup_group_00330,NORMAL,9,keep,strict_dup_group_00330,False
train_0426.png,0,dup_group_00113,NORMAL,2,keep,strict_dup_group_00113,False
train_0427.png,0,dup_group_00332,NORMAL,1,keep,strict_dup_group_00332,False
train_0428.png,0,dup_group_00333,NORMAL,1,keep,strict_dup_group_00333,False
train_0429.png,0,dup_group_00240,NORMAL,4,keep,strict_dup_group_00240,False
train_0431.png,0,dup_group_00334,NORMAL,1,keep,strict_dup_group_00334,False
train_0432.png,0,dup_group_00330,NORMAL,9,keep,strict_dup_group_00330,False
train_0434.png,0,dup_group_00335,NORMAL,1,keep,strict_dup_group_00335,False
train_0437.png,0,dup_group_00016,NORMAL,8,keep,strict_dup_group_00016,False
train_0439.png,0,dup_group_00338,NORMAL,1,keep,strict_dup_group_00338,False
train_0440.png,0,dup_group_00339,NORMAL,1,keep,strict_dup_group_00339,False
train_0441.png,0,dup_group_00340,NORMAL,1,keep,strict_dup_group_00340,False
train_0442.png,0,dup_group_00341,NORMAL,1,keep,strict_dup_group_00341,False
train_0443.png,0,dup_group_00342,NORMAL,1,keep,strict_dup_group_00342,False
train_0444.png,0,dup_group_00343,NORMAL,3,keep,strict_dup_group_00343,False
train_0445.png,0,dup_group_00344,NORMAL,1,keep,strict_dup_group_00344,False
train_0446.png,0,dup_group_00345,NORMAL,1,keep,strict_dup_group_00345,False
train_0447.png,0,dup_group_00346,NORMAL,1,keep,strict_dup_group_00346,False
train_0449.png,0,dup_group_00348,NORMAL,1,keep,strict_dup_group_00348,False
train_0450.png,0,dup_group_00349,NORMAL,1,keep,strict_dup_group_00349,False
train_0451.png,0,dup_group_00350,NORMAL,2,keep,strict_dup_group_00350,False
train_0453.png,0,dup_group_00003,NORMAL,88,split_large,strict_file_train_0453,False
train_0454.png,0,dup_group_00352,NORMAL,3,keep,strict_dup_group_00352,False
train_0455.png,0,dup_group_00353,NORMAL,1,keep,strict_dup_group_00353,False
train_0456.png,0,dup_group_00354,NORMAL,1,keep,strict_dup_group_00354,False
train_0457.png,0,dup_group_00355,NORMAL,2,keep,strict_dup_group_00355,False
train_0458.png,0,dup_group_00356,NORMAL,4,keep,strict_dup_group_00356,False
train_0459.png,0,dup_group_00016,NORMAL,8,keep,strict_dup_group_00016,False
train_0460.png,0,dup_group_00357,NORMAL,3,keep,strict_dup_group_00357,False
train_0461.png,0,dup_group_00358,NORMAL,2,keep,strict_dup_group_00358,False
train_0462.png,0,dup_group_00359,NORMAL,1,keep,strict_dup_group_00359,False
train_0463.png,0,dup_group_00360,NORMAL,1,keep,strict_dup_group_00360,False
train_0465.png,0,dup_group_00362,NORMAL,2,keep,strict_dup_group_00362,False
train_0467.png,0,dup_group_00364,NORMAL,1,keep,strict_dup_group_00364,False
train_0468.png,0,dup_group_00365,NORMAL,1,keep,strict_dup_group_00365,False
train_0469.png,0,dup_group_00115,NORMAL,13,keep,strict_dup_group_00115,False
train_0470.png,0,dup_group_00177,NORMAL,8,keep,strict_dup_group_00177,False
train_0472.png,0,dup_group_00115,NORMAL,13,keep,strict_dup_group_00115,False
train_0475.png,0,dup_group_00006,NORMAL,8,keep,strict_dup_group_00006,False
train_0476.png,0,dup_group_00368,NORMAL,1,keep,strict_dup_group_00368,False
train_0477.png,0,dup_group_00006,NORMAL,8,keep,strict_dup_group_00006,False
train_0478.png,0,dup_group_00369,NORMAL,1,keep,strict_dup_group_00369,False
train_0479.png,0,dup_group_00370,NORMAL,3,keep,strict_dup_group_00370,False
train_0481.png,0,dup_group_00219,NORMAL,3,keep,strict_dup_group_00219,False
train_0483.png,0,dup_group_00371,NORMAL,1,keep,strict_dup_group_00371,False
train_0485.png,0,dup_group_00372,NORMAL,3,keep,strict_dup_group_00372,False
train_0486.png,0,dup_group_00352,NORMAL,3,keep,strict_dup_group_00352,False
train_0488.png,0,dup_group_00177,NORMAL,8,keep,strict_dup_group_00177,False
train_0489.png,0,dup_group_00374,NORMAL,1,keep,strict_dup_group_00374,False
train_0490.png,0,dup_group_00300,NORMAL,2,keep,strict_dup_group_00300,False
train_0491.png,0,dup_group_00375,NORMAL,1,keep,strict_dup_group_00375,False
train_0492.png,0,dup_group_00376,NORMAL,4,keep,strict_dup_group_00376,False
train_0493.png,0,dup_group_00100,NORMAL,8,keep,strict_dup_group_00100,False
train_0495.png,0,dup_group_00378,NORMAL,1,keep,strict_dup_group_00378,False
train_0498.png,0,dup_group_00380,NORMAL,1,keep,strict_dup_group_00380,False
train_0499.png,0,dup_group_00381,NORMAL,1,keep,strict_dup_group_00381,False
train_0501.png,0,dup_group_00383,NORMAL,1,keep,strict_dup_group_00383,False
train_0502.png,0,dup_group_00384,NORMAL,1,keep,strict_dup_group_00384,False
train_0504.png,0,dup_group_00386,NORMAL,1,keep,strict_dup_group_00386,False
train_0505.png,0,dup_group_00029,NORMAL,13,keep,strict_dup_group_00029,False
train_0507.png,0,dup_group_00388,NORMAL,1,keep,strict_dup_group_00388,False
train_0511.png,0,dup_group_00029,NORMAL,13,keep,strict_dup_group_00029,False
train_0512.png,0,dup_group_00392,NORMAL,7,keep,strict_dup_group_00392,False
train_0513.png,0,dup_group_00393,NORMAL,1,keep,strict_dup_group_00393,False
train_0514.png,0,dup_group_00394,NORMAL,3,keep,strict_dup_group_00394,False
train_0515.png,0,dup_group_00395,NORMAL,1,keep,strict_dup_group_00395,False
train_0516.png,0,dup_group_00396,NORMAL,1,keep,strict_dup_group_00396,False
train_0518.png,0,dup_group_00398,NORMAL,1,keep,strict_dup_group_00398,False
train_0522.png,0,dup_group_00400,NORMAL,1,keep,strict_dup_group_00400,False
train_0523.png,0,dup_group_00401,NORMAL,1,keep,strict_dup_group_00401,False
train_0527.png,0,dup_group_00003,NORMAL,88,split_large,strict_file_train_0527,False
train_0528.png,0,dup_group_00402,NORMAL,1,keep,strict_dup_group_00402,False
train_0529.png,0,dup_group_00403,NORMAL,1,keep,strict_dup_group_00403,False
train_0530.png,0,dup_group_00003,NORMAL,88,split_large,strict_file_train_0530,False
train_0532.png,0,dup_group_00405,NORMAL,1,keep,strict_dup_group_00405,False
train_0533.png,0,dup_group_00069,NORMAL,18,keep,strict_dup_group_00069,False
train_0535.png,0,dup_group_00407,NORMAL,1,keep,strict_dup_group_00407,False
train_0536.png,0,dup_group_00408,NORMAL,1,keep,strict_dup_group_00408,False
train_0538.png,0,dup_group_00410,NORMAL,1,keep,strict_dup_group_00410,False
train_0539.png,0,dup_group_00411,NORMAL,1,keep,strict_dup_group_00411,False
train_0540.png,0,dup_group_00412,NORMAL,1,keep,strict_dup_group_00412,False
train_0542.png,0,dup_group_00414,NORMAL,1,keep,strict_dup_group_00414,False
train_0544.png,0,dup_group_00415,NORMAL,1,keep,strict_dup_group_00415,False
train_0545.png,0,dup_group_00416,NORMAL,2,keep,strict_dup_group_00416,False
train_0546.png,0,dup_group_00417,NORMAL,1,keep,strict_dup_group_00417,False
train_0547.png,0,dup_group_00418,NORMAL,1,keep,strict_dup_group_00418,False
train_0548.png,0,dup_group_00419,NORMAL,1,keep,strict_dup_group_00419,False
train_0549.png,0,dup_group_00420,NORMAL,2,keep,strict_dup_group_00420,False
train_0551.png,0,dup_group_00003,NORMAL,88,split_large,strict_file_train_0551,False
train_0552.png,0,dup_group_00003,NORMAL,88,split_large,strict_file_train_0552,False
train_0554.png,0,dup_group_00423,NORMAL,1,keep,strict_dup_group_00423,False
train_0558.png,0,dup_group_00392,NORMAL,7,keep,strict_dup_group_00392,False
train_0560.png,0,dup_group_00427,NORMAL,7,keep,strict_dup_group_00427,False
train_0561.png,0,dup_group_00428,NORMAL,1,keep,strict_dup_group_00428,False
train_0563.png,0,dup_group_00151,NORMAL,2,keep,strict_dup_group_00151,False
train_0564.png,0,dup_group_00003,NORMAL,88,split_large,strict_file_train_0564,False
train_0565.png,0,dup_group_00429,NORMAL,1,keep,strict_dup_group_00429,False
train_0566.png,0,dup_group_00430,NORMAL,1,keep,strict_dup_group_00430,False
train_0567.png,0,dup_group_00431,NORMAL,1,keep,strict_dup_group_00431,False
train_0568.png,0,dup_group_00427,NORMAL,7,keep,strict_dup_group_00427,False
train_0569.png,0,dup_group_00177,NORMAL,8,keep,strict_dup_group_00177,False
train_0570.png,0,dup_group_00432,NORMAL,1,keep,strict_dup_group_00432,False
train_0571.png,0,dup_group_00433,NORMAL,1,keep,strict_dup_group_00433,False
train_0574.png,0,dup_group_00434,NORMAL,2,keep,strict_dup_group_00434,False
train_0576.png,0,dup_group_00436,NORMAL,1,keep,strict_dup_group_00436,False
train_0577.png,0,dup_group_00437,NORMAL,1,keep,strict_dup_group_00437,False
train_0579.png,0,dup_group_00438,NORMAL,1,keep,strict_dup_group_00438,False
train_0580.png,0,dup_group_00003,NORMAL,88,split_large,strict_file_train_0580,False
train_0581.png,0,dup_group_00439,NORMAL,3,keep,strict_dup_group_00439,False
train_0582.png,0,dup_group_00440,NORMAL,2,keep,strict_dup_group_00440,False
train_0583.png,0,dup_group_00441,NORMAL,1,keep,strict_dup_group_00441,False
train_0584.png,0,dup_group_00016,NORMAL,8,keep,strict_dup_group_00016,False
train_0585.png,0,dup_group_00003,NORMAL,88,split_large,strict_file_train_0585,False
train_0587.png,0,dup_group_00443,NORMAL,2,keep,strict_dup_group_00443,False
train_0590.png,0,dup_group_00445,NORMAL,4,keep,strict_dup_group_00445,False
train_0591.png,0,dup_group_00446,NORMAL,1,keep,strict_dup_group_00446,False
train_0593.png,0,dup_group_00448,NORMAL,1,keep,strict_dup_group_00448,False
train_0595.png,0,dup_group_00450,NORMAL,1,keep,strict_dup_group_00450,False
train_0598.png,0,dup_group_00453,NORMAL,1,keep,strict_dup_group_00453,False
train_0599.png,0,dup_group_00454,NORMAL,2,keep,strict_dup_group_00454,False
train_0600.png,0,dup_group_00455,NORMAL,1,keep,strict_dup_group_00455,False
train_0604.png,0,dup_group_00458,NORMAL,1,keep,strict_dup_group_00458,False
train_0605.png,0,dup_group_00459,NORMAL,1,keep,strict_dup_group_00459,False
train_0607.png,0,dup_group_00461,NORMAL,1,keep,strict_dup_group_00461,False
train_0609.png,0,dup_group_00462,NORMAL,3,keep,strict_dup_group_00462,False
train_0610.png,0,dup_group_00463,NORMAL,1,keep,strict_dup_group_00463,False
train_0611.png,0,dup_group_00003,NORMAL,88,split_large,strict_file_train_0611,False
train_0612.png,0,dup_group_00464,NORMAL,1,keep,strict_dup_group_00464,False
train_0615.png,0,dup_group_00466,NORMAL,1,keep,strict_dup_group_00466,False
train_0618.png,0,dup_group_00229,NORMAL,2,keep,strict_dup_group_00229,False
train_0619.png,0,dup_group_00467,NORMAL,1,keep,strict_dup_group_00467,False
train_0620.png,0,dup_group_00468,NORMAL,2,keep,strict_dup_group_00468,False
train_0621.png,0,dup_group_00469,NORMAL,1,keep,strict_dup_group_00469,False
train_0622.png,0,dup_group_00470,NORMAL,1,keep,strict_dup_group_00470,False
train_0623.png,0,dup_group_00014,NORMAL,3,keep,strict_dup_group_00014,False
train_0624.png,0,dup_group_00471,NORMAL,1,keep,strict_dup_group_00471,False
train_0625.png,0,dup_group_00472,NORMAL,1,keep,strict_dup_group_00472,False
train_0627.png,0,dup_group_00474,NORMAL,1,keep,strict_dup_group_00474,False
train_0628.png,0,dup_group_00475,NORMAL,1,keep,strict_dup_group_00475,False
train_0629.png,0,dup_group_00476,NORMAL,1,keep,strict_dup_group_00476,False
train_0630.png,0,dup_group_00477,NORMAL,1,keep,strict_dup_group_00477,False
train_0631.png,0,dup_group_00478,NORMAL,1,keep,strict_dup_group_00478,False
train_0632.png,0,dup_group_00006,NORMAL,8,keep,strict_dup_group_00006,False
train_0638.png,0,dup_group_00483,NORMAL,1,keep,strict_dup_group_00483,False
train_0639.png,0,dup_group_00484,NORMAL,1,keep,strict_dup_group_00484,False
train_0641.png,0,dup_group_00486,NORMAL,1,keep,strict_dup_group_00486,False
train_0642.png,0,dup_group_00487,NORMAL,1,keep,strict_dup_group_00487,False
train_0644.png,0,dup_group_00488,NORMAL,1,keep,strict_dup_group_00488,False
train_0645.png,0,dup_group_00370,NORMAL,3,keep,strict_dup_group_00370,False
train_0646.png,0,dup_group_00489,NORMAL,1,keep,strict_dup_group_00489,False
train_0648.png,0,dup_group_00491,NORMAL,1,keep,strict_dup_group_00491,False
train_0651.png,0,dup_group_00376,NORMAL,4,keep,strict_dup_group_00376,False
train_0653.png,0,dup_group_00138,NORMAL,6,keep,strict_dup_group_00138,False
train_0654.png,0,dup_group_00493,NORMAL,1,keep,strict_dup_group_00493,False
train_0655.png,0,dup_group_00494,NORMAL,1,keep,strict_dup_group_00494,False
train_0656.png,0,dup_group_00427,NORMAL,7,keep,strict_dup_group_00427,False
train_0658.png,0,dup_group_00075,NORMAL,5,keep,strict_dup_group_00075,False
train_0659.png,0,dup_group_00037,NORMAL,6,keep,strict_dup_group_00037,False
train_0661.png,0,dup_group_00497,NORMAL,3,keep,strict_dup_group_00497,False
train_0662.png,0,dup_group_00069,NORMAL,18,keep,strict_dup_group_00069,False
train_0663.png,0,dup_group_00003,NORMAL,88,split_large,strict_file_train_0663,False
train_0664.png,0,dup_group_00498,NORMAL,1,keep,strict_dup_group_00498,False
train_0665.png,0,dup_group_00499,NORMAL,1,keep,strict_dup_group_00499,False
train_0667.png,0,dup_group_00352,NORMAL,3,keep,strict_dup_group_00352,False
train_0668.png,0,dup_group_00500,NORMAL,1,keep,strict_dup_group_00500,False
train_0669.png,0,dup_group_00501,NORMAL,1,keep,strict_dup_group_00501,False
train_0671.png,0,dup_group_00078,NORMAL,2,keep,strict_dup_group_00078,False
train_0672.png,0,dup_group_00503,NORMAL,1,keep,strict_dup_group_00503,False
train_0673.png,0,dup_group_00504,NORMAL,1,keep,strict_dup_group_00504,False
train_0674.png,0,dup_group_00505,NORMAL,1,keep,strict_dup_group_00505,False
train_0675.png,0,dup_group_00506,NORMAL,1,keep,strict_dup_group_00506,False
train_0676.png,0,dup_group_00507,NORMAL,1,keep,strict_dup_group_00507,False
train_0678.png,0,dup_group_00509,NORMAL,1,keep,strict_dup_group_00509,False
train_0679.png,0,dup_group_00510,NORMAL,1,keep,strict_dup_group_00510,False
train_0681.png,0,dup_group_00512,NORMAL,1,keep,strict_dup_group_00512,False
train_0683.png,0,dup_group_00514,NORMAL,1,keep,strict_dup_group_00514,False
train_0684.png,0,dup_group_00515,NORMAL,1,keep,strict_dup_group_00515,False
train_0685.png,0,dup_group_00003,NORMAL,88,split_large,strict_file_train_0685,False
train_0686.png,0,dup_group_00516,NORMAL,1,keep,strict_dup_group_00516,False
train_0687.png,0,dup_group_00215,NORMAL,2,keep,strict_dup_group_00215,False
train_0688.png,0,dup_group_00517,NORMAL,9,keep,strict_dup_group_00517,False
train_0691.png,0,dup_group_00520,NORMAL,1,keep,strict_dup_group_00520,False
train_0692.png,0,dup_group_00521,NORMAL,1,keep,strict_dup_group_00521,False
train_0693.png,0,dup_group_00006,NORMAL,8,keep,strict_dup_group_00006,False
train_0694.png,0,dup_group_00356,NORMAL,4,keep,strict_dup_group_00356,False
train_0696.png,0,dup_group_00522,NORMAL,1,keep,strict_dup_group_00522,False
train_0697.png,0,dup_group_00523,NORMAL,1,keep,strict_dup_group_00523,False
train_0698.png,0,dup_group_00524,NORMAL,2,keep,strict_dup_group_00524,False
train_0699.png,0,dup_group_00525,NORMAL,1,keep,strict_dup_group_00525,False
train_0702.png,0,dup_group_00309,NORMAL,3,keep,strict_dup_group_00309,False
train_0703.png,0,dup_group_00527,NORMAL,1,keep,strict_dup_group_00527,False
train_0705.png,0,dup_group_00528,NORMAL,1,keep,strict_dup_group_00528,False
train_0707.png,0,dup_group_00529,NORMAL,1,keep,strict_dup_group_00529,False
train_0708.png,0,dup_group_00154,NORMAL,2,keep,strict_dup_group_00154,False
train_0709.png,0,dup_group_00530,NORMAL,1,keep,strict_dup_group_00530,False
train_0711.png,0,dup_group_00532,NORMAL,1,keep,strict_dup_group_00532,False
train_0713.png,0,dup_group_00264,NORMAL,2,keep,strict_dup_group_00264,False
train_0714.png,0,dup_group_00302,NORMAL,10,keep,strict_dup_group_00302,False
train_0715.png,0,dup_group_00534,NORMAL,1,keep,strict_dup_group_00534,False
train_0716.png,0,dup_group_00535,NORMAL,1,keep,strict_dup_group_00535,False
train_0719.png,0,dup_group_00538,NORMAL,1,keep,strict_dup_group_00538,False
train_0724.png,0,dup_group_00543,NORMAL,1,keep,strict_dup_group_00543,False
train_0725.png,0,dup_group_00544,NORMAL,1,keep,strict_dup_group_00544,False
train_0728.png,0,dup_group_00357,NORMAL,3,keep,strict_dup_group_00357,False
train_0730.png,0,dup_group_00546,NORMAL,1,keep,strict_dup_group_00546,False
train_0731.png,0,dup_group_00547,NORMAL,4,keep,strict_dup_group_00547,False
train_0732.png,0,dup_group_00548,NORMAL,1,keep,strict_dup_group_00548,False
train_0734.png,0,dup_group_00550,NORMAL,1,keep,strict_dup_group_00550,False
train_0736.png,0,dup_group_00551,NORMAL,1,keep,strict_dup_group_00551,False
train_0737.png,0,dup_group_00100,NORMAL,8,keep,strict_dup_group_00100,False
train_0738.png,0,dup_group_00003,NORMAL,88,split_large,strict_file_train_0738,False
train_0739.png,0,dup_group_00552,NORMAL,1,keep,strict_dup_group_00552,False
train_0742.png,0,dup_group_00555,NORMAL,1,keep,strict_dup_group_00555,False
train_0743.png,0,dup_group_00556,NORMAL,1,keep,strict_dup_group_00556,False
train_0744.png,0,dup_group_00557,NORMAL,1,keep,strict_dup_group_00557,False
train_0745.png,0,dup_group_00226,NORMAL,3,keep,strict_dup_group_00226,False
train_0746.png,0,dup_group_00558,NORMAL,1,keep,strict_dup_group_00558,False
train_0747.png,0,dup_group_00559,NORMAL,1,keep,strict_dup_group_00559,False
train_0748.png,0,dup_group_00560,NORMAL,1,keep,strict_dup_group_00560,False
train_0751.png,0,dup_group_00563,NORMAL,1,keep,strict_dup_group_00563,False
train_0752.png,0,dup_group_00564,NORMAL,1,keep,strict_dup_group_00564,False
train_0754.png,0,dup_group_00566,NORMAL,2,keep,strict_dup_group_00566,False
train_0755.png,0,dup_group_00566,NORMAL,2,keep,strict_dup_group_00566,False
train_0756.png,0,dup_group_00567,NORMAL,1,keep,strict_dup_group_00567,False
train_0758.png,0,dup_group_00194,NORMAL,5,keep,strict_dup_group_00194,False
train_0759.png,0,dup_group_00568,NORMAL,1,keep,strict_dup_group_00568,False
train_0761.png,0,dup_group_00570,NORMAL,1,keep,strict_dup_group_00570,False
train_0762.png,0,dup_group_00571,NORMAL,1,keep,strict_dup_group_00571,False
train_0763.png,0,dup_group_00293,NORMAL,3,keep,strict_dup_group_00293,False
train_0764.png,0,dup_group_00572,NORMAL,1,keep,strict_dup_group_00572,False
train_0765.png,0,dup_group_00573,NORMAL,2,keep,strict_dup_group_00573,False
train_0766.png,0,dup_group_00574,NORMAL,1,keep,strict_dup_group_00574,False
train_0767.png,0,dup_group_00575,NORMAL,2,keep,strict_dup_group_00575,False
train_0769.png,0,dup_group_00577,NORMAL,1,keep,strict_dup_group_00577,False
train_0770.png,0,dup_group_00578,NORMAL,3,keep,strict_dup_group_00578,False
train_0771.png,0,dup_group_00579,NORMAL,1,keep,strict_dup_group_00579,False
train_0772.png,0,dup_group_00580,NORMAL,1,keep,strict_dup_group_00580,False
train_0774.png,0,dup_group_00582,NORMAL,1,keep,strict_dup_group_00582,False
train_0775.png,0,dup_group_00583,NORMAL,1,keep,strict_dup_group_00583,False
train_0776.png,0,dup_group_00584,NORMAL,1,keep,strict_dup_group_00584,False
train_0777.png,0,dup_group_00585,NORMAL,1,keep,strict_dup_group_00585,False
train_0780.png,0,dup_group_00588,NORMAL,1,keep,strict_dup_group_00588,False
train_0783.png,0,dup_group_00591,NORMAL,1,keep,strict_dup_group_00591,False
train_0784.png,0,dup_group_00592,NORMAL,1,keep,strict_dup_group_00592,False
train_0785.png,0,dup_group_00593,NORMAL,1,keep,strict_dup_group_00593,False
train_0787.png,0,dup_group_00595,NORMAL,1,keep,strict_dup_group_00595,False
train_0789.png,0,dup_group_00596,NORMAL,1,keep,strict_dup_group_00596,False
train_0790.png,0,dup_group_00597,NORMAL,1,keep,strict_dup_group_00597,False
train_0791.png,0,dup_group_00598,NORMAL,1,keep,strict_dup_group_00598,False
train_0793.png,0,dup_group_00600,NORMAL,1,keep,strict_dup_group_00600,False
train_0795.png,0,dup_group_00003,NORMAL,88,split_large,strict_file_train_0795,False
train_0796.png,0,dup_group_00602,NORMAL,1,keep,strict_dup_group_00602,False
train_0797.png,0,dup_group_00603,NORMAL,1,keep,strict_dup_group_00603,False
train_0799.png,0,dup_group_00392,NORMAL,7,keep,strict_dup_group_00392,False
train_0800.png,0,dup_group_00604,NORMAL,1,keep,strict_dup_group_00604,False
train_0802.png,0,dup_group_00316,NORMAL,2,keep,strict_dup_group_00316,False
train_0803.png,0,dup_group_00606,NORMAL,1,keep,strict_dup_group_00606,False
train_0804.png,0,dup_group_00607,NORMAL,1,keep,strict_dup_group_00607,False
train_0805.png,0,dup_group_01042,NORMAL,18,keep,strict_dup_group_01042,False
train_0806.png,0,dup_group_00608,NORMAL,1,keep,strict_dup_group_00608,False
train_0807.png,0,dup_group_00609,NORMAL,2,keep,strict_dup_group_00609,False
train_0808.png,0,dup_group_00610,NORMAL,1,keep,strict_dup_group_00610,False
train_0809.png,0,dup_group_00611,NORMAL,1,keep,strict_dup_group_00611,False
train_0811.png,0,dup_group_00613,NORMAL,1,keep,strict_dup_group_00613,False
train_0813.png,0,dup_group_00614,NORMAL,1,keep,strict_dup_group_00614,False
train_0814.png,0,dup_group_00615,NORMAL,1,keep,strict_dup_group_00615,False
train_0816.png,0,dup_group_00616,NORMAL,1,keep,strict_dup_group_00616,False
train_0817.png,0,dup_group_00617,NORMAL,1,keep,strict_dup_group_00617,False
train_0823.png,0,dup_group_00621,NORMAL,1,keep,strict_dup_group_00621,False
train_0825.png,0,dup_group_00623,NORMAL,2,keep,strict_dup_group_00623,False
train_0827.png,0,dup_group_00357,NORMAL,3,keep,strict_dup_group_00357,False
train_0828.png,0,dup_group_00625,NORMAL,1,keep,strict_dup_group_00625,False
train_0831.png,0,dup_group_00628,NORMAL,1,keep,strict_dup_group_00628,False
train_0832.png,0,dup_group_00286,NORMAL,2,keep,strict_dup_group_00286,False
train_0834.png,0,dup_group_00629,NORMAL,1,keep,strict_dup_group_00629,False
train_0836.png,0,dup_group_00032,NORMAL,3,keep,strict_dup_group_00032,False
train_0837.png,0,dup_group_00631,NORMAL,1,keep,strict_dup_group_00631,False
train_0838.png,0,dup_group_00632,NORMAL,3,keep,strict_dup_group_00632,False
train_0839.png,0,dup_group_00633,NORMAL,1,keep,strict_dup_group_00633,False
train_0844.png,0,dup_group_00115,NORMAL,13,keep,strict_dup_group_00115,False
train_0845.png,0,dup_group_00635,NORMAL,1,keep,strict_dup_group_00635,False
train_0848.png,0,dup_group_00638,NORMAL,1,keep,strict_dup_group_00638,False
train_0849.png,0,dup_group_00639,NORMAL,4,keep,strict_dup_group_00639,False
train_0850.png,0,dup_group_00640,NORMAL,1,keep,strict_dup_group_00640,False
train_0851.png,0,dup_group_00029,NORMAL,13,keep,strict_dup_group_00029,False
train_0853.png,0,dup_group_00642,NORMAL,1,keep,strict_dup_group_00642,False
train_0854.png,0,dup_group_00643,NORMAL,1,keep,strict_dup_group_00643,False
train_0856.png,0,dup_group_00006,NORMAL,8,keep,strict_dup_group_00006,False
train_0858.png,0,dup_group_00646,NORMAL,1,keep,strict_dup_group_00646,False
train_0859.png,0,dup_group_00647,NORMAL,1,keep,strict_dup_group_00647,False
train_0861.png,0,dup_group_00639,NORMAL,4,keep,strict_dup_group_00639,False
train_0862.png,0,dup_group_00649,NORMAL,2,keep,strict_dup_group_00649,False
train_0864.png,0,dup_group_00650,NORMAL,1,keep,strict_dup_group_00650,False
train_0865.png,0,dup_group_00100,NORMAL,8,keep,strict_dup_group_00100,False
train_0866.png,0,dup_group_00497,NORMAL,3,keep,strict_dup_group_00497,False
train_0869.png,0,dup_group_00652,NORMAL,1,keep,strict_dup_group_00652,False
train_0870.png,0,dup_group_00653,NORMAL,1,keep,strict_dup_group_00653,False
train_0872.png,0,dup_group_00003,NORMAL,88,split_large,strict_file_train_0872,False
train_0874.png,0,dup_group_00309,NORMAL,3,keep,strict_dup_group_00309,False
train_0875.png,0,dup_group_00656,NORMAL,1,keep,strict_dup_group_00656,False
train_0876.png,0,dup_group_00427,NORMAL,7,keep,strict_dup_group_00427,False
train_0878.png,0,dup_group_00657,NORMAL,1,keep,strict_dup_group_00657,False
train_0879.png,0,dup_group_00658,NORMAL,1,keep,strict_dup_group_00658,False
train_0880.png,0,dup_group_00659,NORMAL,1,keep,strict_dup_group_00659,False
train_0881.png,0,dup_group_00547,NORMAL,4,keep,strict_dup_group_00547,False
train_0882.png,0,dup_group_00660,NORMAL,1,keep,strict_dup_group_00660,False
train_0883.png,0,dup_group_00661,NORMAL,1,keep,strict_dup_group_00661,False
train_0884.png,0,dup_group_00468,NORMAL,2,keep,strict_dup_group_00468,False
train_0890.png,0,dup_group_00665,NORMAL,2,keep,strict_dup_group_00665,False
train_0892.png,0,dup_group_00667,NORMAL,1,keep,strict_dup_group_00667,False
train_0893.png,0,dup_group_00668,NORMAL,1,keep,strict_dup_group_00668,False
train_0894.png,0,dup_group_00669,NORMAL,1,keep,strict_dup_group_00669,False
train_0895.png,0,dup_group_00670,NORMAL,1,keep,strict_dup_group_00670,False
train_0896.png,0,dup_group_00427,NORMAL,7,keep,strict_dup_group_00427,False
train_0897.png,0,dup_group_00671,NORMAL,1,keep,strict_dup_group_00671,False
train_0899.png,0,dup_group_00100,NORMAL,8,keep,strict_dup_group_00100,False
train_0901.png,0,dup_group_00674,NORMAL,1,keep,strict_dup_group_00674,False
train_0903.png,0,dup_group_00675,NORMAL,1,keep,strict_dup_group_00675,False
train_0904.png,0,dup_group_00676,NORMAL,1,keep,strict_dup_group_00676,False
train_0906.png,0,dup_group_00678,NORMAL,1,keep,strict_dup_group_00678,False
train_0907.png,0,dup_group_00679,NORMAL,1,keep,strict_dup_group_00679,False
train_0908.png,0,dup_group_00680,NORMAL,1,keep,strict_dup_group_00680,False
train_0909.png,0,dup_group_00227,NORMAL,2,keep,strict_dup_group_00227,False
train_0910.png,0,dup_group_00014,NORMAL,3,keep,strict_dup_group_00014,False
train_0911.png,0,dup_group_00681,NORMAL,1,keep,strict_dup_group_00681,False
train_0912.png,0,dup_group_00682,NORMAL,1,keep,strict_dup_group_00682,False
train_0913.png,0,dup_group_00683,NORMAL,1,keep,strict_dup_group_00683,False
train_0915.png,0,dup_group_00685,NORMAL,1,keep,strict_dup_group_00685,False
train_0917.png,0,dup_group_00686,NORMAL,1,keep,strict_dup_group_00686,False
train_0918.png,0,dup_group_00687,NORMAL,1,keep,strict_dup_group_00687,False
train_0921.png,0,dup_group_00690,NORMAL,1,keep,strict_dup_group_00690,False
train_0922.png,0,dup_group_00691,NORMAL,1,keep,strict_dup_group_00691,False
train_0923.png,0,dup_group_00194,NORMAL,5,keep,strict_dup_group_00194,False
train_0924.png,0,dup_group_00692,NORMAL,1,keep,strict_dup_group_00692,False
train_0927.png,0,dup_group_00259,NORMAL,2,keep,strict_dup_group_00259,False
train_0930.png,0,dup_group_00697,NORMAL,1,keep,strict_dup_group_00697,False
train_0931.png,0,dup_group_00698,NORMAL,1,keep,strict_dup_group_00698,False
train_0933.png,0,dup_group_00699,NORMAL,1,keep,strict_dup_group_00699,False
train_0934.png,0,dup_group_00003,NORMAL,88,split_large,strict_file_train_0934,False
train_0935.png,0,dup_group_00013,NORMAL,2,keep,strict_dup_group_00013,False
train_0936.png,0,dup_group_00700,NORMAL,12,keep,strict_dup_group_00700,False
train_0939.png,0,dup_group_00702,NORMAL,1,keep,strict_dup_group_00702,False
train_0940.png,0,dup_group_00703,NORMAL,1,keep,strict_dup_group_00703,False
train_0941.png,0,dup_group_00427,NORMAL,7,keep,strict_dup_group_00427,False
train_0943.png,0,dup_group_00704,NORMAL,1,keep,strict_dup_group_00704,False
train_0945.png,0,dup_group_00705,NORMAL,1,keep,strict_dup_group_00705,False
train_0947.png,0,dup_group_00573,NORMAL,2,keep,strict_dup_group_00573,False
train_0949.png,0,dup_group_00177,NORMAL,8,keep,strict_dup_group_00177,False
train_0950.png,0,dup_group_00003,NORMAL,88,split_large,strict_file_train_0950,False
train_0951.png,0,dup_group_00708,NORMAL,1,keep,strict_dup_group_00708,False
train_0952.png,0,dup_group_00709,NORMAL,1,keep,strict_dup_group_00709,False
train_0953.png,0,dup_group_00710,NORMAL,1,keep,strict_dup_group_00710,False
train_0954.png,0,dup_group_00711,NORMAL,1,keep,strict_dup_group_00711,False
train_0955.png,0,dup_group_00427,NORMAL,7,keep,strict_dup_group_00427,False
train_0956.png,0,dup_group_00177,NORMAL,8,keep,strict_dup_group_00177,False
train_0957.png,0,dup_group_00712,NORMAL,1,keep,strict_dup_group_00712,False
train_0958.png,0,dup_group_00713,NORMAL,1,keep,strict_dup_group_00713,False
train_0959.png,0,dup_group_00233,NORMAL,5,keep,strict_dup_group_00233,False
train_0961.png,0,dup_group_00715,NORMAL,2,keep,strict_dup_group_00715,False
train_0964.png,0,dup_group_00718,NORMAL,1,keep,strict_dup_group_00718,False
train_0967.png,0,dup_group_00720,NORMAL,1,keep,strict_dup_group_00720,False
train_0968.png,0,dup_group_00392,NORMAL,7,keep,strict_dup_group_00392,False
train_0969.png,0,dup_group_00003,NORMAL,88,split_large,strict_file_train_0969,False
train_0971.png,0,dup_group_00721,NORMAL,1,keep,strict_dup_group_00721,False
train_0972.png,0,dup_group_00003,NORMAL,88,split_large,strict_file_train_0972,False
train_0973.png,0,dup_group_00722,NORMAL,1,keep,strict_dup_group_00722,False
train_0974.png,0,dup_group_00723,NORMAL,1,keep,strict_dup_group_00723,False
train_0975.png,0,dup_group_00724,NORMAL,1,keep,strict_dup_group_00724,False
train_0976.png,0,dup_group_00003,NORMAL,88,split_large,strict_file_train_0976,False
train_0977.png,0,dup_group_00725,NORMAL,1,keep,strict_dup_group_00725,False
train_0978.png,0,dup_group_00726,NORMAL,1,keep,strict_dup_group_00726,False
train_0981.png,0,dup_group_00728,NORMAL,1,keep,strict_dup_group_00728,False
train_0982.png,0,dup_group_00103,NORMAL,2,keep,strict_dup_group_00103,False
train_0983.png,0,dup_group_00729,NORMAL,1,keep,strict_dup_group_00729,False
train_0984.png,0,dup_group_00730,NORMAL,3,keep,strict_dup_group_00730,False
train_0987.png,0,dup_group_00733,NORMAL,1,keep,strict_dup_group_00733,False
train_0988.png,0,dup_group_00734,NORMAL,1,keep,strict_dup_group_00734,False
train_0989.png,0,dup_group_00735,NORMAL,1,keep,strict_dup_group_00735,False
train_0990.png,0,dup_group_00736,NORMAL,1,keep,strict_dup_group_00736,False
train_0991.png,0,dup_group_00737,NORMAL,1,keep,strict_dup_group_00737,False
train_0995.png,0,dup_group_00740,NORMAL,1,keep,strict_dup_group_00740,False
train_0997.png,0,dup_group_00742,NORMAL,2,keep,strict_dup_group_00742,False
train_0998.png,0,dup_group_00517,NORMAL,9,keep,strict_dup_group_00517,False
train_0999.png,0,dup_group_00743,NORMAL,1,keep,strict_dup_group_00743,False
train_1000.png,0,dup_group_00115,NORMAL,13,keep,strict_dup_group_00115,False
train_1001.png,0,dup_group_00744,NORMAL,1,keep,strict_dup_group_00744,False
train_1002.png,0,dup_group_00745,NORMAL,1,keep,strict_dup_group_00745,False
train_1003.png,0,dup_group_00016,NORMAL,8,keep,strict_dup_group_00016,False
train_1004.png,0,dup_group_00131,NORMAL,3,keep,strict_dup_group_00131,False
train_1005.png,0,dup_group_00746,NORMAL,1,keep,strict_dup_group_00746,False
train_1008.png,0,dup_group_00748,NORMAL,2,keep,strict_dup_group_00748,False
train_1010.png,0,dup_group_00730,NORMAL,3,keep,strict_dup_group_00730,False
train_1011.png,0,dup_group_00749,NORMAL,1,keep,strict_dup_group_00749,False
train_1013.png,0,dup_group_00751,NORMAL,1,keep,strict_dup_group_00751,False
train_1014.png,0,dup_group_00752,NORMAL,1,keep,strict_dup_group_00752,False
train_1016.png,0,dup_group_00754,NORMAL,1,keep,strict_dup_group_00754,False
train_1018.png,0,dup_group_00138,NORMAL,6,keep,strict_dup_group_00138,False
train_1019.png,0,dup_group_00003,NORMAL,88,split_large,strict_file_train_1019,False
train_1021.png,0,dup_group_00194,NORMAL,5,keep,strict_dup_group_00194,False
train_1022.png,0,dup_group_00756,NORMAL,1,keep,strict_dup_group_00756,False
train_1023.png,0,dup_group_00358,NORMAL,2,keep,strict_dup_group_00358,False
train_1024.png,0,dup_group_00757,NORMAL,1,keep,strict_dup_group_00757,False
train_1025.png,0,dup_group_00758,NORMAL,1,keep,strict_dup_group_00758,False
train_1029.png,0,dup_group_00762,NORMAL,1,keep,strict_dup_group_00762,False
train_1030.png,0,dup_group_00763,NORMAL,1,keep,strict_dup_group_00763,False
train_1032.png,0,dup_group_00765,NORMAL,1,keep,strict_dup_group_00765,False
train_1033.png,0,dup_group_00766,NORMAL,1,keep,strict_dup_group_00766,False
train_1034.png,0,dup_group_00767,NORMAL,1,keep,strict_dup_group_00767,False
train_1035.png,0,dup_group_00768,NORMAL,1,keep,strict_dup_group_00768,False
train_1037.png,0,dup_group_00770,NORMAL,1,keep,strict_dup_group_00770,False
train_1039.png,0,dup_group_00772,NORMAL,1,keep,strict_dup_group_00772,False
train_1040.png,0,dup_group_00773,NORMAL,1,keep,strict_dup_group_00773,False
train_1044.png,0,dup_group_00100,NORMAL,8,keep,strict_dup_group_00100,False
train_1045.png,0,dup_group_00776,NORMAL,1,keep,strict_dup_group_00776,False
train_1046.png,0,dup_group_00777,NORMAL,1,keep,strict_dup_group_00777,False
train_1047.png,0,dup_group_00177,NORMAL,8,keep,strict_dup_group_00177,False
train_1048.png,0,dup_group_00075,NORMAL,5,keep,strict_dup_group_00075,False
train_1049.png,0,dup_group_00778,NORMAL,1,keep,strict_dup_group_00778,False
train_1050.png,0,dup_group_00779,NORMAL,1,keep,strict_dup_group_00779,False
train_1051.png,0,dup_group_00003,NORMAL,88,split_large,strict_file_train_1051,False
train_1057.png,0,dup_group_00784,NORMAL,1,keep,strict_dup_group_00784,False
train_1058.png,0,dup_group_00003,NORMAL,88,split_large,strict_file_train_1058,False
train_1060.png,0,dup_group_00786,NORMAL,2,keep,strict_dup_group_00786,False
train_1062.png,0,dup_group_00788,NORMAL,1,keep,strict_dup_group_00788,False
train_1063.png,0,dup_group_00524,NORMAL,2,keep,strict_dup_group_00524,False
train_1066.png,0,dup_group_00790,NORMAL,1,keep,strict_dup_group_00790,False
train_1067.png,0,dup_group_00029,NORMAL,13,keep,strict_dup_group_00029,False
train_1068.png,0,dup_group_00791,NORMAL,1,keep,strict_dup_group_00791,False
train_1070.png,0,dup_group_00793,NORMAL,1,keep,strict_dup_group_00793,False
train_1073.png,0,dup_group_00795,NORMAL,1,keep,strict_dup_group_00795,False
train_1074.png,0,dup_group_00796,NORMAL,1,keep,strict_dup_group_00796,False
train_1075.png,0,dup_group_00097,NORMAL,2,keep,strict_dup_group_00097,False
train_1076.png,0,dup_group_00797,NORMAL,1,keep,strict_dup_group_00797,False
train_1081.png,0,dup_group_00802,NORMAL,1,keep,strict_dup_group_00802,False
train_1086.png,0,dup_group_00806,NORMAL,1,keep,strict_dup_group_00806,False
train_1090.png,0,dup_group_00810,NORMAL,1,keep,strict_dup_group_00810,False
train_1092.png,0,dup_group_00812,NORMAL,1,keep,strict_dup_group_00812,False
train_1095.png,0,dup_group_00813,NORMAL,1,keep,strict_dup_group_00813,False
train_1096.png,0,dup_group_00814,NORMAL,1,keep,strict_dup_group_00814,False
train_1097.png,0,dup_group_00517,NORMAL,9,keep,strict_dup_group_00517,False
train_1100.png,0,dup_group_00632,NORMAL,3,keep,strict_dup_group_00632,False
train_1101.png,0,dup_group_00817,NORMAL,1,keep,strict_dup_group_00817,False
train_1102.png,0,dup_group_00003,NORMAL,88,split_large,strict_file_train_1102,False
train_1103.png,0,dup_group_00818,NORMAL,1,keep,strict_dup_group_00818,False
train_1104.png,0,dup_group_00819,NORMAL,1,keep,strict_dup_group_00819,False
train_1109.png,0,dup_group_00343,NORMAL,3,keep,strict_dup_group_00343,False
train_1111.png,0,dup_group_00824,NORMAL,1,keep,strict_dup_group_00824,False
train_1113.png,0,dup_group_00826,NORMAL,1,keep,strict_dup_group_00826,False
train_1114.png,0,dup_group_00827,NORMAL,1,keep,strict_dup_group_00827,False
train_1115.png,0,dup_group_00828,NORMAL,1,keep,strict_dup_group_00828,False
train_1117.png,0,dup_group_00830,NORMAL,1,keep,strict_dup_group_00830,False
train_1118.png,0,dup_group_00831,NORMAL,1,keep,strict_dup_group_00831,False
train_1119.png,0,dup_group_00832,NORMAL,1,keep,strict_dup_group_00832,False
train_1120.png,0,dup_group_00833,NORMAL,1,keep,strict_dup_group_00833,False
train_1125.png,0,dup_group_00837,NORMAL,1,keep,strict_dup_group_00837,False
train_1126.png,0,dup_group_00838,NORMAL,2,keep,strict_dup_group_00838,False
train_1128.png,0,dup_group_00840,NORMAL,1,keep,strict_dup_group_00840,False
train_1130.png,0,dup_group_00842,NORMAL,1,keep,strict_dup_group_00842,False
train_1133.png,0,dup_group_00845,NORMAL,1,keep,strict_dup_group_00845,False
train_1135.png,0,dup_group_00355,NORMAL,2,keep,strict_dup_group_00355,False
train_1136.png,0,dup_group_00846,NORMAL,1,keep,strict_dup_group_00846,False
train_1137.png,0,dup_group_00356,NORMAL,4,keep,strict_dup_group_00356,False
train_1139.png,0,dup_group_00440,NORMAL,2,keep,strict_dup_group_00440,False
train_1141.png,0,dup_group_00376,NORMAL,4,keep,strict_dup_group_00376,False
train_1143.png,0,dup_group_00849,NORMAL,4,keep,strict_dup_group_00849,False
train_1145.png,0,dup_group_00392,NORMAL,7,keep,strict_dup_group_00392,False
train_1147.png,0,dup_group_00497,NORMAL,3,keep,strict_dup_group_00497,False
train_1150.png,0,dup_group_00443,NORMAL,2,keep,strict_dup_group_00443,False
train_1157.png,0,dup_group_00858,NORMAL,1,keep,strict_dup_group_00858,False
train_1158.png,0,dup_group_00859,NORMAL,3,keep,strict_dup_group_00859,False
train_1159.png,0,dup_group_00860,NORMAL,1,keep,strict_dup_group_00860,False
train_1160.png,0,dup_group_00861,NORMAL,1,keep,strict_dup_group_00861,False
train_1161.png,0,dup_group_00742,NORMAL,2,keep,strict_dup_group_00742,False
train_1163.png,0,dup_group_00862,NORMAL,1,keep,strict_dup_group_00862,False
train_1165.png,0,dup_group_00864,NORMAL,1,keep,strict_dup_group_00864,False
train_1167.png,0,dup_group_00866,NORMAL,1,keep,strict_dup_group_00866,False
train_1168.png,0,dup_group_00867,NORMAL,1,keep,strict_dup_group_00867,False
train_1169.png,0,dup_group_00233,NORMAL,5,keep,strict_dup_group_00233,False
train_1170.png,0,dup_group_00868,NORMAL,1,keep,strict_dup_group_00868,False
train_1172.png,0,dup_group_00869,NORMAL,1,keep,strict_dup_group_00869,False
train_1173.png,0,dup_group_00870,NORMAL,1,keep,strict_dup_group_00870,False
train_1175.png,0,dup_group_00872,NORMAL,1,keep,strict_dup_group_00872,False
train_1177.png,0,dup_group_00874,NORMAL,1,keep,strict_dup_group_00874,False
train_1178.png,0,dup_group_00875,NORMAL,1,keep,strict_dup_group_00875,False
train_1179.png,0,dup_group_00343,NORMAL,3,keep,strict_dup_group_00343,False
train_1180.png,0,dup_group_00876,NORMAL,1,keep,strict_dup_group_00876,False
train_1181.png,0,dup_group_00877,NORMAL,1,keep,strict_dup_group_00877,False
train_1182.png,0,dup_group_00878,NORMAL,1,keep,strict_dup_group_00878,False
train_1184.png,0,dup_group_00003,NORMAL,88,split_large,strict_file_train_1184,False
train_1186.png,0,dup_group_00517,NORMAL,9,keep,strict_dup_group_00517,False
train_1187.png,0,dup_group_00881,NORMAL,1,keep,strict_dup_group_00881,False
train_1188.png,0,dup_group_00882,NORMAL,1,keep,strict_dup_group_00882,False
train_1189.png,0,dup_group_00883,NORMAL,1,keep,strict_dup_group_00883,False
train_1191.png,0,dup_group_00885,NORMAL,1,keep,strict_dup_group_00885,False
train_1193.png,0,dup_group_00003,NORMAL,88,split_large,strict_file_train_1193,False
train_1194.png,0,dup_group_00111,NORMAL,8,keep,strict_dup_group_00111,False
train_1195.png,0,dup_group_00886,NORMAL,1,keep,strict_dup_group_00886,False
train_1196.png,0,dup_group_00233,NORMAL,5,keep,strict_dup_group_00233,False
train_1198.png,0,dup_group_00888,NORMAL,1,keep,strict_dup_group_00888,False
train_1199.png,0,dup_group_00003,NORMAL,88,split_large,strict_file_train_1199,False
train_1200.png,0,dup_group_00420,NORMAL,2,keep,strict_dup_group_00420,False
train_1202.png,0,dup_group_00890,NORMAL,1,keep,strict_dup_group_00890,False
train_1204.png,0,dup_group_00356,NORMAL,4,keep,strict_dup_group_00356,False
train_1205.png,0,dup_group_00665,NORMAL,2,keep,strict_dup_group_00665,False
train_1206.png,0,dup_group_00233,NORMAL,5,keep,strict_dup_group_00233,False
train_1207.png,0,dup_group_00892,NORMAL,1,keep,strict_dup_group_00892,False
train_1208.png,0,dup_group_00893,NORMAL,1,keep,strict_dup_group_00893,False
train_1210.png,0,dup_group_00115,NORMAL,13,keep,strict_dup_group_00115,False
train_1218.png,0,dup_group_00897,NORMAL,2,keep,strict_dup_group_00897,False
train_1219.png,0,dup_group_00898,NORMAL,1,keep,strict_dup_group_00898,False
train_1221.png,0,dup_group_00899,NORMAL,1,keep,strict_dup_group_00899,False
train_1222.png,0,dup_group_00392,NORMAL,7,keep,strict_dup_group_00392,False
train_1223.png,0,dup_group_00900,NORMAL,1,keep,strict_dup_group_00900,False
train_1226.png,0,dup_group_00902,NORMAL,1,keep,strict_dup_group_00902,False
train_1227.png,0,dup_group_00370,NORMAL,3,keep,strict_dup_group_00370,False
train_1228.png,0,dup_group_00903,NORMAL,1,keep,strict_dup_group_00903,False
train_1229.png,0,dup_group_00219,NORMAL,3,keep,strict_dup_group_00219,False
train_1234.png,0,dup_group_00906,NORMAL,1,keep,strict_dup_group_00906,False
train_1235.png,0,dup_group_00907,NORMAL,1,keep,strict_dup_group_00907,False
train_1236.png,0,dup_group_00350,NORMAL,2,keep,strict_dup_group_00350,False
train_1237.png,0,dup_group_00104,NORMAL,2,keep,strict_dup_group_00104,False
train_1239.png,0,dup_group_00909,NORMAL,1,keep,strict_dup_group_00909,False
train_1240.png,0,dup_group_00910,NORMAL,1,keep,strict_dup_group_00910,False
train_1241.png,0,dup_group_00376,NORMAL,4,keep,strict_dup_group_00376,False
train_1242.png,0,dup_group_00911,NORMAL,1,keep,strict_dup_group_00911,False
train_1245.png,0,dup_group_00912,NORMAL,1,keep,strict_dup_group_00912,False
train_1247.png,0,dup_group_00914,NORMAL,1,keep,strict_dup_group_00914,False
train_1248.png,0,dup_group_00915,NORMAL,4,keep,strict_dup_group_00915,False
train_1249.png,0,dup_group_00916,NORMAL,1,keep,strict_dup_group_00916,False
train_1250.png,0,dup_group_00917,NORMAL,1,keep,strict_dup_group_00917,False
train_1251.png,0,dup_group_00302,NORMAL,10,keep,strict_dup_group_00302,False
train_1252.png,0,dup_group_00003,NORMAL,88,split_large,strict_file_train_1252,False
train_1254.png,0,dup_group_00362,NORMAL,2,keep,strict_dup_group_00362,False
train_1255.png,0,dup_group_00919,NORMAL,1,keep,strict_dup_group_00919,False
train_1257.png,0,dup_group_00639,NORMAL,4,keep,strict_dup_group_00639,False
train_1258.png,0,dup_group_00075,NORMAL,5,keep,strict_dup_group_00075,False
train_1262.png,0,dup_group_00897,NORMAL,2,keep,strict_dup_group_00897,False
train_1265.png,0,dup_group_00923,NORMAL,1,keep,strict_dup_group_00923,False
train_1266.png,0,dup_group_00924,NORMAL,1,keep,strict_dup_group_00924,False
train_1267.png,0,dup_group_00925,NORMAL,1,keep,strict_dup_group_00925,False
train_1268.png,0,dup_group_00926,NORMAL,1,keep,strict_dup_group_00926,False
train_1269.png,0,dup_group_00927,NORMAL,1,keep,strict_dup_group_00927,False
train_1273.png,0,dup_group_00931,NORMAL,1,keep,strict_dup_group_00931,False
train_1274.png,0,dup_group_00932,NORMAL,1,keep,strict_dup_group_00932,False
train_1276.png,0,dup_group_00934,NORMAL,1,keep,strict_dup_group_00934,False
train_1278.png,0,dup_group_00272,NORMAL,4,keep,strict_dup_group_00272,False
train_1279.png,0,dup_group_00935,NORMAL,1,keep,strict_dup_group_00935,False
train_1280.png,0,dup_group_00936,NORMAL,1,keep,strict_dup_group_00936,False
train_1282.png,0,dup_group_00006,NORMAL,8,keep,strict_dup_group_00006,False
train_1283.png,0,dup_group_00938,NORMAL,1,keep,strict_dup_group_00938,False
train_1284.png,0,dup_group_00093,NORMAL,8,keep,strict_dup_group_00093,False
train_1286.png,0,dup_group_00194,NORMAL,5,keep,strict_dup_group_00194,False
train_1288.png,0,dup_group_00941,NORMAL,1,keep,strict_dup_group_00941,False
train_1290.png,0,dup_group_00575,NORMAL,2,keep,strict_dup_group_00575,False
train_1291.png,0,dup_group_00942,NORMAL,1,keep,strict_dup_group_00942,False
train_1292.png,0,dup_group_00312,NORMAL,2,keep,strict_dup_group_00312,False
train_1293.png,0,dup_group_00943,NORMAL,1,keep,strict_dup_group_00943,False
train_1294.png,0,dup_group_00087,NORMAL,2,keep,strict_dup_group_00087,False
train_1295.png,0,dup_group_00944,NORMAL,1,keep,strict_dup_group_00944,False
train_1296.png,0,dup_group_00945,NORMAL,1,keep,strict_dup_group_00945,False
train_1297.png,0,dup_group_00946,NORMAL,1,keep,strict_dup_group_00946,False
train_1304.png,0,dup_group_00394,NORMAL,3,keep,strict_dup_group_00394,False
train_1306.png,0,dup_group_00953,NORMAL,1,keep,strict_dup_group_00953,False
train_1308.png,0,dup_group_00955,NORMAL,1,keep,strict_dup_group_00955,False
train_1309.png,0,dup_group_00956,NORMAL,1,keep,strict_dup_group_00956,False
train_1311.png,0,dup_group_00958,NORMAL,1,keep,strict_dup_group_00958,False
train_1312.png,0,dup_group_00959,NORMAL,1,keep,strict_dup_group_00959,False
train_1313.png,0,dup_group_00960,NORMAL,1,keep,strict_dup_group_00960,False
train_1315.png,0,dup_group_00962,NORMAL,1,keep,strict_dup_group_00962,False
train_1316.png,0,dup_group_00963,NORMAL,1,keep,strict_dup_group_00963,False
train_1317.png,0,dup_group_00093,NORMAL,8,keep,strict_dup_group_00093,False
train_1319.png,0,dup_group_00965,NORMAL,1,keep,strict_dup_group_00965,False
train_1320.png,0,dup_group_00966,NORMAL,1,keep,strict_dup_group_00966,False
train_1321.png,0,dup_group_00003,NORMAL,88,split_large,strict_file_train_1321,False
train_1323.png,0,dup_group_00639,NORMAL,4,keep,strict_dup_group_00639,False
train_1324.png,0,dup_group_00967,NORMAL,1,keep,strict_dup_group_00967,False
train_1325.png,0,dup_group_00968,NORMAL,13,keep,strict_dup_group_00968,False
train_1326.png,0,dup_group_00462,NORMAL,3,keep,strict_dup_group_00462,False
train_1329.png,0,dup_group_00971,NORMAL,3,keep,strict_dup_group_00971,False
train_1330.png,0,dup_group_00330,NORMAL,9,keep,strict_dup_group_00330,False
train_1331.png,0,dup_group_00972,NORMAL,1,keep,strict_dup_group_00972,False
train_1333.png,0,dup_group_00974,NORMAL,1,keep,strict_dup_group_00974,False
train_1335.png,0,dup_group_00976,NORMAL,1,keep,strict_dup_group_00976,False
train_1340.png,0,dup_group_00978,NORMAL,4,keep,strict_dup_group_00978,False
train_1341.png,0,dup_group_00979,NORMAL,1,keep,strict_dup_group_00979,False
train_1344.png,1,dup_group_00980,PNEUMONIA,1,keep,strict_dup_group_00980,False
train_1345.png,1,dup_group_00981,PNEUMONIA,1,keep,strict_dup_group_00981,False
train_1346.png,1,dup_group_00982,PNEUMONIA,1,keep,strict_dup_group_00982,False
train_1350.png,1,dup_group_00984,PNEUMONIA,1,keep,strict_dup_group_00984,False
train_1351.png,1,dup_group_00985,PNEUMONIA,8,keep,strict_dup_group_00985,False
train_1353.png,1,dup_group_00986,PNEUMONIA,1,keep,strict_dup_group_00986,False
train_1355.png,1,dup_group_00987,PNEUMONIA,1,keep,strict_dup_group_00987,False
train_1356.png,1,dup_group_00988,PNEUMONIA,1,keep,strict_dup_group_00988,False
train_1357.png,1,dup_group_00989,PNEUMONIA,11,keep,strict_dup_group_00989,False
train_1360.png,1,dup_group_00992,PNEUMONIA,1,keep,strict_dup_group_00992,False
train_1361.png,1,dup_group_00993,PNEUMONIA,38,audit_keep,strict_dup_group_00993,True
train_1362.png,1,dup_group_00994,PNEUMONIA,2,keep,strict_dup_group_00994,False
train_1363.png,1,dup_group_00995,PNEUMONIA,1,keep,strict_dup_group_00995,False
train_1365.png,1,dup_group_00996,PNEUMONIA,1,keep,strict_dup_group_00996,False
train_1366.png,1,dup_group_00997,PNEUMONIA,1,keep,strict_dup_group_00997,False
train_1368.png,1,dup_group_00998,PNEUMONIA,1,keep,strict_dup_group_00998,False
train_1369.png,1,dup_group_00999,PNEUMONIA,1,keep,strict_dup_group_00999,False
train_1372.png,1,dup_group_01000,PNEUMONIA,1,keep,strict_dup_group_01000,False
train_1373.png,1,dup_group_01001,PNEUMONIA,1,keep,strict_dup_group_01001,False
train_1375.png,1,dup_group_01003,PNEUMONIA,1,keep,strict_dup_group_01003,False
train_1376.png,1,dup_group_01004,PNEUMONIA,1,keep,strict_dup_group_01004,False
train_1379.png,1,dup_group_01005,PNEUMONIA,1,keep,strict_dup_group_01005,False
train_1380.png,1,dup_group_01006,PNEUMONIA,1,keep,strict_dup_group_01006,False
train_1381.png,1,dup_group_01007,PNEUMONIA,1,keep,strict_dup_group_01007,False
train_1383.png,1,dup_group_01008,PNEUMONIA,1,keep,strict_dup_group_01008,False
train_1385.png,1,dup_group_01009,PNEUMONIA,1,keep,strict_dup_group_01009,False
train_1386.png,1,dup_group_01010,PNEUMONIA,1,keep,strict_dup_group_01010,False
train_1388.png,1,dup_group_01011,PNEUMONIA,3,keep,strict_dup_group_01011,False
train_1391.png,1,dup_group_00003,PNEUMONIA,88,split_large,strict_file_train_1391,False
train_1394.png,1,dup_group_01013,PNEUMONIA,1,keep,strict_dup_group_01013,False
train_1396.png,1,dup_group_01015,PNEUMONIA,1,keep,strict_dup_group_01015,False
train_1397.png,1,dup_group_01016,PNEUMONIA,1,keep,strict_dup_group_01016,False
train_1398.png,1,dup_group_01017,PNEUMONIA,1,keep,strict_dup_group_01017,False
train_1399.png,1,dup_group_01018,PNEUMONIA,1,keep,strict_dup_group_01018,False
train_1401.png,1,dup_group_01020,PNEUMONIA,1,keep,strict_dup_group_01020,False
train_1404.png,1,dup_group_01022,PNEUMONIA,1,keep,strict_dup_group_01022,False
train_1405.png,1,dup_group_01023,PNEUMONIA,1,keep,strict_dup_group_01023,False
train_1407.png,1,dup_group_01024,PNEUMONIA,3,keep,strict_dup_group_01024,False
train_1408.png,1,dup_group_01025,PNEUMONIA,1,keep,strict_dup_group_01025,False
train_1410.png,1,dup_group_01026,PNEUMONIA,1,keep,strict_dup_group_01026,False
train_1411.png,1,dup_group_00989,PNEUMONIA,11,keep,strict_dup_group_00989,False
train_1412.png,1,dup_group_01027,PNEUMONIA,2,keep,strict_dup_group_01027,False
train_1414.png,1,dup_group_01028,PNEUMONIA,1,keep,strict_dup_group_01028,False
train_1415.png,1,dup_group_01029,PNEUMONIA,1,keep,strict_dup_group_01029,False
train_1417.png,1,dup_group_01030,PNEUMONIA,1,keep,strict_dup_group_01030,False
train_1419.png,1,dup_group_01031,PNEUMONIA,1,keep,strict_dup_group_01031,False
train_1420.png,1,dup_group_01032,PNEUMONIA,1,keep,strict_dup_group_01032,False
train_1421.png,1,dup_group_01033,PNEUMONIA,1,keep,strict_dup_group_01033,False
train_1424.png,1,dup_group_01034,PNEUMONIA,6,keep,strict_dup_group_01034,False
train_1426.png,1,dup_group_00037,PNEUMONIA,6,keep,strict_dup_group_00037,False
train_1428.png,1,dup_group_01036,PNEUMONIA,1,keep,strict_dup_group_01036,False
train_1429.png,1,dup_group_01037,PNEUMONIA,1,keep,strict_dup_group_01037,False
train_1430.png,1,dup_group_01038,PNEUMONIA,2,keep,strict_dup_group_01038,False
train_1432.png,1,dup_group_01040,PNEUMONIA,3,keep,strict_dup_group_01040,False
train_1433.png,1,dup_group_01041,PNEUMONIA,1,keep,strict_dup_group_01041,False
train_1434.png,1,dup_group_01042,PNEUMONIA,18,keep,strict_dup_group_01042,False
train_1436.png,1,dup_group_01044,PNEUMONIA,1,keep,strict_dup_group_01044,False
train_1437.png,1,dup_group_01045,PNEUMONIA,3,keep,strict_dup_group_01045,False
train_1439.png,1,dup_group_00968,PNEUMONIA,13,keep,strict_dup_group_00968,False
train_1440.png,1,dup_group_01047,PNEUMONIA,1,keep,strict_dup_group_01047,False
train_1444.png,1,dup_group_01049,PNEUMONIA,1,keep,strict_dup_group_01049,False
train_1445.png,1,dup_group_01050,PNEUMONIA,1,keep,strict_dup_group_01050,False
train_1447.png,1,dup_group_01042,PNEUMONIA,18,keep,strict_dup_group_01042,False
train_1450.png,1,dup_group_01051,PNEUMONIA,1,keep,strict_dup_group_01051,False
train_1453.png,1,dup_group_01053,PNEUMONIA,1,keep,strict_dup_group_01053,False
train_1454.png,1,dup_group_01054,PNEUMONIA,1,keep,strict_dup_group_01054,False
train_1455.png,1,dup_group_01055,PNEUMONIA,1,keep,strict_dup_group_01055,False
train_1457.png,1,dup_group_01056,PNEUMONIA,1,keep,strict_dup_group_01056,False
train_1459.png,1,dup_group_01057,PNEUMONIA,16,keep,strict_dup_group_01057,False
train_1461.png,1,dup_group_01058,PNEUMONIA,1,keep,strict_dup_group_01058,False
train_1464.png,1,dup_group_01060,PNEUMONIA,1,keep,strict_dup_group_01060,False
train_1465.png,1,dup_group_01061,PNEUMONIA,1,keep,strict_dup_group_01061,False
train_1466.png,1,dup_group_00649,PNEUMONIA,2,keep,strict_dup_group_00649,False
train_1467.png,1,dup_group_01062,PNEUMONIA,1,keep,strict_dup_group_01062,False
train_1469.png,1,dup_group_00985,PNEUMONIA,8,keep,strict_dup_group_00985,False
train_1471.png,1,dup_group_01064,PNEUMONIA,1,keep,strict_dup_group_01064,False
train_1472.png,1,dup_group_01065,PNEUMONIA,2,keep,strict_dup_group_01065,False
train_1473.png,1,dup_group_01066,PNEUMONIA,1,keep,strict_dup_group_01066,False
train_1474.png,1,dup_group_00445,PNEUMONIA,4,keep,strict_dup_group_00445,False
train_1475.png,1,dup_group_01067,PNEUMONIA,2,keep,strict_dup_group_01067,False
train_1477.png,1,dup_group_01068,PNEUMONIA,1,keep,strict_dup_group_01068,False
train_1478.png,1,dup_group_01042,PNEUMONIA,18,keep,strict_dup_group_01042,False
train_1479.png,1,dup_group_01069,PNEUMONIA,1,keep,strict_dup_group_01069,False
train_1482.png,1,dup_group_01070,PNEUMONIA,4,keep,strict_dup_group_01070,False
train_1484.png,1,dup_group_00069,PNEUMONIA,18,keep,strict_dup_group_00069,False
train_1488.png,1,dup_group_01073,PNEUMONIA,1,keep,strict_dup_group_01073,False
train_1490.png,1,dup_group_01074,PNEUMONIA,1,keep,strict_dup_group_01074,False
train_1493.png,1,dup_group_01075,PNEUMONIA,3,keep,strict_dup_group_01075,False
train_1496.png,1,dup_group_01076,PNEUMONIA,1,keep,strict_dup_group_01076,False
train_1497.png,1,dup_group_01077,PNEUMONIA,1,keep,strict_dup_group_01077,False
train_1500.png,1,dup_group_01079,PNEUMONIA,1,keep,strict_dup_group_01079,False
train_1502.png,1,dup_group_01081,PNEUMONIA,1,keep,strict_dup_group_01081,False
train_1507.png,1,dup_group_01067,PNEUMONIA,2,keep,strict_dup_group_01067,False
train_1508.png,1,dup_group_01083,PNEUMONIA,1,keep,strict_dup_group_01083,False
train_1510.png,1,dup_group_00137,PNEUMONIA,4,keep,strict_dup_group_00137,False
train_1511.png,1,dup_group_00989,PNEUMONIA,11,keep,strict_dup_group_00989,False
train_1512.png,1,dup_group_00989,PNEUMONIA,11,keep,strict_dup_group_00989,False
train_1513.png,1,dup_group_01084,PNEUMONIA,1,keep,strict_dup_group_01084,False
train_1515.png,1,dup_group_01085,PNEUMONIA,1,keep,strict_dup_group_01085,False
train_1517.png,1,dup_group_01086,PNEUMONIA,3,keep,strict_dup_group_01086,False
train_1518.png,1,dup_group_01087,PNEUMONIA,1,keep,strict_dup_group_01087,False
train_1519.png,1,dup_group_01088,PNEUMONIA,1,keep,strict_dup_group_01088,False
train_1520.png,1,dup_group_01089,PNEUMONIA,4,keep,strict_dup_group_01089,False
train_1521.png,1,dup_group_01090,PNEUMONIA,4,keep,strict_dup_group_01090,False
train_1522.png,1,dup_group_01091,PNEUMONIA,1,keep,strict_dup_group_01091,False
train_1523.png,1,dup_group_01092,PNEUMONIA,6,keep,strict_dup_group_01092,False
train_1525.png,1,dup_group_01094,PNEUMONIA,1,keep,strict_dup_group_01094,False
train_1526.png,1,dup_group_01095,PNEUMONIA,1,keep,strict_dup_group_01095,False
train_1527.png,1,dup_group_01096,PNEUMONIA,4,keep,strict_dup_group_01096,False
train_1528.png,1,dup_group_01097,PNEUMONIA,7,keep,strict_dup_group_01097,False
train_1529.png,1,dup_group_01098,PNEUMONIA,1,keep,strict_dup_group_01098,False
train_1532.png,1,dup_group_01099,PNEUMONIA,1,keep,strict_dup_group_01099,False
train_1534.png,1,dup_group_01100,PNEUMONIA,1,keep,strict_dup_group_01100,False
train_1535.png,1,dup_group_01101,PNEUMONIA,2,keep,strict_dup_group_01101,False
train_1536.png,1,dup_group_01102,PNEUMONIA,1,keep,strict_dup_group_01102,False
train_1538.png,1,dup_group_01104,PNEUMONIA,2,keep,strict_dup_group_01104,False
train_1540.png,1,dup_group_01105,PNEUMONIA,1,keep,strict_dup_group_01105,False
train_1542.png,1,dup_group_01106,PNEUMONIA,1,keep,strict_dup_group_01106,False
train_1543.png,1,dup_group_00993,PNEUMONIA,38,audit_keep,strict_dup_group_00993,True
train_1545.png,1,dup_group_01108,PNEUMONIA,4,keep,strict_dup_group_01108,False
train_1548.png,1,dup_group_01109,PNEUMONIA,3,keep,strict_dup_group_01109,False
train_1549.png,1,dup_group_01110,PNEUMONIA,1,keep,strict_dup_group_01110,False
train_1550.png,1,dup_group_01111,PNEUMONIA,1,keep,strict_dup_group_01111,False
train_1555.png,1,dup_group_01115,PNEUMONIA,1,keep,strict_dup_group_01115,False
train_1556.png,1,dup_group_01116,PNEUMONIA,1,keep,strict_dup_group_01116,False
train_1558.png,1,dup_group_01117,PNEUMONIA,1,keep,strict_dup_group_01117,False
train_1560.png,1,dup_group_01118,PNEUMONIA,2,keep,strict_dup_group_01118,False
train_1562.png,1,dup_group_01119,PNEUMONIA,1,keep,strict_dup_group_01119,False
train_1563.png,1,dup_group_01120,PNEUMONIA,1,keep,strict_dup_group_01120,False
train_1564.png,1,dup_group_01121,PNEUMONIA,1,keep,strict_dup_group_01121,False
train_1569.png,1,dup_group_01124,PNEUMONIA,1,keep,strict_dup_group_01124,False
train_1570.png,1,dup_group_01125,PNEUMONIA,1,keep,strict_dup_group_01125,False
train_1572.png,1,dup_group_01027,PNEUMONIA,2,keep,strict_dup_group_01027,False
train_1573.png,1,dup_group_01127,PNEUMONIA,5,keep,strict_dup_group_01127,False
train_1575.png,1,dup_group_01128,PNEUMONIA,3,keep,strict_dup_group_01128,False
train_1576.png,1,dup_group_01129,PNEUMONIA,10,keep,strict_dup_group_01129,False
train_1579.png,1,dup_group_01130,PNEUMONIA,4,keep,strict_dup_group_01130,False
train_1580.png,1,dup_group_01131,PNEUMONIA,1,keep,strict_dup_group_01131,False
train_1582.png,1,dup_group_00140,PNEUMONIA,2,keep,strict_dup_group_00140,False
train_1583.png,1,dup_group_01133,PNEUMONIA,1,keep,strict_dup_group_01133,False
train_1584.png,1,dup_group_01134,PNEUMONIA,1,keep,strict_dup_group_01134,False
train_1586.png,1,dup_group_01135,PNEUMONIA,2,keep,strict_dup_group_01135,False
train_1591.png,1,dup_group_01138,PNEUMONIA,1,keep,strict_dup_group_01138,False
train_1592.png,1,dup_group_01139,PNEUMONIA,1,keep,strict_dup_group_01139,False
train_1595.png,1,dup_group_01140,PNEUMONIA,1,keep,strict_dup_group_01140,False
train_1596.png,1,dup_group_01141,PNEUMONIA,1,keep,strict_dup_group_01141,False
train_1597.png,1,dup_group_01142,PNEUMONIA,1,keep,strict_dup_group_01142,False
train_1598.png,1,dup_group_01143,PNEUMONIA,1,keep,strict_dup_group_01143,False
train_1599.png,1,dup_group_01144,PNEUMONIA,1,keep,strict_dup_group_01144,False
train_1600.png,1,dup_group_01145,PNEUMONIA,1,keep,strict_dup_group_01145,False
train_1601.png,1,dup_group_00993,PNEUMONIA,38,audit_keep,strict_dup_group_00993,True
train_1604.png,1,dup_group_01147,PNEUMONIA,1,keep,strict_dup_group_01147,False
train_1605.png,1,dup_group_01148,PNEUMONIA,1,keep,strict_dup_group_01148,False
train_1607.png,1,dup_group_01149,PNEUMONIA,1,keep,strict_dup_group_01149,False
train_1612.png,1,dup_group_01153,PNEUMONIA,1,keep,strict_dup_group_01153,False
train_1613.png,1,dup_group_01154,PNEUMONIA,1,keep,strict_dup_group_01154,False
train_1614.png,1,dup_group_01155,PNEUMONIA,1,keep,strict_dup_group_01155,False
train_1616.png,1,dup_group_01157,PNEUMONIA,1,keep,strict_dup_group_01157,False
train_1618.png,1,dup_group_01159,PNEUMONIA,1,keep,strict_dup_group_01159,False
train_1619.png,1,dup_group_01160,PNEUMONIA,1,keep,strict_dup_group_01160,False
train_1620.png,1,dup_group_01161,PNEUMONIA,1,keep,strict_dup_group_01161,False
train_1621.png,1,dup_group_01162,PNEUMONIA,1,keep,strict_dup_group_01162,False
train_1623.png,1,dup_group_01164,PNEUMONIA,1,keep,strict_dup_group_01164,False
train_1624.png,1,dup_group_01165,PNEUMONIA,1,keep,strict_dup_group_01165,False
train_1626.png,1,dup_group_01267,PNEUMONIA,4,keep,strict_dup_group_01267,False
train_1628.png,1,dup_group_01168,PNEUMONIA,2,keep,strict_dup_group_01168,False
train_1629.png,1,dup_group_01169,PNEUMONIA,1,keep,strict_dup_group_01169,False
train_1630.png,1,dup_group_01170,PNEUMONIA,2,keep,strict_dup_group_01170,False
train_1631.png,1,dup_group_01171,PNEUMONIA,1,keep,strict_dup_group_01171,False
train_1633.png,1,dup_group_01075,PNEUMONIA,3,keep,strict_dup_group_01075,False
train_1636.png,1,dup_group_01174,PNEUMONIA,1,keep,strict_dup_group_01174,False
train_1637.png,1,dup_group_01175,PNEUMONIA,1,keep,strict_dup_group_01175,False
train_1639.png,1,dup_group_01177,PNEUMONIA,10,keep,strict_dup_group_01177,False
train_1640.png,1,dup_group_01178,PNEUMONIA,2,keep,strict_dup_group_01178,False
train_1641.png,1,dup_group_00517,PNEUMONIA,9,keep,strict_dup_group_00517,False
train_1642.png,1,dup_group_01179,PNEUMONIA,2,keep,strict_dup_group_01179,False
train_1643.png,1,dup_group_01180,PNEUMONIA,1,keep,strict_dup_group_01180,False
train_1644.png,1,dup_group_00993,PNEUMONIA,38,audit_keep,strict_dup_group_00993,True
train_1649.png,1,dup_group_01182,PNEUMONIA,1,keep,strict_dup_group_01182,False
train_1650.png,1,dup_group_01183,PNEUMONIA,1,keep,strict_dup_group_01183,False
train_1652.png,1,dup_group_01184,PNEUMONIA,3,keep,strict_dup_group_01184,False
train_1653.png,1,dup_group_01185,PNEUMONIA,1,keep,strict_dup_group_01185,False
train_1654.png,1,dup_group_01186,PNEUMONIA,1,keep,strict_dup_group_01186,False
train_1657.png,1,dup_group_01187,PNEUMONIA,1,keep,strict_dup_group_01187,False
train_1658.png,1,dup_group_01188,PNEUMONIA,1,keep,strict_dup_group_01188,False
train_1659.png,1,dup_group_01189,PNEUMONIA,3,keep,strict_dup_group_01189,False
train_1660.png,1,dup_group_01190,PNEUMONIA,1,keep,strict_dup_group_01190,False
train_1661.png,1,dup_group_01191,PNEUMONIA,1,keep,strict_dup_group_01191,False
train_1662.png,1,dup_group_01192,PNEUMONIA,2,keep,strict_dup_group_01192,False
train_1663.png,1,dup_group_01193,PNEUMONIA,1,keep,strict_dup_group_01193,False
train_1664.png,1,dup_group_01194,PNEUMONIA,1,keep,strict_dup_group_01194,False
train_1665.png,1,dup_group_01195,PNEUMONIA,1,keep,strict_dup_group_01195,False
train_1666.png,1,dup_group_01196,PNEUMONIA,1,keep,strict_dup_group_01196,False
train_1669.png,1,dup_group_01198,PNEUMONIA,1,keep,strict_dup_group_01198,False
train_1670.png,1,dup_group_01199,PNEUMONIA,1,keep,strict_dup_group_01199,False
train_1672.png,1,dup_group_01201,PNEUMONIA,1,keep,strict_dup_group_01201,False
train_1674.png,1,dup_group_01202,PNEUMONIA,1,keep,strict_dup_group_01202,False
train_1676.png,1,dup_group_00069,PNEUMONIA,18,keep,strict_dup_group_00069,False
train_1677.png,1,dup_group_01204,PNEUMONIA,13,keep,strict_dup_group_01204,False
train_1678.png,1,dup_group_01205,PNEUMONIA,1,keep,strict_dup_group_01205,False
train_1679.png,1,dup_group_01206,PNEUMONIA,1,keep,strict_dup_group_01206,False
train_1680.png,1,dup_group_00993,PNEUMONIA,38,audit_keep,strict_dup_group_00993,True
train_1681.png,1,dup_group_01207,PNEUMONIA,11,keep,strict_dup_group_01207,False
train_1682.png,1,dup_group_01208,PNEUMONIA,1,keep,strict_dup_group_01208,False
train_1683.png,1,dup_group_01209,PNEUMONIA,1,keep,strict_dup_group_01209,False
train_1684.png,1,dup_group_01210,PNEUMONIA,1,keep,strict_dup_group_01210,False
train_1687.png,1,dup_group_01108,PNEUMONIA,4,keep,strict_dup_group_01108,False
train_1688.png,1,dup_group_01212,PNEUMONIA,3,keep,strict_dup_group_01212,False
train_1689.png,1,dup_group_00989,PNEUMONIA,11,keep,strict_dup_group_00989,False
train_1691.png,1,dup_group_01214,PNEUMONIA,1,keep,strict_dup_group_01214,False
train_1692.png,1,dup_group_01215,PNEUMONIA,1,keep,strict_dup_group_01215,False
train_1694.png,1,dup_group_01216,PNEUMONIA,5,keep,strict_dup_group_01216,False
train_1696.png,1,dup_group_01218,PNEUMONIA,1,keep,strict_dup_group_01218,False
train_1699.png,1,dup_group_01220,PNEUMONIA,1,keep,strict_dup_group_01220,False
train_1701.png,1,dup_group_01221,PNEUMONIA,4,keep,strict_dup_group_01221,False
train_1702.png,1,dup_group_01222,PNEUMONIA,1,keep,strict_dup_group_01222,False
train_1703.png,1,dup_group_01223,PNEUMONIA,1,keep,strict_dup_group_01223,False
train_1704.png,1,dup_group_01224,PNEUMONIA,1,keep,strict_dup_group_01224,False
train_1705.png,1,dup_group_01225,PNEUMONIA,1,keep,strict_dup_group_01225,False
train_1706.png,1,dup_group_01226,PNEUMONIA,1,keep,strict_dup_group_01226,False
train_1708.png,1,dup_group_01228,PNEUMONIA,1,keep,strict_dup_group_01228,False
train_1710.png,1,dup_group_01089,PNEUMONIA,4,keep,strict_dup_group_01089,False
train_1711.png,1,dup_group_01229,PNEUMONIA,1,keep,strict_dup_group_01229,False
train_1712.png,1,dup_group_01230,PNEUMONIA,1,keep,strict_dup_group_01230,False
train_1713.png,1,dup_group_01231,PNEUMONIA,1,keep,strict_dup_group_01231,False
train_1714.png,1,dup_group_01232,PNEUMONIA,1,keep,strict_dup_group_01232,False
train_1715.png,1,dup_group_00003,PNEUMONIA,88,split_large,strict_file_train_1715,False
train_1716.png,1,dup_group_01233,PNEUMONIA,1,keep,strict_dup_group_01233,False
train_1717.png,1,dup_group_01234,PNEUMONIA,3,keep,strict_dup_group_01234,False
train_1718.png,1,dup_group_01235,PNEUMONIA,1,keep,strict_dup_group_01235,False
train_1719.png,1,dup_group_01236,PNEUMONIA,1,keep,strict_dup_group_01236,False
train_1721.png,1,dup_group_01237,PNEUMONIA,3,keep,strict_dup_group_01237,False
train_1722.png,1,dup_group_01238,PNEUMONIA,1,keep,strict_dup_group_01238,False
train_1723.png,1,dup_group_01239,PNEUMONIA,1,keep,strict_dup_group_01239,False
train_1724.png,1,dup_group_01240,PNEUMONIA,1,keep,strict_dup_group_01240,False
train_1725.png,1,dup_group_01241,PNEUMONIA,1,keep,strict_dup_group_01241,False
train_1726.png,1,dup_group_00069,PNEUMONIA,18,keep,strict_dup_group_00069,False
train_1727.png,1,dup_group_01242,PNEUMONIA,1,keep,strict_dup_group_01242,False
train_1728.png,1,dup_group_00155,PNEUMONIA,4,keep,strict_dup_group_00155,False
train_1731.png,1,dup_group_01042,PNEUMONIA,18,keep,strict_dup_group_01042,False
train_1732.png,1,dup_group_00993,PNEUMONIA,38,audit_keep,strict_dup_group_00993,True
train_1733.png,1,dup_group_01244,PNEUMONIA,1,keep,strict_dup_group_01244,False
train_1734.png,1,dup_group_01135,PNEUMONIA,2,keep,strict_dup_group_01135,False
train_1735.png,1,dup_group_01245,PNEUMONIA,2,keep,strict_dup_group_01245,False
train_1736.png,1,dup_group_01246,PNEUMONIA,1,keep,strict_dup_group_01246,False
train_1738.png,1,dup_group_01247,PNEUMONIA,2,keep,strict_dup_group_01247,False
train_1739.png,1,dup_group_01248,PNEUMONIA,2,keep,strict_dup_group_01248,False
train_1740.png,1,dup_group_01249,PNEUMONIA,1,keep,strict_dup_group_01249,False
train_1741.png,1,dup_group_01250,PNEUMONIA,1,keep,strict_dup_group_01250,False
train_1743.png,1,dup_group_01251,PNEUMONIA,1,keep,strict_dup_group_01251,False
train_1745.png,1,dup_group_01253,PNEUMONIA,5,keep,strict_dup_group_01253,False
train_1746.png,1,dup_group_01254,PNEUMONIA,1,keep,strict_dup_group_01254,False
train_1747.png,1,dup_group_01255,PNEUMONIA,1,keep,strict_dup_group_01255,False
train_1748.png,1,dup_group_01256,PNEUMONIA,1,keep,strict_dup_group_01256,False
train_1749.png,1,dup_group_01257,PNEUMONIA,1,keep,strict_dup_group_01257,False
train_1750.png,1,dup_group_01258,PNEUMONIA,1,keep,strict_dup_group_01258,False
train_1751.png,1,dup_group_01259,PNEUMONIA,1,keep,strict_dup_group_01259,False
train_1752.png,1,dup_group_01260,PNEUMONIA,1,keep,strict_dup_group_01260,False
train_1754.png,1,dup_group_01368,PNEUMONIA,6,keep,strict_dup_group_01368,False
train_1756.png,1,dup_group_01261,PNEUMONIA,3,keep,strict_dup_group_01261,False
train_1759.png,1,dup_group_01263,PNEUMONIA,1,keep,strict_dup_group_01263,False
train_1760.png,1,dup_group_01264,PNEUMONIA,2,keep,strict_dup_group_01264,False
train_1762.png,1,dup_group_01265,PNEUMONIA,1,keep,strict_dup_group_01265,False
train_1763.png,1,dup_group_01266,PNEUMONIA,1,keep,strict_dup_group_01266,False
train_1764.png,1,dup_group_01261,PNEUMONIA,3,keep,strict_dup_group_01261,False
train_1765.png,1,dup_group_01267,PNEUMONIA,4,keep,strict_dup_group_01267,False
train_1771.png,1,dup_group_01269,PNEUMONIA,2,keep,strict_dup_group_01269,False
train_1774.png,1,dup_group_00069,PNEUMONIA,18,keep,strict_dup_group_00069,False
train_1775.png,1,dup_group_01270,PNEUMONIA,1,keep,strict_dup_group_01270,False
train_1776.png,1,dup_group_01204,PNEUMONIA,13,keep,strict_dup_group_01204,False
train_1778.png,1,dup_group_01272,PNEUMONIA,4,keep,strict_dup_group_01272,False
train_1779.png,1,dup_group_01273,PNEUMONIA,1,keep,strict_dup_group_01273,False
train_1781.png,1,dup_group_01274,PNEUMONIA,1,keep,strict_dup_group_01274,False
train_1782.png,1,dup_group_01179,PNEUMONIA,2,keep,strict_dup_group_01179,False
train_1783.png,1,dup_group_01275,PNEUMONIA,6,keep,strict_dup_group_01275,False
train_1784.png,1,dup_group_01276,PNEUMONIA,1,keep,strict_dup_group_01276,False
train_1785.png,1,dup_group_01057,PNEUMONIA,16,keep,strict_dup_group_01057,False
train_1787.png,1,dup_group_00517,PNEUMONIA,9,keep,strict_dup_group_00517,False
train_1788.png,1,dup_group_01278,PNEUMONIA,1,keep,strict_dup_group_01278,False
train_1789.png,1,dup_group_00849,PNEUMONIA,4,keep,strict_dup_group_00849,False
train_1790.png,1,dup_group_01279,PNEUMONIA,4,keep,strict_dup_group_01279,False
train_1792.png,1,dup_group_01280,PNEUMONIA,1,keep,strict_dup_group_01280,False
train_1793.png,1,dup_group_01281,PNEUMONIA,3,keep,strict_dup_group_01281,False
train_1794.png,1,dup_group_00434,PNEUMONIA,2,keep,strict_dup_group_00434,False
train_1795.png,1,dup_group_01282,PNEUMONIA,2,keep,strict_dup_group_01282,False
train_1797.png,1,dup_group_01284,PNEUMONIA,1,keep,strict_dup_group_01284,False
train_1798.png,1,dup_group_01285,PNEUMONIA,3,keep,strict_dup_group_01285,False
train_1803.png,1,dup_group_01286,PNEUMONIA,1,keep,strict_dup_group_01286,False
train_1804.png,1,dup_group_01287,PNEUMONIA,1,keep,strict_dup_group_01287,False
train_1806.png,1,dup_group_01234,PNEUMONIA,3,keep,strict_dup_group_01234,False
train_1807.png,1,dup_group_01288,PNEUMONIA,2,keep,strict_dup_group_01288,False
train_1808.png,1,dup_group_01289,PNEUMONIA,1,keep,strict_dup_group_01289,False
train_1809.png,1,dup_group_00029,PNEUMONIA,13,keep,strict_dup_group_00029,False
train_1810.png,1,dup_group_01290,PNEUMONIA,2,keep,strict_dup_group_01290,False
train_1812.png,1,dup_group_01291,PNEUMONIA,1,keep,strict_dup_group_01291,False
train_1813.png,1,dup_group_01292,PNEUMONIA,1,keep,strict_dup_group_01292,False
train_1814.png,1,dup_group_01293,PNEUMONIA,1,keep,strict_dup_group_01293,False
train_1815.png,1,dup_group_01294,PNEUMONIA,1,keep,strict_dup_group_01294,False
train_1817.png,1,dup_group_01295,PNEUMONIA,1,keep,strict_dup_group_01295,False
train_1818.png,1,dup_group_01296,PNEUMONIA,1,keep,strict_dup_group_01296,False
train_1819.png,1,dup_group_01297,PNEUMONIA,1,keep,strict_dup_group_01297,False
train_1820.png,1,dup_group_01298,PNEUMONIA,1,keep,strict_dup_group_01298,False
train_1822.png,1,dup_group_01300,PNEUMONIA,1,keep,strict_dup_group_01300,False
train_1823.png,1,dup_group_01301,PNEUMONIA,5,keep,strict_dup_group_01301,False
train_1825.png,1,dup_group_01302,PNEUMONIA,4,keep,strict_dup_group_01302,False
train_1826.png,1,dup_group_01303,PNEUMONIA,1,keep,strict_dup_group_01303,False
train_1827.png,1,dup_group_01304,PNEUMONIA,1,keep,strict_dup_group_01304,False
train_1829.png,1,dup_group_01305,PNEUMONIA,1,keep,strict_dup_group_01305,False
train_1830.png,1,dup_group_01306,PNEUMONIA,2,keep,strict_dup_group_01306,False
train_1831.png,1,dup_group_01307,PNEUMONIA,1,keep,strict_dup_group_01307,False
train_1832.png,1,dup_group_01308,PNEUMONIA,1,keep,strict_dup_group_01308,False
train_1833.png,1,dup_group_01309,PNEUMONIA,1,keep,strict_dup_group_01309,False
train_1836.png,1,dup_group_01045,PNEUMONIA,3,keep,strict_dup_group_01045,False
train_1837.png,1,dup_group_01311,PNEUMONIA,1,keep,strict_dup_group_01311,False
train_1839.png,1,dup_group_00115,PNEUMONIA,13,keep,strict_dup_group_00115,False
train_1840.png,1,dup_group_01312,PNEUMONIA,2,keep,strict_dup_group_01312,False
train_1842.png,1,dup_group_00131,PNEUMONIA,3,keep,strict_dup_group_00131,False
train_1845.png,1,dup_group_01313,PNEUMONIA,1,keep,strict_dup_group_01313,False
train_1846.png,1,dup_group_01314,PNEUMONIA,1,keep,strict_dup_group_01314,False
train_1847.png,1,dup_group_01315,PNEUMONIA,3,keep,strict_dup_group_01315,False
train_1849.png,1,dup_group_01317,PNEUMONIA,1,keep,strict_dup_group_01317,False
train_1850.png,1,dup_group_01318,PNEUMONIA,1,keep,strict_dup_group_01318,False
train_1851.png,1,dup_group_01319,PNEUMONIA,2,keep,strict_dup_group_01319,False
train_1853.png,1,dup_group_01320,PNEUMONIA,1,keep,strict_dup_group_01320,False
train_1855.png,1,dup_group_01321,PNEUMONIA,2,keep,strict_dup_group_01321,False
train_1856.png,1,dup_group_01322,PNEUMONIA,41,audit_keep,strict_dup_group_01322,True
train_1857.png,1,dup_group_01323,PNEUMONIA,1,keep,strict_dup_group_01323,False
train_1861.png,1,dup_group_00111,PNEUMONIA,8,keep,strict_dup_group_00111,False
train_1862.png,1,dup_group_00093,PNEUMONIA,8,keep,strict_dup_group_00093,False
train_1863.png,1,dup_group_01127,PNEUMONIA,5,keep,strict_dup_group_01127,False
train_1865.png,1,dup_group_01325,PNEUMONIA,1,keep,strict_dup_group_01325,False
train_1866.png,1,dup_group_01326,PNEUMONIA,2,keep,strict_dup_group_01326,False
train_1867.png,1,dup_group_00838,PNEUMONIA,2,keep,strict_dup_group_00838,False
train_1870.png,1,dup_group_01328,PNEUMONIA,1,keep,strict_dup_group_01328,False
train_1872.png,1,dup_group_01329,PNEUMONIA,2,keep,strict_dup_group_01329,False
train_1873.png,1,dup_group_01330,PNEUMONIA,1,keep,strict_dup_group_01330,False
train_1875.png,1,dup_group_01331,PNEUMONIA,1,keep,strict_dup_group_01331,False
train_1876.png,1,dup_group_01332,PNEUMONIA,3,keep,strict_dup_group_01332,False
train_1879.png,1,dup_group_01334,PNEUMONIA,4,keep,strict_dup_group_01334,False
train_1880.png,1,dup_group_01335,PNEUMONIA,1,keep,strict_dup_group_01335,False
train_1883.png,1,dup_group_01337,PNEUMONIA,1,keep,strict_dup_group_01337,False
train_1884.png,1,dup_group_01338,PNEUMONIA,1,keep,strict_dup_group_01338,False
train_1886.png,1,dup_group_01339,PNEUMONIA,1,keep,strict_dup_group_01339,False
train_1887.png,1,dup_group_01340,PNEUMONIA,1,keep,strict_dup_group_01340,False
train_1888.png,1,dup_group_01341,PNEUMONIA,1,keep,strict_dup_group_01341,False
train_1890.png,1,dup_group_01342,PNEUMONIA,1,keep,strict_dup_group_01342,False
train_1892.png,1,dup_group_01343,PNEUMONIA,1,keep,strict_dup_group_01343,False
train_1893.png,1,dup_group_01344,PNEUMONIA,9,keep,strict_dup_group_01344,False
train_1894.png,1,dup_group_00859,PNEUMONIA,3,keep,strict_dup_group_00859,False
train_1900.png,1,dup_group_00157,PNEUMONIA,2,keep,strict_dup_group_00157,False
train_1901.png,1,dup_group_01348,PNEUMONIA,1,keep,strict_dup_group_01348,False
train_1903.png,1,dup_group_01350,PNEUMONIA,2,keep,strict_dup_group_01350,False
train_1905.png,1,dup_group_01207,PNEUMONIA,11,keep,strict_dup_group_01207,False
train_1907.png,1,dup_group_01352,PNEUMONIA,1,keep,strict_dup_group_01352,False
train_1910.png,1,dup_group_01354,PNEUMONIA,1,keep,strict_dup_group_01354,False
train_1911.png,1,dup_group_01234,PNEUMONIA,3,keep,strict_dup_group_01234,False
train_1912.png,1,dup_group_01355,PNEUMONIA,1,keep,strict_dup_group_01355,False
train_1913.png,1,dup_group_01356,PNEUMONIA,1,keep,strict_dup_group_01356,False
train_1915.png,1,dup_group_01322,PNEUMONIA,41,audit_keep,strict_dup_group_01322,True
train_1916.png,1,dup_group_01358,PNEUMONIA,1,keep,strict_dup_group_01358,False
train_1917.png,1,dup_group_01359,PNEUMONIA,1,keep,strict_dup_group_01359,False
train_1919.png,1,dup_group_01361,PNEUMONIA,1,keep,strict_dup_group_01361,False
train_1920.png,1,dup_group_01362,PNEUMONIA,4,keep,strict_dup_group_01362,False
train_1921.png,1,dup_group_01363,PNEUMONIA,1,keep,strict_dup_group_01363,False
train_1922.png,1,dup_group_01364,PNEUMONIA,1,keep,strict_dup_group_01364,False
train_1925.png,1,dup_group_00993,PNEUMONIA,38,audit_keep,strict_dup_group_00993,True
train_1927.png,1,dup_group_01366,PNEUMONIA,1,keep,strict_dup_group_01366,False
train_1928.png,1,dup_group_01367,PNEUMONIA,15,keep,strict_dup_group_01367,False
train_1929.png,1,dup_group_01368,PNEUMONIA,6,keep,strict_dup_group_01368,False
train_1930.png,1,dup_group_01369,PNEUMONIA,1,keep,strict_dup_group_01369,False
train_1931.png,1,dup_group_01370,PNEUMONIA,7,keep,strict_dup_group_01370,False
train_1935.png,1,dup_group_01372,PNEUMONIA,1,keep,strict_dup_group_01372,False
train_1937.png,1,dup_group_01373,PNEUMONIA,1,keep,strict_dup_group_01373,False
train_1938.png,1,dup_group_01374,PNEUMONIA,2,keep,strict_dup_group_01374,False
train_1939.png,1,dup_group_01997,PNEUMONIA,5,keep,strict_dup_group_01997,False
train_1940.png,1,dup_group_01375,PNEUMONIA,12,keep,strict_dup_group_01375,False
train_1941.png,1,dup_group_01367,PNEUMONIA,15,keep,strict_dup_group_01367,False
train_1942.png,1,dup_group_00069,PNEUMONIA,18,keep,strict_dup_group_00069,False
train_1943.png,1,dup_group_01376,PNEUMONIA,3,keep,strict_dup_group_01376,False
train_1944.png,1,dup_group_01096,PNEUMONIA,4,keep,strict_dup_group_01096,False
train_1945.png,1,dup_group_01377,PNEUMONIA,1,keep,strict_dup_group_01377,False
train_1946.png,1,dup_group_01378,PNEUMONIA,1,keep,strict_dup_group_01378,False
train_1948.png,1,dup_group_01379,PNEUMONIA,1,keep,strict_dup_group_01379,False
train_1949.png,1,dup_group_01380,PNEUMONIA,1,keep,strict_dup_group_01380,False
train_1950.png,1,dup_group_01207,PNEUMONIA,11,keep,strict_dup_group_01207,False
train_1951.png,1,dup_group_01381,PNEUMONIA,1,keep,strict_dup_group_01381,False
train_1953.png,1,dup_group_01382,PNEUMONIA,1,keep,strict_dup_group_01382,False
train_1954.png,1,dup_group_00700,PNEUMONIA,12,keep,strict_dup_group_00700,False
train_1957.png,1,dup_group_01384,PNEUMONIA,1,keep,strict_dup_group_01384,False
train_1958.png,1,dup_group_00003,PNEUMONIA,88,split_large,strict_file_train_1958,False
train_1960.png,1,dup_group_01189,PNEUMONIA,3,keep,strict_dup_group_01189,False
train_1961.png,1,dup_group_01386,PNEUMONIA,1,keep,strict_dup_group_01386,False
train_1962.png,1,dup_group_01387,PNEUMONIA,3,keep,strict_dup_group_01387,False
train_1970.png,1,dup_group_01390,PNEUMONIA,1,keep,strict_dup_group_01390,False
train_1972.png,1,dup_group_01391,PNEUMONIA,1,keep,strict_dup_group_01391,False
train_1974.png,1,dup_group_00849,PNEUMONIA,4,keep,strict_dup_group_00849,False
train_1977.png,1,dup_group_01394,PNEUMONIA,1,keep,strict_dup_group_01394,False
train_1978.png,1,dup_group_01395,PNEUMONIA,1,keep,strict_dup_group_01395,False
train_1979.png,1,dup_group_01396,PNEUMONIA,1,keep,strict_dup_group_01396,False
train_1980.png,1,dup_group_01397,PNEUMONIA,1,keep,strict_dup_group_01397,False
train_1981.png,1,dup_group_01398,PNEUMONIA,7,keep,strict_dup_group_01398,False
train_1984.png,1,dup_group_01399,PNEUMONIA,1,keep,strict_dup_group_01399,False
train_1985.png,1,dup_group_01400,PNEUMONIA,3,keep,strict_dup_group_01400,False
train_1987.png,1,dup_group_01400,PNEUMONIA,3,keep,strict_dup_group_01400,False
train_1988.png,1,dup_group_01401,PNEUMONIA,1,keep,strict_dup_group_01401,False
train_1990.png,1,dup_group_01042,PNEUMONIA,18,keep,strict_dup_group_01042,False
train_1991.png,1,dup_group_01403,PNEUMONIA,1,keep,strict_dup_group_01403,False
train_1992.png,1,dup_group_01404,PNEUMONIA,1,keep,strict_dup_group_01404,False
train_1993.png,1,dup_group_01040,PNEUMONIA,3,keep,strict_dup_group_01040,False
train_1994.png,1,dup_group_01405,PNEUMONIA,5,keep,strict_dup_group_01405,False
train_1997.png,1,dup_group_01406,PNEUMONIA,1,keep,strict_dup_group_01406,False
train_1998.png,1,dup_group_00137,PNEUMONIA,4,keep,strict_dup_group_00137,False
train_1999.png,1,dup_group_01322,PNEUMONIA,41,audit_keep,strict_dup_group_01322,True
train_2000.png,1,dup_group_01407,PNEUMONIA,1,keep,strict_dup_group_01407,False
train_2001.png,1,dup_group_01408,PNEUMONIA,1,keep,strict_dup_group_01408,False
train_2005.png,1,dup_group_00392,PNEUMONIA,7,keep,strict_dup_group_00392,False
train_2006.png,1,dup_group_01410,PNEUMONIA,1,keep,strict_dup_group_01410,False
train_2009.png,1,dup_group_01412,PNEUMONIA,1,keep,strict_dup_group_01412,False
train_2010.png,1,dup_group_00372,PNEUMONIA,3,keep,strict_dup_group_00372,False
train_2013.png,1,dup_group_01413,PNEUMONIA,1,keep,strict_dup_group_01413,False
train_2014.png,1,dup_group_01414,PNEUMONIA,1,keep,strict_dup_group_01414,False
train_2015.png,1,dup_group_01415,PNEUMONIA,1,keep,strict_dup_group_01415,False
train_2016.png,1,dup_group_01367,PNEUMONIA,15,keep,strict_dup_group_01367,False
train_2018.png,1,dup_group_01417,PNEUMONIA,1,keep,strict_dup_group_01417,False
train_2019.png,1,dup_group_01418,PNEUMONIA,2,keep,strict_dup_group_01418,False
train_2020.png,1,dup_group_01419,PNEUMONIA,2,keep,strict_dup_group_01419,False
train_2022.png,1,dup_group_01421,PNEUMONIA,3,keep,strict_dup_group_01421,False
train_2024.png,1,dup_group_01422,PNEUMONIA,1,keep,strict_dup_group_01422,False
train_2025.png,1,dup_group_01423,PNEUMONIA,2,keep,strict_dup_group_01423,False
train_2027.png,1,dup_group_01034,PNEUMONIA,6,keep,strict_dup_group_01034,False
train_2028.png,1,dup_group_01425,PNEUMONIA,1,keep,strict_dup_group_01425,False
train_2030.png,1,dup_group_00016,PNEUMONIA,8,keep,strict_dup_group_00016,False
train_2032.png,1,dup_group_01426,PNEUMONIA,1,keep,strict_dup_group_01426,False
train_2034.png,1,dup_group_01427,PNEUMONIA,2,keep,strict_dup_group_01427,False
train_2035.png,1,dup_group_00609,PNEUMONIA,2,keep,strict_dup_group_00609,False
train_2037.png,1,dup_group_01428,PNEUMONIA,1,keep,strict_dup_group_01428,False
train_2039.png,1,dup_group_01429,PNEUMONIA,1,keep,strict_dup_group_01429,False
train_2041.png,1,dup_group_01431,PNEUMONIA,2,keep,strict_dup_group_01431,False
train_2043.png,1,dup_group_01432,PNEUMONIA,1,keep,strict_dup_group_01432,False
train_2044.png,1,dup_group_01433,PNEUMONIA,1,keep,strict_dup_group_01433,False
train_2048.png,1,dup_group_01437,PNEUMONIA,1,keep,strict_dup_group_01437,False
train_2049.png,1,dup_group_01438,PNEUMONIA,1,keep,strict_dup_group_01438,False
train_2050.png,1,dup_group_01375,PNEUMONIA,12,keep,strict_dup_group_01375,False
train_2051.png,1,dup_group_00029,PNEUMONIA,13,keep,strict_dup_group_00029,False
train_2053.png,1,dup_group_01439,PNEUMONIA,2,keep,strict_dup_group_01439,False
train_2056.png,1,dup_group_00915,PNEUMONIA,4,keep,strict_dup_group_00915,False
train_2057.png,1,dup_group_01440,PNEUMONIA,1,keep,strict_dup_group_01440,False
train_2059.png,1,dup_group_01301,PNEUMONIA,5,keep,strict_dup_group_01301,False
train_2062.png,1,dup_group_01441,PNEUMONIA,1,keep,strict_dup_group_01441,False
train_2067.png,1,dup_group_01445,PNEUMONIA,6,keep,strict_dup_group_01445,False
train_2068.png,1,dup_group_01322,PNEUMONIA,41,audit_keep,strict_dup_group_01322,True
train_2069.png,1,dup_group_01446,PNEUMONIA,4,keep,strict_dup_group_01446,False
train_2070.png,1,dup_group_01447,PNEUMONIA,1,keep,strict_dup_group_01447,False
train_2071.png,1,dup_group_01448,PNEUMONIA,1,keep,strict_dup_group_01448,False
train_2072.png,1,dup_group_01449,PNEUMONIA,1,keep,strict_dup_group_01449,False
train_2073.png,1,dup_group_01450,PNEUMONIA,2,keep,strict_dup_group_01450,False
train_2074.png,1,dup_group_01451,PNEUMONIA,3,keep,strict_dup_group_01451,False
train_2075.png,1,dup_group_01452,PNEUMONIA,1,keep,strict_dup_group_01452,False
train_2076.png,1,dup_group_00700,PNEUMONIA,12,keep,strict_dup_group_00700,False
train_2077.png,1,dup_group_01253,PNEUMONIA,5,keep,strict_dup_group_01253,False
train_2078.png,1,dup_group_01453,PNEUMONIA,3,keep,strict_dup_group_01453,False
train_2079.png,1,dup_group_01454,PNEUMONIA,1,keep,strict_dup_group_01454,False
train_2081.png,1,dup_group_00003,PNEUMONIA,88,split_large,strict_file_train_2081,False
train_2082.png,1,dup_group_01455,PNEUMONIA,2,keep,strict_dup_group_01455,False
train_2083.png,1,dup_group_00003,PNEUMONIA,88,split_large,strict_file_train_2083,False
train_2084.png,1,dup_group_01456,PNEUMONIA,1,keep,strict_dup_group_01456,False
train_2085.png,1,dup_group_01687,PNEUMONIA,7,keep,strict_dup_group_01687,False
train_2087.png,1,dup_group_01458,PNEUMONIA,1,keep,strict_dup_group_01458,False
train_2089.png,1,dup_group_01459,PNEUMONIA,1,keep,strict_dup_group_01459,False
train_2090.png,1,dup_group_00069,PNEUMONIA,18,keep,strict_dup_group_00069,False
train_2091.png,1,dup_group_01460,PNEUMONIA,1,keep,strict_dup_group_01460,False
train_2095.png,1,dup_group_00115,PNEUMONIA,13,keep,strict_dup_group_00115,False
train_2096.png,1,dup_group_01461,PNEUMONIA,3,keep,strict_dup_group_01461,False
train_2099.png,1,dup_group_01463,PNEUMONIA,1,keep,strict_dup_group_01463,False
train_2100.png,1,dup_group_01464,PNEUMONIA,1,keep,strict_dup_group_01464,False
train_2101.png,1,dup_group_01465,PNEUMONIA,2,keep,strict_dup_group_01465,False
train_2103.png,1,dup_group_00115,PNEUMONIA,13,keep,strict_dup_group_00115,False
train_2104.png,1,dup_group_01466,PNEUMONIA,2,keep,strict_dup_group_01466,False
train_2105.png,1,dup_group_01467,PNEUMONIA,1,keep,strict_dup_group_01467,False
train_2106.png,1,dup_group_01423,PNEUMONIA,2,keep,strict_dup_group_01423,False
train_2109.png,1,dup_group_01469,PNEUMONIA,1,keep,strict_dup_group_01469,False
train_2110.png,1,dup_group_01470,PNEUMONIA,1,keep,strict_dup_group_01470,False
train_2113.png,1,dup_group_01057,PNEUMONIA,16,keep,strict_dup_group_01057,False
train_2114.png,1,dup_group_01472,PNEUMONIA,2,keep,strict_dup_group_01472,False
train_2115.png,1,dup_group_01473,PNEUMONIA,1,keep,strict_dup_group_01473,False
train_2116.png,1,dup_group_01474,PNEUMONIA,1,keep,strict_dup_group_01474,False
train_2118.png,1,dup_group_01476,PNEUMONIA,3,keep,strict_dup_group_01476,False
train_2119.png,1,dup_group_01477,PNEUMONIA,2,keep,strict_dup_group_01477,False
train_2120.png,1,dup_group_01477,PNEUMONIA,2,keep,strict_dup_group_01477,False
train_2121.png,1,dup_group_01478,PNEUMONIA,1,keep,strict_dup_group_01478,False
train_2122.png,1,dup_group_01479,PNEUMONIA,1,keep,strict_dup_group_01479,False
train_2123.png,1,dup_group_00016,PNEUMONIA,8,keep,strict_dup_group_00016,False
train_2124.png,1,dup_group_01480,PNEUMONIA,1,keep,strict_dup_group_01480,False
train_2126.png,1,dup_group_01482,PNEUMONIA,1,keep,strict_dup_group_01482,False
train_2127.png,1,dup_group_00302,PNEUMONIA,10,keep,strict_dup_group_00302,False
train_2128.png,1,dup_group_01269,PNEUMONIA,2,keep,strict_dup_group_01269,False
train_2130.png,1,dup_group_01483,PNEUMONIA,1,keep,strict_dup_group_01483,False
train_2131.png,1,dup_group_01484,PNEUMONIA,1,keep,strict_dup_group_01484,False
train_2133.png,1,dup_group_01485,PNEUMONIA,4,keep,strict_dup_group_01485,False
train_2134.png,1,dup_group_00623,PNEUMONIA,2,keep,strict_dup_group_00623,False
train_2137.png,1,dup_group_01127,PNEUMONIA,5,keep,strict_dup_group_01127,False
train_2138.png,1,dup_group_00158,PNEUMONIA,10,keep,strict_dup_group_00158,False
train_2140.png,1,dup_group_01486,PNEUMONIA,1,keep,strict_dup_group_01486,False
train_2142.png,1,dup_group_01090,PNEUMONIA,4,keep,strict_dup_group_01090,False
train_2145.png,1,dup_group_01487,PNEUMONIA,1,keep,strict_dup_group_01487,False
train_2146.png,1,dup_group_01465,PNEUMONIA,2,keep,strict_dup_group_01465,False
train_2149.png,1,dup_group_01488,PNEUMONIA,1,keep,strict_dup_group_01488,False
train_2152.png,1,dup_group_01489,PNEUMONIA,1,keep,strict_dup_group_01489,False
train_2153.png,1,dup_group_01490,PNEUMONIA,1,keep,strict_dup_group_01490,False
train_2155.png,1,dup_group_01329,PNEUMONIA,2,keep,strict_dup_group_01329,False
train_2156.png,1,dup_group_01491,PNEUMONIA,1,keep,strict_dup_group_01491,False
train_2157.png,1,dup_group_01492,PNEUMONIA,1,keep,strict_dup_group_01492,False
train_2158.png,1,dup_group_00003,PNEUMONIA,88,split_large,strict_file_train_2158,False
train_2159.png,1,dup_group_01493,PNEUMONIA,4,keep,strict_dup_group_01493,False
train_2160.png,1,dup_group_01494,PNEUMONIA,1,keep,strict_dup_group_01494,False
train_2161.png,1,dup_group_01495,PNEUMONIA,1,keep,strict_dup_group_01495,False
train_2165.png,1,dup_group_01498,PNEUMONIA,10,keep,strict_dup_group_01498,False
train_2166.png,1,dup_group_01499,PNEUMONIA,1,keep,strict_dup_group_01499,False
train_2169.png,1,dup_group_01502,PNEUMONIA,1,keep,strict_dup_group_01502,False
train_2170.png,1,dup_group_01350,PNEUMONIA,2,keep,strict_dup_group_01350,False
train_2171.png,1,dup_group_01503,PNEUMONIA,1,keep,strict_dup_group_01503,False
train_2172.png,1,dup_group_01504,PNEUMONIA,1,keep,strict_dup_group_01504,False
train_2174.png,1,dup_group_01506,PNEUMONIA,1,keep,strict_dup_group_01506,False
train_2175.png,1,dup_group_01507,PNEUMONIA,1,keep,strict_dup_group_01507,False
train_2177.png,1,dup_group_01508,PNEUMONIA,1,keep,strict_dup_group_01508,False
train_2178.png,1,dup_group_01509,PNEUMONIA,1,keep,strict_dup_group_01509,False
train_2181.png,1,dup_group_01512,PNEUMONIA,1,keep,strict_dup_group_01512,False
train_2183.png,1,dup_group_01513,PNEUMONIA,1,keep,strict_dup_group_01513,False
train_2185.png,1,dup_group_01301,PNEUMONIA,5,keep,strict_dup_group_01301,False
train_2187.png,1,dup_group_01516,PNEUMONIA,1,keep,strict_dup_group_01516,False
train_2189.png,1,dup_group_01517,PNEUMONIA,1,keep,strict_dup_group_01517,False
train_2190.png,1,dup_group_00029,PNEUMONIA,13,keep,strict_dup_group_00029,False
train_2191.png,1,dup_group_01518,PNEUMONIA,1,keep,strict_dup_group_01518,False
train_2192.png,1,dup_group_01519,PNEUMONIA,1,keep,strict_dup_group_01519,False
train_2193.png,1,dup_group_01520,PNEUMONIA,1,keep,strict_dup_group_01520,False
train_2194.png,1,dup_group_01521,PNEUMONIA,1,keep,strict_dup_group_01521,False
train_2195.png,1,dup_group_01522,PNEUMONIA,1,keep,strict_dup_group_01522,False
train_2196.png,1,dup_group_01523,PNEUMONIA,1,keep,strict_dup_group_01523,False
train_2198.png,1,dup_group_01525,PNEUMONIA,1,keep,strict_dup_group_01525,False
train_2199.png,1,dup_group_01526,PNEUMONIA,3,keep,strict_dup_group_01526,False
train_2200.png,1,dup_group_01527,PNEUMONIA,1,keep,strict_dup_group_01527,False
train_2201.png,1,dup_group_01528,PNEUMONIA,1,keep,strict_dup_group_01528,False
train_2202.png,1,dup_group_01529,PNEUMONIA,1,keep,strict_dup_group_01529,False
train_2203.png,1,dup_group_01526,PNEUMONIA,3,keep,strict_dup_group_01526,False
train_2206.png,1,dup_group_01532,PNEUMONIA,1,keep,strict_dup_group_01532,False
train_2207.png,1,dup_group_00632,PNEUMONIA,3,keep,strict_dup_group_00632,False
train_2209.png,1,dup_group_01533,PNEUMONIA,1,keep,strict_dup_group_01533,False
train_2210.png,1,dup_group_00993,PNEUMONIA,38,audit_keep,strict_dup_group_00993,True
train_2211.png,1,dup_group_01221,PNEUMONIA,4,keep,strict_dup_group_01221,False
train_2212.png,1,dup_group_01237,PNEUMONIA,3,keep,strict_dup_group_01237,False
train_2213.png,1,dup_group_01534,PNEUMONIA,1,keep,strict_dup_group_01534,False
train_2214.png,1,dup_group_01535,PNEUMONIA,2,keep,strict_dup_group_01535,False
train_2218.png,1,dup_group_01536,PNEUMONIA,1,keep,strict_dup_group_01536,False
train_2219.png,1,dup_group_00111,PNEUMONIA,8,keep,strict_dup_group_00111,False
train_2224.png,1,dup_group_01540,PNEUMONIA,1,keep,strict_dup_group_01540,False
train_2225.png,1,dup_group_01541,PNEUMONIA,1,keep,strict_dup_group_01541,False
train_2226.png,1,dup_group_00100,PNEUMONIA,8,keep,strict_dup_group_00100,False
train_2227.png,1,dup_group_01542,PNEUMONIA,1,keep,strict_dup_group_01542,False
train_2228.png,1,dup_group_01543,PNEUMONIA,1,keep,strict_dup_group_01543,False
train_2229.png,1,dup_group_00115,PNEUMONIA,13,keep,strict_dup_group_00115,False
train_2230.png,1,dup_group_01544,PNEUMONIA,1,keep,strict_dup_group_01544,False
train_2231.png,1,dup_group_01545,PNEUMONIA,2,keep,strict_dup_group_01545,False
train_2232.png,1,dup_group_01057,PNEUMONIA,16,keep,strict_dup_group_01057,False
train_2235.png,1,dup_group_01547,PNEUMONIA,1,keep,strict_dup_group_01547,False
train_2238.png,1,dup_group_01109,PNEUMONIA,3,keep,strict_dup_group_01109,False
train_2239.png,1,dup_group_01548,PNEUMONIA,1,keep,strict_dup_group_01548,False
train_2241.png,1,dup_group_00275,PNEUMONIA,2,keep,strict_dup_group_00275,False
train_2242.png,1,dup_group_01549,PNEUMONIA,1,keep,strict_dup_group_01549,False
train_2243.png,1,dup_group_01550,PNEUMONIA,1,keep,strict_dup_group_01550,False
train_2244.png,1,dup_group_01551,PNEUMONIA,1,keep,strict_dup_group_01551,False
train_2245.png,1,dup_group_01552,PNEUMONIA,1,keep,strict_dup_group_01552,False
train_2246.png,1,dup_group_01553,PNEUMONIA,1,keep,strict_dup_group_01553,False
train_2247.png,1,dup_group_01554,PNEUMONIA,1,keep,strict_dup_group_01554,False
train_2248.png,1,dup_group_01555,PNEUMONIA,1,keep,strict_dup_group_01555,False
train_2249.png,1,dup_group_01556,PNEUMONIA,1,keep,strict_dup_group_01556,False
train_2250.png,1,dup_group_01557,PNEUMONIA,2,keep,strict_dup_group_01557,False
train_2251.png,1,dup_group_01557,PNEUMONIA,2,keep,strict_dup_group_01557,False
train_2253.png,1,dup_group_00968,PNEUMONIA,13,keep,strict_dup_group_00968,False
train_2254.png,1,dup_group_00003,PNEUMONIA,88,split_large,strict_file_train_2254,False
train_2255.png,1,dup_group_01559,PNEUMONIA,1,keep,strict_dup_group_01559,False
train_2257.png,1,dup_group_01561,PNEUMONIA,1,keep,strict_dup_group_01561,False
train_2258.png,1,dup_group_01562,PNEUMONIA,1,keep,strict_dup_group_01562,False
train_2261.png,1,dup_group_01565,PNEUMONIA,1,keep,strict_dup_group_01565,False
train_2263.png,1,dup_group_01204,PNEUMONIA,13,keep,strict_dup_group_01204,False
train_2264.png,1,dup_group_00578,PNEUMONIA,3,keep,strict_dup_group_00578,False
train_2267.png,1,dup_group_01375,PNEUMONIA,12,keep,strict_dup_group_01375,False
train_2270.png,1,dup_group_01569,PNEUMONIA,1,keep,strict_dup_group_01569,False
train_2274.png,1,dup_group_01572,PNEUMONIA,2,keep,strict_dup_group_01572,False
train_2277.png,1,dup_group_01221,PNEUMONIA,4,keep,strict_dup_group_01221,False
train_2278.png,1,dup_group_01575,PNEUMONIA,1,keep,strict_dup_group_01575,False
train_2279.png,1,dup_group_01576,PNEUMONIA,1,keep,strict_dup_group_01576,False
train_2280.png,1,dup_group_01577,PNEUMONIA,2,keep,strict_dup_group_01577,False
train_2281.png,1,dup_group_01578,PNEUMONIA,9,keep,strict_dup_group_01578,False
train_2282.png,1,dup_group_01579,PNEUMONIA,1,keep,strict_dup_group_01579,False
train_2284.png,1,dup_group_01581,PNEUMONIA,1,keep,strict_dup_group_01581,False
train_2286.png,1,dup_group_01582,PNEUMONIA,1,keep,strict_dup_group_01582,False
train_2287.png,1,dup_group_01583,PNEUMONIA,2,keep,strict_dup_group_01583,False
train_2288.png,1,dup_group_01584,PNEUMONIA,1,keep,strict_dup_group_01584,False
train_2291.png,1,dup_group_01586,PNEUMONIA,3,keep,strict_dup_group_01586,False
train_2292.png,1,dup_group_01587,PNEUMONIA,1,keep,strict_dup_group_01587,False
train_2293.png,1,dup_group_01588,PNEUMONIA,1,keep,strict_dup_group_01588,False
train_2294.png,1,dup_group_00989,PNEUMONIA,11,keep,strict_dup_group_00989,False
train_2295.png,1,dup_group_01589,PNEUMONIA,1,keep,strict_dup_group_01589,False
train_2296.png,1,dup_group_01590,PNEUMONIA,2,keep,strict_dup_group_01590,False
train_2297.png,1,dup_group_02003,PNEUMONIA,5,keep,strict_dup_group_02003,False
train_2300.png,1,dup_group_01592,PNEUMONIA,1,keep,strict_dup_group_01592,False
train_2301.png,1,dup_group_01593,PNEUMONIA,1,keep,strict_dup_group_01593,False
train_2302.png,1,dup_group_01594,PNEUMONIA,1,keep,strict_dup_group_01594,False
train_2303.png,1,dup_group_01042,PNEUMONIA,18,keep,strict_dup_group_01042,False
train_2305.png,1,dup_group_01322,PNEUMONIA,41,audit_keep,strict_dup_group_01322,True
train_2306.png,1,dup_group_00439,PNEUMONIA,3,keep,strict_dup_group_00439,False
train_2308.png,1,dup_group_01595,PNEUMONIA,1,keep,strict_dup_group_01595,False
train_2310.png,1,dup_group_01596,PNEUMONIA,8,keep,strict_dup_group_01596,False
train_2311.png,1,dup_group_00989,PNEUMONIA,11,keep,strict_dup_group_00989,False
train_2312.png,1,dup_group_01597,PNEUMONIA,1,keep,strict_dup_group_01597,False
train_2313.png,1,dup_group_01598,PNEUMONIA,2,keep,strict_dup_group_01598,False
train_2314.png,1,dup_group_01599,PNEUMONIA,1,keep,strict_dup_group_01599,False
train_2315.png,1,dup_group_01600,PNEUMONIA,1,keep,strict_dup_group_01600,False
train_2316.png,1,dup_group_01601,PNEUMONIA,1,keep,strict_dup_group_01601,False
train_2318.png,1,dup_group_01302,PNEUMONIA,4,keep,strict_dup_group_01302,False
train_2321.png,1,dup_group_01602,PNEUMONIA,1,keep,strict_dup_group_01602,False
train_2322.png,1,dup_group_01526,PNEUMONIA,3,keep,strict_dup_group_01526,False
train_2323.png,1,dup_group_01603,PNEUMONIA,1,keep,strict_dup_group_01603,False
train_2324.png,1,dup_group_01604,PNEUMONIA,1,keep,strict_dup_group_01604,False
train_2325.png,1,dup_group_01605,PNEUMONIA,1,keep,strict_dup_group_01605,False
train_2328.png,1,dup_group_01607,PNEUMONIA,1,keep,strict_dup_group_01607,False
train_2329.png,1,dup_group_01608,PNEUMONIA,1,keep,strict_dup_group_01608,False
train_2331.png,1,dup_group_01609,PNEUMONIA,1,keep,strict_dup_group_01609,False
train_2332.png,1,dup_group_01610,PNEUMONIA,1,keep,strict_dup_group_01610,False
train_2337.png,1,dup_group_01367,PNEUMONIA,15,keep,strict_dup_group_01367,False
train_2338.png,1,dup_group_01613,PNEUMONIA,1,keep,strict_dup_group_01613,False
train_2339.png,1,dup_group_01445,PNEUMONIA,6,keep,strict_dup_group_01445,False
train_2342.png,1,dup_group_01615,PNEUMONIA,2,keep,strict_dup_group_01615,False
train_2344.png,1,dup_group_01578,PNEUMONIA,9,keep,strict_dup_group_01578,False
train_2345.png,1,dup_group_01616,PNEUMONIA,1,keep,strict_dup_group_01616,False
train_2347.png,1,dup_group_01618,PNEUMONIA,2,keep,strict_dup_group_01618,False
train_2350.png,1,dup_group_01288,PNEUMONIA,2,keep,strict_dup_group_01288,False
train_2351.png,1,dup_group_01620,PNEUMONIA,1,keep,strict_dup_group_01620,False
train_2353.png,1,dup_group_01621,PNEUMONIA,1,keep,strict_dup_group_01621,False
train_2354.png,1,dup_group_01622,PNEUMONIA,1,keep,strict_dup_group_01622,False
train_2355.png,1,dup_group_01623,PNEUMONIA,1,keep,strict_dup_group_01623,False
train_2356.png,1,dup_group_01418,PNEUMONIA,2,keep,strict_dup_group_01418,False
train_2357.png,1,dup_group_01624,PNEUMONIA,2,keep,strict_dup_group_01624,False
train_2359.png,1,dup_group_01626,PNEUMONIA,1,keep,strict_dup_group_01626,False
train_2360.png,1,dup_group_01627,PNEUMONIA,1,keep,strict_dup_group_01627,False
train_2362.png,1,dup_group_00226,PNEUMONIA,3,keep,strict_dup_group_00226,False
train_2365.png,1,dup_group_00578,PNEUMONIA,3,keep,strict_dup_group_00578,False
train_2367.png,1,dup_group_01628,PNEUMONIA,1,keep,strict_dup_group_01628,False
train_2368.png,1,dup_group_01042,PNEUMONIA,18,keep,strict_dup_group_01042,False
train_2369.png,1,dup_group_01498,PNEUMONIA,10,keep,strict_dup_group_01498,False
train_2370.png,1,dup_group_01629,PNEUMONIA,1,keep,strict_dup_group_01629,False
train_2371.png,1,dup_group_01630,PNEUMONIA,1,keep,strict_dup_group_01630,False
train_2372.png,1,dup_group_01631,PNEUMONIA,1,keep,strict_dup_group_01631,False
train_2374.png,1,dup_group_01633,PNEUMONIA,1,keep,strict_dup_group_01633,False
train_2378.png,1,dup_group_01070,PNEUMONIA,4,keep,strict_dup_group_01070,False
train_2381.png,1,dup_group_01639,PNEUMONIA,1,keep,strict_dup_group_01639,False
train_2384.png,1,dup_group_01641,PNEUMONIA,1,keep,strict_dup_group_01641,False
train_2386.png,1,dup_group_01642,PNEUMONIA,1,keep,strict_dup_group_01642,False
train_2387.png,1,dup_group_01643,PNEUMONIA,1,keep,strict_dup_group_01643,False
train_2388.png,1,dup_group_01644,PNEUMONIA,1,keep,strict_dup_group_01644,False
train_2389.png,1,dup_group_01645,PNEUMONIA,1,keep,strict_dup_group_01645,False
train_2390.png,1,dup_group_01646,PNEUMONIA,1,keep,strict_dup_group_01646,False
train_2391.png,1,dup_group_01647,PNEUMONIA,1,keep,strict_dup_group_01647,False
train_2392.png,1,dup_group_01648,PNEUMONIA,4,keep,strict_dup_group_01648,False
train_2393.png,1,dup_group_01649,PNEUMONIA,1,keep,strict_dup_group_01649,False
train_2394.png,1,dup_group_01650,PNEUMONIA,1,keep,strict_dup_group_01650,False
train_2395.png,1,dup_group_01651,PNEUMONIA,1,keep,strict_dup_group_01651,False
train_2396.png,1,dup_group_01322,PNEUMONIA,41,audit_keep,strict_dup_group_01322,True
train_2397.png,1,dup_group_01652,PNEUMONIA,1,keep,strict_dup_group_01652,False
train_2398.png,1,dup_group_01572,PNEUMONIA,2,keep,strict_dup_group_01572,False
train_2402.png,1,dup_group_00158,PNEUMONIA,10,keep,strict_dup_group_00158,False
train_2403.png,1,dup_group_00003,PNEUMONIA,88,split_large,strict_file_train_2403,False
train_2404.png,1,dup_group_01653,PNEUMONIA,1,keep,strict_dup_group_01653,False
train_2405.png,1,dup_group_01654,PNEUMONIA,2,keep,strict_dup_group_01654,False
train_2406.png,1,dup_group_00700,PNEUMONIA,12,keep,strict_dup_group_00700,False
train_2408.png,1,dup_group_01655,PNEUMONIA,1,keep,strict_dup_group_01655,False
train_2411.png,1,dup_group_01656,PNEUMONIA,1,keep,strict_dup_group_01656,False
train_2413.png,1,dup_group_01057,PNEUMONIA,16,keep,strict_dup_group_01057,False
train_2414.png,1,dup_group_01279,PNEUMONIA,4,keep,strict_dup_group_01279,False
train_2416.png,1,dup_group_00372,PNEUMONIA,3,keep,strict_dup_group_00372,False
train_2417.png,1,dup_group_01657,PNEUMONIA,1,keep,strict_dup_group_01657,False
train_2418.png,1,dup_group_01658,PNEUMONIA,1,keep,strict_dup_group_01658,False
train_2420.png,1,dup_group_01659,PNEUMONIA,1,keep,strict_dup_group_01659,False
train_2421.png,1,dup_group_01660,PNEUMONIA,2,keep,strict_dup_group_01660,False
train_2422.png,1,dup_group_01660,PNEUMONIA,2,keep,strict_dup_group_01660,False
train_2424.png,1,dup_group_01661,PNEUMONIA,6,keep,strict_dup_group_01661,False
train_2425.png,1,dup_group_01662,PNEUMONIA,1,keep,strict_dup_group_01662,False
train_2427.png,1,dup_group_01057,PNEUMONIA,16,keep,strict_dup_group_01057,False
train_2428.png,1,dup_group_00985,PNEUMONIA,8,keep,strict_dup_group_00985,False
train_2432.png,1,dup_group_01665,PNEUMONIA,1,keep,strict_dup_group_01665,False
train_2433.png,1,dup_group_01666,PNEUMONIA,1,keep,strict_dup_group_01666,False
train_2435.png,1,dup_group_01667,PNEUMONIA,1,keep,strict_dup_group_01667,False
train_2438.png,1,dup_group_01668,PNEUMONIA,1,keep,strict_dup_group_01668,False
train_2439.png,1,dup_group_01669,PNEUMONIA,1,keep,strict_dup_group_01669,False
train_2440.png,1,dup_group_01670,PNEUMONIA,1,keep,strict_dup_group_01670,False
train_2441.png,1,dup_group_01671,PNEUMONIA,2,keep,strict_dup_group_01671,False
train_2442.png,1,dup_group_01421,PNEUMONIA,3,keep,strict_dup_group_01421,False
train_2443.png,1,dup_group_01672,PNEUMONIA,1,keep,strict_dup_group_01672,False
train_2444.png,1,dup_group_01673,PNEUMONIA,1,keep,strict_dup_group_01673,False
train_2445.png,1,dup_group_00517,PNEUMONIA,9,keep,strict_dup_group_00517,False
train_2447.png,1,dup_group_01675,PNEUMONIA,3,keep,strict_dup_group_01675,False
train_2448.png,1,dup_group_01676,PNEUMONIA,1,keep,strict_dup_group_01676,False
train_2449.png,1,dup_group_01677,PNEUMONIA,2,keep,strict_dup_group_01677,False
train_2450.png,1,dup_group_01189,PNEUMONIA,3,keep,strict_dup_group_01189,False
train_2451.png,1,dup_group_01678,PNEUMONIA,1,keep,strict_dup_group_01678,False
train_2453.png,1,dup_group_01680,PNEUMONIA,1,keep,strict_dup_group_01680,False
train_2454.png,1,dup_group_01681,PNEUMONIA,1,keep,strict_dup_group_01681,False
train_2455.png,1,dup_group_01682,PNEUMONIA,1,keep,strict_dup_group_01682,False
train_2456.png,1,dup_group_01683,PNEUMONIA,5,keep,strict_dup_group_01683,False
train_2457.png,1,dup_group_01684,PNEUMONIA,2,keep,strict_dup_group_01684,False
train_2458.png,1,dup_group_01685,PNEUMONIA,1,keep,strict_dup_group_01685,False
train_2459.png,1,dup_group_00330,PNEUMONIA,9,keep,strict_dup_group_00330,False
train_2460.png,1,dup_group_01686,PNEUMONIA,1,keep,strict_dup_group_01686,False
train_2461.png,1,dup_group_01375,PNEUMONIA,12,keep,strict_dup_group_01375,False
train_2462.png,1,dup_group_01398,PNEUMONIA,7,keep,strict_dup_group_01398,False
train_2463.png,1,dup_group_01687,PNEUMONIA,7,keep,strict_dup_group_01687,False
train_2464.png,1,dup_group_00003,PNEUMONIA,88,split_large,strict_file_train_2464,False
train_2466.png,1,dup_group_01689,PNEUMONIA,1,keep,strict_dup_group_01689,False
train_2467.png,1,dup_group_01690,PNEUMONIA,1,keep,strict_dup_group_01690,False
train_2469.png,1,dup_group_01691,PNEUMONIA,1,keep,strict_dup_group_01691,False
train_2470.png,1,dup_group_01692,PNEUMONIA,1,keep,strict_dup_group_01692,False
train_2476.png,1,dup_group_00302,PNEUMONIA,10,keep,strict_dup_group_00302,False
train_2478.png,1,dup_group_01695,PNEUMONIA,1,keep,strict_dup_group_01695,False
train_2479.png,1,dup_group_01696,PNEUMONIA,1,keep,strict_dup_group_01696,False
train_2480.png,1,dup_group_01697,PNEUMONIA,1,keep,strict_dup_group_01697,False
train_2481.png,1,dup_group_01698,PNEUMONIA,1,keep,strict_dup_group_01698,False
train_2482.png,1,dup_group_01699,PNEUMONIA,5,keep,strict_dup_group_01699,False
train_2483.png,1,dup_group_01700,PNEUMONIA,1,keep,strict_dup_group_01700,False
train_2488.png,1,dup_group_01703,PNEUMONIA,1,keep,strict_dup_group_01703,False
train_2489.png,1,dup_group_01704,PNEUMONIA,1,keep,strict_dup_group_01704,False
train_2492.png,1,dup_group_01707,PNEUMONIA,1,keep,strict_dup_group_01707,False
train_2493.png,1,dup_group_01708,PNEUMONIA,1,keep,strict_dup_group_01708,False
train_2494.png,1,dup_group_01709,PNEUMONIA,1,keep,strict_dup_group_01709,False
train_2502.png,1,dup_group_01711,PNEUMONIA,1,keep,strict_dup_group_01711,False
train_2506.png,1,dup_group_01712,PNEUMONIA,2,keep,strict_dup_group_01712,False
train_2507.png,1,dup_group_01713,PNEUMONIA,1,keep,strict_dup_group_01713,False
train_2509.png,1,dup_group_01370,PNEUMONIA,7,keep,strict_dup_group_01370,False
train_2511.png,1,dup_group_01715,PNEUMONIA,1,keep,strict_dup_group_01715,False
train_2513.png,1,dup_group_01716,PNEUMONIA,1,keep,strict_dup_group_01716,False
train_2514.png,1,dup_group_01717,PNEUMONIA,2,keep,strict_dup_group_01717,False
train_2515.png,1,dup_group_01718,PNEUMONIA,1,keep,strict_dup_group_01718,False
train_2516.png,1,dup_group_01719,PNEUMONIA,1,keep,strict_dup_group_01719,False
train_2521.png,1,dup_group_01721,PNEUMONIA,1,keep,strict_dup_group_01721,False
train_2522.png,1,dup_group_00700,PNEUMONIA,12,keep,strict_dup_group_00700,False
train_2523.png,1,dup_group_01722,PNEUMONIA,1,keep,strict_dup_group_01722,False
train_2524.png,1,dup_group_01723,PNEUMONIA,1,keep,strict_dup_group_01723,False
train_2526.png,1,dup_group_01090,PNEUMONIA,4,keep,strict_dup_group_01090,False
train_2527.png,1,dup_group_01724,PNEUMONIA,1,keep,strict_dup_group_01724,False
train_2528.png,1,dup_group_01725,PNEUMONIA,1,keep,strict_dup_group_01725,False
train_2529.png,1,dup_group_01726,PNEUMONIA,1,keep,strict_dup_group_01726,False
train_2530.png,1,dup_group_01727,PNEUMONIA,1,keep,strict_dup_group_01727,False
train_2531.png,1,dup_group_01728,PNEUMONIA,1,keep,strict_dup_group_01728,False
train_2532.png,1,dup_group_01729,PNEUMONIA,1,keep,strict_dup_group_01729,False
train_2533.png,1,dup_group_01322,PNEUMONIA,41,audit_keep,strict_dup_group_01322,True
train_2534.png,1,dup_group_00445,PNEUMONIA,4,keep,strict_dup_group_00445,False
train_2535.png,1,dup_group_00158,PNEUMONIA,10,keep,strict_dup_group_00158,False
train_2536.png,1,dup_group_01375,PNEUMONIA,12,keep,strict_dup_group_01375,False
train_2538.png,1,dup_group_01730,PNEUMONIA,1,keep,strict_dup_group_01730,False
train_2539.png,1,dup_group_00915,PNEUMONIA,4,keep,strict_dup_group_00915,False
train_2540.png,1,dup_group_01127,PNEUMONIA,5,keep,strict_dup_group_01127,False
train_2541.png,1,dup_group_01248,PNEUMONIA,2,keep,strict_dup_group_01248,False
train_2543.png,1,dup_group_01731,PNEUMONIA,2,keep,strict_dup_group_01731,False
train_2544.png,1,dup_group_01732,PNEUMONIA,2,keep,strict_dup_group_01732,False
train_2546.png,1,dup_group_00111,PNEUMONIA,8,keep,strict_dup_group_00111,False
train_2548.png,1,dup_group_01733,PNEUMONIA,1,keep,strict_dup_group_01733,False
train_2550.png,1,dup_group_01498,PNEUMONIA,10,keep,strict_dup_group_01498,False
train_2551.png,1,dup_group_01057,PNEUMONIA,16,keep,strict_dup_group_01057,False
train_2553.png,1,dup_group_01735,PNEUMONIA,2,keep,strict_dup_group_01735,False
train_2554.png,1,dup_group_01736,PNEUMONIA,1,keep,strict_dup_group_01736,False
train_2555.png,1,dup_group_01737,PNEUMONIA,1,keep,strict_dup_group_01737,False
train_2556.png,1,dup_group_01738,PNEUMONIA,1,keep,strict_dup_group_01738,False
train_2557.png,1,dup_group_00004,PNEUMONIA,6,keep,strict_dup_group_00004,False
train_2558.png,1,dup_group_01739,PNEUMONIA,1,keep,strict_dup_group_01739,False
train_2559.png,1,dup_group_01740,PNEUMONIA,1,keep,strict_dup_group_01740,False
train_2560.png,1,dup_group_01741,PNEUMONIA,1,keep,strict_dup_group_01741,False
train_2564.png,1,dup_group_01742,PNEUMONIA,1,keep,strict_dup_group_01742,False
train_2568.png,1,dup_group_01744,PNEUMONIA,1,keep,strict_dup_group_01744,False
train_2572.png,1,dup_group_01367,PNEUMONIA,15,keep,strict_dup_group_01367,False
train_2573.png,1,dup_group_01746,PNEUMONIA,1,keep,strict_dup_group_01746,False
train_2574.png,1,dup_group_01747,PNEUMONIA,1,keep,strict_dup_group_01747,False
train_2575.png,1,dup_group_01748,PNEUMONIA,1,keep,strict_dup_group_01748,False
train_2576.png,1,dup_group_00454,PNEUMONIA,2,keep,strict_dup_group_00454,False
train_2577.png,1,dup_group_01749,PNEUMONIA,1,keep,strict_dup_group_01749,False
train_2581.png,1,dup_group_01750,PNEUMONIA,1,keep,strict_dup_group_01750,False
train_2583.png,1,dup_group_01752,PNEUMONIA,2,keep,strict_dup_group_01752,False
train_2584.png,1,dup_group_01753,PNEUMONIA,1,keep,strict_dup_group_01753,False
train_2588.png,1,dup_group_01756,PNEUMONIA,1,keep,strict_dup_group_01756,False
train_2592.png,1,dup_group_01498,PNEUMONIA,10,keep,strict_dup_group_01498,False
train_2593.png,1,dup_group_01757,PNEUMONIA,1,keep,strict_dup_group_01757,False
train_2595.png,1,dup_group_01322,PNEUMONIA,41,audit_keep,strict_dup_group_01322,True
train_2597.png,1,dup_group_01759,PNEUMONIA,1,keep,strict_dup_group_01759,False
train_2598.png,1,dup_group_01760,PNEUMONIA,1,keep,strict_dup_group_01760,False
train_2599.png,1,dup_group_01761,PNEUMONIA,1,keep,strict_dup_group_01761,False
train_2601.png,1,dup_group_01763,PNEUMONIA,1,keep,strict_dup_group_01763,False
train_2602.png,1,dup_group_01764,PNEUMONIA,1,keep,strict_dup_group_01764,False
train_2603.png,1,dup_group_01765,PNEUMONIA,4,keep,strict_dup_group_01765,False
train_2604.png,1,dup_group_01766,PNEUMONIA,1,keep,strict_dup_group_01766,False
train_2607.png,1,dup_group_01768,PNEUMONIA,1,keep,strict_dup_group_01768,False
train_2608.png,1,dup_group_01769,PNEUMONIA,1,keep,strict_dup_group_01769,False
train_2609.png,1,dup_group_01770,PNEUMONIA,1,keep,strict_dup_group_01770,False
train_2610.png,1,dup_group_01771,PNEUMONIA,1,keep,strict_dup_group_01771,False
train_2611.png,1,dup_group_01772,PNEUMONIA,1,keep,strict_dup_group_01772,False
train_2614.png,1,dup_group_01775,PNEUMONIA,1,keep,strict_dup_group_01775,False
train_2615.png,1,dup_group_01776,PNEUMONIA,1,keep,strict_dup_group_01776,False
train_2616.png,1,dup_group_01777,PNEUMONIA,1,keep,strict_dup_group_01777,False
train_2618.png,1,dup_group_01778,PNEUMONIA,3,keep,strict_dup_group_01778,False
train_2619.png,1,dup_group_00293,PNEUMONIA,3,keep,strict_dup_group_00293,False
train_2620.png,1,dup_group_01779,PNEUMONIA,1,keep,strict_dup_group_01779,False
train_2622.png,1,dup_group_01780,PNEUMONIA,1,keep,strict_dup_group_01780,False
train_2625.png,1,dup_group_01782,PNEUMONIA,1,keep,strict_dup_group_01782,False
train_2626.png,1,dup_group_01783,PNEUMONIA,1,keep,strict_dup_group_01783,False
train_2627.png,1,dup_group_01784,PNEUMONIA,1,keep,strict_dup_group_01784,False
train_2629.png,1,dup_group_01786,PNEUMONIA,1,keep,strict_dup_group_01786,False
train_2630.png,1,dup_group_01787,PNEUMONIA,1,keep,strict_dup_group_01787,False
train_2633.png,1,dup_group_01789,PNEUMONIA,1,keep,strict_dup_group_01789,False
train_2634.png,1,dup_group_01790,PNEUMONIA,1,keep,strict_dup_group_01790,False
train_2635.png,1,dup_group_01398,PNEUMONIA,7,keep,strict_dup_group_01398,False
train_2637.png,1,dup_group_01792,PNEUMONIA,2,keep,strict_dup_group_01792,False
train_2639.png,1,dup_group_01793,PNEUMONIA,1,keep,strict_dup_group_01793,False
train_2640.png,1,dup_group_01794,PNEUMONIA,1,keep,strict_dup_group_01794,False
train_2641.png,1,dup_group_01795,PNEUMONIA,1,keep,strict_dup_group_01795,False
train_2642.png,1,dup_group_01796,PNEUMONIA,1,keep,strict_dup_group_01796,False
train_2643.png,1,dup_group_01797,PNEUMONIA,1,keep,strict_dup_group_01797,False
train_2646.png,1,dup_group_01798,PNEUMONIA,1,keep,strict_dup_group_01798,False
train_2647.png,1,dup_group_01799,PNEUMONIA,1,keep,strict_dup_group_01799,False
train_2648.png,1,dup_group_01800,PNEUMONIA,1,keep,strict_dup_group_01800,False
train_2649.png,1,dup_group_01801,PNEUMONIA,1,keep,strict_dup_group_01801,False
train_2650.png,1,dup_group_01802,PNEUMONIA,1,keep,strict_dup_group_01802,False
train_2651.png,1,dup_group_01493,PNEUMONIA,4,keep,strict_dup_group_01493,False
train_2653.png,1,dup_group_01804,PNEUMONIA,1,keep,strict_dup_group_01804,False
train_2654.png,1,dup_group_01092,PNEUMONIA,6,keep,strict_dup_group_01092,False
train_2657.png,1,dup_group_01806,PNEUMONIA,1,keep,strict_dup_group_01806,False
train_2658.png,1,dup_group_01586,PNEUMONIA,3,keep,strict_dup_group_01586,False
train_2660.png,1,dup_group_01684,PNEUMONIA,2,keep,strict_dup_group_01684,False
train_2661.png,1,dup_group_00985,PNEUMONIA,8,keep,strict_dup_group_00985,False
train_2662.png,1,dup_group_01485,PNEUMONIA,4,keep,strict_dup_group_01485,False
train_2663.png,1,dup_group_01322,PNEUMONIA,41,audit_keep,strict_dup_group_01322,True
train_2664.png,1,dup_group_01808,PNEUMONIA,1,keep,strict_dup_group_01808,False
train_2665.png,1,dup_group_01809,PNEUMONIA,1,keep,strict_dup_group_01809,False
train_2666.png,1,dup_group_01618,PNEUMONIA,2,keep,strict_dup_group_01618,False
train_2667.png,1,dup_group_01204,PNEUMONIA,13,keep,strict_dup_group_01204,False
train_2668.png,1,dup_group_01810,PNEUMONIA,1,keep,strict_dup_group_01810,False
train_2673.png,1,dup_group_00164,PNEUMONIA,2,keep,strict_dup_group_00164,False
train_2674.png,1,dup_group_01813,PNEUMONIA,1,keep,strict_dup_group_01813,False
train_2675.png,1,dup_group_01439,PNEUMONIA,2,keep,strict_dup_group_01439,False
train_2676.png,1,dup_group_01683,PNEUMONIA,5,keep,strict_dup_group_01683,False
train_2677.png,1,dup_group_01814,PNEUMONIA,1,keep,strict_dup_group_01814,False
train_2678.png,1,dup_group_01815,PNEUMONIA,1,keep,strict_dup_group_01815,False
train_2679.png,1,dup_group_00302,PNEUMONIA,10,keep,strict_dup_group_00302,False
train_2681.png,1,dup_group_01816,PNEUMONIA,1,keep,strict_dup_group_01816,False
train_2682.png,1,dup_group_01168,PNEUMONIA,2,keep,strict_dup_group_01168,False
train_2684.png,1,dup_group_01818,PNEUMONIA,1,keep,strict_dup_group_01818,False
train_2685.png,1,dup_group_00985,PNEUMONIA,8,keep,strict_dup_group_00985,False
train_2686.png,1,dup_group_01819,PNEUMONIA,2,keep,strict_dup_group_01819,False
train_2687.png,1,dup_group_01820,PNEUMONIA,3,keep,strict_dup_group_01820,False
train_2688.png,1,dup_group_01821,PNEUMONIA,1,keep,strict_dup_group_01821,False
train_2691.png,1,dup_group_01823,PNEUMONIA,1,keep,strict_dup_group_01823,False
train_2695.png,1,dup_group_01826,PNEUMONIA,1,keep,strict_dup_group_01826,False
train_2696.png,1,dup_group_01827,PNEUMONIA,1,keep,strict_dup_group_01827,False
train_2697.png,1,dup_group_01828,PNEUMONIA,1,keep,strict_dup_group_01828,False
train_2700.png,1,dup_group_01829,PNEUMONIA,5,keep,strict_dup_group_01829,False
train_2702.png,1,dup_group_01830,PNEUMONIA,1,keep,strict_dup_group_01830,False
train_2704.png,1,dup_group_01831,PNEUMONIA,1,keep,strict_dup_group_01831,False
train_2709.png,1,dup_group_01835,PNEUMONIA,1,keep,strict_dup_group_01835,False
train_2710.png,1,dup_group_01836,PNEUMONIA,1,keep,strict_dup_group_01836,False
train_2711.png,1,dup_group_01837,PNEUMONIA,1,keep,strict_dup_group_01837,False
train_2712.png,1,dup_group_01838,PNEUMONIA,2,keep,strict_dup_group_01838,False
train_2713.png,1,dup_group_01839,PNEUMONIA,1,keep,strict_dup_group_01839,False
train_2714.png,1,dup_group_01840,PNEUMONIA,1,keep,strict_dup_group_01840,False
train_2716.png,1,dup_group_01841,PNEUMONIA,2,keep,strict_dup_group_01841,False
train_2718.png,1,dup_group_01212,PNEUMONIA,3,keep,strict_dup_group_01212,False
train_2719.png,1,dup_group_01842,PNEUMONIA,2,keep,strict_dup_group_01842,False
train_2721.png,1,dup_group_01178,PNEUMONIA,2,keep,strict_dup_group_01178,False
train_2723.png,1,dup_group_01843,PNEUMONIA,1,keep,strict_dup_group_01843,False
train_2724.png,1,dup_group_00517,PNEUMONIA,9,keep,strict_dup_group_00517,False
train_2726.png,1,dup_group_01844,PNEUMONIA,1,keep,strict_dup_group_01844,False
train_2727.png,1,dup_group_01845,PNEUMONIA,1,keep,strict_dup_group_01845,False
train_2728.png,1,dup_group_01846,PNEUMONIA,1,keep,strict_dup_group_01846,False
train_2729.png,1,dup_group_01847,PNEUMONIA,1,keep,strict_dup_group_01847,False
train_2732.png,1,dup_group_01848,PNEUMONIA,1,keep,strict_dup_group_01848,False
train_2734.png,1,dup_group_01850,PNEUMONIA,1,keep,strict_dup_group_01850,False
train_2735.png,1,dup_group_01851,PNEUMONIA,1,keep,strict_dup_group_01851,False
train_2737.png,1,dup_group_01097,PNEUMONIA,7,keep,strict_dup_group_01097,False
train_2739.png,1,dup_group_01853,PNEUMONIA,1,keep,strict_dup_group_01853,False
train_2743.png,1,dup_group_01855,PNEUMONIA,1,keep,strict_dup_group_01855,False
train_2744.png,1,dup_group_01204,PNEUMONIA,13,keep,strict_dup_group_01204,False
train_2745.png,1,dup_group_00993,PNEUMONIA,38,audit_keep,strict_dup_group_00993,True
train_2747.png,1,dup_group_01857,PNEUMONIA,2,keep,strict_dup_group_01857,False
train_2750.png,1,dup_group_01858,PNEUMONIA,1,keep,strict_dup_group_01858,False
train_2751.png,1,dup_group_01859,PNEUMONIA,1,keep,strict_dup_group_01859,False
train_2752.png,1,dup_group_01860,PNEUMONIA,2,keep,strict_dup_group_01860,False
train_2753.png,1,dup_group_01861,PNEUMONIA,1,keep,strict_dup_group_01861,False
train_2754.png,1,dup_group_01862,PNEUMONIA,1,keep,strict_dup_group_01862,False
train_2755.png,1,dup_group_01648,PNEUMONIA,4,keep,strict_dup_group_01648,False
train_2756.png,1,dup_group_00182,PNEUMONIA,2,keep,strict_dup_group_00182,False
train_2757.png,1,dup_group_02047,PNEUMONIA,3,keep,strict_dup_group_02047,False
train_2759.png,1,dup_group_00993,PNEUMONIA,38,audit_keep,strict_dup_group_00993,True
train_2761.png,1,dup_group_01864,PNEUMONIA,2,keep,strict_dup_group_01864,False
train_2762.png,1,dup_group_01865,PNEUMONIA,1,keep,strict_dup_group_01865,False
train_2763.png,1,dup_group_01866,PNEUMONIA,1,keep,strict_dup_group_01866,False
train_2766.png,1,dup_group_01868,PNEUMONIA,1,keep,strict_dup_group_01868,False
train_2768.png,1,dup_group_01092,PNEUMONIA,6,keep,strict_dup_group_01092,False
train_2770.png,1,dup_group_00968,PNEUMONIA,13,keep,strict_dup_group_00968,False
train_2771.png,1,dup_group_01869,PNEUMONIA,1,keep,strict_dup_group_01869,False
train_2772.png,1,dup_group_01870,PNEUMONIA,1,keep,strict_dup_group_01870,False
train_2773.png,1,dup_group_01687,PNEUMONIA,7,keep,strict_dup_group_01687,False
train_2774.png,1,dup_group_01871,PNEUMONIA,1,keep,strict_dup_group_01871,False
train_2776.png,1,dup_group_01872,PNEUMONIA,1,keep,strict_dup_group_01872,False
train_2777.png,1,dup_group_01873,PNEUMONIA,1,keep,strict_dup_group_01873,False
train_2778.png,1,dup_group_01874,PNEUMONIA,1,keep,strict_dup_group_01874,False
train_2780.png,1,dup_group_01876,PNEUMONIA,1,keep,strict_dup_group_01876,False
train_2782.png,1,dup_group_01877,PNEUMONIA,1,keep,strict_dup_group_01877,False
train_2783.png,1,dup_group_01878,PNEUMONIA,1,keep,strict_dup_group_01878,False
train_2787.png,1,dup_group_01879,PNEUMONIA,1,keep,strict_dup_group_01879,False
train_2788.png,1,dup_group_01880,PNEUMONIA,1,keep,strict_dup_group_01880,False
train_2789.png,1,dup_group_01881,PNEUMONIA,1,keep,strict_dup_group_01881,False
train_2792.png,1,dup_group_01883,PNEUMONIA,1,keep,strict_dup_group_01883,False
train_2793.png,1,dup_group_01129,PNEUMONIA,10,keep,strict_dup_group_01129,False
train_2798.png,1,dup_group_01887,PNEUMONIA,1,keep,strict_dup_group_01887,False
train_2801.png,1,dup_group_01890,PNEUMONIA,2,keep,strict_dup_group_01890,False
train_2803.png,1,dup_group_01891,PNEUMONIA,1,keep,strict_dup_group_01891,False
train_2804.png,1,dup_group_01892,PNEUMONIA,1,keep,strict_dup_group_01892,False
train_2805.png,1,dup_group_01344,PNEUMONIA,9,keep,strict_dup_group_01344,False
train_2807.png,1,dup_group_01894,PNEUMONIA,1,keep,strict_dup_group_01894,False
train_2808.png,1,dup_group_00993,PNEUMONIA,38,audit_keep,strict_dup_group_00993,True
train_2810.png,1,dup_group_01895,PNEUMONIA,1,keep,strict_dup_group_01895,False
train_2812.png,1,dup_group_01897,PNEUMONIA,1,keep,strict_dup_group_01897,False
train_2813.png,1,dup_group_01898,PNEUMONIA,1,keep,strict_dup_group_01898,False
train_2816.png,1,dup_group_01900,PNEUMONIA,1,keep,strict_dup_group_01900,False
train_2817.png,1,dup_group_01901,PNEUMONIA,1,keep,strict_dup_group_01901,False
train_2818.png,1,dup_group_01902,PNEUMONIA,1,keep,strict_dup_group_01902,False
train_2819.png,1,dup_group_01699,PNEUMONIA,5,keep,strict_dup_group_01699,False
train_2820.png,1,dup_group_00993,PNEUMONIA,38,audit_keep,strict_dup_group_00993,True
train_2822.png,1,dup_group_01903,PNEUMONIA,1,keep,strict_dup_group_01903,False
train_2823.png,1,dup_group_01904,PNEUMONIA,1,keep,strict_dup_group_01904,False
train_2824.png,1,dup_group_01905,PNEUMONIA,1,keep,strict_dup_group_01905,False
train_2825.png,1,dup_group_01906,PNEUMONIA,1,keep,strict_dup_group_01906,False
train_2827.png,1,dup_group_01375,PNEUMONIA,12,keep,strict_dup_group_01375,False
train_2828.png,1,dup_group_01908,PNEUMONIA,1,keep,strict_dup_group_01908,False
train_2829.png,1,dup_group_00849,PNEUMONIA,4,keep,strict_dup_group_00849,False
train_2830.png,1,dup_group_01909,PNEUMONIA,1,keep,strict_dup_group_01909,False
train_2831.png,1,dup_group_01829,PNEUMONIA,5,keep,strict_dup_group_01829,False
train_2834.png,1,dup_group_01910,PNEUMONIA,2,keep,strict_dup_group_01910,False
train_2835.png,1,dup_group_01911,PNEUMONIA,1,keep,strict_dup_group_01911,False
train_2837.png,1,dup_group_01912,PNEUMONIA,1,keep,strict_dup_group_01912,False
train_2839.png,1,dup_group_01914,PNEUMONIA,1,keep,strict_dup_group_01914,False
train_2841.png,1,dup_group_01916,PNEUMONIA,1,keep,strict_dup_group_01916,False
train_2842.png,1,dup_group_01917,PNEUMONIA,1,keep,strict_dup_group_01917,False
train_2843.png,1,dup_group_01918,PNEUMONIA,1,keep,strict_dup_group_01918,False
train_2844.png,1,dup_group_01919,PNEUMONIA,1,keep,strict_dup_group_01919,False
train_2845.png,1,dup_group_01344,PNEUMONIA,9,keep,strict_dup_group_01344,False
train_2847.png,1,dup_group_01405,PNEUMONIA,5,keep,strict_dup_group_01405,False
train_2848.png,1,dup_group_00111,PNEUMONIA,8,keep,strict_dup_group_00111,False
train_2849.png,1,dup_group_00971,PNEUMONIA,3,keep,strict_dup_group_00971,False
train_2850.png,1,dup_group_01453,PNEUMONIA,3,keep,strict_dup_group_01453,False
train_2853.png,1,dup_group_01921,PNEUMONIA,1,keep,strict_dup_group_01921,False
train_2855.png,1,dup_group_01922,PNEUMONIA,1,keep,strict_dup_group_01922,False
train_2856.png,1,dup_group_01472,PNEUMONIA,2,keep,strict_dup_group_01472,False
train_2857.png,1,dup_group_01057,PNEUMONIA,16,keep,strict_dup_group_01057,False
train_2858.png,1,dup_group_01923,PNEUMONIA,1,keep,strict_dup_group_01923,False
train_2860.png,1,dup_group_01322,PNEUMONIA,41,audit_keep,strict_dup_group_01322,True
train_2861.png,1,dup_group_01925,PNEUMONIA,1,keep,strict_dup_group_01925,False
train_2863.png,1,dup_group_01367,PNEUMONIA,15,keep,strict_dup_group_01367,False
train_2866.png,1,dup_group_00003,PNEUMONIA,88,split_large,strict_file_train_2866,False
train_2867.png,1,dup_group_01927,PNEUMONIA,1,keep,strict_dup_group_01927,False
train_2868.png,1,dup_group_01042,PNEUMONIA,18,keep,strict_dup_group_01042,False
train_2870.png,1,dup_group_01204,PNEUMONIA,13,keep,strict_dup_group_01204,False
train_2871.png,1,dup_group_01929,PNEUMONIA,1,keep,strict_dup_group_01929,False
train_2872.png,1,dup_group_01930,PNEUMONIA,3,keep,strict_dup_group_01930,False
train_2873.png,1,dup_group_01109,PNEUMONIA,3,keep,strict_dup_group_01109,False
train_2874.png,1,dup_group_00968,PNEUMONIA,13,keep,strict_dup_group_00968,False
train_2875.png,1,dup_group_01578,PNEUMONIA,9,keep,strict_dup_group_01578,False
train_2876.png,1,dup_group_01931,PNEUMONIA,2,keep,strict_dup_group_01931,False
train_2877.png,1,dup_group_01932,PNEUMONIA,1,keep,strict_dup_group_01932,False
train_2879.png,1,dup_group_01654,PNEUMONIA,2,keep,strict_dup_group_01654,False
train_2880.png,1,dup_group_01933,PNEUMONIA,1,keep,strict_dup_group_01933,False
train_2883.png,1,dup_group_01936,PNEUMONIA,1,keep,strict_dup_group_01936,False
train_2885.png,1,dup_group_01937,PNEUMONIA,1,keep,strict_dup_group_01937,False
train_2886.png,1,dup_group_01207,PNEUMONIA,11,keep,strict_dup_group_01207,False
train_2887.png,1,dup_group_01938,PNEUMONIA,1,keep,strict_dup_group_01938,False
train_2889.png,1,dup_group_00158,PNEUMONIA,10,keep,strict_dup_group_00158,False
train_2892.png,1,dup_group_02003,PNEUMONIA,5,keep,strict_dup_group_02003,False
train_2893.png,1,dup_group_01699,PNEUMONIA,5,keep,strict_dup_group_01699,False
train_2896.png,1,dup_group_01940,PNEUMONIA,1,keep,strict_dup_group_01940,False
train_2899.png,1,dup_group_01943,PNEUMONIA,1,keep,strict_dup_group_01943,False
train_2900.png,1,dup_group_01944,PNEUMONIA,1,keep,strict_dup_group_01944,False
train_2903.png,1,dup_group_01946,PNEUMONIA,1,keep,strict_dup_group_01946,False
train_2904.png,1,dup_group_01947,PNEUMONIA,1,keep,strict_dup_group_01947,False
train_2905.png,1,dup_group_01948,PNEUMONIA,1,keep,strict_dup_group_01948,False
train_2910.png,1,dup_group_01949,PNEUMONIA,1,keep,strict_dup_group_01949,False
train_2912.png,1,dup_group_00968,PNEUMONIA,13,keep,strict_dup_group_00968,False
train_2914.png,1,dup_group_01951,PNEUMONIA,1,keep,strict_dup_group_01951,False
train_2915.png,1,dup_group_01952,PNEUMONIA,1,keep,strict_dup_group_01952,False
train_2919.png,1,dup_group_01954,PNEUMONIA,1,keep,strict_dup_group_01954,False
train_2921.png,1,dup_group_01367,PNEUMONIA,15,keep,strict_dup_group_01367,False
train_2922.png,1,dup_group_01955,PNEUMONIA,1,keep,strict_dup_group_01955,False
train_2923.png,1,dup_group_01057,PNEUMONIA,16,keep,strict_dup_group_01057,False
train_2925.png,1,dup_group_01370,PNEUMONIA,7,keep,strict_dup_group_01370,False
train_2931.png,1,dup_group_01281,PNEUMONIA,3,keep,strict_dup_group_01281,False
train_2934.png,1,dup_group_01957,PNEUMONIA,1,keep,strict_dup_group_01957,False
train_2938.png,1,dup_group_01958,PNEUMONIA,1,keep,strict_dup_group_01958,False
train_2940.png,1,dup_group_00993,PNEUMONIA,38,audit_keep,strict_dup_group_00993,True
train_2941.png,1,dup_group_01959,PNEUMONIA,2,keep,strict_dup_group_01959,False
train_2945.png,1,dup_group_01961,PNEUMONIA,1,keep,strict_dup_group_01961,False
train_2946.png,1,dup_group_01962,PNEUMONIA,1,keep,strict_dup_group_01962,False
train_2947.png,1,dup_group_01963,PNEUMONIA,2,keep,strict_dup_group_01963,False
train_2950.png,1,dup_group_01965,PNEUMONIA,1,keep,strict_dup_group_01965,False
train_2951.png,1,dup_group_01322,PNEUMONIA,41,audit_keep,strict_dup_group_01322,True
train_2952.png,1,dup_group_00330,PNEUMONIA,9,keep,strict_dup_group_00330,False
train_2953.png,1,dup_group_01966,PNEUMONIA,1,keep,strict_dup_group_01966,False
train_2954.png,1,dup_group_01967,PNEUMONIA,1,keep,strict_dup_group_01967,False
train_2955.png,1,dup_group_00978,PNEUMONIA,4,keep,strict_dup_group_00978,False
train_2956.png,1,dup_group_01968,PNEUMONIA,1,keep,strict_dup_group_01968,False
train_2957.png,1,dup_group_01578,PNEUMONIA,9,keep,strict_dup_group_01578,False
train_2958.png,1,dup_group_01969,PNEUMONIA,1,keep,strict_dup_group_01969,False
train_2960.png,1,dup_group_01970,PNEUMONIA,1,keep,strict_dup_group_01970,False
train_2961.png,1,dup_group_01971,PNEUMONIA,1,keep,strict_dup_group_01971,False
train_2962.png,1,dup_group_01972,PNEUMONIA,2,keep,strict_dup_group_01972,False
train_2963.png,1,dup_group_01973,PNEUMONIA,1,keep,strict_dup_group_01973,False
train_2964.png,1,dup_group_01974,PNEUMONIA,1,keep,strict_dup_group_01974,False
train_2965.png,1,dup_group_01485,PNEUMONIA,4,keep,strict_dup_group_01485,False
train_2966.png,1,dup_group_01207,PNEUMONIA,11,keep,strict_dup_group_01207,False
train_2967.png,1,dup_group_01322,PNEUMONIA,41,audit_keep,strict_dup_group_01322,True
train_2968.png,1,dup_group_01975,PNEUMONIA,1,keep,strict_dup_group_01975,False
train_2969.png,1,dup_group_01976,PNEUMONIA,1,keep,strict_dup_group_01976,False
train_2971.png,1,dup_group_01978,PNEUMONIA,1,keep,strict_dup_group_01978,False
train_2972.png,1,dup_group_01979,PNEUMONIA,1,keep,strict_dup_group_01979,False
train_2974.png,1,dup_group_01322,PNEUMONIA,41,audit_keep,strict_dup_group_01322,True
train_2975.png,1,dup_group_01980,PNEUMONIA,1,keep,strict_dup_group_01980,False
train_2976.png,1,dup_group_01981,PNEUMONIA,1,keep,strict_dup_group_01981,False
train_2977.png,1,dup_group_01982,PNEUMONIA,1,keep,strict_dup_group_01982,False
train_2978.png,1,dup_group_01983,PNEUMONIA,1,keep,strict_dup_group_01983,False
train_2980.png,1,dup_group_01089,PNEUMONIA,4,keep,strict_dup_group_01089,False
train_2981.png,1,dup_group_01387,PNEUMONIA,3,keep,strict_dup_group_01387,False
train_2982.png,1,dup_group_01322,PNEUMONIA,41,audit_keep,strict_dup_group_01322,True
train_2983.png,1,dup_group_01387,PNEUMONIA,3,keep,strict_dup_group_01387,False
train_2984.png,1,dup_group_01985,PNEUMONIA,1,keep,strict_dup_group_01985,False
train_2986.png,1,dup_group_01986,PNEUMONIA,1,keep,strict_dup_group_01986,False
train_2987.png,1,dup_group_01421,PNEUMONIA,3,keep,strict_dup_group_01421,False
train_2988.png,1,dup_group_01375,PNEUMONIA,12,keep,strict_dup_group_01375,False
train_2989.png,1,dup_group_01322,PNEUMONIA,41,audit_keep,strict_dup_group_01322,True
train_2990.png,1,dup_group_01987,PNEUMONIA,1,keep,strict_dup_group_01987,False
train_2991.png,1,dup_group_01253,PNEUMONIA,5,keep,strict_dup_group_01253,False
train_2992.png,1,dup_group_01988,PNEUMONIA,1,keep,strict_dup_group_01988,False
train_2993.png,1,dup_group_01989,PNEUMONIA,1,keep,strict_dup_group_01989,False
train_2995.png,1,dup_group_01990,PNEUMONIA,1,keep,strict_dup_group_01990,False
train_2996.png,1,dup_group_01991,PNEUMONIA,1,keep,strict_dup_group_01991,False
train_2997.png,1,dup_group_01992,PNEUMONIA,1,keep,strict_dup_group_01992,False
train_2998.png,1,dup_group_01993,PNEUMONIA,1,keep,strict_dup_group_01993,False
train_2999.png,1,dup_group_01994,PNEUMONIA,1,keep,strict_dup_group_01994,False
train_3001.png,1,dup_group_01995,PNEUMONIA,1,keep,strict_dup_group_01995,False
train_3002.png,1,dup_group_00069,PNEUMONIA,18,keep,strict_dup_group_00069,False
train_3003.png,1,dup_group_01996,PNEUMONIA,2,keep,strict_dup_group_01996,False
train_3004.png,1,dup_group_01997,PNEUMONIA,5,keep,strict_dup_group_01997,False
train_3006.png,1,dup_group_01998,PNEUMONIA,1,keep,strict_dup_group_01998,False
train_3007.png,1,dup_group_00439,PNEUMONIA,3,keep,strict_dup_group_00439,False
train_3010.png,1,dup_group_01445,PNEUMONIA,6,keep,strict_dup_group_01445,False
train_3011.png,1,dup_group_00094,PNEUMONIA,2,keep,strict_dup_group_00094,False
train_3012.png,1,dup_group_01999,PNEUMONIA,1,keep,strict_dup_group_01999,False
train_3016.png,1,dup_group_01177,PNEUMONIA,10,keep,strict_dup_group_01177,False
train_3017.png,1,dup_group_02001,PNEUMONIA,1,keep,strict_dup_group_02001,False
train_3020.png,1,dup_group_02003,PNEUMONIA,5,keep,strict_dup_group_02003,False
train_3022.png,1,dup_group_02005,PNEUMONIA,1,keep,strict_dup_group_02005,False
train_3023.png,1,dup_group_01281,PNEUMONIA,3,keep,strict_dup_group_01281,False
train_3025.png,1,dup_group_02006,PNEUMONIA,1,keep,strict_dup_group_02006,False
train_3026.png,1,dup_group_02007,PNEUMONIA,1,keep,strict_dup_group_02007,False
train_3027.png,1,dup_group_02008,PNEUMONIA,1,keep,strict_dup_group_02008,False
train_3029.png,1,dup_group_02010,PNEUMONIA,1,keep,strict_dup_group_02010,False
train_3030.png,1,dup_group_02011,PNEUMONIA,1,keep,strict_dup_group_02011,False
train_3031.png,1,dup_group_02012,PNEUMONIA,1,keep,strict_dup_group_02012,False
train_3033.png,1,dup_group_02013,PNEUMONIA,1,keep,strict_dup_group_02013,False
train_3035.png,1,dup_group_02014,PNEUMONIA,1,keep,strict_dup_group_02014,False
train_3037.png,1,dup_group_00547,PNEUMONIA,4,keep,strict_dup_group_00547,False
train_3038.png,1,dup_group_00989,PNEUMONIA,11,keep,strict_dup_group_00989,False
train_3039.png,1,dup_group_02015,PNEUMONIA,1,keep,strict_dup_group_02015,False
train_3040.png,1,dup_group_02016,PNEUMONIA,1,keep,strict_dup_group_02016,False
train_3041.png,1,dup_group_02017,PNEUMONIA,1,keep,strict_dup_group_02017,False
train_3042.png,1,dup_group_02018,PNEUMONIA,2,keep,strict_dup_group_02018,False
train_3043.png,1,dup_group_02018,PNEUMONIA,2,keep,strict_dup_group_02018,False
train_3044.png,1,dup_group_02019,PNEUMONIA,1,keep,strict_dup_group_02019,False
train_3045.png,1,dup_group_02020,PNEUMONIA,1,keep,strict_dup_group_02020,False
train_3048.png,1,dup_group_02023,PNEUMONIA,1,keep,strict_dup_group_02023,False
train_3049.png,1,dup_group_02024,PNEUMONIA,1,keep,strict_dup_group_02024,False
train_3050.png,1,dup_group_00272,PNEUMONIA,4,keep,strict_dup_group_00272,False
train_3052.png,1,dup_group_00547,PNEUMONIA,4,keep,strict_dup_group_00547,False
train_3053.png,1,dup_group_02025,PNEUMONIA,1,keep,strict_dup_group_02025,False
train_3054.png,1,dup_group_02026,PNEUMONIA,1,keep,strict_dup_group_02026,False
train_3055.png,1,dup_group_02027,PNEUMONIA,1,keep,strict_dup_group_02027,False
train_3056.png,1,dup_group_02028,PNEUMONIA,1,keep,strict_dup_group_02028,False
train_3058.png,1,dup_group_02029,PNEUMONIA,1,keep,strict_dup_group_02029,False
train_3059.png,1,dup_group_02030,PNEUMONIA,1,keep,strict_dup_group_02030,False
train_3060.png,1,dup_group_02031,PNEUMONIA,1,keep,strict_dup_group_02031,False
train_3062.png,1,dup_group_02032,PNEUMONIA,1,keep,strict_dup_group_02032,False
train_3063.png,1,dup_group_02033,PNEUMONIA,1,keep,strict_dup_group_02033,False
train_3064.png,1,dup_group_02034,PNEUMONIA,1,keep,strict_dup_group_02034,False
train_3066.png,1,dup_group_02035,PNEUMONIA,1,keep,strict_dup_group_02035,False
train_3069.png,1,dup_group_02036,PNEUMONIA,1,keep,strict_dup_group_02036,False
train_3071.png,1,dup_group_02037,PNEUMONIA,1,keep,strict_dup_group_02037,False
train_3072.png,1,dup_group_02038,PNEUMONIA,1,keep,strict_dup_group_02038,False
train_3073.png,1,dup_group_02039,PNEUMONIA,1,keep,strict_dup_group_02039,False
train_3074.png,1,dup_group_02040,PNEUMONIA,1,keep,strict_dup_group_02040,False
train_3076.png,1,dup_group_02042,PNEUMONIA,1,keep,strict_dup_group_02042,False
train_3079.png,1,dup_group_02043,PNEUMONIA,1,keep,strict_dup_group_02043,False
train_3080.png,1,dup_group_02044,PNEUMONIA,1,keep,strict_dup_group_02044,False
train_3081.png,1,dup_group_02045,PNEUMONIA,1,keep,strict_dup_group_02045,False
train_3083.png,1,dup_group_02046,PNEUMONIA,1,keep,strict_dup_group_02046,False
train_3086.png,1,dup_group_02047,PNEUMONIA,3,keep,strict_dup_group_02047,False
train_3087.png,1,dup_group_02047,PNEUMONIA,3,keep,strict_dup_group_02047,False
train_3089.png,1,dup_group_01177,PNEUMONIA,10,keep,strict_dup_group_01177,False
train_3090.png,1,dup_group_02049,PNEUMONIA,1,keep,strict_dup_group_02049,False
train_3091.png,1,dup_group_02050,PNEUMONIA,1,keep,strict_dup_group_02050,False
train_3093.png,1,dup_group_01321,PNEUMONIA,2,keep,strict_dup_group_01321,False
train_3096.png,1,dup_group_01578,PNEUMONIA,9,keep,strict_dup_group_01578,False
train_3099.png,1,dup_group_02051,PNEUMONIA,3,keep,strict_dup_group_02051,False
train_3101.png,1,dup_group_02052,PNEUMONIA,1,keep,strict_dup_group_02052,False
train_3103.png,1,dup_group_01860,PNEUMONIA,2,keep,strict_dup_group_01860,False
train_3104.png,1,dup_group_02053,PNEUMONIA,1,keep,strict_dup_group_02053,False
train_3105.png,1,dup_group_02054,PNEUMONIA,1,keep,strict_dup_group_02054,False
train_3108.png,1,dup_group_02057,PNEUMONIA,1,keep,strict_dup_group_02057,False
train_3109.png,1,dup_group_02058,PNEUMONIA,1,keep,strict_dup_group_02058,False
train_3114.png,1,dup_group_02059,PNEUMONIA,1,keep,strict_dup_group_02059,False
train_3116.png,1,dup_group_00302,PNEUMONIA,10,keep,strict_dup_group_00302,False
train_3119.png,1,dup_group_00330,PNEUMONIA,9,keep,strict_dup_group_00330,False
train_3121.png,1,dup_group_02061,PNEUMONIA,1,keep,strict_dup_group_02061,False
train_3124.png,1,dup_group_02062,PNEUMONIA,2,keep,strict_dup_group_02062,False
train_3126.png,1,dup_group_02064,PNEUMONIA,1,keep,strict_dup_group_02064,False
train_3127.png,1,dup_group_02065,PNEUMONIA,1,keep,strict_dup_group_02065,False
train_3128.png,1,dup_group_02066,PNEUMONIA,1,keep,strict_dup_group_02066,False
train_3129.png,1,dup_group_02067,PNEUMONIA,3,keep,strict_dup_group_02067,False
train_3131.png,1,dup_group_02069,PNEUMONIA,1,keep,strict_dup_group_02069,False
train_3132.png,1,dup_group_02070,PNEUMONIA,1,keep,strict_dup_group_02070,False
train_3134.png,1,dup_group_01864,PNEUMONIA,2,keep,strict_dup_group_01864,False
train_3135.png,1,dup_group_01405,PNEUMONIA,5,keep,strict_dup_group_01405,False
train_3136.png,1,dup_group_01699,PNEUMONIA,5,keep,strict_dup_group_01699,False
train_3139.png,1,dup_group_02071,PNEUMONIA,1,keep,strict_dup_group_02071,False
train_3140.png,1,dup_group_02072,PNEUMONIA,1,keep,strict_dup_group_02072,False
train_3141.png,1,dup_group_02073,PNEUMONIA,1,keep,strict_dup_group_02073,False
train_3142.png,1,dup_group_02074,PNEUMONIA,1,keep,strict_dup_group_02074,False
train_3144.png,1,dup_group_02076,PNEUMONIA,1,keep,strict_dup_group_02076,False
train_3147.png,1,dup_group_02077,PNEUMONIA,1,keep,strict_dup_group_02077,False
train_3148.png,1,dup_group_02078,PNEUMONIA,1,keep,strict_dup_group_02078,False
train_3150.png,1,dup_group_02079,PNEUMONIA,1,keep,strict_dup_group_02079,False
train_3152.png,1,dup_group_02080,PNEUMONIA,1,keep,strict_dup_group_02080,False
train_3154.png,1,dup_group_02082,PNEUMONIA,1,keep,strict_dup_group_02082,False
train_3157.png,1,dup_group_02084,PNEUMONIA,1,keep,strict_dup_group_02084,False
train_3158.png,1,dup_group_02085,PNEUMONIA,1,keep,strict_dup_group_02085,False
train_3159.png,1,dup_group_02086,PNEUMONIA,1,keep,strict_dup_group_02086,False
train_3160.png,1,dup_group_02087,PNEUMONIA,1,keep,strict_dup_group_02087,False
train_3161.png,1,dup_group_01445,PNEUMONIA,6,keep,strict_dup_group_01445,False
train_3165.png,1,dup_group_01302,PNEUMONIA,4,keep,strict_dup_group_01302,False
train_3167.png,1,dup_group_01272,PNEUMONIA,4,keep,strict_dup_group_01272,False
train_3168.png,1,dup_group_02091,PNEUMONIA,1,keep,strict_dup_group_02091,False
train_3169.png,1,dup_group_02092,PNEUMONIA,1,keep,strict_dup_group_02092,False
train_3170.png,1,dup_group_00989,PNEUMONIA,11,keep,strict_dup_group_00989,False
train_3171.png,1,dup_group_02093,PNEUMONIA,2,keep,strict_dup_group_02093,False
train_3172.png,1,dup_group_02094,PNEUMONIA,1,keep,strict_dup_group_02094,False
train_3173.png,1,dup_group_02095,PNEUMONIA,1,keep,strict_dup_group_02095,False
train_3175.png,1,dup_group_00993,PNEUMONIA,38,audit_keep,strict_dup_group_00993,True
train_3176.png,1,dup_group_00993,PNEUMONIA,38,audit_keep,strict_dup_group_00993,True
train_3177.png,1,dup_group_02096,PNEUMONIA,1,keep,strict_dup_group_02096,False
train_3178.png,1,dup_group_02097,PNEUMONIA,2,keep,strict_dup_group_02097,False
train_3180.png,1,dup_group_00158,PNEUMONIA,10,keep,strict_dup_group_00158,False
train_3183.png,1,dup_group_02098,PNEUMONIA,1,keep,strict_dup_group_02098,False
train_3184.png,1,dup_group_02099,PNEUMONIA,1,keep,strict_dup_group_02099,False
train_3185.png,1,dup_group_02100,PNEUMONIA,1,keep,strict_dup_group_02100,False
train_3186.png,1,dup_group_02101,PNEUMONIA,1,keep,strict_dup_group_02101,False
train_3187.png,1,dup_group_01367,PNEUMONIA,15,keep,strict_dup_group_01367,False
train_3188.png,1,dup_group_00993,PNEUMONIA,38,audit_keep,strict_dup_group_00993,True
train_3189.png,1,dup_group_02102,PNEUMONIA,1,keep,strict_dup_group_02102,False
train_3190.png,1,dup_group_02103,PNEUMONIA,1,keep,strict_dup_group_02103,False
train_3191.png,1,dup_group_02104,PNEUMONIA,1,keep,strict_dup_group_02104,False
train_3193.png,1,dup_group_01097,PNEUMONIA,7,keep,strict_dup_group_01097,False
train_3194.png,1,dup_group_01322,PNEUMONIA,41,audit_keep,strict_dup_group_01322,True
train_3195.png,1,dup_group_02105,PNEUMONIA,1,keep,strict_dup_group_02105,False
train_3196.png,1,dup_group_02106,PNEUMONIA,1,keep,strict_dup_group_02106,False
train_3197.png,1,dup_group_01498,PNEUMONIA,10,keep,strict_dup_group_01498,False
train_3198.png,1,dup_group_02107,PNEUMONIA,1,keep,strict_dup_group_02107,False
train_3200.png,1,dup_group_02109,PNEUMONIA,1,keep,strict_dup_group_02109,False
train_3204.png,1,dup_group_02111,PNEUMONIA,1,keep,strict_dup_group_02111,False
train_3205.png,1,dup_group_02112,PNEUMONIA,1,keep,strict_dup_group_02112,False
train_3207.png,1,dup_group_02114,PNEUMONIA,1,keep,strict_dup_group_02114,False
train_3209.png,1,dup_group_02115,PNEUMONIA,1,keep,strict_dup_group_02115,False
train_3210.png,1,dup_group_02116,PNEUMONIA,1,keep,strict_dup_group_02116,False
train_3212.png,1,dup_group_01130,PNEUMONIA,4,keep,strict_dup_group_01130,False
train_3213.png,1,dup_group_01687,PNEUMONIA,7,keep,strict_dup_group_01687,False
train_3214.png,1,dup_group_01671,PNEUMONIA,2,keep,strict_dup_group_01671,False
train_3215.png,1,dup_group_02117,PNEUMONIA,1,keep,strict_dup_group_02117,False
train_3216.png,1,dup_group_02118,PNEUMONIA,1,keep,strict_dup_group_02118,False
train_3218.png,1,dup_group_01963,PNEUMONIA,2,keep,strict_dup_group_01963,False
train_3219.png,1,dup_group_02120,PNEUMONIA,1,keep,strict_dup_group_02120,False
train_3220.png,1,dup_group_02121,PNEUMONIA,1,keep,strict_dup_group_02121,False
train_3221.png,1,dup_group_02122,PNEUMONIA,1,keep,strict_dup_group_02122,False
train_3222.png,1,dup_group_01212,PNEUMONIA,3,keep,strict_dup_group_01212,False
train_3223.png,1,dup_group_02123,PNEUMONIA,1,keep,strict_dup_group_02123,False
train_3225.png,1,dup_group_02124,PNEUMONIA,1,keep,strict_dup_group_02124,False
train_3226.png,1,dup_group_01375,PNEUMONIA,12,keep,strict_dup_group_01375,False
train_3227.png,1,dup_group_02125,PNEUMONIA,1,keep,strict_dup_group_02125,False
train_3228.png,1,dup_group_02126,PNEUMONIA,1,keep,strict_dup_group_02126,False
train_3229.png,1,dup_group_01498,PNEUMONIA,10,keep,strict_dup_group_01498,False
train_3231.png,1,dup_group_02128,PNEUMONIA,1,keep,strict_dup_group_02128,False
train_3233.png,1,dup_group_02129,PNEUMONIA,1,keep,strict_dup_group_02129,False
train_3234.png,1,dup_group_02130,PNEUMONIA,1,keep,strict_dup_group_02130,False
train_3237.png,1,dup_group_02131,PNEUMONIA,1,keep,strict_dup_group_02131,False
train_3238.png,1,dup_group_02132,PNEUMONIA,1,keep,strict_dup_group_02132,False
train_3239.png,1,dup_group_02133,PNEUMONIA,1,keep,strict_dup_group_02133,False
train_3241.png,1,dup_group_02134,PNEUMONIA,1,keep,strict_dup_group_02134,False
train_3242.png,1,dup_group_02135,PNEUMONIA,1,keep,strict_dup_group_02135,False
train_3245.png,1,dup_group_02137,PNEUMONIA,1,keep,strict_dup_group_02137,False
train_3248.png,1,dup_group_02139,PNEUMONIA,1,keep,strict_dup_group_02139,False
train_3249.png,1,dup_group_02140,PNEUMONIA,1,keep,strict_dup_group_02140,False
train_3252.png,1,dup_group_02142,PNEUMONIA,1,keep,strict_dup_group_02142,False
train_3253.png,1,dup_group_00029,PNEUMONIA,13,keep,strict_dup_group_00029,False
train_3254.png,1,dup_group_02143,PNEUMONIA,1,keep,strict_dup_group_02143,False
train_3255.png,1,dup_group_02144,PNEUMONIA,1,keep,strict_dup_group_02144,False
train_3257.png,1,dup_group_02146,PNEUMONIA,1,keep,strict_dup_group_02146,False
train_3259.png,1,dup_group_02148,PNEUMONIA,1,keep,strict_dup_group_02148,False
train_3260.png,1,dup_group_02149,PNEUMONIA,1,keep,strict_dup_group_02149,False
train_3261.png,1,dup_group_02150,PNEUMONIA,1,keep,strict_dup_group_02150,False
train_3262.png,1,dup_group_02151,PNEUMONIA,1,keep,strict_dup_group_02151,False
train_3263.png,1,dup_group_02152,PNEUMONIA,1,keep,strict_dup_group_02152,False
train_3264.png,1,dup_group_02153,PNEUMONIA,2,keep,strict_dup_group_02153,False
train_3266.png,1,dup_group_01322,PNEUMONIA,41,audit_keep,strict_dup_group_01322,True
train_3267.png,1,dup_group_02154,PNEUMONIA,1,keep,strict_dup_group_02154,False
train_3269.png,1,dup_group_02155,PNEUMONIA,1,keep,strict_dup_group_02155,False
train_3271.png,1,dup_group_02153,PNEUMONIA,2,keep,strict_dup_group_02153,False
train_3273.png,1,dup_group_02156,PNEUMONIA,1,keep,strict_dup_group_02156,False
train_3274.png,1,dup_group_02157,PNEUMONIA,1,keep,strict_dup_group_02157,False
train_3275.png,1,dup_group_00700,PNEUMONIA,12,keep,strict_dup_group_00700,False
train_3277.png,1,dup_group_02159,PNEUMONIA,9,keep,strict_dup_group_02159,False
train_3278.png,1,dup_group_02160,PNEUMONIA,3,keep,strict_dup_group_02160,False
train_3280.png,1,dup_group_02161,PNEUMONIA,1,keep,strict_dup_group_02161,False
train_3281.png,1,dup_group_01086,PNEUMONIA,3,keep,strict_dup_group_01086,False
train_3282.png,1,dup_group_01042,PNEUMONIA,18,keep,strict_dup_group_01042,False
train_3285.png,1,dup_group_02162,PNEUMONIA,1,keep,strict_dup_group_02162,False
train_3286.png,1,dup_group_02163,PNEUMONIA,1,keep,strict_dup_group_02163,False
train_3287.png,1,dup_group_02164,PNEUMONIA,1,keep,strict_dup_group_02164,False
train_3288.png,1,dup_group_02165,PNEUMONIA,1,keep,strict_dup_group_02165,False
train_3289.png,1,dup_group_01598,PNEUMONIA,2,keep,strict_dup_group_01598,False
train_3291.png,1,dup_group_02167,PNEUMONIA,1,keep,strict_dup_group_02167,False
train_3293.png,1,dup_group_02169,PNEUMONIA,2,keep,strict_dup_group_02169,False
train_3294.png,1,dup_group_02170,PNEUMONIA,1,keep,strict_dup_group_02170,False
train_3296.png,1,dup_group_02171,PNEUMONIA,1,keep,strict_dup_group_02171,False
train_3297.png,1,dup_group_02172,PNEUMONIA,1,keep,strict_dup_group_02172,False
train_3298.png,1,dup_group_02173,PNEUMONIA,1,keep,strict_dup_group_02173,False
train_3301.png,1,dup_group_02175,PNEUMONIA,1,keep,strict_dup_group_02175,False
train_3302.png,1,dup_group_01322,PNEUMONIA,41,audit_keep,strict_dup_group_01322,True
train_3303.png,1,dup_group_00786,PNEUMONIA,2,keep,strict_dup_group_00786,False
train_3304.png,1,dup_group_02176,PNEUMONIA,1,keep,strict_dup_group_02176,False
train_3305.png,1,dup_group_02177,PNEUMONIA,1,keep,strict_dup_group_02177,False
train_3306.png,1,dup_group_02178,PNEUMONIA,1,keep,strict_dup_group_02178,False
train_3308.png,1,dup_group_00069,PNEUMONIA,18,keep,strict_dup_group_00069,False
train_3311.png,1,dup_group_02180,PNEUMONIA,1,keep,strict_dup_group_02180,False
train_3312.png,1,dup_group_01312,PNEUMONIA,2,keep,strict_dup_group_01312,False
train_3313.png,1,dup_group_02181,PNEUMONIA,1,keep,strict_dup_group_02181,False
train_3314.png,1,dup_group_02182,PNEUMONIA,1,keep,strict_dup_group_02182,False
train_3317.png,1,dup_group_02183,PNEUMONIA,1,keep,strict_dup_group_02183,False
train_3319.png,1,dup_group_02185,PNEUMONIA,1,keep,strict_dup_group_02185,False
train_3320.png,1,dup_group_02186,PNEUMONIA,1,keep,strict_dup_group_02186,False
train_3323.png,1,dup_group_02187,PNEUMONIA,2,keep,strict_dup_group_02187,False
train_3324.png,1,dup_group_01301,PNEUMONIA,5,keep,strict_dup_group_01301,False
train_3325.png,1,dup_group_02188,PNEUMONIA,1,keep,strict_dup_group_02188,False
train_3327.png,1,dup_group_01275,PNEUMONIA,6,keep,strict_dup_group_01275,False
train_3328.png,1,dup_group_02189,PNEUMONIA,1,keep,strict_dup_group_02189,False
train_3331.png,1,dup_group_01367,PNEUMONIA,15,keep,strict_dup_group_01367,False
train_3332.png,1,dup_group_02192,PNEUMONIA,1,keep,strict_dup_group_02192,False
train_3333.png,1,dup_group_01419,PNEUMONIA,2,keep,strict_dup_group_01419,False
train_3334.png,1,dup_group_00993,PNEUMONIA,38,audit_keep,strict_dup_group_00993,True
train_3335.png,1,dup_group_01322,PNEUMONIA,41,audit_keep,strict_dup_group_01322,True
train_3336.png,1,dup_group_01683,PNEUMONIA,5,keep,strict_dup_group_01683,False
train_3337.png,1,dup_group_02193,PNEUMONIA,1,keep,strict_dup_group_02193,False
train_3340.png,1,dup_group_01997,PNEUMONIA,5,keep,strict_dup_group_01997,False
train_3342.png,1,dup_group_02194,PNEUMONIA,1,keep,strict_dup_group_02194,False
train_3345.png,1,dup_group_02195,PNEUMONIA,1,keep,strict_dup_group_02195,False
train_3347.png,1,dup_group_02196,PNEUMONIA,1,keep,strict_dup_group_02196,False
train_3348.png,1,dup_group_02197,PNEUMONIA,1,keep,strict_dup_group_02197,False
train_3350.png,1,dup_group_02199,PNEUMONIA,1,keep,strict_dup_group_02199,False
train_3353.png,1,dup_group_02201,PNEUMONIA,1,keep,strict_dup_group_02201,False
train_3356.png,1,dup_group_01097,PNEUMONIA,7,keep,strict_dup_group_01097,False
train_3357.png,1,dup_group_01677,PNEUMONIA,2,keep,strict_dup_group_01677,False
train_3358.png,1,dup_group_02203,PNEUMONIA,1,keep,strict_dup_group_02203,False
train_3359.png,1,dup_group_01683,PNEUMONIA,5,keep,strict_dup_group_01683,False
train_3361.png,1,dup_group_02204,PNEUMONIA,1,keep,strict_dup_group_02204,False
train_3362.png,1,dup_group_02205,PNEUMONIA,1,keep,strict_dup_group_02205,False
train_3363.png,1,dup_group_02206,PNEUMONIA,1,keep,strict_dup_group_02206,False
train_3364.png,1,dup_group_01841,PNEUMONIA,2,keep,strict_dup_group_01841,False
train_3365.png,1,dup_group_01370,PNEUMONIA,7,keep,strict_dup_group_01370,False
train_3366.png,1,dup_group_02207,PNEUMONIA,1,keep,strict_dup_group_02207,False
train_3367.png,1,dup_group_01498,PNEUMONIA,10,keep,strict_dup_group_01498,False
train_3368.png,1,dup_group_01207,PNEUMONIA,11,keep,strict_dup_group_01207,False
train_3369.png,1,dup_group_02208,PNEUMONIA,1,keep,strict_dup_group_02208,False
train_3371.png,1,dup_group_02209,PNEUMONIA,1,keep,strict_dup_group_02209,False
train_3372.png,1,dup_group_02210,PNEUMONIA,1,keep,strict_dup_group_02210,False
train_3373.png,1,dup_group_02211,PNEUMONIA,1,keep,strict_dup_group_02211,False
train_3374.png,1,dup_group_02159,PNEUMONIA,9,keep,strict_dup_group_02159,False
train_3375.png,1,dup_group_02212,PNEUMONIA,1,keep,strict_dup_group_02212,False
train_3376.png,1,dup_group_02213,PNEUMONIA,1,keep,strict_dup_group_02213,False
train_3377.png,1,dup_group_02214,PNEUMONIA,1,keep,strict_dup_group_02214,False
train_3378.png,1,dup_group_00138,PNEUMONIA,6,keep,strict_dup_group_00138,False
train_3380.png,1,dup_group_02215,PNEUMONIA,1,keep,strict_dup_group_02215,False
train_3381.png,1,dup_group_02216,PNEUMONIA,1,keep,strict_dup_group_02216,False
train_3382.png,1,dup_group_00968,PNEUMONIA,13,keep,strict_dup_group_00968,False
train_3383.png,1,dup_group_02217,PNEUMONIA,1,keep,strict_dup_group_02217,False
train_3384.png,1,dup_group_02218,PNEUMONIA,1,keep,strict_dup_group_02218,False
train_3390.png,1,dup_group_02220,PNEUMONIA,1,keep,strict_dup_group_02220,False
train_3392.png,1,dup_group_01275,PNEUMONIA,6,keep,strict_dup_group_01275,False
train_3393.png,1,dup_group_02222,PNEUMONIA,1,keep,strict_dup_group_02222,False
train_3394.png,1,dup_group_02223,PNEUMONIA,1,keep,strict_dup_group_02223,False
train_3395.png,1,dup_group_02224,PNEUMONIA,1,keep,strict_dup_group_02224,False
train_3398.png,1,dup_group_02226,PNEUMONIA,1,keep,strict_dup_group_02226,False
train_3399.png,1,dup_group_01034,PNEUMONIA,6,keep,strict_dup_group_01034,False
train_3400.png,1,dup_group_01322,PNEUMONIA,41,audit_keep,strict_dup_group_01322,True
train_3401.png,1,dup_group_02227,PNEUMONIA,1,keep,strict_dup_group_02227,False
train_3405.png,1,dup_group_02229,PNEUMONIA,1,keep,strict_dup_group_02229,False
train_3406.png,1,dup_group_02230,PNEUMONIA,1,keep,strict_dup_group_02230,False
train_3408.png,1,dup_group_02232,PNEUMONIA,1,keep,strict_dup_group_02232,False
train_3409.png,1,dup_group_02233,PNEUMONIA,1,keep,strict_dup_group_02233,False
train_3410.png,1,dup_group_02234,PNEUMONIA,1,keep,strict_dup_group_02234,False
train_3411.png,1,dup_group_02235,PNEUMONIA,1,keep,strict_dup_group_02235,False
train_3412.png,1,dup_group_02236,PNEUMONIA,1,keep,strict_dup_group_02236,False
train_3413.png,1,dup_group_01829,PNEUMONIA,5,keep,strict_dup_group_01829,False
train_3414.png,1,dup_group_02237,PNEUMONIA,1,keep,strict_dup_group_02237,False
train_3415.png,1,dup_group_02238,PNEUMONIA,1,keep,strict_dup_group_02238,False
train_3417.png,1,dup_group_02240,PNEUMONIA,1,keep,strict_dup_group_02240,False
train_3418.png,1,dup_group_00968,PNEUMONIA,13,keep,strict_dup_group_00968,False
train_3419.png,1,dup_group_02241,PNEUMONIA,1,keep,strict_dup_group_02241,False
train_3420.png,1,dup_group_02242,PNEUMONIA,1,keep,strict_dup_group_02242,False
train_3421.png,1,dup_group_02243,PNEUMONIA,1,keep,strict_dup_group_02243,False
train_3422.png,1,dup_group_02244,PNEUMONIA,1,keep,strict_dup_group_02244,False
train_3424.png,1,dup_group_00993,PNEUMONIA,38,audit_keep,strict_dup_group_00993,True
train_3425.png,1,dup_group_02245,PNEUMONIA,1,keep,strict_dup_group_02245,False
train_3426.png,1,dup_group_01997,PNEUMONIA,5,keep,strict_dup_group_01997,False
train_3427.png,1,dup_group_02246,PNEUMONIA,1,keep,strict_dup_group_02246,False
train_3428.png,1,dup_group_00100,PNEUMONIA,8,keep,strict_dup_group_00100,False
train_3430.png,1,dup_group_02247,PNEUMONIA,3,keep,strict_dup_group_02247,False
train_3431.png,1,dup_group_01687,PNEUMONIA,7,keep,strict_dup_group_01687,False
train_3434.png,1,dup_group_02249,PNEUMONIA,1,keep,strict_dup_group_02249,False
train_3437.png,1,dup_group_00330,PNEUMONIA,9,keep,strict_dup_group_00330,False
train_3438.png,1,dup_group_01192,PNEUMONIA,2,keep,strict_dup_group_01192,False
train_3440.png,1,dup_group_02252,PNEUMONIA,1,keep,strict_dup_group_02252,False
train_3441.png,1,dup_group_02253,PNEUMONIA,1,keep,strict_dup_group_02253,False
train_3442.png,1,dup_group_01344,PNEUMONIA,9,keep,strict_dup_group_01344,False
train_3443.png,1,dup_group_02254,PNEUMONIA,1,keep,strict_dup_group_02254,False
train_3450.png,1,dup_group_02258,PNEUMONIA,1,keep,strict_dup_group_02258,False
train_3451.png,1,dup_group_02259,PNEUMONIA,1,keep,strict_dup_group_02259,False
train_3453.png,1,dup_group_00093,PNEUMONIA,8,keep,strict_dup_group_00093,False
train_3454.png,1,dup_group_02260,PNEUMONIA,1,keep,strict_dup_group_02260,False
train_3457.png,1,dup_group_02160,PNEUMONIA,3,keep,strict_dup_group_02160,False
train_3458.png,1,dup_group_02261,PNEUMONIA,1,keep,strict_dup_group_02261,False
train_3460.png,1,dup_group_02263,PNEUMONIA,1,keep,strict_dup_group_02263,False
train_3461.png,1,dup_group_02264,PNEUMONIA,1,keep,strict_dup_group_02264,False
train_3463.png,1,dup_group_02266,PNEUMONIA,2,keep,strict_dup_group_02266,False
train_3464.png,1,dup_group_01687,PNEUMONIA,7,keep,strict_dup_group_01687,False
train_3467.png,1,dup_group_02268,PNEUMONIA,1,keep,strict_dup_group_02268,False
train_3469.png,1,dup_group_02269,PNEUMONIA,1,keep,strict_dup_group_02269,False
train_3471.png,1,dup_group_02270,PNEUMONIA,1,keep,strict_dup_group_02270,False
train_3473.png,1,dup_group_01752,PNEUMONIA,2,keep,strict_dup_group_01752,False
train_3477.png,1,dup_group_02275,PNEUMONIA,1,keep,strict_dup_group_02275,False
train_3478.png,1,dup_group_00330,PNEUMONIA,9,keep,strict_dup_group_00330,False
train_3479.png,1,dup_group_02276,PNEUMONIA,2,keep,strict_dup_group_02276,False
train_3480.png,1,dup_group_02277,PNEUMONIA,1,keep,strict_dup_group_02277,False
train_3481.png,1,dup_group_02278,PNEUMONIA,1,keep,strict_dup_group_02278,False
train_3482.png,1,dup_group_02279,PNEUMONIA,1,keep,strict_dup_group_02279,False
train_3483.png,1,dup_group_02280,PNEUMONIA,1,keep,strict_dup_group_02280,False
train_3484.png,1,dup_group_00993,PNEUMONIA,38,audit_keep,strict_dup_group_00993,True
train_3485.png,1,dup_group_02281,PNEUMONIA,1,keep,strict_dup_group_02281,False
train_3486.png,1,dup_group_01070,PNEUMONIA,4,keep,strict_dup_group_01070,False
train_3488.png,1,dup_group_01237,PNEUMONIA,3,keep,strict_dup_group_01237,False
train_3490.png,1,dup_group_01890,PNEUMONIA,2,keep,strict_dup_group_01890,False
train_3492.png,1,dup_group_00003,PNEUMONIA,88,split_large,strict_file_train_3492,False
train_3494.png,1,dup_group_02283,PNEUMONIA,1,keep,strict_dup_group_02283,False
train_3495.png,1,dup_group_02284,PNEUMONIA,1,keep,strict_dup_group_02284,False
train_3496.png,1,dup_group_02285,PNEUMONIA,1,keep,strict_dup_group_02285,False
train_3497.png,1,dup_group_00416,PNEUMONIA,2,keep,strict_dup_group_00416,False
train_3498.png,1,dup_group_02286,PNEUMONIA,1,keep,strict_dup_group_02286,False
train_3499.png,1,dup_group_02287,PNEUMONIA,1,keep,strict_dup_group_02287,False
train_3501.png,1,dup_group_02289,PNEUMONIA,1,keep,strict_dup_group_02289,False
train_3502.png,1,dup_group_02290,PNEUMONIA,3,keep,strict_dup_group_02290,False
train_3503.png,1,dup_group_02291,PNEUMONIA,1,keep,strict_dup_group_02291,False
train_3504.png,1,dup_group_02292,PNEUMONIA,1,keep,strict_dup_group_02292,False
train_3505.png,1,dup_group_02293,PNEUMONIA,1,keep,strict_dup_group_02293,False
train_3509.png,1,dup_group_02296,PNEUMONIA,1,keep,strict_dup_group_02296,False
train_3510.png,1,dup_group_02297,PNEUMONIA,1,keep,strict_dup_group_02297,False
train_3511.png,1,dup_group_01096,PNEUMONIA,4,keep,strict_dup_group_01096,False
train_3512.png,1,dup_group_00111,PNEUMONIA,8,keep,strict_dup_group_00111,False
train_3513.png,1,dup_group_01279,PNEUMONIA,4,keep,strict_dup_group_01279,False
train_3514.png,1,dup_group_02298,PNEUMONIA,1,keep,strict_dup_group_02298,False
train_3515.png,1,dup_group_02299,PNEUMONIA,1,keep,strict_dup_group_02299,False
train_3516.png,1,dup_group_02300,PNEUMONIA,1,keep,strict_dup_group_02300,False
train_3519.png,1,dup_group_02303,PNEUMONIA,2,keep,strict_dup_group_02303,False
train_3520.png,1,dup_group_02304,PNEUMONIA,1,keep,strict_dup_group_02304,False
train_3522.png,1,dup_group_02305,PNEUMONIA,1,keep,strict_dup_group_02305,False
train_3523.png,1,dup_group_02290,PNEUMONIA,3,keep,strict_dup_group_02290,False
train_3524.png,1,dup_group_01101,PNEUMONIA,2,keep,strict_dup_group_01101,False
train_3525.png,1,dup_group_02306,PNEUMONIA,1,keep,strict_dup_group_02306,False
train_3526.png,1,dup_group_01034,PNEUMONIA,6,keep,strict_dup_group_01034,False
train_3527.png,1,dup_group_02307,PNEUMONIA,1,keep,strict_dup_group_02307,False
train_3528.png,1,dup_group_01086,PNEUMONIA,3,keep,strict_dup_group_01086,False
train_3531.png,1,dup_group_01177,PNEUMONIA,10,keep,strict_dup_group_01177,False
train_3532.png,1,dup_group_01319,PNEUMONIA,2,keep,strict_dup_group_01319,False
train_3533.png,1,dup_group_02308,PNEUMONIA,1,keep,strict_dup_group_02308,False
train_3534.png,1,dup_group_01118,PNEUMONIA,2,keep,strict_dup_group_01118,False
train_3535.png,1,dup_group_01038,PNEUMONIA,2,keep,strict_dup_group_01038,False
train_3536.png,1,dup_group_00037,PNEUMONIA,6,keep,strict_dup_group_00037,False
train_3537.png,1,dup_group_02309,PNEUMONIA,1,keep,strict_dup_group_02309,False
train_3538.png,1,dup_group_02310,PNEUMONIA,1,keep,strict_dup_group_02310,False
train_3539.png,1,dup_group_02311,PNEUMONIA,1,keep,strict_dup_group_02311,False
train_3540.png,1,dup_group_00003,PNEUMONIA,88,split_large,strict_file_train_3540,False
train_3541.png,1,dup_group_01272,PNEUMONIA,4,keep,strict_dup_group_01272,False
train_3543.png,1,dup_group_02312,PNEUMONIA,1,keep,strict_dup_group_02312,False
train_3547.png,1,dup_group_02315,PNEUMONIA,2,keep,strict_dup_group_02315,False
train_3548.png,1,dup_group_02316,PNEUMONIA,1,keep,strict_dup_group_02316,False
train_3549.png,1,dup_group_02317,PNEUMONIA,1,keep,strict_dup_group_02317,False
train_3550.png,1,dup_group_01466,PNEUMONIA,2,keep,strict_dup_group_01466,False
train_3551.png,1,dup_group_01362,PNEUMONIA,4,keep,strict_dup_group_01362,False
train_3554.png,1,dup_group_02319,PNEUMONIA,1,keep,strict_dup_group_02319,False
train_3556.png,1,dup_group_01375,PNEUMONIA,12,keep,strict_dup_group_01375,False
train_3557.png,1,dup_group_02320,PNEUMONIA,1,keep,strict_dup_group_02320,False
train_3560.png,1,dup_group_02321,PNEUMONIA,1,keep,strict_dup_group_02321,False
train_3561.png,1,dup_group_02322,PNEUMONIA,1,keep,strict_dup_group_02322,False
train_3563.png,1,dup_group_02323,PNEUMONIA,1,keep,strict_dup_group_02323,False
train_3564.png,1,dup_group_02324,PNEUMONIA,1,keep,strict_dup_group_02324,False
train_3565.png,1,dup_group_01661,PNEUMONIA,6,keep,strict_dup_group_01661,False
train_3566.png,1,dup_group_02325,PNEUMONIA,1,keep,strict_dup_group_02325,False
train_3567.png,1,dup_group_02326,PNEUMONIA,1,keep,strict_dup_group_02326,False
train_3568.png,1,dup_group_02327,PNEUMONIA,1,keep,strict_dup_group_02327,False
train_3569.png,1,dup_group_01624,PNEUMONIA,2,keep,strict_dup_group_01624,False
train_3570.png,1,dup_group_02328,PNEUMONIA,1,keep,strict_dup_group_02328,False
train_3571.png,1,dup_group_02329,PNEUMONIA,2,keep,strict_dup_group_02329,False
train_3573.png,1,dup_group_02330,PNEUMONIA,1,keep,strict_dup_group_02330,False
train_3574.png,1,dup_group_02331,PNEUMONIA,1,keep,strict_dup_group_02331,False
train_3580.png,1,dup_group_02333,PNEUMONIA,1,keep,strict_dup_group_02333,False
train_3583.png,1,dup_group_01445,PNEUMONIA,6,keep,strict_dup_group_01445,False
train_3584.png,1,dup_group_01322,PNEUMONIA,41,audit_keep,strict_dup_group_01322,True
train_3585.png,1,dup_group_02335,PNEUMONIA,1,keep,strict_dup_group_02335,False
train_3587.png,1,dup_group_02336,PNEUMONIA,1,keep,strict_dup_group_02336,False
train_3589.png,1,dup_group_02338,PNEUMONIA,2,keep,strict_dup_group_02338,False
train_3590.png,1,dup_group_02339,PNEUMONIA,1,keep,strict_dup_group_02339,False
train_3591.png,1,dup_group_02340,PNEUMONIA,1,keep,strict_dup_group_02340,False
train_3595.png,1,dup_group_02342,PNEUMONIA,1,keep,strict_dup_group_02342,False
train_3597.png,1,dup_group_02276,PNEUMONIA,2,keep,strict_dup_group_02276,False
train_3598.png,1,dup_group_01675,PNEUMONIA,3,keep,strict_dup_group_01675,False
train_3599.png,1,dup_group_02343,PNEUMONIA,1,keep,strict_dup_group_02343,False
train_3600.png,1,dup_group_02344,PNEUMONIA,3,keep,strict_dup_group_02344,False
train_3602.png,1,dup_group_02346,PNEUMONIA,1,keep,strict_dup_group_02346,False
train_3603.png,1,dup_group_02347,PNEUMONIA,1,keep,strict_dup_group_02347,False
train_3604.png,1,dup_group_02348,PNEUMONIA,1,keep,strict_dup_group_02348,False
train_3605.png,1,dup_group_02349,PNEUMONIA,1,keep,strict_dup_group_02349,False
train_3607.png,1,dup_group_02350,PNEUMONIA,1,keep,strict_dup_group_02350,False
train_3609.png,1,dup_group_01648,PNEUMONIA,4,keep,strict_dup_group_01648,False
train_3610.png,1,dup_group_01057,PNEUMONIA,16,keep,strict_dup_group_01057,False
train_3611.png,1,dup_group_02351,PNEUMONIA,1,keep,strict_dup_group_02351,False
train_3613.png,1,dup_group_02352,PNEUMONIA,1,keep,strict_dup_group_02352,False
train_3614.png,1,dup_group_01972,PNEUMONIA,2,keep,strict_dup_group_01972,False
train_3615.png,1,dup_group_01661,PNEUMONIA,6,keep,strict_dup_group_01661,False
train_3616.png,1,dup_group_02353,PNEUMONIA,1,keep,strict_dup_group_02353,False
train_3618.png,1,dup_group_01344,PNEUMONIA,9,keep,strict_dup_group_01344,False
train_3619.png,1,dup_group_02354,PNEUMONIA,1,keep,strict_dup_group_02354,False
train_3621.png,1,dup_group_01267,PNEUMONIA,4,keep,strict_dup_group_01267,False
train_3622.png,1,dup_group_02355,PNEUMONIA,1,keep,strict_dup_group_02355,False
train_3624.png,1,dup_group_01315,PNEUMONIA,3,keep,strict_dup_group_01315,False
train_3625.png,1,dup_group_02356,PNEUMONIA,1,keep,strict_dup_group_02356,False
train_3626.png,1,dup_group_02357,PNEUMONIA,1,keep,strict_dup_group_02357,False
train_3627.png,1,dup_group_02358,PNEUMONIA,1,keep,strict_dup_group_02358,False
train_3628.png,1,dup_group_02359,PNEUMONIA,1,keep,strict_dup_group_02359,False
train_3629.png,1,dup_group_02360,PNEUMONIA,1,keep,strict_dup_group_02360,False
train_3631.png,1,dup_group_00462,PNEUMONIA,3,keep,strict_dup_group_00462,False
train_3632.png,1,dup_group_02361,PNEUMONIA,1,keep,strict_dup_group_02361,False
train_3634.png,1,dup_group_02363,PNEUMONIA,1,keep,strict_dup_group_02363,False
train_3635.png,1,dup_group_02364,PNEUMONIA,1,keep,strict_dup_group_02364,False
train_3636.png,1,dup_group_02365,PNEUMONIA,1,keep,strict_dup_group_02365,False
train_3639.png,1,dup_group_00115,PNEUMONIA,13,keep,strict_dup_group_00115,False
train_3640.png,1,dup_group_01070,PNEUMONIA,4,keep,strict_dup_group_01070,False
train_3641.png,1,dup_group_01322,PNEUMONIA,41,audit_keep,strict_dup_group_01322,True
train_3643.png,1,dup_group_02367,PNEUMONIA,1,keep,strict_dup_group_02367,False
train_3645.png,1,dup_group_02369,PNEUMONIA,1,keep,strict_dup_group_02369,False
train_3648.png,1,dup_group_02371,PNEUMONIA,1,keep,strict_dup_group_02371,False
train_3650.png,1,dup_group_02372,PNEUMONIA,1,keep,strict_dup_group_02372,False
train_3651.png,1,dup_group_01322,PNEUMONIA,41,audit_keep,strict_dup_group_01322,True
train_3652.png,1,dup_group_02329,PNEUMONIA,2,keep,strict_dup_group_02329,False
train_3653.png,1,dup_group_02373,PNEUMONIA,1,keep,strict_dup_group_02373,False
train_3654.png,1,dup_group_02374,PNEUMONIA,1,keep,strict_dup_group_02374,False
train_3655.png,1,dup_group_00158,PNEUMONIA,10,keep,strict_dup_group_00158,False
train_3656.png,1,dup_group_01184,PNEUMONIA,3,keep,strict_dup_group_01184,False
train_3657.png,1,dup_group_02375,PNEUMONIA,1,keep,strict_dup_group_02375,False
train_3658.png,1,dup_group_02376,PNEUMONIA,1,keep,strict_dup_group_02376,False
train_3659.png,1,dup_group_02377,PNEUMONIA,1,keep,strict_dup_group_02377,False
train_3660.png,1,dup_group_01450,PNEUMONIA,2,keep,strict_dup_group_01450,False
train_3661.png,1,dup_group_00915,PNEUMONIA,4,keep,strict_dup_group_00915,False
train_3662.png,1,dup_group_00069,PNEUMONIA,18,keep,strict_dup_group_00069,False
train_3664.png,1,dup_group_00069,PNEUMONIA,18,keep,strict_dup_group_00069,False
train_3666.png,1,dup_group_01042,PNEUMONIA,18,keep,strict_dup_group_01042,False
train_3667.png,1,dup_group_01042,PNEUMONIA,18,keep,strict_dup_group_01042,False
train_3668.png,1,dup_group_01687,PNEUMONIA,7,keep,strict_dup_group_01687,False
train_3669.png,1,dup_group_02378,PNEUMONIA,1,keep,strict_dup_group_02378,False
train_3671.png,1,dup_group_02379,PNEUMONIA,1,keep,strict_dup_group_02379,False
train_3672.png,1,dup_group_01177,PNEUMONIA,10,keep,strict_dup_group_01177,False
train_3674.png,1,dup_group_02381,PNEUMONIA,1,keep,strict_dup_group_02381,False
train_3675.png,1,dup_group_02382,PNEUMONIA,1,keep,strict_dup_group_02382,False
train_3676.png,1,dup_group_02383,PNEUMONIA,2,keep,strict_dup_group_02383,False
train_3680.png,1,dup_group_02385,PNEUMONIA,1,keep,strict_dup_group_02385,False
train_3682.png,1,dup_group_01765,PNEUMONIA,4,keep,strict_dup_group_01765,False
train_3683.png,1,dup_group_02386,PNEUMONIA,1,keep,strict_dup_group_02386,False
train_3685.png,1,dup_group_02388,PNEUMONIA,1,keep,strict_dup_group_02388,False
train_3686.png,1,dup_group_01322,PNEUMONIA,41,audit_keep,strict_dup_group_01322,True
train_3687.png,1,dup_group_02389,PNEUMONIA,1,keep,strict_dup_group_02389,False
train_3688.png,1,dup_group_02390,PNEUMONIA,1,keep,strict_dup_group_02390,False
train_3689.png,1,dup_group_02391,PNEUMONIA,1,keep,strict_dup_group_02391,False
train_3690.png,1,dup_group_01615,PNEUMONIA,2,keep,strict_dup_group_01615,False
train_3692.png,1,dup_group_02393,PNEUMONIA,1,keep,strict_dup_group_02393,False
train_3693.png,1,dup_group_02394,PNEUMONIA,1,keep,strict_dup_group_02394,False
train_3694.png,1,dup_group_02395,PNEUMONIA,1,keep,strict_dup_group_02395,False
train_3695.png,1,dup_group_02396,PNEUMONIA,1,keep,strict_dup_group_02396,False
train_3697.png,1,dup_group_02397,PNEUMONIA,1,keep,strict_dup_group_02397,False
train_3698.png,1,dup_group_02398,PNEUMONIA,1,keep,strict_dup_group_02398,False
train_3699.png,1,dup_group_02399,PNEUMONIA,4,keep,strict_dup_group_02399,False
train_3700.png,1,dup_group_02400,PNEUMONIA,1,keep,strict_dup_group_02400,False
train_3702.png,1,dup_group_02402,PNEUMONIA,1,keep,strict_dup_group_02402,False
train_3703.png,1,dup_group_02403,PNEUMONIA,1,keep,strict_dup_group_02403,False
train_3704.png,1,dup_group_02404,PNEUMONIA,1,keep,strict_dup_group_02404,False
train_3705.png,1,dup_group_02405,PNEUMONIA,1,keep,strict_dup_group_02405,False
train_3706.png,1,dup_group_02406,PNEUMONIA,1,keep,strict_dup_group_02406,False
train_3708.png,1,dup_group_02407,PNEUMONIA,1,keep,strict_dup_group_02407,False
train_3709.png,1,dup_group_01838,PNEUMONIA,2,keep,strict_dup_group_01838,False
train_3710.png,1,dup_group_00971,PNEUMONIA,3,keep,strict_dup_group_00971,False
train_3711.png,1,dup_group_01129,PNEUMONIA,10,keep,strict_dup_group_01129,False
train_3712.png,1,dup_group_02408,PNEUMONIA,1,keep,strict_dup_group_02408,False
train_3713.png,1,dup_group_02409,PNEUMONIA,1,keep,strict_dup_group_02409,False
train_3716.png,1,dup_group_02411,PNEUMONIA,1,keep,strict_dup_group_02411,False
train_3717.png,1,dup_group_02412,PNEUMONIA,1,keep,strict_dup_group_02412,False
train_3719.png,1,dup_group_00968,PNEUMONIA,13,keep,strict_dup_group_00968,False
train_3720.png,1,dup_group_02414,PNEUMONIA,1,keep,strict_dup_group_02414,False
train_3721.png,1,dup_group_01216,PNEUMONIA,5,keep,strict_dup_group_01216,False
train_3723.png,1,dup_group_02416,PNEUMONIA,1,keep,strict_dup_group_02416,False
train_3724.png,1,dup_group_02417,PNEUMONIA,1,keep,strict_dup_group_02417,False
train_3725.png,1,dup_group_02418,PNEUMONIA,1,keep,strict_dup_group_02418,False
train_3727.png,1,dup_group_02420,PNEUMONIA,1,keep,strict_dup_group_02420,False
train_3728.png,1,dup_group_02421,PNEUMONIA,1,keep,strict_dup_group_02421,False
train_3729.png,1,dup_group_02422,PNEUMONIA,1,keep,strict_dup_group_02422,False
train_3730.png,1,dup_group_02423,PNEUMONIA,1,keep,strict_dup_group_02423,False
train_3733.png,1,dup_group_02425,PNEUMONIA,1,keep,strict_dup_group_02425,False
train_3734.png,1,dup_group_02426,PNEUMONIA,1,keep,strict_dup_group_02426,False
train_3735.png,1,dup_group_00700,PNEUMONIA,12,keep,strict_dup_group_00700,False
train_3736.png,1,dup_group_02427,PNEUMONIA,1,keep,strict_dup_group_02427,False
train_3737.png,1,dup_group_02093,PNEUMONIA,2,keep,strict_dup_group_02093,False
train_3738.png,1,dup_group_02428,PNEUMONIA,1,keep,strict_dup_group_02428,False
train_3739.png,1,dup_group_01376,PNEUMONIA,3,keep,strict_dup_group_01376,False
train_3740.png,1,dup_group_02429,PNEUMONIA,1,keep,strict_dup_group_02429,False
train_3741.png,1,dup_group_00993,PNEUMONIA,38,audit_keep,strict_dup_group_00993,True
train_3743.png,1,dup_group_02430,PNEUMONIA,1,keep,strict_dup_group_02430,False
train_3747.png,1,dup_group_02434,PNEUMONIA,1,keep,strict_dup_group_02434,False
train_3748.png,1,dup_group_00003,PNEUMONIA,88,split_large,strict_file_train_3748,False
train_3749.png,1,dup_group_02435,PNEUMONIA,1,keep,strict_dup_group_02435,False
train_3751.png,1,dup_group_02436,PNEUMONIA,1,keep,strict_dup_group_02436,False
train_3753.png,1,dup_group_02438,PNEUMONIA,1,keep,strict_dup_group_02438,False
train_3754.png,1,dup_group_02439,PNEUMONIA,1,keep,strict_dup_group_02439,False
train_3755.png,1,dup_group_02440,PNEUMONIA,1,keep,strict_dup_group_02440,False
train_3757.png,1,dup_group_01446,PNEUMONIA,4,keep,strict_dup_group_01446,False
train_3758.png,1,dup_group_02441,PNEUMONIA,1,keep,strict_dup_group_02441,False
train_3759.png,1,dup_group_02442,PNEUMONIA,1,keep,strict_dup_group_02442,False
train_3760.png,1,dup_group_01375,PNEUMONIA,12,keep,strict_dup_group_01375,False
train_3761.png,1,dup_group_01367,PNEUMONIA,15,keep,strict_dup_group_01367,False
train_3762.png,1,dup_group_02443,PNEUMONIA,1,keep,strict_dup_group_02443,False
train_3763.png,1,dup_group_02444,PNEUMONIA,1,keep,strict_dup_group_02444,False
train_3764.png,1,dup_group_00093,PNEUMONIA,8,keep,strict_dup_group_00093,False
train_3765.png,1,dup_group_00069,PNEUMONIA,18,keep,strict_dup_group_00069,False
train_3766.png,1,dup_group_02445,PNEUMONIA,1,keep,strict_dup_group_02445,False
train_3767.png,1,dup_group_02446,PNEUMONIA,1,keep,strict_dup_group_02446,False
train_3769.png,1,dup_group_01261,PNEUMONIA,3,keep,strict_dup_group_01261,False
train_3771.png,1,dup_group_02447,PNEUMONIA,1,keep,strict_dup_group_02447,False
train_3772.png,1,dup_group_01368,PNEUMONIA,6,keep,strict_dup_group_01368,False
train_3773.png,1,dup_group_01322,PNEUMONIA,41,audit_keep,strict_dup_group_01322,True
train_3774.png,1,dup_group_02448,PNEUMONIA,1,keep,strict_dup_group_02448,False
train_3775.png,1,dup_group_00155,PNEUMONIA,4,keep,strict_dup_group_00155,False
train_3779.png,1,dup_group_02451,PNEUMONIA,1,keep,strict_dup_group_02451,False
train_3782.png,1,dup_group_02453,PNEUMONIA,1,keep,strict_dup_group_02453,False
train_3784.png,1,dup_group_02454,PNEUMONIA,1,keep,strict_dup_group_02454,False
train_3786.png,1,dup_group_02338,PNEUMONIA,2,keep,strict_dup_group_02338,False
train_3787.png,1,dup_group_01282,PNEUMONIA,2,keep,strict_dup_group_01282,False
train_3788.png,1,dup_group_02455,PNEUMONIA,1,keep,strict_dup_group_02455,False
train_3791.png,1,dup_group_02457,PNEUMONIA,1,keep,strict_dup_group_02457,False
train_3792.png,1,dup_group_02458,PNEUMONIA,1,keep,strict_dup_group_02458,False
train_3794.png,1,dup_group_02344,PNEUMONIA,3,keep,strict_dup_group_02344,False
train_3795.png,1,dup_group_02459,PNEUMONIA,1,keep,strict_dup_group_02459,False
train_3798.png,1,dup_group_02461,PNEUMONIA,1,keep,strict_dup_group_02461,False
train_3799.png,1,dup_group_02462,PNEUMONIA,1,keep,strict_dup_group_02462,False
train_3800.png,1,dup_group_02463,PNEUMONIA,1,keep,strict_dup_group_02463,False
train_3801.png,1,dup_group_02464,PNEUMONIA,1,keep,strict_dup_group_02464,False
train_3803.png,1,dup_group_02466,PNEUMONIA,1,keep,strict_dup_group_02466,False
train_3804.png,1,dup_group_02467,PNEUMONIA,1,keep,strict_dup_group_02467,False
train_3807.png,1,dup_group_00985,PNEUMONIA,8,keep,strict_dup_group_00985,False
train_3808.png,1,dup_group_02344,PNEUMONIA,3,keep,strict_dup_group_02344,False
train_3814.png,1,dup_group_02470,PNEUMONIA,1,keep,strict_dup_group_02470,False
train_3815.png,1,dup_group_02471,PNEUMONIA,1,keep,strict_dup_group_02471,False
train_3817.png,1,dup_group_01204,PNEUMONIA,13,keep,strict_dup_group_01204,False
train_3819.png,1,dup_group_02473,PNEUMONIA,1,keep,strict_dup_group_02473,False
train_3821.png,1,dup_group_02474,PNEUMONIA,1,keep,strict_dup_group_02474,False
train_3822.png,1,dup_group_01024,PNEUMONIA,3,keep,strict_dup_group_01024,False
train_3823.png,1,dup_group_02475,PNEUMONIA,1,keep,strict_dup_group_02475,False
train_3825.png,1,dup_group_00700,PNEUMONIA,12,keep,strict_dup_group_00700,False
train_3828.png,1,dup_group_02476,PNEUMONIA,1,keep,strict_dup_group_02476,False
train_3829.png,1,dup_group_02477,PNEUMONIA,1,keep,strict_dup_group_02477,False
train_3831.png,1,dup_group_02479,PNEUMONIA,1,keep,strict_dup_group_02479,False
train_3832.png,1,dup_group_00993,PNEUMONIA,38,audit_keep,strict_dup_group_00993,True
train_3833.png,1,dup_group_02480,PNEUMONIA,1,keep,strict_dup_group_02480,False
train_3834.png,1,dup_group_02481,PNEUMONIA,2,keep,strict_dup_group_02481,False
train_3835.png,1,dup_group_01590,PNEUMONIA,2,keep,strict_dup_group_01590,False
train_3837.png,1,dup_group_02482,PNEUMONIA,1,keep,strict_dup_group_02482,False
train_3838.png,1,dup_group_02483,PNEUMONIA,1,keep,strict_dup_group_02483,False
train_3839.png,1,dup_group_00700,PNEUMONIA,12,keep,strict_dup_group_00700,False
train_3840.png,1,dup_group_02484,PNEUMONIA,1,keep,strict_dup_group_02484,False
train_3841.png,1,dup_group_02485,PNEUMONIA,1,keep,strict_dup_group_02485,False
train_3843.png,1,dup_group_01306,PNEUMONIA,2,keep,strict_dup_group_01306,False
train_3845.png,1,dup_group_01040,PNEUMONIA,3,keep,strict_dup_group_01040,False
train_3846.png,1,dup_group_02487,PNEUMONIA,1,keep,strict_dup_group_02487,False
train_3848.png,1,dup_group_02488,PNEUMONIA,1,keep,strict_dup_group_02488,False
train_3849.png,1,dup_group_02489,PNEUMONIA,1,keep,strict_dup_group_02489,False
train_3850.png,1,dup_group_01097,PNEUMONIA,7,keep,strict_dup_group_01097,False
train_3852.png,1,dup_group_00069,PNEUMONIA,18,keep,strict_dup_group_00069,False
train_3853.png,1,dup_group_02490,PNEUMONIA,1,keep,strict_dup_group_02490,False
train_3856.png,1,dup_group_02492,PNEUMONIA,1,keep,strict_dup_group_02492,False
train_3857.png,1,dup_group_01042,PNEUMONIA,18,keep,strict_dup_group_01042,False
train_3858.png,1,dup_group_02493,PNEUMONIA,1,keep,strict_dup_group_02493,False
train_3859.png,1,dup_group_02494,PNEUMONIA,1,keep,strict_dup_group_02494,False
train_3860.png,1,dup_group_02495,PNEUMONIA,1,keep,strict_dup_group_02495,False
train_3862.png,1,dup_group_02497,PNEUMONIA,1,keep,strict_dup_group_02497,False
train_3864.png,1,dup_group_02498,PNEUMONIA,3,keep,strict_dup_group_02498,False
train_3866.png,1,dup_group_02499,PNEUMONIA,1,keep,strict_dup_group_02499,False
train_3868.png,1,dup_group_02501,PNEUMONIA,1,keep,strict_dup_group_02501,False
train_3870.png,1,dup_group_02502,PNEUMONIA,1,keep,strict_dup_group_02502,False
train_3871.png,1,dup_group_02503,PNEUMONIA,1,keep,strict_dup_group_02503,False
train_3875.png,1,dup_group_02506,PNEUMONIA,1,keep,strict_dup_group_02506,False
train_3878.png,1,dup_group_02508,PNEUMONIA,1,keep,strict_dup_group_02508,False
train_3880.png,1,dup_group_02510,PNEUMONIA,1,keep,strict_dup_group_02510,False
train_3882.png,1,dup_group_02511,PNEUMONIA,1,keep,strict_dup_group_02511,False
train_3883.png,1,dup_group_02512,PNEUMONIA,1,keep,strict_dup_group_02512,False
train_3885.png,1,dup_group_02513,PNEUMONIA,1,keep,strict_dup_group_02513,False
train_3886.png,1,dup_group_01959,PNEUMONIA,2,keep,strict_dup_group_01959,False
train_3887.png,1,dup_group_02514,PNEUMONIA,1,keep,strict_dup_group_02514,False
train_3889.png,1,dup_group_02515,PNEUMONIA,1,keep,strict_dup_group_02515,False
train_3896.png,1,dup_group_02516,PNEUMONIA,1,keep,strict_dup_group_02516,False
train_3897.png,1,dup_group_02517,PNEUMONIA,3,keep,strict_dup_group_02517,False
train_3899.png,1,dup_group_02187,PNEUMONIA,2,keep,strict_dup_group_02187,False
train_3901.png,1,dup_group_02519,PNEUMONIA,1,keep,strict_dup_group_02519,False
train_3903.png,1,dup_group_02521,PNEUMONIA,1,keep,strict_dup_group_02521,False
train_3904.png,1,dup_group_02522,PNEUMONIA,1,keep,strict_dup_group_02522,False
train_3905.png,1,dup_group_02523,PNEUMONIA,1,keep,strict_dup_group_02523,False
train_3909.png,1,dup_group_01057,PNEUMONIA,16,keep,strict_dup_group_01057,False
train_3911.png,1,dup_group_02527,PNEUMONIA,1,keep,strict_dup_group_02527,False
train_3912.png,1,dup_group_02399,PNEUMONIA,4,keep,strict_dup_group_02399,False
train_3913.png,1,dup_group_02528,PNEUMONIA,1,keep,strict_dup_group_02528,False
train_3914.png,1,dup_group_01129,PNEUMONIA,10,keep,strict_dup_group_01129,False
train_3917.png,1,dup_group_02530,PNEUMONIA,1,keep,strict_dup_group_02530,False
train_3918.png,1,dup_group_01362,PNEUMONIA,4,keep,strict_dup_group_01362,False
train_3920.png,1,dup_group_02532,PNEUMONIA,1,keep,strict_dup_group_02532,False
train_3921.png,1,dup_group_02533,PNEUMONIA,1,keep,strict_dup_group_02533,False
train_3922.png,1,dup_group_02534,PNEUMONIA,1,keep,strict_dup_group_02534,False
train_3923.png,1,dup_group_02535,PNEUMONIA,1,keep,strict_dup_group_02535,False
train_3924.png,1,dup_group_02536,PNEUMONIA,1,keep,strict_dup_group_02536,False
train_3925.png,1,dup_group_02537,PNEUMONIA,1,keep,strict_dup_group_02537,False
train_3926.png,1,dup_group_02538,PNEUMONIA,1,keep,strict_dup_group_02538,False
train_3927.png,1,dup_group_02539,PNEUMONIA,1,keep,strict_dup_group_02539,False
train_3928.png,1,dup_group_02540,PNEUMONIA,1,keep,strict_dup_group_02540,False
train_3929.png,1,dup_group_02541,PNEUMONIA,1,keep,strict_dup_group_02541,False
train_3930.png,1,dup_group_00302,PNEUMONIA,10,keep,strict_dup_group_00302,False
train_3931.png,1,dup_group_01493,PNEUMONIA,4,keep,strict_dup_group_01493,False
train_3932.png,1,dup_group_02542,PNEUMONIA,1,keep,strict_dup_group_02542,False
train_3933.png,1,dup_group_02543,PNEUMONIA,1,keep,strict_dup_group_02543,False
train_3934.png,1,dup_group_02544,PNEUMONIA,1,keep,strict_dup_group_02544,False
train_3936.png,1,dup_group_02546,PNEUMONIA,1,keep,strict_dup_group_02546,False
train_3937.png,1,dup_group_02547,PNEUMONIA,1,keep,strict_dup_group_02547,False
train_3938.png,1,dup_group_02548,PNEUMONIA,1,keep,strict_dup_group_02548,False
train_3939.png,1,dup_group_01322,PNEUMONIA,41,audit_keep,strict_dup_group_01322,True
train_3940.png,1,dup_group_02549,PNEUMONIA,1,keep,strict_dup_group_02549,False
train_3942.png,1,dup_group_02550,PNEUMONIA,1,keep,strict_dup_group_02550,False
train_3943.png,1,dup_group_02551,PNEUMONIA,1,keep,strict_dup_group_02551,False
train_3944.png,1,dup_group_02552,PNEUMONIA,1,keep,strict_dup_group_02552,False
train_3945.png,1,dup_group_02553,PNEUMONIA,1,keep,strict_dup_group_02553,False
train_3946.png,1,dup_group_02554,PNEUMONIA,1,keep,strict_dup_group_02554,False
train_3948.png,1,dup_group_02555,PNEUMONIA,2,keep,strict_dup_group_02555,False
train_3949.png,1,dup_group_02556,PNEUMONIA,1,keep,strict_dup_group_02556,False
train_3953.png,1,dup_group_02558,PNEUMONIA,1,keep,strict_dup_group_02558,False
train_3954.png,1,dup_group_01683,PNEUMONIA,5,keep,strict_dup_group_01683,False
train_3957.png,1,dup_group_02559,PNEUMONIA,1,keep,strict_dup_group_02559,False
train_3958.png,1,dup_group_02560,PNEUMONIA,1,keep,strict_dup_group_02560,False
train_3960.png,1,dup_group_02561,PNEUMONIA,1,keep,strict_dup_group_02561,False
train_3961.png,1,dup_group_01374,PNEUMONIA,2,keep,strict_dup_group_01374,False
train_3965.png,1,dup_group_01498,PNEUMONIA,10,keep,strict_dup_group_01498,False
train_3966.png,1,dup_group_02564,PNEUMONIA,1,keep,strict_dup_group_02564,False
train_3967.png,1,dup_group_02565,PNEUMONIA,1,keep,strict_dup_group_02565,False
train_3969.png,1,dup_group_02567,PNEUMONIA,1,keep,strict_dup_group_02567,False
train_3971.png,1,dup_group_02568,PNEUMONIA,1,keep,strict_dup_group_02568,False
train_3972.png,1,dup_group_02569,PNEUMONIA,1,keep,strict_dup_group_02569,False
train_3974.png,1,dup_group_00993,PNEUMONIA,38,audit_keep,strict_dup_group_00993,True
train_3975.png,1,dup_group_02571,PNEUMONIA,1,keep,strict_dup_group_02571,False
train_3976.png,1,dup_group_02572,PNEUMONIA,1,keep,strict_dup_group_02572,False
train_3977.png,1,dup_group_02573,PNEUMONIA,1,keep,strict_dup_group_02573,False
train_3980.png,1,dup_group_02574,PNEUMONIA,1,keep,strict_dup_group_02574,False
train_3982.png,1,dup_group_02576,PNEUMONIA,1,keep,strict_dup_group_02576,False
train_3984.png,1,dup_group_02578,PNEUMONIA,1,keep,strict_dup_group_02578,False
train_3985.png,1,dup_group_02579,PNEUMONIA,1,keep,strict_dup_group_02579,False
train_3987.png,1,dup_group_02581,PNEUMONIA,1,keep,strict_dup_group_02581,False
train_3988.png,1,dup_group_02582,PNEUMONIA,1,keep,strict_dup_group_02582,False
train_3989.png,1,dup_group_02583,PNEUMONIA,1,keep,strict_dup_group_02583,False
train_3990.png,1,dup_group_02584,PNEUMONIA,1,keep,strict_dup_group_02584,False
train_3992.png,1,dup_group_02585,PNEUMONIA,1,keep,strict_dup_group_02585,False
train_3994.png,1,dup_group_01301,PNEUMONIA,5,keep,strict_dup_group_01301,False
train_3995.png,1,dup_group_02586,PNEUMONIA,1,keep,strict_dup_group_02586,False
train_3996.png,1,dup_group_00111,PNEUMONIA,8,keep,strict_dup_group_00111,False
train_3997.png,1,dup_group_02587,PNEUMONIA,1,keep,strict_dup_group_02587,False
train_4000.png,1,dup_group_02589,PNEUMONIA,1,keep,strict_dup_group_02589,False
train_4002.png,1,dup_group_02590,PNEUMONIA,1,keep,strict_dup_group_02590,False
train_4003.png,1,dup_group_01661,PNEUMONIA,6,keep,strict_dup_group_01661,False
train_4004.png,1,dup_group_01322,PNEUMONIA,41,audit_keep,strict_dup_group_01322,True
train_4005.png,1,dup_group_00985,PNEUMONIA,8,keep,strict_dup_group_00985,False
train_4007.png,1,dup_group_02591,PNEUMONIA,1,keep,strict_dup_group_02591,False
train_4008.png,1,dup_group_01011,PNEUMONIA,3,keep,strict_dup_group_01011,False
train_4009.png,1,dup_group_02498,PNEUMONIA,3,keep,strict_dup_group_02498,False
train_4010.png,1,dup_group_02592,PNEUMONIA,1,keep,strict_dup_group_02592,False
train_4011.png,1,dup_group_02593,PNEUMONIA,1,keep,strict_dup_group_02593,False
train_4012.png,1,dup_group_02594,PNEUMONIA,1,keep,strict_dup_group_02594,False
train_4013.png,1,dup_group_01024,PNEUMONIA,3,keep,strict_dup_group_01024,False
train_4015.png,1,dup_group_00158,PNEUMONIA,10,keep,strict_dup_group_00158,False
train_4017.png,1,dup_group_02595,PNEUMONIA,1,keep,strict_dup_group_02595,False
train_4018.png,1,dup_group_02596,PNEUMONIA,1,keep,strict_dup_group_02596,False
train_4019.png,1,dup_group_02597,PNEUMONIA,1,keep,strict_dup_group_02597,False
train_4020.png,1,dup_group_02598,PNEUMONIA,1,keep,strict_dup_group_02598,False
train_4022.png,1,dup_group_02600,PNEUMONIA,1,keep,strict_dup_group_02600,False
train_4024.png,1,dup_group_02601,PNEUMONIA,1,keep,strict_dup_group_02601,False
train_4025.png,1,dup_group_02602,PNEUMONIA,2,keep,strict_dup_group_02602,False
train_4027.png,1,dup_group_02603,PNEUMONIA,1,keep,strict_dup_group_02603,False
train_4028.png,1,dup_group_01322,PNEUMONIA,41,audit_keep,strict_dup_group_01322,True
train_4031.png,1,dup_group_02604,PNEUMONIA,1,keep,strict_dup_group_02604,False
train_4032.png,1,dup_group_01042,PNEUMONIA,18,keep,strict_dup_group_01042,False
train_4033.png,1,dup_group_02605,PNEUMONIA,1,keep,strict_dup_group_02605,False
train_4034.png,1,dup_group_01245,PNEUMONIA,2,keep,strict_dup_group_01245,False
train_4037.png,1,dup_group_02606,PNEUMONIA,1,keep,strict_dup_group_02606,False
train_4038.png,1,dup_group_02607,PNEUMONIA,1,keep,strict_dup_group_02607,False
train_4042.png,1,dup_group_00117,PNEUMONIA,4,keep,strict_dup_group_00117,False
train_4044.png,1,dup_group_00978,PNEUMONIA,4,keep,strict_dup_group_00978,False
train_4045.png,1,dup_group_00272,PNEUMONIA,4,keep,strict_dup_group_00272,False
train_4047.png,1,dup_group_02609,PNEUMONIA,1,keep,strict_dup_group_02609,False
train_4048.png,1,dup_group_02610,PNEUMONIA,1,keep,strict_dup_group_02610,False
train_4049.png,1,dup_group_01586,PNEUMONIA,3,keep,strict_dup_group_01586,False
train_4053.png,1,dup_group_02051,PNEUMONIA,3,keep,strict_dup_group_02051,False
train_4055.png,1,dup_group_01910,PNEUMONIA,2,keep,strict_dup_group_01910,False
train_4061.png,1,dup_group_01820,PNEUMONIA,3,keep,strict_dup_group_01820,False
train_4065.png,1,dup_group_02614,PNEUMONIA,1,keep,strict_dup_group_02614,False
train_4066.png,1,dup_group_01089,PNEUMONIA,4,keep,strict_dup_group_01089,False
train_4068.png,1,dup_group_01275,PNEUMONIA,6,keep,strict_dup_group_01275,False
train_4069.png,1,dup_group_02615,PNEUMONIA,1,keep,strict_dup_group_02615,False
train_4070.png,1,dup_group_01042,PNEUMONIA,18,keep,strict_dup_group_01042,False
train_4071.png,1,dup_group_01370,PNEUMONIA,7,keep,strict_dup_group_01370,False
train_4072.png,1,dup_group_02616,PNEUMONIA,1,keep,strict_dup_group_02616,False
train_4073.png,1,dup_group_01129,PNEUMONIA,10,keep,strict_dup_group_01129,False
train_4074.png,1,dup_group_02617,PNEUMONIA,1,keep,strict_dup_group_02617,False
train_4075.png,1,dup_group_00210,PNEUMONIA,2,keep,strict_dup_group_00210,False
train_4076.png,1,dup_group_02618,PNEUMONIA,1,keep,strict_dup_group_02618,False
train_4078.png,1,dup_group_01820,PNEUMONIA,3,keep,strict_dup_group_01820,False
train_4080.png,1,dup_group_02620,PNEUMONIA,1,keep,strict_dup_group_02620,False
train_4082.png,1,dup_group_00302,PNEUMONIA,10,keep,strict_dup_group_00302,False
train_4084.png,1,dup_group_02622,PNEUMONIA,1,keep,strict_dup_group_02622,False
train_4085.png,1,dup_group_01596,PNEUMONIA,8,keep,strict_dup_group_01596,False
train_4088.png,1,dup_group_02623,PNEUMONIA,1,keep,strict_dup_group_02623,False
train_4089.png,1,dup_group_01092,PNEUMONIA,6,keep,strict_dup_group_01092,False
train_4091.png,1,dup_group_02624,PNEUMONIA,1,keep,strict_dup_group_02624,False
train_4092.png,1,dup_group_00700,PNEUMONIA,12,keep,strict_dup_group_00700,False
train_4093.png,1,dup_group_02625,PNEUMONIA,1,keep,strict_dup_group_02625,False
train_4095.png,1,dup_group_02627,PNEUMONIA,1,keep,strict_dup_group_02627,False
train_4096.png,1,dup_group_02628,PNEUMONIA,1,keep,strict_dup_group_02628,False
train_4098.png,1,dup_group_02630,PNEUMONIA,1,keep,strict_dup_group_02630,False
train_4099.png,1,dup_group_01204,PNEUMONIA,13,keep,strict_dup_group_01204,False
train_4100.png,1,dup_group_01104,PNEUMONIA,2,keep,strict_dup_group_01104,False
train_4102.png,1,dup_group_02632,PNEUMONIA,1,keep,strict_dup_group_02632,False
train_4103.png,1,dup_group_02633,PNEUMONIA,1,keep,strict_dup_group_02633,False
train_4106.png,1,dup_group_02634,PNEUMONIA,1,keep,strict_dup_group_02634,False
train_4107.png,1,dup_group_02635,PNEUMONIA,1,keep,strict_dup_group_02635,False
train_4108.png,1,dup_group_02636,PNEUMONIA,1,keep,strict_dup_group_02636,False
train_4110.png,1,dup_group_01267,PNEUMONIA,4,keep,strict_dup_group_01267,False
train_4112.png,1,dup_group_02638,PNEUMONIA,1,keep,strict_dup_group_02638,False
train_4113.png,1,dup_group_02639,PNEUMONIA,1,keep,strict_dup_group_02639,False
train_4114.png,1,dup_group_01207,PNEUMONIA,11,keep,strict_dup_group_01207,False
train_4115.png,1,dup_group_02640,PNEUMONIA,1,keep,strict_dup_group_02640,False
train_4118.png,1,dup_group_02642,PNEUMONIA,1,keep,strict_dup_group_02642,False
train_4119.png,1,dup_group_01322,PNEUMONIA,41,audit_keep,strict_dup_group_01322,True
train_4120.png,1,dup_group_02643,PNEUMONIA,1,keep,strict_dup_group_02643,False
train_4121.png,1,dup_group_01578,PNEUMONIA,9,keep,strict_dup_group_01578,False
train_4122.png,1,dup_group_02062,PNEUMONIA,2,keep,strict_dup_group_02062,False
train_4126.png,1,dup_group_00700,PNEUMONIA,12,keep,strict_dup_group_00700,False
train_4128.png,1,dup_group_02644,PNEUMONIA,1,keep,strict_dup_group_02644,False
train_4129.png,1,dup_group_01778,PNEUMONIA,3,keep,strict_dup_group_01778,False
train_4131.png,1,dup_group_00968,PNEUMONIA,13,keep,strict_dup_group_00968,False
train_4133.png,1,dup_group_01493,PNEUMONIA,4,keep,strict_dup_group_01493,False
train_4134.png,1,dup_group_01177,PNEUMONIA,10,keep,strict_dup_group_01177,False
train_4135.png,1,dup_group_02645,PNEUMONIA,1,keep,strict_dup_group_02645,False
train_4136.png,1,dup_group_02646,PNEUMONIA,1,keep,strict_dup_group_02646,False
train_4137.png,1,dup_group_02647,PNEUMONIA,1,keep,strict_dup_group_02647,False
train_4138.png,1,dup_group_02648,PNEUMONIA,1,keep,strict_dup_group_02648,False
train_4139.png,1,dup_group_02649,PNEUMONIA,1,keep,strict_dup_group_02649,False
train_4141.png,1,dup_group_02651,PNEUMONIA,1,keep,strict_dup_group_02651,False
train_4142.png,1,dup_group_02652,PNEUMONIA,1,keep,strict_dup_group_02652,False
train_4143.png,1,dup_group_02653,PNEUMONIA,1,keep,strict_dup_group_02653,False
train_4144.png,1,dup_group_01398,PNEUMONIA,7,keep,strict_dup_group_01398,False
train_4149.png,1,dup_group_02655,PNEUMONIA,1,keep,strict_dup_group_02655,False
train_4151.png,1,dup_group_01129,PNEUMONIA,10,keep,strict_dup_group_01129,False
train_4152.png,1,dup_group_02656,PNEUMONIA,1,keep,strict_dup_group_02656,False
train_4154.png,1,dup_group_01344,PNEUMONIA,9,keep,strict_dup_group_01344,False
train_4155.png,1,dup_group_02657,PNEUMONIA,1,keep,strict_dup_group_02657,False
train_4161.png,1,dup_group_02660,PNEUMONIA,1,keep,strict_dup_group_02660,False
train_4165.png,1,dup_group_02661,PNEUMONIA,1,keep,strict_dup_group_02661,False
train_4166.png,1,dup_group_02662,PNEUMONIA,1,keep,strict_dup_group_02662,False
train_4167.png,1,dup_group_01045,PNEUMONIA,3,keep,strict_dup_group_01045,False
train_4169.png,1,dup_group_01332,PNEUMONIA,3,keep,strict_dup_group_01332,False
train_4172.png,1,dup_group_02663,PNEUMONIA,1,keep,strict_dup_group_02663,False
train_4174.png,1,dup_group_02664,PNEUMONIA,1,keep,strict_dup_group_02664,False
train_4175.png,1,dup_group_02665,PNEUMONIA,1,keep,strict_dup_group_02665,False
train_4176.png,1,dup_group_02666,PNEUMONIA,1,keep,strict_dup_group_02666,False
train_4177.png,1,dup_group_02667,PNEUMONIA,1,keep,strict_dup_group_02667,False
train_4178.png,1,dup_group_01829,PNEUMONIA,5,keep,strict_dup_group_01829,False
train_4179.png,1,dup_group_02668,PNEUMONIA,1,keep,strict_dup_group_02668,False
train_4180.png,1,dup_group_02669,PNEUMONIA,1,keep,strict_dup_group_02669,False
train_4181.png,1,dup_group_02670,PNEUMONIA,1,keep,strict_dup_group_02670,False
train_4183.png,1,dup_group_02671,PNEUMONIA,1,keep,strict_dup_group_02671,False
train_4185.png,1,dup_group_02672,PNEUMONIA,1,keep,strict_dup_group_02672,False
train_4186.png,1,dup_group_01451,PNEUMONIA,3,keep,strict_dup_group_01451,False
train_4187.png,1,dup_group_02673,PNEUMONIA,2,keep,strict_dup_group_02673,False
train_4188.png,1,dup_group_00989,PNEUMONIA,11,keep,strict_dup_group_00989,False
train_4189.png,1,dup_group_02674,PNEUMONIA,1,keep,strict_dup_group_02674,False
train_4190.png,1,dup_group_02675,PNEUMONIA,1,keep,strict_dup_group_02675,False
train_4191.png,1,dup_group_02676,PNEUMONIA,1,keep,strict_dup_group_02676,False
train_4193.png,1,dup_group_00029,PNEUMONIA,13,keep,strict_dup_group_00029,False
train_4195.png,1,dup_group_01042,PNEUMONIA,18,keep,strict_dup_group_01042,False
train_4197.png,1,dup_group_02290,PNEUMONIA,3,keep,strict_dup_group_02290,False
train_4198.png,1,dup_group_02247,PNEUMONIA,3,keep,strict_dup_group_02247,False
train_4199.png,1,dup_group_02678,PNEUMONIA,2,keep,strict_dup_group_02678,False
train_4200.png,1,dup_group_02679,PNEUMONIA,1,keep,strict_dup_group_02679,False
train_4201.png,1,dup_group_02680,PNEUMONIA,1,keep,strict_dup_group_02680,False
train_4203.png,1,dup_group_00994,PNEUMONIA,2,keep,strict_dup_group_00994,False
train_4204.png,1,dup_group_02682,PNEUMONIA,1,keep,strict_dup_group_02682,False
train_4205.png,1,dup_group_02683,PNEUMONIA,1,keep,strict_dup_group_02683,False
train_4206.png,1,dup_group_02684,PNEUMONIA,1,keep,strict_dup_group_02684,False
train_4207.png,1,dup_group_01398,PNEUMONIA,7,keep,strict_dup_group_01398,False
train_4208.png,1,dup_group_02685,PNEUMONIA,1,keep,strict_dup_group_02685,False
train_4209.png,1,dup_group_01092,PNEUMONIA,6,keep,strict_dup_group_01092,False
train_4210.png,1,dup_group_02686,PNEUMONIA,1,keep,strict_dup_group_02686,False
train_4211.png,1,dup_group_02687,PNEUMONIA,1,keep,strict_dup_group_02687,False
train_4214.png,1,dup_group_02689,PNEUMONIA,1,keep,strict_dup_group_02689,False
train_4215.png,1,dup_group_02690,PNEUMONIA,1,keep,strict_dup_group_02690,False
train_4217.png,1,dup_group_02692,PNEUMONIA,1,keep,strict_dup_group_02692,False
train_4219.png,1,dup_group_02693,PNEUMONIA,1,keep,strict_dup_group_02693,False
train_4220.png,1,dup_group_02694,PNEUMONIA,1,keep,strict_dup_group_02694,False
train_4222.png,1,dup_group_01368,PNEUMONIA,6,keep,strict_dup_group_01368,False
train_4223.png,1,dup_group_00224,PNEUMONIA,6,keep,strict_dup_group_00224,False
train_4225.png,1,dup_group_01931,PNEUMONIA,2,keep,strict_dup_group_01931,False
train_4226.png,1,dup_group_02695,PNEUMONIA,1,keep,strict_dup_group_02695,False
train_4227.png,1,dup_group_01322,PNEUMONIA,41,audit_keep,strict_dup_group_01322,True
train_4228.png,1,dup_group_01405,PNEUMONIA,5,keep,strict_dup_group_01405,False
train_4229.png,1,dup_group_01578,PNEUMONIA,9,keep,strict_dup_group_01578,False
train_4230.png,1,dup_group_02696,PNEUMONIA,1,keep,strict_dup_group_02696,False
train_4231.png,1,dup_group_02697,PNEUMONIA,1,keep,strict_dup_group_02697,False
train_4233.png,1,dup_group_01778,PNEUMONIA,3,keep,strict_dup_group_01778,False
train_4235.png,1,dup_group_01455,PNEUMONIA,2,keep,strict_dup_group_01455,False
train_4236.png,1,dup_group_02700,PNEUMONIA,1,keep,strict_dup_group_02700,False
train_4237.png,1,dup_group_02701,PNEUMONIA,1,keep,strict_dup_group_02701,False
train_4238.png,1,dup_group_01731,PNEUMONIA,2,keep,strict_dup_group_01731,False
train_4239.png,1,dup_group_02702,PNEUMONIA,1,keep,strict_dup_group_02702,False
train_4240.png,1,dup_group_01819,PNEUMONIA,2,keep,strict_dup_group_01819,False
train_4241.png,1,dup_group_02703,PNEUMONIA,1,keep,strict_dup_group_02703,False
train_4242.png,1,dup_group_01476,PNEUMONIA,3,keep,strict_dup_group_01476,False
train_4244.png,1,dup_group_02705,PNEUMONIA,1,keep,strict_dup_group_02705,False
train_4246.png,1,dup_group_00993,PNEUMONIA,38,audit_keep,strict_dup_group_00993,True
train_4247.png,1,dup_group_02706,PNEUMONIA,1,keep,strict_dup_group_02706,False
train_4251.png,1,dup_group_02708,PNEUMONIA,1,keep,strict_dup_group_02708,False
train_4252.png,1,dup_group_01322,PNEUMONIA,41,audit_keep,strict_dup_group_01322,True
train_4253.png,1,dup_group_02709,PNEUMONIA,1,keep,strict_dup_group_02709,False
train_4254.png,1,dup_group_02710,PNEUMONIA,2,keep,strict_dup_group_02710,False
train_4255.png,1,dup_group_02711,PNEUMONIA,1,keep,strict_dup_group_02711,False
train_4256.png,1,dup_group_02712,PNEUMONIA,1,keep,strict_dup_group_02712,False
train_4258.png,1,dup_group_01596,PNEUMONIA,8,keep,strict_dup_group_01596,False
train_4259.png,1,dup_group_02714,PNEUMONIA,1,keep,strict_dup_group_02714,False
train_4260.png,1,dup_group_01264,PNEUMONIA,2,keep,strict_dup_group_01264,False
train_4261.png,1,dup_group_02715,PNEUMONIA,1,keep,strict_dup_group_02715,False
train_4265.png,1,dup_group_01322,PNEUMONIA,41,audit_keep,strict_dup_group_01322,True
train_4268.png,1,dup_group_02717,PNEUMONIA,1,keep,strict_dup_group_02717,False
train_4271.png,1,dup_group_00993,PNEUMONIA,38,audit_keep,strict_dup_group_00993,True
train_4272.png,1,dup_group_02718,PNEUMONIA,1,keep,strict_dup_group_02718,False
train_4273.png,1,dup_group_02719,PNEUMONIA,1,keep,strict_dup_group_02719,False
train_4274.png,1,dup_group_02720,PNEUMONIA,1,keep,strict_dup_group_02720,False
train_4277.png,1,dup_group_02481,PNEUMONIA,2,keep,strict_dup_group_02481,False
train_4278.png,1,dup_group_01207,PNEUMONIA,11,keep,strict_dup_group_01207,False
train_4279.png,1,dup_group_02722,PNEUMONIA,1,keep,strict_dup_group_02722,False
train_4282.png,1,dup_group_02724,PNEUMONIA,1,keep,strict_dup_group_02724,False
train_4283.png,1,dup_group_02725,PNEUMONIA,1,keep,strict_dup_group_02725,False
train_4284.png,1,dup_group_01042,PNEUMONIA,18,keep,strict_dup_group_01042,False
train_4285.png,1,dup_group_02726,PNEUMONIA,1,keep,strict_dup_group_02726,False
train_4286.png,1,dup_group_02159,PNEUMONIA,9,keep,strict_dup_group_02159,False
train_4287.png,1,dup_group_00003,PNEUMONIA,88,split_large,strict_file_train_4287,False
train_4288.png,1,dup_group_00394,PNEUMONIA,3,keep,strict_dup_group_00394,False
train_4290.png,1,dup_group_01398,PNEUMONIA,7,keep,strict_dup_group_01398,False
train_4291.png,1,dup_group_01130,PNEUMONIA,4,keep,strict_dup_group_01130,False
train_4292.png,1,dup_group_00224,PNEUMONIA,6,keep,strict_dup_group_00224,False
train_4293.png,1,dup_group_02728,PNEUMONIA,1,keep,strict_dup_group_02728,False
train_4295.png,1,dup_group_00224,PNEUMONIA,6,keep,strict_dup_group_00224,False
train_4296.png,1,dup_group_02729,PNEUMONIA,1,keep,strict_dup_group_02729,False
train_4298.png,1,dup_group_02159,PNEUMONIA,9,keep,strict_dup_group_02159,False
train_4299.png,1,dup_group_02730,PNEUMONIA,1,keep,strict_dup_group_02730,False
train_4300.png,1,dup_group_02731,PNEUMONIA,1,keep,strict_dup_group_02731,False
train_4302.png,1,dup_group_01344,PNEUMONIA,9,keep,strict_dup_group_01344,False
train_4303.png,1,dup_group_02732,PNEUMONIA,1,keep,strict_dup_group_02732,False
train_4305.png,1,dup_group_00004,PNEUMONIA,6,keep,strict_dup_group_00004,False
train_4306.png,1,dup_group_01279,PNEUMONIA,4,keep,strict_dup_group_01279,False
train_4307.png,1,dup_group_02733,PNEUMONIA,1,keep,strict_dup_group_02733,False
train_4308.png,1,dup_group_01057,PNEUMONIA,16,keep,strict_dup_group_01057,False
train_4309.png,1,dup_group_02734,PNEUMONIA,1,keep,strict_dup_group_02734,False
train_4310.png,1,dup_group_02735,PNEUMONIA,1,keep,strict_dup_group_02735,False
train_4311.png,1,dup_group_02736,PNEUMONIA,1,keep,strict_dup_group_02736,False
train_4313.png,1,dup_group_00093,PNEUMONIA,8,keep,strict_dup_group_00093,False
train_4314.png,1,dup_group_01453,PNEUMONIA,3,keep,strict_dup_group_01453,False
train_4315.png,1,dup_group_02737,PNEUMONIA,1,keep,strict_dup_group_02737,False
train_4317.png,1,dup_group_00968,PNEUMONIA,13,keep,strict_dup_group_00968,False
train_4318.png,1,dup_group_02739,PNEUMONIA,1,keep,strict_dup_group_02739,False
train_4320.png,1,dup_group_02740,PNEUMONIA,1,keep,strict_dup_group_02740,False
train_4322.png,1,dup_group_02741,PNEUMONIA,1,keep,strict_dup_group_02741,False
train_4324.png,1,dup_group_02743,PNEUMONIA,1,keep,strict_dup_group_02743,False
train_4326.png,1,dup_group_01253,PNEUMONIA,5,keep,strict_dup_group_01253,False
train_4329.png,1,dup_group_02744,PNEUMONIA,1,keep,strict_dup_group_02744,False
train_4330.png,1,dup_group_02745,PNEUMONIA,1,keep,strict_dup_group_02745,False
train_4331.png,1,dup_group_01596,PNEUMONIA,8,keep,strict_dup_group_01596,False
train_4332.png,1,dup_group_02746,PNEUMONIA,1,keep,strict_dup_group_02746,False
train_4333.png,1,dup_group_02747,PNEUMONIA,1,keep,strict_dup_group_02747,False
train_4334.png,1,dup_group_00069,PNEUMONIA,18,keep,strict_dup_group_00069,False
train_4336.png,1,dup_group_01334,PNEUMONIA,4,keep,strict_dup_group_01334,False
train_4337.png,1,dup_group_00158,PNEUMONIA,10,keep,strict_dup_group_00158,False
train_4338.png,1,dup_group_02748,PNEUMONIA,1,keep,strict_dup_group_02748,False
train_4339.png,1,dup_group_02749,PNEUMONIA,1,keep,strict_dup_group_02749,False
train_4341.png,1,dup_group_02750,PNEUMONIA,1,keep,strict_dup_group_02750,False
train_4342.png,1,dup_group_01034,PNEUMONIA,6,keep,strict_dup_group_01034,False
train_4343.png,1,dup_group_01207,PNEUMONIA,11,keep,strict_dup_group_01207,False
train_4345.png,1,dup_group_02751,PNEUMONIA,1,keep,strict_dup_group_02751,False
train_4350.png,1,dup_group_02753,PNEUMONIA,1,keep,strict_dup_group_02753,False
train_4351.png,1,dup_group_02754,PNEUMONIA,1,keep,strict_dup_group_02754,False
train_4352.png,1,dup_group_02399,PNEUMONIA,4,keep,strict_dup_group_02399,False
train_4353.png,1,dup_group_01431,PNEUMONIA,2,keep,strict_dup_group_01431,False
train_4356.png,1,dup_group_01451,PNEUMONIA,3,keep,strict_dup_group_01451,False
train_4359.png,1,dup_group_02755,PNEUMONIA,1,keep,strict_dup_group_02755,False
train_4360.png,1,dup_group_02756,PNEUMONIA,1,keep,strict_dup_group_02756,False
train_4361.png,1,dup_group_02757,PNEUMONIA,1,keep,strict_dup_group_02757,False
train_4363.png,1,dup_group_02759,PNEUMONIA,1,keep,strict_dup_group_02759,False
train_4364.png,1,dup_group_02760,PNEUMONIA,1,keep,strict_dup_group_02760,False
train_4365.png,1,dup_group_01446,PNEUMONIA,4,keep,strict_dup_group_01446,False
train_4367.png,1,dup_group_02761,PNEUMONIA,1,keep,strict_dup_group_02761,False
train_4369.png,1,dup_group_02762,PNEUMONIA,1,keep,strict_dup_group_02762,False
train_4370.png,1,dup_group_00158,PNEUMONIA,10,keep,strict_dup_group_00158,False
train_4371.png,1,dup_group_02763,PNEUMONIA,1,keep,strict_dup_group_02763,False
train_4373.png,1,dup_group_00993,PNEUMONIA,38,audit_keep,strict_dup_group_00993,True
train_4376.png,1,dup_group_02765,PNEUMONIA,1,keep,strict_dup_group_02765,False
train_4377.png,1,dup_group_02303,PNEUMONIA,2,keep,strict_dup_group_02303,False
train_4378.png,1,dup_group_00445,PNEUMONIA,4,keep,strict_dup_group_00445,False
train_4380.png,1,dup_group_02767,PNEUMONIA,3,keep,strict_dup_group_02767,False
train_4384.png,1,dup_group_02769,PNEUMONIA,1,keep,strict_dup_group_02769,False
train_4385.png,1,dup_group_01272,PNEUMONIA,4,keep,strict_dup_group_01272,False
train_4387.png,1,dup_group_02770,PNEUMONIA,1,keep,strict_dup_group_02770,False
train_4389.png,1,dup_group_02772,PNEUMONIA,1,keep,strict_dup_group_02772,False
train_4390.png,1,dup_group_02773,PNEUMONIA,1,keep,strict_dup_group_02773,False
train_4391.png,1,dup_group_02774,PNEUMONIA,1,keep,strict_dup_group_02774,False
train_4393.png,1,dup_group_02775,PNEUMONIA,1,keep,strict_dup_group_02775,False
train_4396.png,1,dup_group_02776,PNEUMONIA,1,keep,strict_dup_group_02776,False
train_4397.png,1,dup_group_02777,PNEUMONIA,1,keep,strict_dup_group_02777,False
train_4398.png,1,dup_group_02778,PNEUMONIA,1,keep,strict_dup_group_02778,False
train_4399.png,1,dup_group_02779,PNEUMONIA,1,keep,strict_dup_group_02779,False
train_4400.png,1,dup_group_02780,PNEUMONIA,1,keep,strict_dup_group_02780,False
train_4401.png,1,dup_group_00069,PNEUMONIA,18,keep,strict_dup_group_00069,False
train_4402.png,1,dup_group_02781,PNEUMONIA,1,keep,strict_dup_group_02781,False
train_4403.png,1,dup_group_01290,PNEUMONIA,2,keep,strict_dup_group_01290,False
train_4404.png,1,dup_group_01997,PNEUMONIA,5,keep,strict_dup_group_01997,False
train_4409.png,1,dup_group_02783,PNEUMONIA,1,keep,strict_dup_group_02783,False
train_4410.png,1,dup_group_02784,PNEUMONIA,1,keep,strict_dup_group_02784,False
train_4411.png,1,dup_group_02785,PNEUMONIA,1,keep,strict_dup_group_02785,False
train_4412.png,1,dup_group_02786,PNEUMONIA,1,keep,strict_dup_group_02786,False
train_4413.png,1,dup_group_00993,PNEUMONIA,38,audit_keep,strict_dup_group_00993,True
train_4414.png,1,dup_group_00968,PNEUMONIA,13,keep,strict_dup_group_00968,False
train_4415.png,1,dup_group_02787,PNEUMONIA,1,keep,strict_dup_group_02787,False
train_4418.png,1,dup_group_02789,PNEUMONIA,1,keep,strict_dup_group_02789,False
train_4420.png,1,dup_group_01857,PNEUMONIA,2,keep,strict_dup_group_01857,False
train_4421.png,1,dup_group_02790,PNEUMONIA,1,keep,strict_dup_group_02790,False
train_4422.png,1,dup_group_02266,PNEUMONIA,2,keep,strict_dup_group_02266,False
train_4423.png,1,dup_group_01596,PNEUMONIA,8,keep,strict_dup_group_01596,False
train_4426.png,1,dup_group_02793,PNEUMONIA,1,keep,strict_dup_group_02793,False
train_4427.png,1,dup_group_01042,PNEUMONIA,18,keep,strict_dup_group_01042,False
train_4428.png,1,dup_group_02517,PNEUMONIA,3,keep,strict_dup_group_02517,False
train_4429.png,1,dup_group_02794,PNEUMONIA,1,keep,strict_dup_group_02794,False
train_4433.png,1,dup_group_01011,PNEUMONIA,3,keep,strict_dup_group_01011,False
train_4434.png,1,dup_group_02795,PNEUMONIA,1,keep,strict_dup_group_02795,False
train_4436.png,1,dup_group_02797,PNEUMONIA,1,keep,strict_dup_group_02797,False
train_4437.png,1,dup_group_01367,PNEUMONIA,15,keep,strict_dup_group_01367,False
train_4439.png,1,dup_group_02799,PNEUMONIA,1,keep,strict_dup_group_02799,False
train_4442.png,1,dup_group_02801,PNEUMONIA,1,keep,strict_dup_group_02801,False
train_4444.png,1,dup_group_01204,PNEUMONIA,13,keep,strict_dup_group_01204,False
train_4445.png,1,dup_group_01322,PNEUMONIA,41,audit_keep,strict_dup_group_01322,True
train_4450.png,1,dup_group_01221,PNEUMONIA,4,keep,strict_dup_group_01221,False
train_4453.png,1,dup_group_02804,PNEUMONIA,1,keep,strict_dup_group_02804,False
train_4454.png,1,dup_group_02805,PNEUMONIA,1,keep,strict_dup_group_02805,False
train_4455.png,1,dup_group_00093,PNEUMONIA,8,keep,strict_dup_group_00093,False
train_4457.png,1,dup_group_01090,PNEUMONIA,4,keep,strict_dup_group_01090,False
train_4458.png,1,dup_group_02807,PNEUMONIA,1,keep,strict_dup_group_02807,False
train_4460.png,1,dup_group_02809,PNEUMONIA,1,keep,strict_dup_group_02809,False
train_4461.png,1,dup_group_02810,PNEUMONIA,1,keep,strict_dup_group_02810,False
train_4462.png,1,dup_group_02811,PNEUMONIA,1,keep,strict_dup_group_02811,False
train_4464.png,1,dup_group_01334,PNEUMONIA,4,keep,strict_dup_group_01334,False
train_4466.png,1,dup_group_02813,PNEUMONIA,1,keep,strict_dup_group_02813,False
train_4467.png,1,dup_group_02814,PNEUMONIA,1,keep,strict_dup_group_02814,False
train_4468.png,1,dup_group_02815,PNEUMONIA,1,keep,strict_dup_group_02815,False
train_4469.png,1,dup_group_01445,PNEUMONIA,6,keep,strict_dup_group_01445,False
train_4470.png,1,dup_group_02816,PNEUMONIA,1,keep,strict_dup_group_02816,False
train_4471.png,1,dup_group_00138,PNEUMONIA,6,keep,strict_dup_group_00138,False
train_4472.png,1,dup_group_02817,PNEUMONIA,1,keep,strict_dup_group_02817,False
train_4473.png,1,dup_group_01368,PNEUMONIA,6,keep,strict_dup_group_01368,False
train_4474.png,1,dup_group_02160,PNEUMONIA,3,keep,strict_dup_group_02160,False
train_4475.png,1,dup_group_02818,PNEUMONIA,1,keep,strict_dup_group_02818,False
train_4477.png,1,dup_group_02819,PNEUMONIA,1,keep,strict_dup_group_02819,False
train_4478.png,1,dup_group_02820,PNEUMONIA,1,keep,strict_dup_group_02820,False
train_4479.png,1,dup_group_01712,PNEUMONIA,2,keep,strict_dup_group_01712,False
train_4480.png,1,dup_group_02821,PNEUMONIA,1,keep,strict_dup_group_02821,False
train_4481.png,1,dup_group_00968,PNEUMONIA,13,keep,strict_dup_group_00968,False
train_4483.png,1,dup_group_02822,PNEUMONIA,1,keep,strict_dup_group_02822,False
train_4484.png,1,dup_group_01996,PNEUMONIA,2,keep,strict_dup_group_01996,False
train_4485.png,1,dup_group_01545,PNEUMONIA,2,keep,strict_dup_group_01545,False
train_4486.png,1,dup_group_02823,PNEUMONIA,1,keep,strict_dup_group_02823,False
train_4488.png,1,dup_group_02825,PNEUMONIA,1,keep,strict_dup_group_02825,False
train_4490.png,1,dup_group_02827,PNEUMONIA,1,keep,strict_dup_group_02827,False
train_4493.png,1,dup_group_01446,PNEUMONIA,4,keep,strict_dup_group_01446,False
train_4495.png,1,dup_group_02828,PNEUMONIA,1,keep,strict_dup_group_02828,False
train_4497.png,1,dup_group_02829,PNEUMONIA,1,keep,strict_dup_group_02829,False
train_4500.png,1,dup_group_02830,PNEUMONIA,1,keep,strict_dup_group_02830,False
train_4502.png,1,dup_group_02831,PNEUMONIA,1,keep,strict_dup_group_02831,False
train_4504.png,1,dup_group_02832,PNEUMONIA,1,keep,strict_dup_group_02832,False
train_4505.png,1,dup_group_02833,PNEUMONIA,1,keep,strict_dup_group_02833,False
train_4507.png,1,dup_group_02835,PNEUMONIA,1,keep,strict_dup_group_02835,False
train_4508.png,1,dup_group_01332,PNEUMONIA,3,keep,strict_dup_group_01332,False
train_4509.png,1,dup_group_02836,PNEUMONIA,1,keep,strict_dup_group_02836,False
train_4510.png,1,dup_group_02837,PNEUMONIA,1,keep,strict_dup_group_02837,False
train_4511.png,1,dup_group_02838,PNEUMONIA,1,keep,strict_dup_group_02838,False
train_4513.png,1,dup_group_02839,PNEUMONIA,2,keep,strict_dup_group_02839,False
train_4514.png,1,dup_group_02839,PNEUMONIA,2,keep,strict_dup_group_02839,False
train_4515.png,1,dup_group_02840,PNEUMONIA,1,keep,strict_dup_group_02840,False
train_4516.png,1,dup_group_02841,PNEUMONIA,1,keep,strict_dup_group_02841,False
train_4519.png,1,dup_group_01461,PNEUMONIA,3,keep,strict_dup_group_01461,False
train_4520.png,1,dup_group_02842,PNEUMONIA,1,keep,strict_dup_group_02842,False
train_4522.png,1,dup_group_02843,PNEUMONIA,1,keep,strict_dup_group_02843,False
train_4524.png,1,dup_group_01583,PNEUMONIA,2,keep,strict_dup_group_01583,False
train_4526.png,1,dup_group_02097,PNEUMONIA,2,keep,strict_dup_group_02097,False
train_4527.png,1,dup_group_00993,PNEUMONIA,38,audit_keep,strict_dup_group_00993,True
train_4528.png,1,dup_group_02845,PNEUMONIA,1,keep,strict_dup_group_02845,False
train_4530.png,1,dup_group_00748,PNEUMONIA,2,keep,strict_dup_group_00748,False
train_4532.png,1,dup_group_02846,PNEUMONIA,1,keep,strict_dup_group_02846,False
train_4534.png,1,dup_group_01108,PNEUMONIA,4,keep,strict_dup_group_01108,False
train_4535.png,1,dup_group_01108,PNEUMONIA,4,keep,strict_dup_group_01108,False
train_4536.png,1,dup_group_02847,PNEUMONIA,1,keep,strict_dup_group_02847,False
train_4537.png,1,dup_group_02848,PNEUMONIA,1,keep,strict_dup_group_02848,False
train_4538.png,1,dup_group_01535,PNEUMONIA,2,keep,strict_dup_group_01535,False
train_4540.png,1,dup_group_02850,PNEUMONIA,1,keep,strict_dup_group_02850,False
train_4541.png,1,dup_group_02851,PNEUMONIA,1,keep,strict_dup_group_02851,False
train_4543.png,1,dup_group_00305,PNEUMONIA,2,keep,strict_dup_group_00305,False
train_4544.png,1,dup_group_02853,PNEUMONIA,1,keep,strict_dup_group_02853,False
train_4546.png,1,dup_group_02855,PNEUMONIA,1,keep,strict_dup_group_02855,False
train_4548.png,1,dup_group_01370,PNEUMONIA,7,keep,strict_dup_group_01370,False
train_4550.png,1,dup_group_01498,PNEUMONIA,10,keep,strict_dup_group_01498,False
train_4552.png,1,dup_group_02858,PNEUMONIA,1,keep,strict_dup_group_02858,False
train_4554.png,1,dup_group_02859,PNEUMONIA,1,keep,strict_dup_group_02859,False
train_4555.png,1,dup_group_02860,PNEUMONIA,1,keep,strict_dup_group_02860,False
train_4557.png,1,dup_group_00993,PNEUMONIA,38,audit_keep,strict_dup_group_00993,True
train_4558.png,1,dup_group_02862,PNEUMONIA,1,keep,strict_dup_group_02862,False
train_4559.png,1,dup_group_01204,PNEUMONIA,13,keep,strict_dup_group_01204,False
train_4561.png,1,dup_group_02863,PNEUMONIA,1,keep,strict_dup_group_02863,False
train_4562.png,1,dup_group_01322,PNEUMONIA,41,audit_keep,strict_dup_group_01322,True
train_4563.png,1,dup_group_02864,PNEUMONIA,1,keep,strict_dup_group_02864,False
train_4568.png,1,dup_group_02866,PNEUMONIA,1,keep,strict_dup_group_02866,False
train_4570.png,1,dup_group_01485,PNEUMONIA,4,keep,strict_dup_group_01485,False
train_4571.png,1,dup_group_01334,PNEUMONIA,4,keep,strict_dup_group_01334,False
train_4572.png,1,dup_group_02867,PNEUMONIA,1,keep,strict_dup_group_02867,False
train_4574.png,1,dup_group_02868,PNEUMONIA,1,keep,strict_dup_group_02868,False
train_4575.png,1,dup_group_02869,PNEUMONIA,1,keep,strict_dup_group_02869,False
train_4576.png,1,dup_group_01216,PNEUMONIA,5,keep,strict_dup_group_01216,False
train_4581.png,1,dup_group_02872,PNEUMONIA,1,keep,strict_dup_group_02872,False
train_4582.png,1,dup_group_02873,PNEUMONIA,1,keep,strict_dup_group_02873,False
train_4583.png,1,dup_group_02555,PNEUMONIA,2,keep,strict_dup_group_02555,False
train_4584.png,1,dup_group_01204,PNEUMONIA,13,keep,strict_dup_group_01204,False
train_4586.png,1,dup_group_00993,PNEUMONIA,38,audit_keep,strict_dup_group_00993,True
train_4587.png,1,dup_group_00993,PNEUMONIA,38,audit_keep,strict_dup_group_00993,True
train_4588.png,1,dup_group_02874,PNEUMONIA,1,keep,strict_dup_group_02874,False
train_4589.png,1,dup_group_02875,PNEUMONIA,1,keep,strict_dup_group_02875,False
train_4590.png,1,dup_group_00700,PNEUMONIA,12,keep,strict_dup_group_00700,False
train_4592.png,1,dup_group_02876,PNEUMONIA,1,keep,strict_dup_group_02876,False
train_4596.png,1,dup_group_02877,PNEUMONIA,1,keep,strict_dup_group_02877,False
train_4599.png,1,dup_group_02880,PNEUMONIA,1,keep,strict_dup_group_02880,False
train_4600.png,1,dup_group_01717,PNEUMONIA,2,keep,strict_dup_group_01717,False
train_4603.png,1,dup_group_02881,PNEUMONIA,1,keep,strict_dup_group_02881,False
train_4605.png,1,dup_group_02882,PNEUMONIA,1,keep,strict_dup_group_02882,False
train_4606.png,1,dup_group_02883,PNEUMONIA,1,keep,strict_dup_group_02883,False
train_4607.png,1,dup_group_00993,PNEUMONIA,38,audit_keep,strict_dup_group_00993,True
train_4608.png,1,dup_group_01596,PNEUMONIA,8,keep,strict_dup_group_01596,False
train_4611.png,1,dup_group_02885,PNEUMONIA,1,keep,strict_dup_group_02885,False
train_4612.png,1,dup_group_02886,PNEUMONIA,1,keep,strict_dup_group_02886,False
train_4613.png,1,dup_group_02887,PNEUMONIA,1,keep,strict_dup_group_02887,False
train_4615.png,1,dup_group_02678,PNEUMONIA,2,keep,strict_dup_group_02678,False
train_4616.png,1,dup_group_02888,PNEUMONIA,1,keep,strict_dup_group_02888,False
train_4618.png,1,dup_group_02890,PNEUMONIA,1,keep,strict_dup_group_02890,False
train_4620.png,1,dup_group_02892,PNEUMONIA,1,keep,strict_dup_group_02892,False
train_4621.png,1,dup_group_02893,PNEUMONIA,1,keep,strict_dup_group_02893,False
train_4625.png,1,dup_group_01177,PNEUMONIA,10,keep,strict_dup_group_01177,False
train_4627.png,1,dup_group_02894,PNEUMONIA,1,keep,strict_dup_group_02894,False
train_4628.png,1,dup_group_01130,PNEUMONIA,4,keep,strict_dup_group_01130,False
train_4629.png,1,dup_group_02895,PNEUMONIA,1,keep,strict_dup_group_02895,False
train_4630.png,1,dup_group_01184,PNEUMONIA,3,keep,strict_dup_group_01184,False
train_4632.png,1,dup_group_01375,PNEUMONIA,12,keep,strict_dup_group_01375,False
train_4634.png,1,dup_group_02897,PNEUMONIA,1,keep,strict_dup_group_02897,False
train_4635.png,1,dup_group_02898,PNEUMONIA,1,keep,strict_dup_group_02898,False
train_4636.png,1,dup_group_01368,PNEUMONIA,6,keep,strict_dup_group_01368,False
train_4640.png,1,dup_group_02899,PNEUMONIA,1,keep,strict_dup_group_02899,False
train_4644.png,1,dup_group_02901,PNEUMONIA,1,keep,strict_dup_group_02901,False
train_4646.png,1,dup_group_01367,PNEUMONIA,15,keep,strict_dup_group_01367,False
train_4649.png,1,dup_group_02902,PNEUMONIA,1,keep,strict_dup_group_02902,False
train_4650.png,1,dup_group_01207,PNEUMONIA,11,keep,strict_dup_group_01207,False
train_4654.png,1,dup_group_01476,PNEUMONIA,3,keep,strict_dup_group_01476,False
train_4656.png,1,dup_group_02906,PNEUMONIA,1,keep,strict_dup_group_02906,False
train_4657.png,1,dup_group_02907,PNEUMONIA,1,keep,strict_dup_group_02907,False
train_4658.png,1,dup_group_02908,PNEUMONIA,2,keep,strict_dup_group_02908,False
train_4660.png,1,dup_group_02602,PNEUMONIA,2,keep,strict_dup_group_02602,False
train_4661.png,1,dup_group_02910,PNEUMONIA,1,keep,strict_dup_group_02910,False
train_4662.png,1,dup_group_01253,PNEUMONIA,5,keep,strict_dup_group_01253,False
train_4663.png,1,dup_group_02911,PNEUMONIA,1,keep,strict_dup_group_02911,False
train_4665.png,1,dup_group_02913,PNEUMONIA,1,keep,strict_dup_group_02913,False
train_4667.png,1,dup_group_00115,PNEUMONIA,13,keep,strict_dup_group_00115,False
train_4668.png,1,dup_group_02914,PNEUMONIA,1,keep,strict_dup_group_02914,False
train_4669.png,1,dup_group_02915,PNEUMONIA,1,keep,strict_dup_group_02915,False
train_4670.png,1,dup_group_02916,PNEUMONIA,1,keep,strict_dup_group_02916,False
train_4671.png,1,dup_group_01204,PNEUMONIA,13,keep,strict_dup_group_01204,False
train_4672.png,1,dup_group_01216,PNEUMONIA,5,keep,strict_dup_group_01216,False
train_4673.png,1,dup_group_02917,PNEUMONIA,2,keep,strict_dup_group_02917,False
train_4674.png,1,dup_group_01578,PNEUMONIA,9,keep,strict_dup_group_01578,False
train_4675.png,1,dup_group_01129,PNEUMONIA,10,keep,strict_dup_group_01129,False
train_4677.png,1,dup_group_02919,PNEUMONIA,1,keep,strict_dup_group_02919,False
train_4679.png,1,dup_group_02920,PNEUMONIA,1,keep,strict_dup_group_02920,False
train_4680.png,1,dup_group_02921,PNEUMONIA,1,keep,strict_dup_group_02921,False
train_4682.png,1,dup_group_00989,PNEUMONIA,11,keep,strict_dup_group_00989,False
train_4683.png,1,dup_group_02498,PNEUMONIA,3,keep,strict_dup_group_02498,False
train_4684.png,1,dup_group_02922,PNEUMONIA,1,keep,strict_dup_group_02922,False
train_4685.png,1,dup_group_02923,PNEUMONIA,1,keep,strict_dup_group_02923,False
train_4686.png,1,dup_group_02924,PNEUMONIA,1,keep,strict_dup_group_02924,False
train_4687.png,1,dup_group_02925,PNEUMONIA,1,keep,strict_dup_group_02925,False
train_4689.png,1,dup_group_02927,PNEUMONIA,1,keep,strict_dup_group_02927,False
train_4690.png,1,dup_group_02673,PNEUMONIA,2,keep,strict_dup_group_02673,False
train_4691.png,1,dup_group_02928,PNEUMONIA,1,keep,strict_dup_group_02928,False
train_4693.png,1,dup_group_02929,PNEUMONIA,1,keep,strict_dup_group_02929,False
train_4695.png,1,dup_group_02930,PNEUMONIA,1,keep,strict_dup_group_02930,False
train_4696.png,1,dup_group_02931,PNEUMONIA,1,keep,strict_dup_group_02931,False
train_4697.png,1,dup_group_01057,PNEUMONIA,16,keep,strict_dup_group_01057,False
train_4698.png,1,dup_group_02383,PNEUMONIA,2,keep,strict_dup_group_02383,False
train_4700.png,1,dup_group_02932,PNEUMONIA,1,keep,strict_dup_group_02932,False
train_4702.png,1,dup_group_02933,PNEUMONIA,1,keep,strict_dup_group_02933,False
train_4704.png,1,dup_group_01661,PNEUMONIA,6,keep,strict_dup_group_01661,False
train_4705.png,1,dup_group_01427,PNEUMONIA,2,keep,strict_dup_group_01427,False
train_4706.png,1,dup_group_02935,PNEUMONIA,1,keep,strict_dup_group_02935,False
train_4709.png,1,dup_group_02938,PNEUMONIA,1,keep,strict_dup_group_02938,False
train_4710.png,1,dup_group_02939,PNEUMONIA,2,keep,strict_dup_group_02939,False
train_4711.png,1,dup_group_02940,PNEUMONIA,1,keep,strict_dup_group_02940,False
train_4712.png,1,dup_group_02941,PNEUMONIA,1,keep,strict_dup_group_02941,False
train_4713.png,1,dup_group_02942,PNEUMONIA,1,keep,strict_dup_group_02942,False
train_4714.png,1,dup_group_02943,PNEUMONIA,1,keep,strict_dup_group_02943,False
train_4716.png,1,dup_group_02944,PNEUMONIA,1,keep,strict_dup_group_02944,False
train_4717.png,1,dup_group_02945,PNEUMONIA,1,keep,strict_dup_group_02945,False
train_4718.png,1,dup_group_02946,PNEUMONIA,1,keep,strict_dup_group_02946,False
train_4719.png,1,dup_group_02947,PNEUMONIA,1,keep,strict_dup_group_02947,False
train_4720.png,1,dup_group_01829,PNEUMONIA,5,keep,strict_dup_group_01829,False
train_4721.png,1,dup_group_02948,PNEUMONIA,1,keep,strict_dup_group_02948,False
train_4722.png,1,dup_group_02051,PNEUMONIA,3,keep,strict_dup_group_02051,False
train_4725.png,1,dup_group_00005,PNEUMONIA,2,keep,strict_dup_group_00005,False
train_4732.png,1,dup_group_01075,PNEUMONIA,3,keep,strict_dup_group_01075,False
train_4733.png,1,dup_group_02949,PNEUMONIA,1,keep,strict_dup_group_02949,False
train_4734.png,1,dup_group_02950,PNEUMONIA,1,keep,strict_dup_group_02950,False
train_4738.png,1,dup_group_02953,PNEUMONIA,1,keep,strict_dup_group_02953,False
train_4739.png,1,dup_group_02954,PNEUMONIA,1,keep,strict_dup_group_02954,False
train_4740.png,1,dup_group_02955,PNEUMONIA,1,keep,strict_dup_group_02955,False
train_4742.png,1,dup_group_02957,PNEUMONIA,1,keep,strict_dup_group_02957,False
train_4743.png,1,dup_group_00330,PNEUMONIA,9,keep,strict_dup_group_00330,False
train_4744.png,1,dup_group_02958,PNEUMONIA,1,keep,strict_dup_group_02958,False
train_4746.png,1,dup_group_02960,PNEUMONIA,1,keep,strict_dup_group_02960,False
train_4747.png,1,dup_group_02961,PNEUMONIA,1,keep,strict_dup_group_02961,False
train_4748.png,1,dup_group_02962,PNEUMONIA,1,keep,strict_dup_group_02962,False
train_4749.png,1,dup_group_02963,PNEUMONIA,1,keep,strict_dup_group_02963,False
train_4754.png,1,dup_group_02966,PNEUMONIA,1,keep,strict_dup_group_02966,False
train_4755.png,1,dup_group_02967,PNEUMONIA,1,keep,strict_dup_group_02967,False
train_4756.png,1,dup_group_00978,PNEUMONIA,4,keep,strict_dup_group_00978,False
train_4757.png,1,dup_group_02968,PNEUMONIA,1,keep,strict_dup_group_02968,False
train_4758.png,1,dup_group_02969,PNEUMONIA,1,keep,strict_dup_group_02969,False
train_4759.png,1,dup_group_00224,PNEUMONIA,6,keep,strict_dup_group_00224,False
train_4760.png,1,dup_group_02970,PNEUMONIA,1,keep,strict_dup_group_02970,False
train_4761.png,1,dup_group_02971,PNEUMONIA,1,keep,strict_dup_group_02971,False
train_4763.png,1,dup_group_02972,PNEUMONIA,1,keep,strict_dup_group_02972,False
train_4764.png,1,dup_group_01842,PNEUMONIA,2,keep,strict_dup_group_01842,False
train_4766.png,1,dup_group_01057,PNEUMONIA,16,keep,strict_dup_group_01057,False
train_4767.png,1,dup_group_02973,PNEUMONIA,1,keep,strict_dup_group_02973,False
train_4770.png,1,dup_group_02974,PNEUMONIA,1,keep,strict_dup_group_02974,False
train_4774.png,1,dup_group_02978,PNEUMONIA,1,keep,strict_dup_group_02978,False
train_4775.png,1,dup_group_02979,PNEUMONIA,1,keep,strict_dup_group_02979,False
train_4777.png,1,dup_group_01128,PNEUMONIA,3,keep,strict_dup_group_01128,False
train_4778.png,1,dup_group_01216,PNEUMONIA,5,keep,strict_dup_group_01216,False
train_4779.png,1,dup_group_02980,PNEUMONIA,1,keep,strict_dup_group_02980,False
train_4780.png,1,dup_group_02981,PNEUMONIA,1,keep,strict_dup_group_02981,False
train_4781.png,1,dup_group_02982,PNEUMONIA,1,keep,strict_dup_group_02982,False
train_4782.png,1,dup_group_02983,PNEUMONIA,1,keep,strict_dup_group_02983,False
train_4783.png,1,dup_group_02917,PNEUMONIA,2,keep,strict_dup_group_02917,False
train_4784.png,1,dup_group_02984,PNEUMONIA,1,keep,strict_dup_group_02984,False
train_4785.png,1,dup_group_01792,PNEUMONIA,2,keep,strict_dup_group_01792,False
train_4786.png,1,dup_group_02985,PNEUMONIA,1,keep,strict_dup_group_02985,False
train_4788.png,1,dup_group_02987,PNEUMONIA,1,keep,strict_dup_group_02987,False
train_4789.png,1,dup_group_02988,PNEUMONIA,1,keep,strict_dup_group_02988,False
train_4790.png,1,dup_group_02989,PNEUMONIA,1,keep,strict_dup_group_02989,False
train_4791.png,1,dup_group_02315,PNEUMONIA,2,keep,strict_dup_group_02315,False
train_4793.png,1,dup_group_01461,PNEUMONIA,3,keep,strict_dup_group_01461,False
train_4794.png,1,dup_group_02991,PNEUMONIA,1,keep,strict_dup_group_02991,False
train_4795.png,1,dup_group_02992,PNEUMONIA,1,keep,strict_dup_group_02992,False
train_4796.png,1,dup_group_02169,PNEUMONIA,2,keep,strict_dup_group_02169,False
train_4797.png,1,dup_group_02993,PNEUMONIA,1,keep,strict_dup_group_02993,False
train_4798.png,1,dup_group_01344,PNEUMONIA,9,keep,strict_dup_group_01344,False
train_4800.png,1,dup_group_01577,PNEUMONIA,2,keep,strict_dup_group_01577,False
train_4801.png,1,dup_group_02994,PNEUMONIA,1,keep,strict_dup_group_02994,False
train_4802.png,1,dup_group_02067,PNEUMONIA,3,keep,strict_dup_group_02067,False
train_4804.png,1,dup_group_02996,PNEUMONIA,1,keep,strict_dup_group_02996,False
train_4805.png,1,dup_group_02997,PNEUMONIA,1,keep,strict_dup_group_02997,False
train_4806.png,1,dup_group_02247,PNEUMONIA,3,keep,strict_dup_group_02247,False
train_4807.png,1,dup_group_02998,PNEUMONIA,1,keep,strict_dup_group_02998,False
train_4808.png,1,dup_group_02999,PNEUMONIA,1,keep,strict_dup_group_02999,False
train_4809.png,1,dup_group_01129,PNEUMONIA,10,keep,strict_dup_group_01129,False
train_4811.png,1,dup_group_03000,PNEUMONIA,1,keep,strict_dup_group_03000,False
train_4812.png,1,dup_group_03001,PNEUMONIA,1,keep,strict_dup_group_03001,False
train_4813.png,1,dup_group_02067,PNEUMONIA,3,keep,strict_dup_group_02067,False
train_4814.png,1,dup_group_03002,PNEUMONIA,1,keep,strict_dup_group_03002,False
train_4816.png,1,dup_group_00993,PNEUMONIA,38,audit_keep,strict_dup_group_00993,True
train_4818.png,1,dup_group_03003,PNEUMONIA,1,keep,strict_dup_group_03003,False
train_4821.png,1,dup_group_01207,PNEUMONIA,11,keep,strict_dup_group_01207,False
train_4823.png,1,dup_group_01400,PNEUMONIA,3,keep,strict_dup_group_01400,False
train_4827.png,1,dup_group_01322,PNEUMONIA,41,audit_keep,strict_dup_group_01322,True
train_4828.png,1,dup_group_03007,PNEUMONIA,1,keep,strict_dup_group_03007,False
train_4830.png,1,dup_group_01376,PNEUMONIA,3,keep,strict_dup_group_01376,False
train_4833.png,1,dup_group_03009,PNEUMONIA,1,keep,strict_dup_group_03009,False
train_4836.png,1,dup_group_03010,PNEUMONIA,1,keep,strict_dup_group_03010,False
train_4839.png,1,dup_group_03013,PNEUMONIA,1,keep,strict_dup_group_03013,False
train_4841.png,1,dup_group_02159,PNEUMONIA,9,keep,strict_dup_group_02159,False
train_4842.png,1,dup_group_00037,PNEUMONIA,6,keep,strict_dup_group_00037,False
train_4843.png,1,dup_group_03014,PNEUMONIA,1,keep,strict_dup_group_03014,False
train_4846.png,1,dup_group_01675,PNEUMONIA,3,keep,strict_dup_group_01675,False
train_4847.png,1,dup_group_03015,PNEUMONIA,1,keep,strict_dup_group_03015,False
train_4848.png,1,dup_group_01285,PNEUMONIA,3,keep,strict_dup_group_01285,False
train_4851.png,1,dup_group_03018,PNEUMONIA,1,keep,strict_dup_group_03018,False
train_4852.png,1,dup_group_03019,PNEUMONIA,1,keep,strict_dup_group_03019,False
train_4854.png,1,dup_group_03021,PNEUMONIA,1,keep,strict_dup_group_03021,False
train_4855.png,1,dup_group_03022,PNEUMONIA,1,keep,strict_dup_group_03022,False
train_4857.png,1,dup_group_03023,PNEUMONIA,1,keep,strict_dup_group_03023,False
train_4859.png,1,dup_group_03024,PNEUMONIA,1,keep,strict_dup_group_03024,False
train_4860.png,1,dup_group_03025,PNEUMONIA,1,keep,strict_dup_group_03025,False
train_4861.png,1,dup_group_00715,PNEUMONIA,2,keep,strict_dup_group_00715,False
train_4862.png,1,dup_group_03026,PNEUMONIA,1,keep,strict_dup_group_03026,False
train_4863.png,1,dup_group_03027,PNEUMONIA,1,keep,strict_dup_group_03027,False
train_4864.png,1,dup_group_03028,PNEUMONIA,1,keep,strict_dup_group_03028,False
train_4865.png,1,dup_group_01177,PNEUMONIA,10,keep,strict_dup_group_01177,False
train_4866.png,1,dup_group_03029,PNEUMONIA,1,keep,strict_dup_group_03029,False
train_4867.png,1,dup_group_01367,PNEUMONIA,15,keep,strict_dup_group_01367,False
train_4869.png,1,dup_group_03030,PNEUMONIA,1,keep,strict_dup_group_03030,False
train_4870.png,1,dup_group_03031,PNEUMONIA,1,keep,strict_dup_group_03031,False
train_4871.png,1,dup_group_03032,PNEUMONIA,1,keep,strict_dup_group_03032,False
train_4872.png,1,dup_group_03033,PNEUMONIA,1,keep,strict_dup_group_03033,False
train_4875.png,1,dup_group_03036,PNEUMONIA,1,keep,strict_dup_group_03036,False
train_4877.png,1,dup_group_03038,PNEUMONIA,1,keep,strict_dup_group_03038,False
train_4878.png,1,dup_group_01129,PNEUMONIA,10,keep,strict_dup_group_01129,False
train_4880.png,1,dup_group_03040,PNEUMONIA,1,keep,strict_dup_group_03040,False
train_4881.png,1,dup_group_00224,PNEUMONIA,6,keep,strict_dup_group_00224,False
train_4882.png,1,dup_group_03041,PNEUMONIA,1,keep,strict_dup_group_03041,False
train_4884.png,1,dup_group_03043,PNEUMONIA,1,keep,strict_dup_group_03043,False
train_4885.png,1,dup_group_03044,PNEUMONIA,1,keep,strict_dup_group_03044,False
train_4887.png,1,dup_group_03046,PNEUMONIA,1,keep,strict_dup_group_03046,False
train_4888.png,1,dup_group_03047,PNEUMONIA,1,keep,strict_dup_group_03047,False
train_4890.png,1,dup_group_03048,PNEUMONIA,1,keep,strict_dup_group_03048,False
train_4891.png,1,dup_group_03049,PNEUMONIA,1,keep,strict_dup_group_03049,False
train_4892.png,1,dup_group_03050,PNEUMONIA,1,keep,strict_dup_group_03050,False
train_4894.png,1,dup_group_00302,PNEUMONIA,10,keep,strict_dup_group_00302,False
train_4895.png,1,dup_group_01097,PNEUMONIA,7,keep,strict_dup_group_01097,False
train_4896.png,1,dup_group_01322,PNEUMONIA,41,audit_keep,strict_dup_group_01322,True
train_4897.png,1,dup_group_03051,PNEUMONIA,1,keep,strict_dup_group_03051,False
train_4898.png,1,dup_group_01057,PNEUMONIA,16,keep,strict_dup_group_01057,False
train_4899.png,1,dup_group_03052,PNEUMONIA,1,keep,strict_dup_group_03052,False
train_4900.png,1,dup_group_01362,PNEUMONIA,4,keep,strict_dup_group_01362,False
train_4901.png,1,dup_group_03053,PNEUMONIA,1,keep,strict_dup_group_03053,False
train_4902.png,1,dup_group_03054,PNEUMONIA,1,keep,strict_dup_group_03054,False
train_4903.png,1,dup_group_03055,PNEUMONIA,1,keep,strict_dup_group_03055,False
train_4904.png,1,dup_group_00993,PNEUMONIA,38,audit_keep,strict_dup_group_00993,True
train_4905.png,1,dup_group_01732,PNEUMONIA,2,keep,strict_dup_group_01732,False
train_4907.png,1,dup_group_03057,PNEUMONIA,1,keep,strict_dup_group_03057,False
train_4908.png,1,dup_group_03058,PNEUMONIA,1,keep,strict_dup_group_03058,False
train_4909.png,1,dup_group_01930,PNEUMONIA,3,keep,strict_dup_group_01930,False
train_4911.png,1,dup_group_03059,PNEUMONIA,1,keep,strict_dup_group_03059,False
train_4912.png,1,dup_group_00993,PNEUMONIA,38,audit_keep,strict_dup_group_00993,True
train_4913.png,1,dup_group_03060,PNEUMONIA,1,keep,strict_dup_group_03060,False
train_4914.png,1,dup_group_02159,PNEUMONIA,9,keep,strict_dup_group_02159,False
train_4916.png,1,dup_group_01034,PNEUMONIA,6,keep,strict_dup_group_01034,False
train_4919.png,1,dup_group_03062,PNEUMONIA,1,keep,strict_dup_group_03062,False
train_4921.png,1,dup_group_03064,PNEUMONIA,1,keep,strict_dup_group_03064,False
train_4922.png,1,dup_group_03065,PNEUMONIA,1,keep,strict_dup_group_03065,False
train_4929.png,1,dup_group_01315,PNEUMONIA,3,keep,strict_dup_group_01315,False
train_4931.png,1,dup_group_03069,PNEUMONIA,1,keep,strict_dup_group_03069,False
train_4933.png,1,dup_group_03071,PNEUMONIA,1,keep,strict_dup_group_03071,False
train_4934.png,1,dup_group_01322,PNEUMONIA,41,audit_keep,strict_dup_group_01322,True
train_4937.png,1,dup_group_01092,PNEUMONIA,6,keep,strict_dup_group_01092,False
train_4938.png,1,dup_group_03072,PNEUMONIA,1,keep,strict_dup_group_03072,False
train_4940.png,1,dup_group_02767,PNEUMONIA,3,keep,strict_dup_group_02767,False
train_4942.png,1,dup_group_01370,PNEUMONIA,7,keep,strict_dup_group_01370,False
train_4944.png,1,dup_group_03075,PNEUMONIA,1,keep,strict_dup_group_03075,False
train_4946.png,1,dup_group_03076,PNEUMONIA,1,keep,strict_dup_group_03076,False
train_4948.png,1,dup_group_03077,PNEUMONIA,1,keep,strict_dup_group_03077,False
train_4950.png,1,dup_group_03079,PNEUMONIA,1,keep,strict_dup_group_03079,False
train_4955.png,1,dup_group_01375,PNEUMONIA,12,keep,strict_dup_group_01375,False
train_4958.png,1,dup_group_03081,PNEUMONIA,1,keep,strict_dup_group_03081,False
train_4959.png,1,dup_group_03082,PNEUMONIA,1,keep,strict_dup_group_03082,False
train_4960.png,1,dup_group_01057,PNEUMONIA,16,keep,strict_dup_group_01057,False
train_4965.png,1,dup_group_00069,PNEUMONIA,18,keep,strict_dup_group_00069,False
train_4966.png,1,dup_group_03086,PNEUMONIA,1,keep,strict_dup_group_03086,False
train_4967.png,1,dup_group_03087,PNEUMONIA,1,keep,strict_dup_group_03087,False
train_4969.png,1,dup_group_00138,PNEUMONIA,6,keep,strict_dup_group_00138,False
train_4970.png,1,dup_group_03089,PNEUMONIA,1,keep,strict_dup_group_03089,False
train_4972.png,1,dup_group_01247,PNEUMONIA,2,keep,strict_dup_group_01247,False
train_4973.png,1,dup_group_00517,PNEUMONIA,9,keep,strict_dup_group_00517,False
train_4974.png,1,dup_group_03090,PNEUMONIA,1,keep,strict_dup_group_03090,False
train_4977.png,1,dup_group_00027,PNEUMONIA,3,keep,strict_dup_group_00027,False
train_4979.png,1,dup_group_03092,PNEUMONIA,1,keep,strict_dup_group_03092,False
train_4980.png,1,dup_group_00859,PNEUMONIA,3,keep,strict_dup_group_00859,False
train_4986.png,1,dup_group_01661,PNEUMONIA,6,keep,strict_dup_group_01661,False
train_4987.png,1,dup_group_03094,PNEUMONIA,1,keep,strict_dup_group_03094,False
train_4988.png,1,dup_group_03095,PNEUMONIA,1,keep,strict_dup_group_03095,False
train_4989.png,1,dup_group_01578,PNEUMONIA,9,keep,strict_dup_group_01578,False
train_4990.png,1,dup_group_03096,PNEUMONIA,1,keep,strict_dup_group_03096,False
train_4992.png,1,dup_group_03097,PNEUMONIA,1,keep,strict_dup_group_03097,False
train_4993.png,1,dup_group_03098,PNEUMONIA,1,keep,strict_dup_group_03098,False
train_4994.png,1,dup_group_03099,PNEUMONIA,1,keep,strict_dup_group_03099,False
train_4995.png,1,dup_group_03100,PNEUMONIA,1,keep,strict_dup_group_03100,False
train_4999.png,1,dup_group_03102,PNEUMONIA,1,keep,strict_dup_group_03102,False
train_5000.png,1,dup_group_01129,PNEUMONIA,10,keep,strict_dup_group_01129,False
train_5001.png,1,dup_group_03103,PNEUMONIA,1,keep,strict_dup_group_03103,False
train_5002.png,1,dup_group_01322,PNEUMONIA,41,audit_keep,strict_dup_group_01322,True
train_5003.png,1,dup_group_03104,PNEUMONIA,1,keep,strict_dup_group_03104,False
train_5004.png,1,dup_group_01322,PNEUMONIA,41,audit_keep,strict_dup_group_01322,True
train_5005.png,1,dup_group_01367,PNEUMONIA,15,keep,strict_dup_group_01367,False
train_5006.png,1,dup_group_03105,PNEUMONIA,1,keep,strict_dup_group_03105,False
train_5007.png,1,dup_group_03106,PNEUMONIA,1,keep,strict_dup_group_03106,False
train_5008.png,1,dup_group_01097,PNEUMONIA,7,keep,strict_dup_group_01097,False
train_5009.png,1,dup_group_01275,PNEUMONIA,6,keep,strict_dup_group_01275,False
train_5011.png,1,dup_group_03108,PNEUMONIA,1,keep,strict_dup_group_03108,False
train_5012.png,1,dup_group_03109,PNEUMONIA,1,keep,strict_dup_group_03109,False
train_5013.png,1,dup_group_03110,PNEUMONIA,1,keep,strict_dup_group_03110,False
train_5014.png,1,dup_group_01302,PNEUMONIA,4,keep,strict_dup_group_01302,False
train_5015.png,1,dup_group_01177,PNEUMONIA,10,keep,strict_dup_group_01177,False
train_5017.png,1,dup_group_03112,PNEUMONIA,1,keep,strict_dup_group_03112,False
train_5018.png,1,dup_group_02908,PNEUMONIA,2,keep,strict_dup_group_02908,False
train_5019.png,1,dup_group_02399,PNEUMONIA,4,keep,strict_dup_group_02399,False
train_5020.png,1,dup_group_03113,PNEUMONIA,1,keep,strict_dup_group_03113,False
train_5021.png,1,dup_group_01204,PNEUMONIA,13,keep,strict_dup_group_01204,False
train_5022.png,1,dup_group_03114,PNEUMONIA,1,keep,strict_dup_group_03114,False
train_5027.png,1,dup_group_01275,PNEUMONIA,6,keep,strict_dup_group_01275,False
train_5028.png,1,dup_group_03116,PNEUMONIA,1,keep,strict_dup_group_03116,False
train_5029.png,1,dup_group_01367,PNEUMONIA,15,keep,strict_dup_group_01367,False
train_5030.png,1,dup_group_03117,PNEUMONIA,1,keep,strict_dup_group_03117,False
train_5031.png,1,dup_group_02710,PNEUMONIA,2,keep,strict_dup_group_02710,False
train_5032.png,1,dup_group_03118,PNEUMONIA,1,keep,strict_dup_group_03118,False
train_5034.png,1,dup_group_03119,PNEUMONIA,1,keep,strict_dup_group_03119,False
train_5035.png,1,dup_group_02003,PNEUMONIA,5,keep,strict_dup_group_02003,False
train_5038.png,1,dup_group_01344,PNEUMONIA,9,keep,strict_dup_group_01344,False
train_5039.png,1,dup_group_00993,PNEUMONIA,38,audit_keep,strict_dup_group_00993,True
train_5041.png,1,dup_group_02767,PNEUMONIA,3,keep,strict_dup_group_02767,False
train_5042.png,1,dup_group_03122,PNEUMONIA,1,keep,strict_dup_group_03122,False
train_5046.png,1,dup_group_02939,PNEUMONIA,2,keep,strict_dup_group_02939,False
train_5048.png,1,dup_group_03125,PNEUMONIA,1,keep,strict_dup_group_03125,False
train_5049.png,1,dup_group_03126,PNEUMONIA,1,keep,strict_dup_group_03126,False
train_5050.png,1,dup_group_03127,PNEUMONIA,1,keep,strict_dup_group_03127,False
train_5052.png,1,dup_group_01326,PNEUMONIA,2,keep,strict_dup_group_01326,False
train_5053.png,1,dup_group_03128,PNEUMONIA,1,keep,strict_dup_group_03128,False
train_5054.png,1,dup_group_03129,PNEUMONIA,1,keep,strict_dup_group_03129,False
train_5058.png,1,dup_group_01930,PNEUMONIA,3,keep,strict_dup_group_01930,False
train_5060.png,1,dup_group_03130,PNEUMONIA,1,keep,strict_dup_group_03130,False
train_5061.png,1,dup_group_00993,PNEUMONIA,38,audit_keep,strict_dup_group_00993,True
train_5064.png,1,dup_group_01065,PNEUMONIA,2,keep,strict_dup_group_01065,False
train_5067.png,1,dup_group_03133,PNEUMONIA,1,keep,strict_dup_group_03133,False
train_5068.png,1,dup_group_03134,PNEUMONIA,1,keep,strict_dup_group_03134,False
train_5070.png,1,dup_group_03135,PNEUMONIA,1,keep,strict_dup_group_03135,False
train_5073.png,1,dup_group_03137,PNEUMONIA,1,keep,strict_dup_group_03137,False
train_5074.png,1,dup_group_02517,PNEUMONIA,3,keep,strict_dup_group_02517,False
train_5075.png,1,dup_group_01322,PNEUMONIA,41,audit_keep,strict_dup_group_01322,True
train_5077.png,1,dup_group_03138,PNEUMONIA,1,keep,strict_dup_group_03138,False
train_5078.png,1,dup_group_03139,PNEUMONIA,1,keep,strict_dup_group_03139,False
train_5079.png,1,dup_group_03140,PNEUMONIA,1,keep,strict_dup_group_03140,False
train_5080.png,1,dup_group_03141,PNEUMONIA,1,keep,strict_dup_group_03141,False
train_5081.png,1,dup_group_01699,PNEUMONIA,5,keep,strict_dup_group_01699,False
train_5082.png,1,dup_group_02159,PNEUMONIA,9,keep,strict_dup_group_02159,False
train_5083.png,1,dup_group_03142,PNEUMONIA,1,keep,strict_dup_group_03142,False
train_5085.png,1,dup_group_02003,PNEUMONIA,5,keep,strict_dup_group_02003,False
train_5086.png,1,dup_group_03143,PNEUMONIA,1,keep,strict_dup_group_03143,False
train_5089.png,1,dup_group_03144,PNEUMONIA,1,keep,strict_dup_group_03144,False
train_5091.png,1,dup_group_03145,PNEUMONIA,1,keep,strict_dup_group_03145,False
train_5093.png,1,dup_group_03146,PNEUMONIA,1,keep,strict_dup_group_03146,False
train_5095.png,1,dup_group_03147,PNEUMONIA,1,keep,strict_dup_group_03147,False
train_5096.png,1,dup_group_03148,PNEUMONIA,1,keep,strict_dup_group_03148,False
train_5098.png,1,dup_group_01405,PNEUMONIA,5,keep,strict_dup_group_01405,False
train_5101.png,1,dup_group_03150,PNEUMONIA,1,keep,strict_dup_group_03150,False
train_5102.png,1,dup_group_03151,PNEUMONIA,1,keep,strict_dup_group_03151,False
train_5103.png,1,dup_group_03152,PNEUMONIA,1,keep,strict_dup_group_03152,False
train_5105.png,1,dup_group_00037,PNEUMONIA,6,keep,strict_dup_group_00037,False
train_5106.png,1,dup_group_03154,PNEUMONIA,1,keep,strict_dup_group_03154,False
train_5108.png,1,dup_group_03155,PNEUMONIA,1,keep,strict_dup_group_03155,False
train_5109.png,1,dup_group_03156,PNEUMONIA,1,keep,strict_dup_group_03156,False
train_5110.png,1,dup_group_03157,PNEUMONIA,1,keep,strict_dup_group_03157,False
train_5111.png,1,dup_group_01596,PNEUMONIA,8,keep,strict_dup_group_01596,False
train_5114.png,1,dup_group_03159,PNEUMONIA,1,keep,strict_dup_group_03159,False
train_5115.png,1,dup_group_03160,PNEUMONIA,1,keep,strict_dup_group_03160,False
train_5117.png,1,dup_group_01170,PNEUMONIA,2,keep,strict_dup_group_01170,False
train_5118.png,1,dup_group_01765,PNEUMONIA,4,keep,strict_dup_group_01765,False
train_5124.png,1,dup_group_03163,PNEUMONIA,1,keep,strict_dup_group_03163,False
train_5127.png,1,dup_group_01322,PNEUMONIA,41,audit_keep,strict_dup_group_01322,True
train_5130.png,1,dup_group_03165,PNEUMONIA,1,keep,strict_dup_group_03165,False
train_5131.png,1,dup_group_03166,PNEUMONIA,1,keep,strict_dup_group_03166,False
train_5132.png,1,dup_group_01127,PNEUMONIA,5,keep,strict_dup_group_01127,False
train_5134.png,1,dup_group_00155,PNEUMONIA,4,keep,strict_dup_group_00155,False
train_5135.png,1,dup_group_00985,PNEUMONIA,8,keep,strict_dup_group_00985,False
train_5136.png,1,dup_group_03167,PNEUMONIA,1,keep,strict_dup_group_03167,False
train_5137.png,1,dup_group_03168,PNEUMONIA,1,keep,strict_dup_group_03168,False
train_5138.png,1,dup_group_03169,PNEUMONIA,1,keep,strict_dup_group_03169,False
train_5139.png,1,dup_group_03170,PNEUMONIA,1,keep,strict_dup_group_03170,False
train_5140.png,1,dup_group_03171,PNEUMONIA,1,keep,strict_dup_group_03171,False
train_5144.png,1,dup_group_00993,PNEUMONIA,38,audit_keep,strict_dup_group_00993,True
train_5146.png,1,dup_group_03174,PNEUMONIA,1,keep,strict_dup_group_03174,False
train_5147.png,1,dup_group_03175,PNEUMONIA,1,keep,strict_dup_group_03175,False
train_5148.png,1,dup_group_00993,PNEUMONIA,38,audit_keep,strict_dup_group_00993,True
train_5149.png,1,dup_group_03176,PNEUMONIA,1,keep,strict_dup_group_03176,False
train_5150.png,1,dup_group_03177,PNEUMONIA,1,keep,strict_dup_group_03177,False
train_5152.png,1,dup_group_03178,PNEUMONIA,1,keep,strict_dup_group_03178,False
train_5153.png,1,dup_group_03179,PNEUMONIA,1,keep,strict_dup_group_03179,False
train_5155.png,1,dup_group_03180,PNEUMONIA,1,keep,strict_dup_group_03180,False
train_5156.png,1,dup_group_02159,PNEUMONIA,9,keep,strict_dup_group_02159,False
train_5158.png,1,dup_group_03181,PNEUMONIA,1,keep,strict_dup_group_03181,False
train_5160.png,1,dup_group_01498,PNEUMONIA,10,keep,strict_dup_group_01498,False
train_5161.png,1,dup_group_03182,PNEUMONIA,1,keep,strict_dup_group_03182,False
train_5162.png,1,dup_group_01596,PNEUMONIA,8,keep,strict_dup_group_01596,False
train_5163.png,1,dup_group_03183,PNEUMONIA,1,keep,strict_dup_group_03183,False
train_5167.png,1,dup_group_03187,PNEUMONIA,1,keep,strict_dup_group_03187,False
train_5168.png,1,dup_group_03188,PNEUMONIA,1,keep,strict_dup_group_03188,False
train_5169.png,1,dup_group_01285,PNEUMONIA,3,keep,strict_dup_group_01285,False
train_5171.png,1,dup_group_03190,PNEUMONIA,1,keep,strict_dup_group_03190,False
train_5172.png,1,dup_group_03191,PNEUMONIA,1,keep,strict_dup_group_03191,False
train_5175.png,1,dup_group_03192,PNEUMONIA,1,keep,strict_dup_group_03192,False
train_5176.png,1,dup_group_00730,PNEUMONIA,3,keep,strict_dup_group_00730,False
train_5177.png,1,dup_group_03193,PNEUMONIA,1,keep,strict_dup_group_03193,False
train_5178.png,1,dup_group_03194,PNEUMONIA,1,keep,strict_dup_group_03194,False
train_5180.png,1,dup_group_03195,PNEUMONIA,1,keep,strict_dup_group_03195,False
train_5181.png,1,dup_group_01648,PNEUMONIA,4,keep,strict_dup_group_01648,False
train_5184.png,1,dup_group_01765,PNEUMONIA,4,keep,strict_dup_group_01765,False
train_5185.png,1,dup_group_03197,PNEUMONIA,1,keep,strict_dup_group_03197,False
train_5186.png,1,dup_group_03198,PNEUMONIA,1,keep,strict_dup_group_03198,False
train_5187.png,1,dup_group_02159,PNEUMONIA,9,keep,strict_dup_group_02159,False
train_5188.png,1,dup_group_03199,PNEUMONIA,1,keep,strict_dup_group_03199,False
train_5189.png,1,dup_group_03200,PNEUMONIA,1,keep,strict_dup_group_03200,False
train_5196.png,1,dup_group_03202,PNEUMONIA,1,keep,strict_dup_group_03202,False
train_5197.png,1,dup_group_01735,PNEUMONIA,2,keep,strict_dup_group_01735,False
train_5198.png,1,dup_group_01128,PNEUMONIA,3,keep,strict_dup_group_01128,False
train_5199.png,1,dup_group_01096,PNEUMONIA,4,keep,strict_dup_group_01096,False
train_5202.png,1,dup_group_03204,PNEUMONIA,1,keep,strict_dup_group_03204,False
train_5203.png,1,dup_group_03205,PNEUMONIA,1,keep,strict_dup_group_03205,False
train_5205.png,1,dup_group_01398,PNEUMONIA,7,keep,strict_dup_group_01398,False
train_5206.png,1,dup_group_03207,PNEUMONIA,1,keep,strict_dup_group_03207,False
train_5211.png,1,dup_group_03208,PNEUMONIA,1,keep,strict_dup_group_03208,False
train_5212.png,1,dup_group_03209,PNEUMONIA,1,keep,strict_dup_group_03209,False
train_5213.png,1,dup_group_01177,PNEUMONIA,10,keep,strict_dup_group_01177,False
train_5214.png,1,dup_group_03210,PNEUMONIA,1,keep,strict_dup_group_03210,False
train_0002.png,0,dup_group_00002,NORMAL,1,keep,strict_dup_group_00002,False
train_0010.png,0,dup_group_00554,NORMAL,785,split_large,strict_file_train_0010,False
train_0011.png,0,dup_group_00008,NORMAL,1,keep,strict_dup_group_00008,False
train_0016.png,0,dup_group_00554,NORMAL,785,split_large,strict_file_train_0016,False
train_0020.png,0,dup_group_00554,NORMAL,785,split_large,strict_file_train_0020,False
train_0027.png,0,dup_group_00020,NORMAL,1,keep,strict_dup_group_00020,False
train_0043.png,0,dup_group_00554,NORMAL,785,split_large,strict_file_train_0043,False
train_0050.png,0,dup_group_00554,NORMAL,785,split_large,strict_file_train_0050,False
train_0052.png,0,dup_group_00040,NORMAL,1,keep,strict_dup_group_00040,False
train_0058.png,0,dup_group_00046,NORMAL,1,keep,strict_dup_group_00046,False
train_0063.png,0,dup_group_00050,NORMAL,1,keep,strict_dup_group_00050,False
train_0066.png,0,dup_group_00052,NORMAL,1,keep,strict_dup_group_00052,False
train_0081.png,0,dup_group_00554,NORMAL,785,split_large,strict_file_train_0081,False
train_0089.png,0,dup_group_00554,NORMAL,785,split_large,strict_file_train_0089,False
train_0091.png,0,dup_group_00072,NORMAL,1,keep,strict_dup_group_00072,False
train_0107.png,0,dup_group_00554,NORMAL,785,split_large,strict_file_train_0107,False
train_0112.png,0,dup_group_00090,NORMAL,1,keep,strict_dup_group_00090,False
train_0127.png,0,dup_group_00554,NORMAL,785,split_large,strict_file_train_0127,False
train_0133.png,0,dup_group_00554,NORMAL,785,split_large,strict_file_train_0133,False
train_0134.png,0,dup_group_00554,NORMAL,785,split_large,strict_file_train_0134,False
train_0145.png,0,dup_group_00554,NORMAL,785,split_large,strict_file_train_0145,False
train_0154.png,0,dup_group_00554,NORMAL,785,split_large,strict_file_train_0154,False
train_0157.png,0,dup_group_00125,NORMAL,1,keep,strict_dup_group_00125,False
train_0161.png,0,dup_group_00129,NORMAL,1,keep,strict_dup_group_00129,False
train_0162.png,0,dup_group_00554,NORMAL,785,split_large,strict_file_train_0162,False
train_0168.png,0,dup_group_00554,NORMAL,785,split_large,strict_file_train_0168,False
train_0171.png,0,dup_group_00135,NORMAL,1,keep,strict_dup_group_00135,False
train_0176.png,0,dup_group_00139,NORMAL,1,keep,strict_dup_group_00139,False
train_0181.png,0,dup_group_00554,NORMAL,785,split_large,strict_file_train_0181,False
train_0182.png,0,dup_group_00142,NORMAL,1,keep,strict_dup_group_00142,False
train_0183.png,0,dup_group_00143,NORMAL,1,keep,strict_dup_group_00143,False
train_0204.png,0,dup_group_00554,NORMAL,785,split_large,strict_file_train_0204,False
train_0217.png,0,dup_group_00174,NORMAL,1,keep,strict_dup_group_00174,False
train_0218.png,0,dup_group_00175,NORMAL,1,keep,strict_dup_group_00175,False
train_0219.png,0,dup_group_00554,NORMAL,785,split_large,strict_file_train_0219,False
train_0234.png,0,dup_group_00554,NORMAL,785,split_large,strict_file_train_0234,False
train_0237.png,0,dup_group_00191,NORMAL,1,keep,strict_dup_group_00191,False
train_0242.png,0,dup_group_00196,NORMAL,1,keep,strict_dup_group_00196,False
train_0244.png,0,dup_group_00197,NORMAL,1,keep,strict_dup_group_00197,False
train_0256.png,0,dup_group_00206,NORMAL,1,keep,strict_dup_group_00206,False
train_0266.png,0,dup_group_00213,NORMAL,1,keep,strict_dup_group_00213,False
train_0269.png,0,dup_group_00216,NORMAL,1,keep,strict_dup_group_00216,False
train_0274.png,0,dup_group_00220,NORMAL,1,keep,strict_dup_group_00220,False
train_0278.png,0,dup_group_00223,NORMAL,1,keep,strict_dup_group_00223,False
train_0280.png,0,dup_group_00225,NORMAL,1,keep,strict_dup_group_00225,False
train_0292.png,0,dup_group_00234,NORMAL,1,keep,strict_dup_group_00234,False
train_0305.png,0,dup_group_00244,NORMAL,1,keep,strict_dup_group_00244,False
train_0307.png,0,dup_group_00554,NORMAL,785,split_large,strict_file_train_0307,False
train_0310.png,0,dup_group_00246,NORMAL,4,keep,strict_dup_group_00246,False
train_0312.png,0,dup_group_00248,NORMAL,1,keep,strict_dup_group_00248,False
train_0315.png,0,dup_group_00250,NORMAL,1,keep,strict_dup_group_00250,False
train_0316.png,0,dup_group_00251,NORMAL,1,keep,strict_dup_group_00251,False
train_0318.png,0,dup_group_00554,NORMAL,785,split_large,strict_file_train_0318,False
train_0321.png,0,dup_group_00554,NORMAL,785,split_large,strict_file_train_0321,False
train_0324.png,0,dup_group_00257,NORMAL,1,keep,strict_dup_group_00257,False
train_0326.png,0,dup_group_00554,NORMAL,785,split_large,strict_file_train_0326,False
train_0336.png,0,dup_group_00266,NORMAL,1,keep,strict_dup_group_00266,False
train_0350.png,0,dup_group_00277,NORMAL,1,keep,strict_dup_group_00277,False
train_0353.png,0,dup_group_00280,NORMAL,2,keep,strict_dup_group_00280,False
train_0360.png,0,dup_group_00554,NORMAL,785,split_large,strict_file_train_0360,False
train_0367.png,0,dup_group_00289,NORMAL,1,keep,strict_dup_group_00289,False
train_0368.png,0,dup_group_00290,NORMAL,1,keep,strict_dup_group_00290,False
train_0374.png,0,dup_group_00294,NORMAL,1,keep,strict_dup_group_00294,False
train_0376.png,0,dup_group_00554,NORMAL,785,split_large,strict_file_train_0376,False
train_0392.png,0,dup_group_00554,NORMAL,785,split_large,strict_file_train_0392,False
train_0411.png,0,dup_group_00321,NORMAL,1,keep,strict_dup_group_00321,False
train_0415.png,0,dup_group_00323,NORMAL,1,keep,strict_dup_group_00323,False
train_0416.png,0,dup_group_00324,NORMAL,1,keep,strict_dup_group_00324,False
train_0424.png,0,dup_group_00331,NORMAL,1,keep,strict_dup_group_00331,False
train_0430.png,0,dup_group_00554,NORMAL,785,split_large,strict_file_train_0430,False
train_0436.png,0,dup_group_00336,NORMAL,1,keep,strict_dup_group_00336,False
train_0438.png,0,dup_group_00337,NORMAL,1,keep,strict_dup_group_00337,False
train_0471.png,0,dup_group_00554,NORMAL,785,split_large,strict_file_train_0471,False
train_0480.png,0,dup_group_00554,NORMAL,785,split_large,strict_file_train_0480,False
train_0482.png,0,dup_group_00554,NORMAL,785,split_large,strict_file_train_0482,False
train_0484.png,0,dup_group_00554,NORMAL,785,split_large,strict_file_train_0484,False
train_0487.png,0,dup_group_00373,NORMAL,1,keep,strict_dup_group_00373,False
train_0497.png,0,dup_group_00379,NORMAL,1,keep,strict_dup_group_00379,False
train_0506.png,0,dup_group_00387,NORMAL,1,keep,strict_dup_group_00387,False
train_0509.png,0,dup_group_00390,NORMAL,1,keep,strict_dup_group_00390,False
train_0525.png,0,dup_group_00554,NORMAL,785,split_large,strict_file_train_0525,False
train_0526.png,0,dup_group_00554,NORMAL,785,split_large,strict_file_train_0526,False
train_0531.png,0,dup_group_00404,NORMAL,1,keep,strict_dup_group_00404,False
train_0537.png,0,dup_group_00409,NORMAL,1,keep,strict_dup_group_00409,False
train_0541.png,0,dup_group_00413,NORMAL,1,keep,strict_dup_group_00413,False
train_0543.png,0,dup_group_00554,NORMAL,785,split_large,strict_file_train_0543,False
train_0550.png,0,dup_group_00421,NORMAL,1,keep,strict_dup_group_00421,False
train_0553.png,0,dup_group_00422,NORMAL,5,keep,strict_dup_group_00422,False
train_0557.png,0,dup_group_00425,NORMAL,1,keep,strict_dup_group_00425,False
train_0572.png,0,dup_group_00554,NORMAL,785,split_large,strict_file_train_0572,False
train_0573.png,0,dup_group_00554,NORMAL,785,split_large,strict_file_train_0573,False
train_0575.png,0,dup_group_00435,NORMAL,3,keep,strict_dup_group_00435,False
train_0578.png,0,dup_group_00554,NORMAL,785,split_large,strict_file_train_0578,False
train_0597.png,0,dup_group_00452,NORMAL,1,keep,strict_dup_group_00452,False
train_0603.png,0,dup_group_00457,NORMAL,1,keep,strict_dup_group_00457,False
train_0606.png,0,dup_group_00460,NORMAL,1,keep,strict_dup_group_00460,False
train_0608.png,0,dup_group_00554,NORMAL,785,split_large,strict_file_train_0608,False
train_0617.png,0,dup_group_00554,NORMAL,785,split_large,strict_file_train_0617,False
train_0626.png,0,dup_group_00473,NORMAL,1,keep,strict_dup_group_00473,False
train_0637.png,0,dup_group_00482,NORMAL,1,keep,strict_dup_group_00482,False
train_0640.png,0,dup_group_00485,NORMAL,1,keep,strict_dup_group_00485,False
train_0650.png,0,dup_group_00554,NORMAL,785,split_large,strict_file_train_0650,False
train_0670.png,0,dup_group_00502,NORMAL,1,keep,strict_dup_group_00502,False
train_0677.png,0,dup_group_00508,NORMAL,1,keep,strict_dup_group_00508,False
train_0682.png,0,dup_group_00513,NORMAL,1,keep,strict_dup_group_00513,False
train_0690.png,0,dup_group_00519,NORMAL,1,keep,strict_dup_group_00519,False
train_0700.png,0,dup_group_00526,NORMAL,1,keep,strict_dup_group_00526,False
train_0710.png,0,dup_group_00531,NORMAL,2,keep,strict_dup_group_00531,False
train_0712.png,0,dup_group_00533,NORMAL,1,keep,strict_dup_group_00533,False
train_0717.png,0,dup_group_00536,NORMAL,1,keep,strict_dup_group_00536,False
train_0723.png,0,dup_group_00542,NORMAL,1,keep,strict_dup_group_00542,False
train_0729.png,0,dup_group_00545,NORMAL,1,keep,strict_dup_group_00545,False
train_0741.png,0,dup_group_00554,NORMAL,785,split_large,strict_file_train_0741,False
train_0750.png,0,dup_group_00562,NORMAL,1,keep,strict_dup_group_00562,False
train_0757.png,0,dup_group_00554,NORMAL,785,split_large,strict_file_train_0757,False
train_0773.png,0,dup_group_00581,NORMAL,1,keep,strict_dup_group_00581,False
train_0778.png,0,dup_group_00586,NORMAL,1,keep,strict_dup_group_00586,False
train_0781.png,0,dup_group_00589,NORMAL,1,keep,strict_dup_group_00589,False
train_0782.png,0,dup_group_00590,NORMAL,1,keep,strict_dup_group_00590,False
train_0786.png,0,dup_group_00594,NORMAL,2,keep,strict_dup_group_00594,False
train_0788.png,0,dup_group_00554,NORMAL,785,split_large,strict_file_train_0788,False
train_0792.png,0,dup_group_00599,NORMAL,1,keep,strict_dup_group_00599,False
train_0794.png,0,dup_group_00601,NORMAL,1,keep,strict_dup_group_00601,False
train_0798.png,0,dup_group_00554,NORMAL,785,split_large,strict_file_train_0798,False
train_0801.png,0,dup_group_00605,NORMAL,1,keep,strict_dup_group_00605,False
train_0810.png,0,dup_group_00612,NORMAL,1,keep,strict_dup_group_00612,False
train_0815.png,0,dup_group_00554,NORMAL,785,split_large,strict_file_train_0815,False
train_0819.png,0,dup_group_00554,NORMAL,785,split_large,strict_file_train_0819,False
train_0820.png,0,dup_group_00618,NORMAL,1,keep,strict_dup_group_00618,False
train_0821.png,0,dup_group_00619,NORMAL,1,keep,strict_dup_group_00619,False
train_0822.png,0,dup_group_00620,NORMAL,1,keep,strict_dup_group_00620,False
train_0826.png,0,dup_group_00624,NORMAL,1,keep,strict_dup_group_00624,False
train_0829.png,0,dup_group_00626,NORMAL,1,keep,strict_dup_group_00626,False
train_0830.png,0,dup_group_00627,NORMAL,1,keep,strict_dup_group_00627,False
train_0842.png,0,dup_group_00554,NORMAL,785,split_large,strict_file_train_0842,False
train_0846.png,0,dup_group_00636,NORMAL,1,keep,strict_dup_group_00636,False
train_0847.png,0,dup_group_00637,NORMAL,1,keep,strict_dup_group_00637,False
train_0855.png,0,dup_group_00644,NORMAL,1,keep,strict_dup_group_00644,False
train_0885.png,0,dup_group_00554,NORMAL,785,split_large,strict_file_train_0885,False
train_0886.png,0,dup_group_00662,NORMAL,1,keep,strict_dup_group_00662,False
train_0887.png,0,dup_group_00554,NORMAL,785,split_large,strict_file_train_0887,False
train_0898.png,0,dup_group_00672,NORMAL,1,keep,strict_dup_group_00672,False
train_0902.png,0,dup_group_00554,NORMAL,785,split_large,strict_file_train_0902,False
train_0905.png,0,dup_group_00677,NORMAL,1,keep,strict_dup_group_00677,False
train_0928.png,0,dup_group_00695,NORMAL,1,keep,strict_dup_group_00695,False
train_0932.png,0,dup_group_00554,NORMAL,785,split_large,strict_file_train_0932,False
train_0937.png,0,dup_group_00701,NORMAL,1,keep,strict_dup_group_00701,False
train_0938.png,0,dup_group_00554,NORMAL,785,split_large,strict_file_train_0938,False
train_0942.png,0,dup_group_00554,NORMAL,785,split_large,strict_file_train_0942,False
train_0960.png,0,dup_group_00714,NORMAL,1,keep,strict_dup_group_00714,False
train_0965.png,0,dup_group_00554,NORMAL,785,split_large,strict_file_train_0965,False
train_0979.png,0,dup_group_00554,NORMAL,785,split_large,strict_file_train_0979,False
train_0980.png,0,dup_group_00727,NORMAL,1,keep,strict_dup_group_00727,False
train_0985.png,0,dup_group_00731,NORMAL,1,keep,strict_dup_group_00731,False
train_1006.png,0,dup_group_00554,NORMAL,785,split_large,strict_file_train_1006,False
train_1007.png,0,dup_group_00747,NORMAL,1,keep,strict_dup_group_00747,False
train_1009.png,0,dup_group_00554,NORMAL,785,split_large,strict_file_train_1009,False
train_1017.png,0,dup_group_00755,NORMAL,1,keep,strict_dup_group_00755,False
train_1027.png,0,dup_group_00760,NORMAL,1,keep,strict_dup_group_00760,False
train_1028.png,0,dup_group_00761,NORMAL,1,keep,strict_dup_group_00761,False
train_1042.png,0,dup_group_00775,NORMAL,1,keep,strict_dup_group_00775,False
train_1043.png,0,dup_group_00554,NORMAL,785,split_large,strict_file_train_1043,False
train_1077.png,0,dup_group_00798,NORMAL,1,keep,strict_dup_group_00798,False
train_1079.png,0,dup_group_00800,NORMAL,1,keep,strict_dup_group_00800,False
train_1083.png,0,dup_group_00246,NORMAL,4,keep,strict_dup_group_00246,False
train_1085.png,0,dup_group_00805,NORMAL,1,keep,strict_dup_group_00805,False
train_1087.png,0,dup_group_00807,NORMAL,1,keep,strict_dup_group_00807,False
train_1088.png,0,dup_group_00808,NORMAL,1,keep,strict_dup_group_00808,False
train_1089.png,0,dup_group_00809,NORMAL,1,keep,strict_dup_group_00809,False
train_1094.png,0,dup_group_00554,NORMAL,785,split_large,strict_file_train_1094,False
train_1099.png,0,dup_group_00816,NORMAL,1,keep,strict_dup_group_00816,False
train_1106.png,0,dup_group_00820,NORMAL,1,keep,strict_dup_group_00820,False
train_1107.png,0,dup_group_00821,NORMAL,1,keep,strict_dup_group_00821,False
train_1121.png,0,dup_group_00834,NORMAL,1,keep,strict_dup_group_00834,False
train_1123.png,0,dup_group_00836,NORMAL,1,keep,strict_dup_group_00836,False
train_1127.png,0,dup_group_00839,NORMAL,1,keep,strict_dup_group_00839,False
train_1129.png,0,dup_group_00841,NORMAL,1,keep,strict_dup_group_00841,False
train_1132.png,0,dup_group_00844,NORMAL,1,keep,strict_dup_group_00844,False
train_1140.png,0,dup_group_00848,NORMAL,1,keep,strict_dup_group_00848,False
train_1144.png,0,dup_group_00850,NORMAL,1,keep,strict_dup_group_00850,False
train_1148.png,0,dup_group_00851,NORMAL,2,keep,strict_dup_group_00851,False
train_1149.png,0,dup_group_00852,NORMAL,1,keep,strict_dup_group_00852,False
train_1151.png,0,dup_group_00853,NORMAL,1,keep,strict_dup_group_00853,False
train_1155.png,0,dup_group_00554,NORMAL,785,split_large,strict_file_train_1155,False
train_1162.png,0,dup_group_00554,NORMAL,785,split_large,strict_file_train_1162,False
train_1164.png,0,dup_group_00863,NORMAL,1,keep,strict_dup_group_00863,False
train_1171.png,0,dup_group_00435,NORMAL,3,keep,strict_dup_group_00435,False
train_1174.png,0,dup_group_00871,NORMAL,1,keep,strict_dup_group_00871,False
train_1197.png,0,dup_group_00887,NORMAL,1,keep,strict_dup_group_00887,False
train_1201.png,0,dup_group_00889,NORMAL,1,keep,strict_dup_group_00889,False
train_1203.png,0,dup_group_00891,NORMAL,1,keep,strict_dup_group_00891,False
train_1209.png,0,dup_group_00894,NORMAL,1,keep,strict_dup_group_00894,False
train_1212.png,0,dup_group_00895,NORMAL,1,keep,strict_dup_group_00895,False
train_1213.png,0,dup_group_00554,NORMAL,785,split_large,strict_file_train_1213,False
train_1214.png,0,dup_group_00554,NORMAL,785,split_large,strict_file_train_1214,False
train_1224.png,0,dup_group_00554,NORMAL,785,split_large,strict_file_train_1224,False
train_1230.png,0,dup_group_00554,NORMAL,785,split_large,strict_file_train_1230,False
train_1232.png,0,dup_group_00554,NORMAL,785,split_large,strict_file_train_1232,False
train_1233.png,0,dup_group_00905,NORMAL,1,keep,strict_dup_group_00905,False
train_1238.png,0,dup_group_00908,NORMAL,1,keep,strict_dup_group_00908,False
train_1244.png,0,dup_group_00554,NORMAL,785,split_large,strict_file_train_1244,False
train_1253.png,0,dup_group_00918,NORMAL,2,keep,strict_dup_group_00918,False
train_1256.png,0,dup_group_00920,NORMAL,1,keep,strict_dup_group_00920,False
train_1264.png,0,dup_group_00922,NORMAL,1,keep,strict_dup_group_00922,False
train_1270.png,0,dup_group_00928,NORMAL,1,keep,strict_dup_group_00928,False
train_1272.png,0,dup_group_00930,NORMAL,1,keep,strict_dup_group_00930,False
train_1275.png,0,dup_group_00933,NORMAL,1,keep,strict_dup_group_00933,False
train_1281.png,0,dup_group_00937,NORMAL,1,keep,strict_dup_group_00937,False
train_1287.png,0,dup_group_00940,NORMAL,1,keep,strict_dup_group_00940,False
train_1298.png,0,dup_group_00947,NORMAL,2,keep,strict_dup_group_00947,False
train_1300.png,0,dup_group_00948,NORMAL,1,keep,strict_dup_group_00948,False
train_1305.png,0,dup_group_00952,NORMAL,1,keep,strict_dup_group_00952,False
train_1307.png,0,dup_group_00954,NORMAL,1,keep,strict_dup_group_00954,False
train_1337.png,0,dup_group_00554,NORMAL,785,split_large,strict_file_train_1337,False
train_1338.png,0,dup_group_00554,NORMAL,785,split_large,strict_file_train_1338,False
train_1339.png,0,dup_group_00422,NORMAL,5,keep,strict_dup_group_00422,False
train_1342.png,1,dup_group_00554,PNEUMONIA,785,split_large,strict_file_train_1342,False
train_1343.png,1,dup_group_00554,PNEUMONIA,785,split_large,strict_file_train_1343,False
train_1348.png,1,dup_group_00554,PNEUMONIA,785,split_large,strict_file_train_1348,False
train_1349.png,1,dup_group_00554,PNEUMONIA,785,split_large,strict_file_train_1349,False
train_1352.png,1,dup_group_00554,PNEUMONIA,785,split_large,strict_file_train_1352,False
train_1354.png,1,dup_group_00554,PNEUMONIA,785,split_large,strict_file_train_1354,False
train_1370.png,1,dup_group_00554,PNEUMONIA,785,split_large,strict_file_train_1370,False
train_1371.png,1,dup_group_00554,PNEUMONIA,785,split_large,strict_file_train_1371,False
train_1377.png,1,dup_group_00554,PNEUMONIA,785,split_large,strict_file_train_1377,False
train_1378.png,1,dup_group_00554,PNEUMONIA,785,split_large,strict_file_train_1378,False
train_1382.png,1,dup_group_00554,PNEUMONIA,785,split_large,strict_file_train_1382,False
train_1384.png,1,dup_group_00554,PNEUMONIA,785,split_large,strict_file_train_1384,False
train_1387.png,1,dup_group_00554,PNEUMONIA,785,split_large,strict_file_train_1387,False
train_1390.png,1,dup_group_00554,PNEUMONIA,785,split_large,strict_file_train_1390,False
train_1392.png,1,dup_group_00554,PNEUMONIA,785,split_large,strict_file_train_1392,False
train_1402.png,1,dup_group_00554,PNEUMONIA,785,split_large,strict_file_train_1402,False
train_1409.png,1,dup_group_00554,PNEUMONIA,785,split_large,strict_file_train_1409,False
train_1416.png,1,dup_group_00554,PNEUMONIA,785,split_large,strict_file_train_1416,False
train_1418.png,1,dup_group_00554,PNEUMONIA,785,split_large,strict_file_train_1418,False
train_1422.png,1,dup_group_00554,PNEUMONIA,785,split_large,strict_file_train_1422,False
train_1423.png,1,dup_group_00554,PNEUMONIA,785,split_large,strict_file_train_1423,False
train_1425.png,1,dup_group_00435,PNEUMONIA,3,keep,strict_dup_group_00435,False
train_1431.png,1,dup_group_01039,PNEUMONIA,1,keep,strict_dup_group_01039,False
train_1441.png,1,dup_group_00554,PNEUMONIA,785,split_large,strict_file_train_1441,False
train_1448.png,1,dup_group_00554,PNEUMONIA,785,split_large,strict_file_train_1448,False
train_1449.png,1,dup_group_00554,PNEUMONIA,785,split_large,strict_file_train_1449,False
train_1451.png,1,dup_group_01052,PNEUMONIA,1,keep,strict_dup_group_01052,False
train_1452.png,1,dup_group_00554,PNEUMONIA,785,split_large,strict_file_train_1452,False
train_1458.png,1,dup_group_00554,PNEUMONIA,785,split_large,strict_file_train_1458,False
train_1462.png,1,dup_group_00554,PNEUMONIA,785,split_large,strict_file_train_1462,False
train_1476.png,1,dup_group_00554,PNEUMONIA,785,split_large,strict_file_train_1476,False
train_1481.png,1,dup_group_00554,PNEUMONIA,785,split_large,strict_file_train_1481,False
train_1491.png,1,dup_group_00554,PNEUMONIA,785,split_large,strict_file_train_1491,False
train_1492.png,1,dup_group_00554,PNEUMONIA,785,split_large,strict_file_train_1492,False
train_1494.png,1,dup_group_00554,PNEUMONIA,785,split_large,strict_file_train_1494,False
train_1495.png,1,dup_group_00554,PNEUMONIA,785,split_large,strict_file_train_1495,False
train_1498.png,1,dup_group_01078,PNEUMONIA,1,keep,strict_dup_group_01078,False
train_1499.png,1,dup_group_00554,PNEUMONIA,785,split_large,strict_file_train_1499,False
train_1503.png,1,dup_group_00554,PNEUMONIA,785,split_large,strict_file_train_1503,False
train_1504.png,1,dup_group_00554,PNEUMONIA,785,split_large,strict_file_train_1504,False
train_1505.png,1,dup_group_00554,PNEUMONIA,785,split_large,strict_file_train_1505,False
train_1514.png,1,dup_group_00554,PNEUMONIA,785,split_large,strict_file_train_1514,False
train_1530.png,1,dup_group_00554,PNEUMONIA,785,split_large,strict_file_train_1530,False
train_1531.png,1,dup_group_00554,PNEUMONIA,785,split_large,strict_file_train_1531,False
train_1533.png,1,dup_group_00554,PNEUMONIA,785,split_large,strict_file_train_1533,False
train_1539.png,1,dup_group_00554,PNEUMONIA,785,split_large,strict_file_train_1539,False
train_1541.png,1,dup_group_00554,PNEUMONIA,785,split_large,strict_file_train_1541,False
train_1546.png,1,dup_group_00554,PNEUMONIA,785,split_large,strict_file_train_1546,False
train_1547.png,1,dup_group_00554,PNEUMONIA,785,split_large,strict_file_train_1547,False
train_1557.png,1,dup_group_00554,PNEUMONIA,785,split_large,strict_file_train_1557,False
train_1559.png,1,dup_group_00554,PNEUMONIA,785,split_large,strict_file_train_1559,False
train_1561.png,1,dup_group_00554,PNEUMONIA,785,split_large,strict_file_train_1561,False
train_1566.png,1,dup_group_00554,PNEUMONIA,785,split_large,strict_file_train_1566,False
train_1585.png,1,dup_group_00554,PNEUMONIA,785,split_large,strict_file_train_1585,False
train_1588.png,1,dup_group_00554,PNEUMONIA,785,split_large,strict_file_train_1588,False
train_1589.png,1,dup_group_00947,PNEUMONIA,2,keep,strict_dup_group_00947,False
train_1594.png,1,dup_group_00554,PNEUMONIA,785,split_large,strict_file_train_1594,False
train_1602.png,1,dup_group_00554,PNEUMONIA,785,split_large,strict_file_train_1602,False
train_1606.png,1,dup_group_00554,PNEUMONIA,785,split_large,strict_file_train_1606,False
train_1609.png,1,dup_group_00554,PNEUMONIA,785,split_large,strict_file_train_1609,False
train_1610.png,1,dup_group_01151,PNEUMONIA,1,keep,strict_dup_group_01151,False
train_1634.png,1,dup_group_00554,PNEUMONIA,785,split_large,strict_file_train_1634,False
train_1645.png,1,dup_group_00554,PNEUMONIA,785,split_large,strict_file_train_1645,False
train_1646.png,1,dup_group_00554,PNEUMONIA,785,split_large,strict_file_train_1646,False
train_1655.png,1,dup_group_00554,PNEUMONIA,785,split_large,strict_file_train_1655,False
train_1667.png,1,dup_group_00554,PNEUMONIA,785,split_large,strict_file_train_1667,False
train_1673.png,1,dup_group_00554,PNEUMONIA,785,split_large,strict_file_train_1673,False
train_1685.png,1,dup_group_00554,PNEUMONIA,785,split_large,strict_file_train_1685,False
train_1693.png,1,dup_group_00554,PNEUMONIA,785,split_large,strict_file_train_1693,False
train_1700.png,1,dup_group_00554,PNEUMONIA,785,split_large,strict_file_train_1700,False
train_1709.png,1,dup_group_00554,PNEUMONIA,785,split_large,strict_file_train_1709,False
train_1720.png,1,dup_group_00554,PNEUMONIA,785,split_large,strict_file_train_1720,False
train_1737.png,1,dup_group_00554,PNEUMONIA,785,split_large,strict_file_train_1737,False
train_1742.png,1,dup_group_00554,PNEUMONIA,785,split_large,strict_file_train_1742,False
train_1758.png,1,dup_group_00554,PNEUMONIA,785,split_large,strict_file_train_1758,False
train_1761.png,1,dup_group_00554,PNEUMONIA,785,split_large,strict_file_train_1761,False
train_1766.png,1,dup_group_00554,PNEUMONIA,785,split_large,strict_file_train_1766,False
train_1767.png,1,dup_group_00554,PNEUMONIA,785,split_large,strict_file_train_1767,False
train_1768.png,1,dup_group_01268,PNEUMONIA,1,keep,strict_dup_group_01268,False
train_1770.png,1,dup_group_00554,PNEUMONIA,785,split_large,strict_file_train_1770,False
train_1772.png,1,dup_group_00554,PNEUMONIA,785,split_large,strict_file_train_1772,False
train_1773.png,1,dup_group_00554,PNEUMONIA,785,split_large,strict_file_train_1773,False
train_1780.png,1,dup_group_00554,PNEUMONIA,785,split_large,strict_file_train_1780,False
train_1791.png,1,dup_group_00554,PNEUMONIA,785,split_large,strict_file_train_1791,False
train_1801.png,1,dup_group_00554,PNEUMONIA,785,split_large,strict_file_train_1801,False
train_1802.png,1,dup_group_00554,PNEUMONIA,785,split_large,strict_file_train_1802,False
train_1816.png,1,dup_group_00554,PNEUMONIA,785,split_large,strict_file_train_1816,False
train_1824.png,1,dup_group_00554,PNEUMONIA,785,split_large,strict_file_train_1824,False
train_1828.png,1,dup_group_00554,PNEUMONIA,785,split_large,strict_file_train_1828,False
train_1835.png,1,dup_group_00554,PNEUMONIA,785,split_large,strict_file_train_1835,False
train_1838.png,1,dup_group_00554,PNEUMONIA,785,split_large,strict_file_train_1838,False
train_1841.png,1,dup_group_00554,PNEUMONIA,785,split_large,strict_file_train_1841,False
train_1843.png,1,dup_group_00554,PNEUMONIA,785,split_large,strict_file_train_1843,False
train_1844.png,1,dup_group_00554,PNEUMONIA,785,split_large,strict_file_train_1844,False
train_1852.png,1,dup_group_00554,PNEUMONIA,785,split_large,strict_file_train_1852,False
train_1854.png,1,dup_group_00554,PNEUMONIA,785,split_large,strict_file_train_1854,False
train_1859.png,1,dup_group_00554,PNEUMONIA,785,split_large,strict_file_train_1859,False
train_1864.png,1,dup_group_00554,PNEUMONIA,785,split_large,strict_file_train_1864,False
train_1868.png,1,dup_group_00554,PNEUMONIA,785,split_large,strict_file_train_1868,False
train_1871.png,1,dup_group_00554,PNEUMONIA,785,split_large,strict_file_train_1871,False
train_1877.png,1,dup_group_00554,PNEUMONIA,785,split_large,strict_file_train_1877,False
train_1882.png,1,dup_group_00554,PNEUMONIA,785,split_large,strict_file_train_1882,False
train_1885.png,1,dup_group_00554,PNEUMONIA,785,split_large,strict_file_train_1885,False
train_1889.png,1,dup_group_00554,PNEUMONIA,785,split_large,strict_file_train_1889,False
train_1891.png,1,dup_group_00554,PNEUMONIA,785,split_large,strict_file_train_1891,False
train_1897.png,1,dup_group_00554,PNEUMONIA,785,split_large,strict_file_train_1897,False
train_1902.png,1,dup_group_01349,PNEUMONIA,1,keep,strict_dup_group_01349,False
train_1908.png,1,dup_group_00554,PNEUMONIA,785,split_large,strict_file_train_1908,False
train_1923.png,1,dup_group_00554,PNEUMONIA,785,split_large,strict_file_train_1923,False
train_1924.png,1,dup_group_00554,PNEUMONIA,785,split_large,strict_file_train_1924,False
train_1932.png,1,dup_group_00554,PNEUMONIA,785,split_large,strict_file_train_1932,False
train_1934.png,1,dup_group_00554,PNEUMONIA,785,split_large,strict_file_train_1934,False
train_1936.png,1,dup_group_00554,PNEUMONIA,785,split_large,strict_file_train_1936,False
train_1947.png,1,dup_group_00554,PNEUMONIA,785,split_large,strict_file_train_1947,False
train_1955.png,1,dup_group_00554,PNEUMONIA,785,split_large,strict_file_train_1955,False
train_1967.png,1,dup_group_00554,PNEUMONIA,785,split_large,strict_file_train_1967,False
train_1968.png,1,dup_group_00554,PNEUMONIA,785,split_large,strict_file_train_1968,False
train_1969.png,1,dup_group_00554,PNEUMONIA,785,split_large,strict_file_train_1969,False
train_1976.png,1,dup_group_00554,PNEUMONIA,785,split_large,strict_file_train_1976,False
train_1982.png,1,dup_group_00554,PNEUMONIA,785,split_large,strict_file_train_1982,False
train_1983.png,1,dup_group_00554,PNEUMONIA,785,split_large,strict_file_train_1983,False
train_1986.png,1,dup_group_00554,PNEUMONIA,785,split_large,strict_file_train_1986,False
train_1995.png,1,dup_group_00554,PNEUMONIA,785,split_large,strict_file_train_1995,False
train_1996.png,1,dup_group_00554,PNEUMONIA,785,split_large,strict_file_train_1996,False
train_2002.png,1,dup_group_01409,PNEUMONIA,1,keep,strict_dup_group_01409,False
train_2003.png,1,dup_group_00554,PNEUMONIA,785,split_large,strict_file_train_2003,False
train_2012.png,1,dup_group_00554,PNEUMONIA,785,split_large,strict_file_train_2012,False
train_2017.png,1,dup_group_01416,PNEUMONIA,1,keep,strict_dup_group_01416,False
train_2023.png,1,dup_group_00554,PNEUMONIA,785,split_large,strict_file_train_2023,False
train_2029.png,1,dup_group_00554,PNEUMONIA,785,split_large,strict_file_train_2029,False
train_2031.png,1,dup_group_00554,PNEUMONIA,785,split_large,strict_file_train_2031,False
train_2033.png,1,dup_group_00554,PNEUMONIA,785,split_large,strict_file_train_2033,False
train_2038.png,1,dup_group_00554,PNEUMONIA,785,split_large,strict_file_train_2038,False
train_2046.png,1,dup_group_01435,PNEUMONIA,1,keep,strict_dup_group_01435,False
train_2054.png,1,dup_group_00554,PNEUMONIA,785,split_large,strict_file_train_2054,False
train_2058.png,1,dup_group_00554,PNEUMONIA,785,split_large,strict_file_train_2058,False
train_2060.png,1,dup_group_00554,PNEUMONIA,785,split_large,strict_file_train_2060,False
train_2061.png,1,dup_group_00554,PNEUMONIA,785,split_large,strict_file_train_2061,False
train_2065.png,1,dup_group_01444,PNEUMONIA,1,keep,strict_dup_group_01444,False
train_2080.png,1,dup_group_00531,PNEUMONIA,2,keep,strict_dup_group_00531,False
train_2094.png,1,dup_group_00554,PNEUMONIA,785,split_large,strict_file_train_2094,False
train_2102.png,1,dup_group_00554,PNEUMONIA,785,split_large,strict_file_train_2102,False
train_2108.png,1,dup_group_00554,PNEUMONIA,785,split_large,strict_file_train_2108,False
train_2132.png,1,dup_group_00554,PNEUMONIA,785,split_large,strict_file_train_2132,False
train_2139.png,1,dup_group_00554,PNEUMONIA,785,split_large,strict_file_train_2139,False
train_2141.png,1,dup_group_00554,PNEUMONIA,785,split_large,strict_file_train_2141,False
train_2143.png,1,dup_group_00554,PNEUMONIA,785,split_large,strict_file_train_2143,False
train_2147.png,1,dup_group_00554,PNEUMONIA,785,split_large,strict_file_train_2147,False
train_2148.png,1,dup_group_00554,PNEUMONIA,785,split_large,strict_file_train_2148,False
train_2150.png,1,dup_group_00554,PNEUMONIA,785,split_large,strict_file_train_2150,False
train_2162.png,1,dup_group_01496,PNEUMONIA,1,keep,strict_dup_group_01496,False
train_2164.png,1,dup_group_00554,PNEUMONIA,785,split_large,strict_file_train_2164,False
train_2168.png,1,dup_group_01501,PNEUMONIA,1,keep,strict_dup_group_01501,False
train_2176.png,1,dup_group_00554,PNEUMONIA,785,split_large,strict_file_train_2176,False
train_2182.png,1,dup_group_00554,PNEUMONIA,785,split_large,strict_file_train_2182,False
train_2215.png,1,dup_group_00554,PNEUMONIA,785,split_large,strict_file_train_2215,False
train_2216.png,1,dup_group_00554,PNEUMONIA,785,split_large,strict_file_train_2216,False
train_2217.png,1,dup_group_00554,PNEUMONIA,785,split_large,strict_file_train_2217,False
train_2220.png,1,dup_group_00554,PNEUMONIA,785,split_large,strict_file_train_2220,False
train_2234.png,1,dup_group_00554,PNEUMONIA,785,split_large,strict_file_train_2234,False
train_2236.png,1,dup_group_00554,PNEUMONIA,785,split_large,strict_file_train_2236,False
train_2237.png,1,dup_group_00554,PNEUMONIA,785,split_large,strict_file_train_2237,False
train_2240.png,1,dup_group_00554,PNEUMONIA,785,split_large,strict_file_train_2240,False
train_2265.png,1,dup_group_00554,PNEUMONIA,785,split_large,strict_file_train_2265,False
train_2273.png,1,dup_group_00554,PNEUMONIA,785,split_large,strict_file_train_2273,False
train_2283.png,1,dup_group_01580,PNEUMONIA,1,keep,strict_dup_group_01580,False
train_2289.png,1,dup_group_00554,PNEUMONIA,785,split_large,strict_file_train_2289,False
train_2298.png,1,dup_group_00554,PNEUMONIA,785,split_large,strict_file_train_2298,False
train_2307.png,1,dup_group_00554,PNEUMONIA,785,split_large,strict_file_train_2307,False
train_2309.png,1,dup_group_00554,PNEUMONIA,785,split_large,strict_file_train_2309,False
train_2317.png,1,dup_group_00554,PNEUMONIA,785,split_large,strict_file_train_2317,False
train_2319.png,1,dup_group_00554,PNEUMONIA,785,split_large,strict_file_train_2319,False
train_2320.png,1,dup_group_00554,PNEUMONIA,785,split_large,strict_file_train_2320,False
train_2326.png,1,dup_group_00554,PNEUMONIA,785,split_large,strict_file_train_2326,False
train_2330.png,1,dup_group_00554,PNEUMONIA,785,split_large,strict_file_train_2330,False
train_2334.png,1,dup_group_00554,PNEUMONIA,785,split_large,strict_file_train_2334,False
train_2335.png,1,dup_group_00554,PNEUMONIA,785,split_large,strict_file_train_2335,False
train_2361.png,1,dup_group_00554,PNEUMONIA,785,split_large,strict_file_train_2361,False
train_2373.png,1,dup_group_01632,PNEUMONIA,1,keep,strict_dup_group_01632,False
train_2376.png,1,dup_group_01635,PNEUMONIA,1,keep,strict_dup_group_01635,False
train_2377.png,1,dup_group_01636,PNEUMONIA,1,keep,strict_dup_group_01636,False
train_2383.png,1,dup_group_00554,PNEUMONIA,785,split_large,strict_file_train_2383,False
train_2401.png,1,dup_group_00554,PNEUMONIA,785,split_large,strict_file_train_2401,False
train_2410.png,1,dup_group_00554,PNEUMONIA,785,split_large,strict_file_train_2410,False
train_2412.png,1,dup_group_00554,PNEUMONIA,785,split_large,strict_file_train_2412,False
train_2415.png,1,dup_group_00554,PNEUMONIA,785,split_large,strict_file_train_2415,False
train_2423.png,1,dup_group_00554,PNEUMONIA,785,split_large,strict_file_train_2423,False
train_2426.png,1,dup_group_00554,PNEUMONIA,785,split_large,strict_file_train_2426,False
train_2431.png,1,dup_group_01664,PNEUMONIA,1,keep,strict_dup_group_01664,False
train_2434.png,1,dup_group_00554,PNEUMONIA,785,split_large,strict_file_train_2434,False
train_2437.png,1,dup_group_00554,PNEUMONIA,785,split_large,strict_file_train_2437,False
train_2452.png,1,dup_group_01679,PNEUMONIA,1,keep,strict_dup_group_01679,False
train_2473.png,1,dup_group_00554,PNEUMONIA,785,split_large,strict_file_train_2473,False
train_2474.png,1,dup_group_01694,PNEUMONIA,1,keep,strict_dup_group_01694,False
train_2477.png,1,dup_group_00554,PNEUMONIA,785,split_large,strict_file_train_2477,False
train_2484.png,1,dup_group_00851,PNEUMONIA,2,keep,strict_dup_group_00851,False
train_2487.png,1,dup_group_00246,PNEUMONIA,4,keep,strict_dup_group_00246,False
train_2491.png,1,dup_group_01706,PNEUMONIA,1,keep,strict_dup_group_01706,False
train_2496.png,1,dup_group_00554,PNEUMONIA,785,split_large,strict_file_train_2496,False
train_2497.png,1,dup_group_00554,PNEUMONIA,785,split_large,strict_file_train_2497,False
train_2499.png,1,dup_group_00554,PNEUMONIA,785,split_large,strict_file_train_2499,False
train_2503.png,1,dup_group_00554,PNEUMONIA,785,split_large,strict_file_train_2503,False
train_2504.png,1,dup_group_00554,PNEUMONIA,785,split_large,strict_file_train_2504,False
train_2510.png,1,dup_group_00554,PNEUMONIA,785,split_large,strict_file_train_2510,False
train_2512.png,1,dup_group_00554,PNEUMONIA,785,split_large,strict_file_train_2512,False
train_2525.png,1,dup_group_00554,PNEUMONIA,785,split_large,strict_file_train_2525,False
train_2542.png,1,dup_group_00554,PNEUMONIA,785,split_large,strict_file_train_2542,False
train_2545.png,1,dup_group_00554,PNEUMONIA,785,split_large,strict_file_train_2545,False
train_2552.png,1,dup_group_00554,PNEUMONIA,785,split_large,strict_file_train_2552,False
train_2565.png,1,dup_group_00554,PNEUMONIA,785,split_large,strict_file_train_2565,False
train_2566.png,1,dup_group_00554,PNEUMONIA,785,split_large,strict_file_train_2566,False
train_2570.png,1,dup_group_00554,PNEUMONIA,785,split_large,strict_file_train_2570,False
train_2578.png,1,dup_group_00554,PNEUMONIA,785,split_large,strict_file_train_2578,False
train_2579.png,1,dup_group_00554,PNEUMONIA,785,split_large,strict_file_train_2579,False
train_2580.png,1,dup_group_00554,PNEUMONIA,785,split_large,strict_file_train_2580,False
train_2586.png,1,dup_group_00554,PNEUMONIA,785,split_large,strict_file_train_2586,False
train_2590.png,1,dup_group_00554,PNEUMONIA,785,split_large,strict_file_train_2590,False
train_2591.png,1,dup_group_00554,PNEUMONIA,785,split_large,strict_file_train_2591,False
train_2596.png,1,dup_group_00554,PNEUMONIA,785,split_large,strict_file_train_2596,False
train_2617.png,1,dup_group_00554,PNEUMONIA,785,split_large,strict_file_train_2617,False
train_2621.png,1,dup_group_00554,PNEUMONIA,785,split_large,strict_file_train_2621,False
train_2624.png,1,dup_group_00554,PNEUMONIA,785,split_large,strict_file_train_2624,False
train_2638.png,1,dup_group_00554,PNEUMONIA,785,split_large,strict_file_train_2638,False
train_2644.png,1,dup_group_00554,PNEUMONIA,785,split_large,strict_file_train_2644,False
train_2645.png,1,dup_group_00554,PNEUMONIA,785,split_large,strict_file_train_2645,False
train_2655.png,1,dup_group_00554,PNEUMONIA,785,split_large,strict_file_train_2655,False
train_2670.png,1,dup_group_01811,PNEUMONIA,1,keep,strict_dup_group_01811,False
train_2672.png,1,dup_group_00554,PNEUMONIA,785,split_large,strict_file_train_2672,False
train_2698.png,1,dup_group_00554,PNEUMONIA,785,split_large,strict_file_train_2698,False
train_2707.png,1,dup_group_00554,PNEUMONIA,785,split_large,strict_file_train_2707,False
train_2717.png,1,dup_group_00554,PNEUMONIA,785,split_large,strict_file_train_2717,False
train_2722.png,1,dup_group_00554,PNEUMONIA,785,split_large,strict_file_train_2722,False
train_2725.png,1,dup_group_00554,PNEUMONIA,785,split_large,strict_file_train_2725,False
train_2731.png,1,dup_group_00554,PNEUMONIA,785,split_large,strict_file_train_2731,False
train_2736.png,1,dup_group_00554,PNEUMONIA,785,split_large,strict_file_train_2736,False
train_2740.png,1,dup_group_00554,PNEUMONIA,785,split_large,strict_file_train_2740,False
train_2741.png,1,dup_group_00554,PNEUMONIA,785,split_large,strict_file_train_2741,False
train_2748.png,1,dup_group_00554,PNEUMONIA,785,split_large,strict_file_train_2748,False
train_2767.png,1,dup_group_00554,PNEUMONIA,785,split_large,strict_file_train_2767,False
train_2781.png,1,dup_group_00554,PNEUMONIA,785,split_large,strict_file_train_2781,False
train_2784.png,1,dup_group_00554,PNEUMONIA,785,split_large,strict_file_train_2784,False
train_2785.png,1,dup_group_00554,PNEUMONIA,785,split_large,strict_file_train_2785,False
train_2786.png,1,dup_group_00554,PNEUMONIA,785,split_large,strict_file_train_2786,False
train_2796.png,1,dup_group_01885,PNEUMONIA,1,keep,strict_dup_group_01885,False
train_2802.png,1,dup_group_00554,PNEUMONIA,785,split_large,strict_file_train_2802,False
train_2809.png,1,dup_group_00554,PNEUMONIA,785,split_large,strict_file_train_2809,False
train_2821.png,1,dup_group_00554,PNEUMONIA,785,split_large,strict_file_train_2821,False
train_2826.png,1,dup_group_01907,PNEUMONIA,1,keep,strict_dup_group_01907,False
train_2832.png,1,dup_group_00554,PNEUMONIA,785,split_large,strict_file_train_2832,False
train_2836.png,1,dup_group_00554,PNEUMONIA,785,split_large,strict_file_train_2836,False
train_2854.png,1,dup_group_00554,PNEUMONIA,785,split_large,strict_file_train_2854,False
train_2862.png,1,dup_group_00554,PNEUMONIA,785,split_large,strict_file_train_2862,False
train_2865.png,1,dup_group_00554,PNEUMONIA,785,split_large,strict_file_train_2865,False
train_2878.png,1,dup_group_00554,PNEUMONIA,785,split_large,strict_file_train_2878,False
train_2890.png,1,dup_group_00554,PNEUMONIA,785,split_large,strict_file_train_2890,False
train_2901.png,1,dup_group_00554,PNEUMONIA,785,split_large,strict_file_train_2901,False
train_2906.png,1,dup_group_00554,PNEUMONIA,785,split_large,strict_file_train_2906,False
train_2907.png,1,dup_group_00554,PNEUMONIA,785,split_large,strict_file_train_2907,False
train_2908.png,1,dup_group_00554,PNEUMONIA,785,split_large,strict_file_train_2908,False
train_2909.png,1,dup_group_00554,PNEUMONIA,785,split_large,strict_file_train_2909,False
train_2913.png,1,dup_group_00554,PNEUMONIA,785,split_large,strict_file_train_2913,False
train_2917.png,1,dup_group_00554,PNEUMONIA,785,split_large,strict_file_train_2917,False
train_2918.png,1,dup_group_00554,PNEUMONIA,785,split_large,strict_file_train_2918,False
train_2920.png,1,dup_group_00554,PNEUMONIA,785,split_large,strict_file_train_2920,False
train_2926.png,1,dup_group_00554,PNEUMONIA,785,split_large,strict_file_train_2926,False
train_2928.png,1,dup_group_00554,PNEUMONIA,785,split_large,strict_file_train_2928,False
train_2929.png,1,dup_group_00554,PNEUMONIA,785,split_large,strict_file_train_2929,False
train_2932.png,1,dup_group_01956,PNEUMONIA,1,keep,strict_dup_group_01956,False
train_2935.png,1,dup_group_00554,PNEUMONIA,785,split_large,strict_file_train_2935,False
train_2936.png,1,dup_group_00554,PNEUMONIA,785,split_large,strict_file_train_2936,False
train_2943.png,1,dup_group_00554,PNEUMONIA,785,split_large,strict_file_train_2943,False
train_2959.png,1,dup_group_00554,PNEUMONIA,785,split_large,strict_file_train_2959,False
train_2973.png,1,dup_group_00554,PNEUMONIA,785,split_large,strict_file_train_2973,False
train_3000.png,1,dup_group_00554,PNEUMONIA,785,split_large,strict_file_train_3000,False
train_3005.png,1,dup_group_00554,PNEUMONIA,785,split_large,strict_file_train_3005,False
train_3008.png,1,dup_group_00554,PNEUMONIA,785,split_large,strict_file_train_3008,False
train_3009.png,1,dup_group_00554,PNEUMONIA,785,split_large,strict_file_train_3009,False
train_3014.png,1,dup_group_00554,PNEUMONIA,785,split_large,strict_file_train_3014,False
train_3015.png,1,dup_group_00554,PNEUMONIA,785,split_large,strict_file_train_3015,False
train_3018.png,1,dup_group_00554,PNEUMONIA,785,split_large,strict_file_train_3018,False
train_3024.png,1,dup_group_00554,PNEUMONIA,785,split_large,strict_file_train_3024,False
train_3034.png,1,dup_group_00554,PNEUMONIA,785,split_large,strict_file_train_3034,False
train_3036.png,1,dup_group_00554,PNEUMONIA,785,split_large,strict_file_train_3036,False
train_3051.png,1,dup_group_00554,PNEUMONIA,785,split_large,strict_file_train_3051,False
train_3067.png,1,dup_group_00554,PNEUMONIA,785,split_large,strict_file_train_3067,False
train_3068.png,1,dup_group_00554,PNEUMONIA,785,split_large,strict_file_train_3068,False
train_3070.png,1,dup_group_00554,PNEUMONIA,785,split_large,strict_file_train_3070,False
train_3077.png,1,dup_group_00554,PNEUMONIA,785,split_large,strict_file_train_3077,False
train_3078.png,1,dup_group_00554,PNEUMONIA,785,split_large,strict_file_train_3078,False
train_3082.png,1,dup_group_00554,PNEUMONIA,785,split_large,strict_file_train_3082,False
train_3084.png,1,dup_group_00554,PNEUMONIA,785,split_large,strict_file_train_3084,False
train_3085.png,1,dup_group_00554,PNEUMONIA,785,split_large,strict_file_train_3085,False
train_3094.png,1,dup_group_00554,PNEUMONIA,785,split_large,strict_file_train_3094,False
train_3097.png,1,dup_group_00554,PNEUMONIA,785,split_large,strict_file_train_3097,False
train_3110.png,1,dup_group_00554,PNEUMONIA,785,split_large,strict_file_train_3110,False
train_3112.png,1,dup_group_00554,PNEUMONIA,785,split_large,strict_file_train_3112,False
train_3115.png,1,dup_group_00554,PNEUMONIA,785,split_large,strict_file_train_3115,False
train_3120.png,1,dup_group_00554,PNEUMONIA,785,split_large,strict_file_train_3120,False
train_3125.png,1,dup_group_02063,PNEUMONIA,1,keep,strict_dup_group_02063,False
train_3133.png,1,dup_group_00554,PNEUMONIA,785,split_large,strict_file_train_3133,False
train_3137.png,1,dup_group_00554,PNEUMONIA,785,split_large,strict_file_train_3137,False
train_3138.png,1,dup_group_00554,PNEUMONIA,785,split_large,strict_file_train_3138,False
train_3146.png,1,dup_group_00554,PNEUMONIA,785,split_large,strict_file_train_3146,False
train_3151.png,1,dup_group_00554,PNEUMONIA,785,split_large,strict_file_train_3151,False
train_3163.png,1,dup_group_02089,PNEUMONIA,1,keep,strict_dup_group_02089,False
train_3166.png,1,dup_group_00554,PNEUMONIA,785,split_large,strict_file_train_3166,False
train_3174.png,1,dup_group_00554,PNEUMONIA,785,split_large,strict_file_train_3174,False
train_3179.png,1,dup_group_00554,PNEUMONIA,785,split_large,strict_file_train_3179,False
train_3182.png,1,dup_group_00554,PNEUMONIA,785,split_large,strict_file_train_3182,False
train_3203.png,1,dup_group_00554,PNEUMONIA,785,split_large,strict_file_train_3203,False
train_3211.png,1,dup_group_00554,PNEUMONIA,785,split_large,strict_file_train_3211,False
train_3232.png,1,dup_group_00554,PNEUMONIA,785,split_large,strict_file_train_3232,False
train_3236.png,1,dup_group_00554,PNEUMONIA,785,split_large,strict_file_train_3236,False
train_3240.png,1,dup_group_00554,PNEUMONIA,785,split_large,strict_file_train_3240,False
train_3243.png,1,dup_group_00554,PNEUMONIA,785,split_large,strict_file_train_3243,False
train_3247.png,1,dup_group_00554,PNEUMONIA,785,split_large,strict_file_train_3247,False
train_3268.png,1,dup_group_00554,PNEUMONIA,785,split_large,strict_file_train_3268,False
train_3270.png,1,dup_group_00554,PNEUMONIA,785,split_large,strict_file_train_3270,False
train_3272.png,1,dup_group_00554,PNEUMONIA,785,split_large,strict_file_train_3272,False
train_3279.png,1,dup_group_00554,PNEUMONIA,785,split_large,strict_file_train_3279,False
train_3283.png,1,dup_group_00554,PNEUMONIA,785,split_large,strict_file_train_3283,False
train_3295.png,1,dup_group_00554,PNEUMONIA,785,split_large,strict_file_train_3295,False
train_3299.png,1,dup_group_00554,PNEUMONIA,785,split_large,strict_file_train_3299,False
train_3310.png,1,dup_group_00554,PNEUMONIA,785,split_large,strict_file_train_3310,False
train_3338.png,1,dup_group_00554,PNEUMONIA,785,split_large,strict_file_train_3338,False
train_3341.png,1,dup_group_00554,PNEUMONIA,785,split_large,strict_file_train_3341,False
train_3343.png,1,dup_group_00554,PNEUMONIA,785,split_large,strict_file_train_3343,False
train_3344.png,1,dup_group_00554,PNEUMONIA,785,split_large,strict_file_train_3344,False
train_3349.png,1,dup_group_02198,PNEUMONIA,1,keep,strict_dup_group_02198,False
train_3351.png,1,dup_group_00554,PNEUMONIA,785,split_large,strict_file_train_3351,False
train_3370.png,1,dup_group_00554,PNEUMONIA,785,split_large,strict_file_train_3370,False
train_3379.png,1,dup_group_00554,PNEUMONIA,785,split_large,strict_file_train_3379,False
train_3387.png,1,dup_group_00554,PNEUMONIA,785,split_large,strict_file_train_3387,False
train_3388.png,1,dup_group_00554,PNEUMONIA,785,split_large,strict_file_train_3388,False
train_3389.png,1,dup_group_00554,PNEUMONIA,785,split_large,strict_file_train_3389,False
train_3403.png,1,dup_group_00554,PNEUMONIA,785,split_large,strict_file_train_3403,False
train_3444.png,1,dup_group_00554,PNEUMONIA,785,split_large,strict_file_train_3444,False
train_3447.png,1,dup_group_00554,PNEUMONIA,785,split_large,strict_file_train_3447,False
train_3448.png,1,dup_group_02256,PNEUMONIA,1,keep,strict_dup_group_02256,False
train_3452.png,1,dup_group_00554,PNEUMONIA,785,split_large,strict_file_train_3452,False
train_3455.png,1,dup_group_00422,PNEUMONIA,5,keep,strict_dup_group_00422,False
train_3456.png,1,dup_group_00554,PNEUMONIA,785,split_large,strict_file_train_3456,False
train_3465.png,1,dup_group_00554,PNEUMONIA,785,split_large,strict_file_train_3465,False
train_3468.png,1,dup_group_00554,PNEUMONIA,785,split_large,strict_file_train_3468,False
train_3487.png,1,dup_group_00554,PNEUMONIA,785,split_large,strict_file_train_3487,False
train_3491.png,1,dup_group_00554,PNEUMONIA,785,split_large,strict_file_train_3491,False
train_3518.png,1,dup_group_02302,PNEUMONIA,1,keep,strict_dup_group_02302,False
train_3529.png,1,dup_group_00554,PNEUMONIA,785,split_large,strict_file_train_3529,False
train_3530.png,1,dup_group_00554,PNEUMONIA,785,split_large,strict_file_train_3530,False
train_3542.png,1,dup_group_00554,PNEUMONIA,785,split_large,strict_file_train_3542,False
train_3558.png,1,dup_group_00554,PNEUMONIA,785,split_large,strict_file_train_3558,False
train_3559.png,1,dup_group_00554,PNEUMONIA,785,split_large,strict_file_train_3559,False
train_3572.png,1,dup_group_00554,PNEUMONIA,785,split_large,strict_file_train_3572,False
train_3575.png,1,dup_group_00554,PNEUMONIA,785,split_large,strict_file_train_3575,False
train_3576.png,1,dup_group_00554,PNEUMONIA,785,split_large,strict_file_train_3576,False
train_3578.png,1,dup_group_00554,PNEUMONIA,785,split_large,strict_file_train_3578,False
train_3596.png,1,dup_group_00554,PNEUMONIA,785,split_large,strict_file_train_3596,False
train_3606.png,1,dup_group_00554,PNEUMONIA,785,split_large,strict_file_train_3606,False
train_3608.png,1,dup_group_00554,PNEUMONIA,785,split_large,strict_file_train_3608,False
train_3612.png,1,dup_group_00554,PNEUMONIA,785,split_large,strict_file_train_3612,False
train_3617.png,1,dup_group_00554,PNEUMONIA,785,split_large,strict_file_train_3617,False
train_3620.png,1,dup_group_00554,PNEUMONIA,785,split_large,strict_file_train_3620,False
train_3623.png,1,dup_group_00554,PNEUMONIA,785,split_large,strict_file_train_3623,False
train_3630.png,1,dup_group_00554,PNEUMONIA,785,split_large,strict_file_train_3630,False
train_3637.png,1,dup_group_00554,PNEUMONIA,785,split_large,strict_file_train_3637,False
train_3649.png,1,dup_group_00554,PNEUMONIA,785,split_large,strict_file_train_3649,False
train_3663.png,1,dup_group_00554,PNEUMONIA,785,split_large,strict_file_train_3663,False
train_3670.png,1,dup_group_00554,PNEUMONIA,785,split_large,strict_file_train_3670,False
train_3678.png,1,dup_group_00554,PNEUMONIA,785,split_large,strict_file_train_3678,False
train_3707.png,1,dup_group_00554,PNEUMONIA,785,split_large,strict_file_train_3707,False
train_3715.png,1,dup_group_00554,PNEUMONIA,785,split_large,strict_file_train_3715,False
train_3732.png,1,dup_group_00554,PNEUMONIA,785,split_large,strict_file_train_3732,False
train_3746.png,1,dup_group_02433,PNEUMONIA,1,keep,strict_dup_group_02433,False
train_3750.png,1,dup_group_00554,PNEUMONIA,785,split_large,strict_file_train_3750,False
train_3756.png,1,dup_group_00554,PNEUMONIA,785,split_large,strict_file_train_3756,False
train_3768.png,1,dup_group_00554,PNEUMONIA,785,split_large,strict_file_train_3768,False
train_3770.png,1,dup_group_00554,PNEUMONIA,785,split_large,strict_file_train_3770,False
train_3778.png,1,dup_group_00554,PNEUMONIA,785,split_large,strict_file_train_3778,False
train_3785.png,1,dup_group_00554,PNEUMONIA,785,split_large,strict_file_train_3785,False
train_3789.png,1,dup_group_02456,PNEUMONIA,1,keep,strict_dup_group_02456,False
train_3790.png,1,dup_group_00554,PNEUMONIA,785,split_large,strict_file_train_3790,False
train_3797.png,1,dup_group_00554,PNEUMONIA,785,split_large,strict_file_train_3797,False
train_3809.png,1,dup_group_00554,PNEUMONIA,785,split_large,strict_file_train_3809,False
train_3810.png,1,dup_group_00554,PNEUMONIA,785,split_large,strict_file_train_3810,False
train_3811.png,1,dup_group_00554,PNEUMONIA,785,split_large,strict_file_train_3811,False
train_3812.png,1,dup_group_00554,PNEUMONIA,785,split_large,strict_file_train_3812,False
train_3816.png,1,dup_group_00554,PNEUMONIA,785,split_large,strict_file_train_3816,False
train_3820.png,1,dup_group_00554,PNEUMONIA,785,split_large,strict_file_train_3820,False
train_3826.png,1,dup_group_00554,PNEUMONIA,785,split_large,strict_file_train_3826,False
train_3842.png,1,dup_group_02486,PNEUMONIA,1,keep,strict_dup_group_02486,False
train_3844.png,1,dup_group_00554,PNEUMONIA,785,split_large,strict_file_train_3844,False
train_3847.png,1,dup_group_00554,PNEUMONIA,785,split_large,strict_file_train_3847,False
train_3851.png,1,dup_group_00554,PNEUMONIA,785,split_large,strict_file_train_3851,False
train_3854.png,1,dup_group_00554,PNEUMONIA,785,split_large,strict_file_train_3854,False
train_3865.png,1,dup_group_00554,PNEUMONIA,785,split_large,strict_file_train_3865,False
train_3869.png,1,dup_group_00554,PNEUMONIA,785,split_large,strict_file_train_3869,False
train_3877.png,1,dup_group_00554,PNEUMONIA,785,split_large,strict_file_train_3877,False
train_3890.png,1,dup_group_00554,PNEUMONIA,785,split_large,strict_file_train_3890,False
train_3892.png,1,dup_group_00554,PNEUMONIA,785,split_large,strict_file_train_3892,False
train_3893.png,1,dup_group_00554,PNEUMONIA,785,split_large,strict_file_train_3893,False
train_3894.png,1,dup_group_00554,PNEUMONIA,785,split_large,strict_file_train_3894,False
train_3895.png,1,dup_group_00554,PNEUMONIA,785,split_large,strict_file_train_3895,False
train_3907.png,1,dup_group_02525,PNEUMONIA,1,keep,strict_dup_group_02525,False
train_3941.png,1,dup_group_00246,PNEUMONIA,4,keep,strict_dup_group_00246,False
train_3955.png,1,dup_group_00554,PNEUMONIA,785,split_large,strict_file_train_3955,False
train_3956.png,1,dup_group_00554,PNEUMONIA,785,split_large,strict_file_train_3956,False
train_3959.png,1,dup_group_00554,PNEUMONIA,785,split_large,strict_file_train_3959,False
train_3963.png,1,dup_group_00554,PNEUMONIA,785,split_large,strict_file_train_3963,False
train_3970.png,1,dup_group_00554,PNEUMONIA,785,split_large,strict_file_train_3970,False
train_3973.png,1,dup_group_02570,PNEUMONIA,1,keep,strict_dup_group_02570,False
train_3978.png,1,dup_group_00554,PNEUMONIA,785,split_large,strict_file_train_3978,False
train_3979.png,1,dup_group_00554,PNEUMONIA,785,split_large,strict_file_train_3979,False
train_3991.png,1,dup_group_00554,PNEUMONIA,785,split_large,strict_file_train_3991,False
train_3993.png,1,dup_group_00554,PNEUMONIA,785,split_large,strict_file_train_3993,False
train_3998.png,1,dup_group_00554,PNEUMONIA,785,split_large,strict_file_train_3998,False
train_4001.png,1,dup_group_00554,PNEUMONIA,785,split_large,strict_file_train_4001,False
train_4006.png,1,dup_group_00554,PNEUMONIA,785,split_large,strict_file_train_4006,False
train_4014.png,1,dup_group_00554,PNEUMONIA,785,split_large,strict_file_train_4014,False
train_4016.png,1,dup_group_00554,PNEUMONIA,785,split_large,strict_file_train_4016,False
train_4023.png,1,dup_group_00554,PNEUMONIA,785,split_large,strict_file_train_4023,False
train_4026.png,1,dup_group_00422,PNEUMONIA,5,keep,strict_dup_group_00422,False
train_4029.png,1,dup_group_00554,PNEUMONIA,785,split_large,strict_file_train_4029,False
train_4030.png,1,dup_group_00554,PNEUMONIA,785,split_large,strict_file_train_4030,False
train_4036.png,1,dup_group_00554,PNEUMONIA,785,split_large,strict_file_train_4036,False
train_4043.png,1,dup_group_00554,PNEUMONIA,785,split_large,strict_file_train_4043,False
train_4046.png,1,dup_group_00554,PNEUMONIA,785,split_large,strict_file_train_4046,False
train_4051.png,1,dup_group_00554,PNEUMONIA,785,split_large,strict_file_train_4051,False
train_4058.png,1,dup_group_00554,PNEUMONIA,785,split_large,strict_file_train_4058,False
train_4062.png,1,dup_group_00554,PNEUMONIA,785,split_large,strict_file_train_4062,False
train_4064.png,1,dup_group_00554,PNEUMONIA,785,split_large,strict_file_train_4064,False
train_4067.png,1,dup_group_00554,PNEUMONIA,785,split_large,strict_file_train_4067,False
train_4083.png,1,dup_group_00554,PNEUMONIA,785,split_large,strict_file_train_4083,False
train_4086.png,1,dup_group_00554,PNEUMONIA,785,split_large,strict_file_train_4086,False
train_4090.png,1,dup_group_00554,PNEUMONIA,785,split_large,strict_file_train_4090,False
train_4104.png,1,dup_group_00554,PNEUMONIA,785,split_large,strict_file_train_4104,False
train_4105.png,1,dup_group_00554,PNEUMONIA,785,split_large,strict_file_train_4105,False
train_4111.png,1,dup_group_00554,PNEUMONIA,785,split_large,strict_file_train_4111,False
train_4117.png,1,dup_group_00554,PNEUMONIA,785,split_large,strict_file_train_4117,False
train_4125.png,1,dup_group_00554,PNEUMONIA,785,split_large,strict_file_train_4125,False
train_4132.png,1,dup_group_00554,PNEUMONIA,785,split_large,strict_file_train_4132,False
train_4145.png,1,dup_group_00554,PNEUMONIA,785,split_large,strict_file_train_4145,False
train_4146.png,1,dup_group_00554,PNEUMONIA,785,split_large,strict_file_train_4146,False
train_4147.png,1,dup_group_00280,PNEUMONIA,2,keep,strict_dup_group_00280,False
train_4153.png,1,dup_group_00554,PNEUMONIA,785,split_large,strict_file_train_4153,False
train_4157.png,1,dup_group_00554,PNEUMONIA,785,split_large,strict_file_train_4157,False
train_4158.png,1,dup_group_00554,PNEUMONIA,785,split_large,strict_file_train_4158,False
train_4160.png,1,dup_group_00554,PNEUMONIA,785,split_large,strict_file_train_4160,False
train_4162.png,1,dup_group_00554,PNEUMONIA,785,split_large,strict_file_train_4162,False
train_4170.png,1,dup_group_00554,PNEUMONIA,785,split_large,strict_file_train_4170,False
train_4171.png,1,dup_group_00554,PNEUMONIA,785,split_large,strict_file_train_4171,False
train_4182.png,1,dup_group_00554,PNEUMONIA,785,split_large,strict_file_train_4182,False
train_4192.png,1,dup_group_00422,PNEUMONIA,5,keep,strict_dup_group_00422,False
train_4194.png,1,dup_group_00554,PNEUMONIA,785,split_large,strict_file_train_4194,False
train_4212.png,1,dup_group_00554,PNEUMONIA,785,split_large,strict_file_train_4212,False
train_4218.png,1,dup_group_00554,PNEUMONIA,785,split_large,strict_file_train_4218,False
train_4243.png,1,dup_group_02704,PNEUMONIA,1,keep,strict_dup_group_02704,False
train_4245.png,1,dup_group_00554,PNEUMONIA,785,split_large,strict_file_train_4245,False
train_4249.png,1,dup_group_00554,PNEUMONIA,785,split_large,strict_file_train_4249,False
train_4262.png,1,dup_group_00554,PNEUMONIA,785,split_large,strict_file_train_4262,False
train_4266.png,1,dup_group_00554,PNEUMONIA,785,split_large,strict_file_train_4266,False
train_4269.png,1,dup_group_00554,PNEUMONIA,785,split_large,strict_file_train_4269,False
train_4276.png,1,dup_group_00554,PNEUMONIA,785,split_large,strict_file_train_4276,False
train_4294.png,1,dup_group_00554,PNEUMONIA,785,split_large,strict_file_train_4294,False
train_4297.png,1,dup_group_00554,PNEUMONIA,785,split_large,strict_file_train_4297,False
train_4301.png,1,dup_group_00554,PNEUMONIA,785,split_large,strict_file_train_4301,False
train_4304.png,1,dup_group_00554,PNEUMONIA,785,split_large,strict_file_train_4304,False
train_4312.png,1,dup_group_00554,PNEUMONIA,785,split_large,strict_file_train_4312,False
train_4321.png,1,dup_group_00554,PNEUMONIA,785,split_large,strict_file_train_4321,False
train_4328.png,1,dup_group_00554,PNEUMONIA,785,split_large,strict_file_train_4328,False
train_4335.png,1,dup_group_00554,PNEUMONIA,785,split_large,strict_file_train_4335,False
train_4340.png,1,dup_group_00554,PNEUMONIA,785,split_large,strict_file_train_4340,False
train_4346.png,1,dup_group_00554,PNEUMONIA,785,split_large,strict_file_train_4346,False
train_4347.png,1,dup_group_00554,PNEUMONIA,785,split_large,strict_file_train_4347,False
train_4349.png,1,dup_group_00554,PNEUMONIA,785,split_large,strict_file_train_4349,False
train_4354.png,1,dup_group_00554,PNEUMONIA,785,split_large,strict_file_train_4354,False
train_4357.png,1,dup_group_00554,PNEUMONIA,785,split_large,strict_file_train_4357,False
train_4358.png,1,dup_group_00554,PNEUMONIA,785,split_large,strict_file_train_4358,False
train_4366.png,1,dup_group_00554,PNEUMONIA,785,split_large,strict_file_train_4366,False
train_4372.png,1,dup_group_00594,PNEUMONIA,2,keep,strict_dup_group_00594,False
train_4381.png,1,dup_group_00554,PNEUMONIA,785,split_large,strict_file_train_4381,False
train_4382.png,1,dup_group_00554,PNEUMONIA,785,split_large,strict_file_train_4382,False
train_4383.png,1,dup_group_02768,PNEUMONIA,1,keep,strict_dup_group_02768,False
train_4386.png,1,dup_group_00554,PNEUMONIA,785,split_large,strict_file_train_4386,False
train_4395.png,1,dup_group_00554,PNEUMONIA,785,split_large,strict_file_train_4395,False
train_4406.png,1,dup_group_00554,PNEUMONIA,785,split_large,strict_file_train_4406,False
train_4407.png,1,dup_group_00554,PNEUMONIA,785,split_large,strict_file_train_4407,False
train_4416.png,1,dup_group_00554,PNEUMONIA,785,split_large,strict_file_train_4416,False
train_4431.png,1,dup_group_00554,PNEUMONIA,785,split_large,strict_file_train_4431,False
train_4432.png,1,dup_group_00554,PNEUMONIA,785,split_large,strict_file_train_4432,False
train_4440.png,1,dup_group_00554,PNEUMONIA,785,split_large,strict_file_train_4440,False
train_4441.png,1,dup_group_02800,PNEUMONIA,1,keep,strict_dup_group_02800,False
train_4443.png,1,dup_group_00554,PNEUMONIA,785,split_large,strict_file_train_4443,False
train_4447.png,1,dup_group_00554,PNEUMONIA,785,split_large,strict_file_train_4447,False
train_4451.png,1,dup_group_00554,PNEUMONIA,785,split_large,strict_file_train_4451,False
train_4452.png,1,dup_group_00554,PNEUMONIA,785,split_large,strict_file_train_4452,False
train_4465.png,1,dup_group_02812,PNEUMONIA,1,keep,strict_dup_group_02812,False
train_4476.png,1,dup_group_00554,PNEUMONIA,785,split_large,strict_file_train_4476,False
train_4482.png,1,dup_group_00554,PNEUMONIA,785,split_large,strict_file_train_4482,False
train_4494.png,1,dup_group_00554,PNEUMONIA,785,split_large,strict_file_train_4494,False
train_4496.png,1,dup_group_00554,PNEUMONIA,785,split_large,strict_file_train_4496,False
train_4501.png,1,dup_group_00554,PNEUMONIA,785,split_large,strict_file_train_4501,False
train_4503.png,1,dup_group_00554,PNEUMONIA,785,split_large,strict_file_train_4503,False
train_4512.png,1,dup_group_00554,PNEUMONIA,785,split_large,strict_file_train_4512,False
train_4517.png,1,dup_group_00554,PNEUMONIA,785,split_large,strict_file_train_4517,False
train_4523.png,1,dup_group_00554,PNEUMONIA,785,split_large,strict_file_train_4523,False
train_4529.png,1,dup_group_00554,PNEUMONIA,785,split_large,strict_file_train_4529,False
train_4533.png,1,dup_group_00554,PNEUMONIA,785,split_large,strict_file_train_4533,False
train_4539.png,1,dup_group_02849,PNEUMONIA,1,keep,strict_dup_group_02849,False
train_4545.png,1,dup_group_02854,PNEUMONIA,1,keep,strict_dup_group_02854,False
train_4551.png,1,dup_group_00554,PNEUMONIA,785,split_large,strict_file_train_4551,False
train_4560.png,1,dup_group_00554,PNEUMONIA,785,split_large,strict_file_train_4560,False
train_4565.png,1,dup_group_00554,PNEUMONIA,785,split_large,strict_file_train_4565,False
train_4567.png,1,dup_group_00554,PNEUMONIA,785,split_large,strict_file_train_4567,False
train_4573.png,1,dup_group_00554,PNEUMONIA,785,split_large,strict_file_train_4573,False
train_4580.png,1,dup_group_00554,PNEUMONIA,785,split_large,strict_file_train_4580,False
train_4591.png,1,dup_group_00554,PNEUMONIA,785,split_large,strict_file_train_4591,False
train_4593.png,1,dup_group_00554,PNEUMONIA,785,split_large,strict_file_train_4593,False
train_4594.png,1,dup_group_00554,PNEUMONIA,785,split_large,strict_file_train_4594,False
train_4595.png,1,dup_group_00554,PNEUMONIA,785,split_large,strict_file_train_4595,False
train_4602.png,1,dup_group_00554,PNEUMONIA,785,split_large,strict_file_train_4602,False
train_4604.png,1,dup_group_00554,PNEUMONIA,785,split_large,strict_file_train_4604,False
train_4609.png,1,dup_group_00554,PNEUMONIA,785,split_large,strict_file_train_4609,False
train_4614.png,1,dup_group_00554,PNEUMONIA,785,split_large,strict_file_train_4614,False
train_4622.png,1,dup_group_00554,PNEUMONIA,785,split_large,strict_file_train_4622,False
train_4624.png,1,dup_group_00554,PNEUMONIA,785,split_large,strict_file_train_4624,False
train_4626.png,1,dup_group_00554,PNEUMONIA,785,split_large,strict_file_train_4626,False
train_4631.png,1,dup_group_02896,PNEUMONIA,1,keep,strict_dup_group_02896,False
train_4638.png,1,dup_group_00554,PNEUMONIA,785,split_large,strict_file_train_4638,False
train_4648.png,1,dup_group_00554,PNEUMONIA,785,split_large,strict_file_train_4648,False
train_4653.png,1,dup_group_02904,PNEUMONIA,1,keep,strict_dup_group_02904,False
train_4655.png,1,dup_group_02905,PNEUMONIA,1,keep,strict_dup_group_02905,False
train_4664.png,1,dup_group_02912,PNEUMONIA,1,keep,strict_dup_group_02912,False
train_4681.png,1,dup_group_00554,PNEUMONIA,785,split_large,strict_file_train_4681,False
train_4692.png,1,dup_group_00554,PNEUMONIA,785,split_large,strict_file_train_4692,False
train_4694.png,1,dup_group_00554,PNEUMONIA,785,split_large,strict_file_train_4694,False
train_4699.png,1,dup_group_00554,PNEUMONIA,785,split_large,strict_file_train_4699,False
train_4724.png,1,dup_group_00554,PNEUMONIA,785,split_large,strict_file_train_4724,False
train_4726.png,1,dup_group_00554,PNEUMONIA,785,split_large,strict_file_train_4726,False
train_4728.png,1,dup_group_00554,PNEUMONIA,785,split_large,strict_file_train_4728,False
train_4729.png,1,dup_group_00554,PNEUMONIA,785,split_large,strict_file_train_4729,False
train_4730.png,1,dup_group_00554,PNEUMONIA,785,split_large,strict_file_train_4730,False
train_4731.png,1,dup_group_00554,PNEUMONIA,785,split_large,strict_file_train_4731,False
train_4736.png,1,dup_group_00554,PNEUMONIA,785,split_large,strict_file_train_4736,False
train_4750.png,1,dup_group_00554,PNEUMONIA,785,split_large,strict_file_train_4750,False
train_4762.png,1,dup_group_00554,PNEUMONIA,785,split_large,strict_file_train_4762,False
train_4768.png,1,dup_group_00554,PNEUMONIA,785,split_large,strict_file_train_4768,False
train_4771.png,1,dup_group_02975,PNEUMONIA,1,keep,strict_dup_group_02975,False
train_4776.png,1,dup_group_00554,PNEUMONIA,785,split_large,strict_file_train_4776,False
train_4799.png,1,dup_group_00554,PNEUMONIA,785,split_large,strict_file_train_4799,False
train_4810.png,1,dup_group_00554,PNEUMONIA,785,split_large,strict_file_train_4810,False
train_4815.png,1,dup_group_00554,PNEUMONIA,785,split_large,strict_file_train_4815,False
train_4817.png,1,dup_group_00554,PNEUMONIA,785,split_large,strict_file_train_4817,False
train_4819.png,1,dup_group_00554,PNEUMONIA,785,split_large,strict_file_train_4819,False
train_4820.png,1,dup_group_00554,PNEUMONIA,785,split_large,strict_file_train_4820,False
train_4822.png,1,dup_group_03004,PNEUMONIA,1,keep,strict_dup_group_03004,False
train_4826.png,1,dup_group_03006,PNEUMONIA,1,keep,strict_dup_group_03006,False
train_4832.png,1,dup_group_00554,PNEUMONIA,785,split_large,strict_file_train_4832,False
train_4834.png,1,dup_group_00554,PNEUMONIA,785,split_large,strict_file_train_4834,False
train_4845.png,1,dup_group_00554,PNEUMONIA,785,split_large,strict_file_train_4845,False
train_4868.png,1,dup_group_00918,PNEUMONIA,2,keep,strict_dup_group_00918,False
train_4889.png,1,dup_group_00554,PNEUMONIA,785,split_large,strict_file_train_4889,False
train_4893.png,1,dup_group_00554,PNEUMONIA,785,split_large,strict_file_train_4893,False
train_4906.png,1,dup_group_03056,PNEUMONIA,1,keep,strict_dup_group_03056,False
train_4910.png,1,dup_group_00554,PNEUMONIA,785,split_large,strict_file_train_4910,False
train_4915.png,1,dup_group_00554,PNEUMONIA,785,split_large,strict_file_train_4915,False
train_4923.png,1,dup_group_00554,PNEUMONIA,785,split_large,strict_file_train_4923,False
train_4924.png,1,dup_group_00554,PNEUMONIA,785,split_large,strict_file_train_4924,False
train_4928.png,1,dup_group_00554,PNEUMONIA,785,split_large,strict_file_train_4928,False
train_4936.png,1,dup_group_00554,PNEUMONIA,785,split_large,strict_file_train_4936,False
train_4939.png,1,dup_group_00554,PNEUMONIA,785,split_large,strict_file_train_4939,False
train_4945.png,1,dup_group_00554,PNEUMONIA,785,split_large,strict_file_train_4945,False
train_4947.png,1,dup_group_00554,PNEUMONIA,785,split_large,strict_file_train_4947,False
train_4952.png,1,dup_group_00554,PNEUMONIA,785,split_large,strict_file_train_4952,False
train_4953.png,1,dup_group_00554,PNEUMONIA,785,split_large,strict_file_train_4953,False
train_4954.png,1,dup_group_00554,PNEUMONIA,785,split_large,strict_file_train_4954,False
train_4957.png,1,dup_group_00554,PNEUMONIA,785,split_large,strict_file_train_4957,False
train_4971.png,1,dup_group_00554,PNEUMONIA,785,split_large,strict_file_train_4971,False
train_4975.png,1,dup_group_00554,PNEUMONIA,785,split_large,strict_file_train_4975,False
train_4976.png,1,dup_group_00554,PNEUMONIA,785,split_large,strict_file_train_4976,False
train_4982.png,1,dup_group_00554,PNEUMONIA,785,split_large,strict_file_train_4982,False
train_4983.png,1,dup_group_00554,PNEUMONIA,785,split_large,strict_file_train_4983,False
train_4985.png,1,dup_group_00554,PNEUMONIA,785,split_large,strict_file_train_4985,False
train_4991.png,1,dup_group_00554,PNEUMONIA,785,split_large,strict_file_train_4991,False
train_4998.png,1,dup_group_00554,PNEUMONIA,785,split_large,strict_file_train_4998,False
train_5024.png,1,dup_group_00554,PNEUMONIA,785,split_large,strict_file_train_5024,False
train_5040.png,1,dup_group_00554,PNEUMONIA,785,split_large,strict_file_train_5040,False
train_5051.png,1,dup_group_00554,PNEUMONIA,785,split_large,strict_file_train_5051,False
train_5055.png,1,dup_group_00554,PNEUMONIA,785,split_large,strict_file_train_5055,False
train_5056.png,1,dup_group_00554,PNEUMONIA,785,split_large,strict_file_train_5056,False
train_5057.png,1,dup_group_00554,PNEUMONIA,785,split_large,strict_file_train_5057,False
train_5059.png,1,dup_group_00554,PNEUMONIA,785,split_large,strict_file_train_5059,False
train_5063.png,1,dup_group_00554,PNEUMONIA,785,split_large,strict_file_train_5063,False
train_5072.png,1,dup_group_03136,PNEUMONIA,1,keep,strict_dup_group_03136,False
train_5076.png,1,dup_group_00554,PNEUMONIA,785,split_large,strict_file_train_5076,False
train_5084.png,1,dup_group_00554,PNEUMONIA,785,split_large,strict_file_train_5084,False
train_5088.png,1,dup_group_00554,PNEUMONIA,785,split_large,strict_file_train_5088,False
train_5090.png,1,dup_group_00554,PNEUMONIA,785,split_large,strict_file_train_5090,False
train_5092.png,1,dup_group_00554,PNEUMONIA,785,split_large,strict_file_train_5092,False
train_5100.png,1,dup_group_00554,PNEUMONIA,785,split_large,strict_file_train_5100,False
train_5107.png,1,dup_group_00554,PNEUMONIA,785,split_large,strict_file_train_5107,False
train_5113.png,1,dup_group_00554,PNEUMONIA,785,split_large,strict_file_train_5113,False
train_5119.png,1,dup_group_00554,PNEUMONIA,785,split_large,strict_file_train_5119,False
train_5120.png,1,dup_group_00554,PNEUMONIA,785,split_large,strict_file_train_5120,False
train_5122.png,1,dup_group_00554,PNEUMONIA,785,split_large,strict_file_train_5122,False
train_5126.png,1,dup_group_00554,PNEUMONIA,785,split_large,strict_file_train_5126,False
train_5128.png,1,dup_group_00554,PNEUMONIA,785,split_large,strict_file_train_5128,False
train_5133.png,1,dup_group_00554,PNEUMONIA,785,split_large,strict_file_train_5133,False
train_5151.png,1,dup_group_00554,PNEUMONIA,785,split_large,strict_file_train_5151,False
train_5154.png,1,dup_group_00554,PNEUMONIA,785,split_large,strict_file_train_5154,False
train_5159.png,1,dup_group_00554,PNEUMONIA,785,split_large,strict_file_train_5159,False
train_5164.png,1,dup_group_03184,PNEUMONIA,1,keep,strict_dup_group_03184,False
train_5165.png,1,dup_group_03185,PNEUMONIA,1,keep,strict_dup_group_03185,False
train_5173.png,1,dup_group_00554,PNEUMONIA,785,split_large,strict_file_train_5173,False
train_5179.png,1,dup_group_00554,PNEUMONIA,785,split_large,strict_file_train_5179,False
train_5183.png,1,dup_group_03196,PNEUMONIA,1,keep,strict_dup_group_03196,False
train_5190.png,1,dup_group_00554,PNEUMONIA,785,split_large,strict_file_train_5190,False
train_5191.png,1,dup_group_00554,PNEUMONIA,785,split_large,strict_file_train_5191,False
train_5192.png,1,dup_group_00554,PNEUMONIA,785,split_large,strict_file_train_5192,False
train_5200.png,1,dup_group_00554,PNEUMONIA,785,split_large,strict_file_train_5200,False
train_5207.png,1,dup_group_00554,PNEUMONIA,785,split_large,strict_file_train_5207,False
train_5208.png,1,dup_group_00554,PNEUMONIA,785,split_large,strict_file_train_5208,False
train_5215.png,1,dup_group_00554,PNEUMONIA,785,split_large,strict_file_train_5215,False
