duplicate_group_id,group_size,train_count,val_count,labels,class_names,normal_count,pneumonia_count,is_mixed_label
dup_group_00554,785,0,785,"0,1","NORMAL,PNEUMONIA",86,699,True
dup_group_00003,88,88,0,"0,1","NORMAL,PNEUMONIA",73,15,True
dup_group_01322,41,41,0,1,PNEUMONIA,0,41,False
dup_group_00993,38,38,0,1,PNEUMONIA,0,38,False
dup_group_00069,18,18,0,"0,1","NORMAL,PNEUMONIA",3,15,True
dup_group_01042,18,18,0,"0,1","NORMAL,PNEUMONIA",1,17,True
dup_group_00070,17,17,0,"0,1","NORMAL,PNEUMONIA",13,4,True
dup_group_01057,16,16,0,1,PNEUMONIA,0,16,False
dup_group_01137,16,16,0,1,PNEUMONIA,0,16,False
dup_group_01367,15,15,0,1,PNEUMONIA,0,15,False
dup_group_01420,14,14,0,1,PNEUMONIA,0,14,False
dup_group_00029,13,13,0,"0,1","NORMAL,PNEUMONIA",8,5,True
dup_group_00115,13,13,0,"0,1","NORMAL,PNEUMONIA",7,6,True
dup_group_00968,13,13,0,"0,1","NORMAL,PNEUMONIA",1,12,True
dup_group_01204,13,13,0,1,PNEUMONIA,0,13,False
dup_group_02878,13,13,0,1,PNEUMONIA,0,13,False
dup_group_00700,12,12,0,"0,1","NORMAL,PNEUMONIA",1,11,True
dup_group_01375,12,12,0,1,PNEUMONIA,0,12,False
dup_group_00989,11,11,0,1,PNEUMONIA,0,11,False
dup_group_01207,11,11,0,1,PNEUMONIA,0,11,False
dup_group_01357,11,11,0,1,PNEUMONIA,0,11,False
dup_group_00158,10,10,0,"0,1","NORMAL,PNEUMONIA",1,9,True
dup_group_00302,10,10,0,"0,1","NORMAL,PNEUMONIA",3,7,True
dup_group_01129,10,10,0,1,PNEUMONIA,0,10,False
dup_group_01177,10,10,0,1,PNEUMONIA,0,10,False
dup_group_01498,10,10,0,1,PNEUMONIA,0,10,False
dup_group_00253,9,9,0,"0,1","NORMAL,PNEUMONIA",5,4,True
dup_group_00330,9,9,0,"0,1","NORMAL,PNEUMONIA",3,6,True
dup_group_00517,9,9,0,"0,1","NORMAL,PNEUMONIA",4,5,True
dup_group_01021,9,9,0,1,PNEUMONIA,0,9,False
dup_group_01344,9,9,0,1,PNEUMONIA,0,9,False
dup_group_01578,9,9,0,1,PNEUMONIA,0,9,False
dup_group_02159,9,9,0,1,PNEUMONIA,0,9,False
dup_group_00006,8,8,0,0,NORMAL,8,0,False
dup_group_00016,8,8,0,"0,1","NORMAL,PNEUMONIA",6,2,True
dup_group_00093,8,8,0,"0,1","NORMAL,PNEUMONIA",3,5,True
dup_group_00100,8,8,0,"0,1","NORMAL,PNEUMONIA",6,2,True
dup_group_00111,8,8,0,"0,1","NORMAL,PNEUMONIA",2,6,True
dup_group_00177,8,8,0,0,NORMAL,8,0,False
dup_group_00969,8,8,0,"0,1","NORMAL,PNEUMONIA",1,7,True
dup_group_00985,8,8,0,1,PNEUMONIA,0,8,False
dup_group_01596,8,8,0,1,PNEUMONIA,0,8,False
dup_group_01889,8,8,0,1,PNEUMONIA,0,8,False
dup_group_00392,7,7,0,"0,1","NORMAL,PNEUMONIA",6,1,True
dup_group_00427,7,7,0,0,NORMAL,7,0,False
dup_group_01097,7,7,0,1,PNEUMONIA,0,7,False
dup_group_01370,7,7,0,1,PNEUMONIA,0,7,False
dup_group_01398,7,7,0,1,PNEUMONIA,0,7,False
dup_group_01687,7,7,0,1,PNEUMONIA,0,7,False
dup_group_01803,7,7,0,1,PNEUMONIA,0,7,False
dup_group_00004,6,6,0,"0,1","NORMAL,PNEUMONIA",4,2,True
dup_group_00037,6,6,0,"0,1","NORMAL,PNEUMONIA",2,4,True
dup_group_00138,6,6,0,"0,1","NORMAL,PNEUMONIA",3,3,True
dup_group_00224,6,6,0,"0,1","NORMAL,PNEUMONIA",1,5,True
dup_group_01034,6,6,0,1,PNEUMONIA,0,6,False
dup_group_01092,6,6,0,1,PNEUMONIA,0,6,False
dup_group_01275,6,6,0,1,PNEUMONIA,0,6,False
dup_group_01368,6,6,0,1,PNEUMONIA,0,6,False
dup_group_01445,6,6,0,1,PNEUMONIA,0,6,False
dup_group_01661,6,6,0,1,PNEUMONIA,0,6,False
dup_group_00075,5,5,0,0,NORMAL,5,0,False
dup_group_00194,5,5,0,0,NORMAL,5,0,False
dup_group_00221,5,5,0,"0,1","NORMAL,PNEUMONIA",3,2,True
dup_group_00233,5,5,0,0,NORMAL,5,0,False
dup_group_00422,5,0,5,"0,1","NORMAL,PNEUMONIA",2,3,True
dup_group_01048,5,5,0,1,PNEUMONIA,0,5,False
dup_group_01127,5,5,0,1,PNEUMONIA,0,5,False
dup_group_01176,5,5,0,1,PNEUMONIA,0,5,False
dup_group_01211,5,5,0,1,PNEUMONIA,0,5,False
dup_group_01216,5,5,0,1,PNEUMONIA,0,5,False
dup_group_01253,5,5,0,1,PNEUMONIA,0,5,False
dup_group_01301,5,5,0,1,PNEUMONIA,0,5,False
dup_group_01405,5,5,0,1,PNEUMONIA,0,5,False
dup_group_01683,5,5,0,1,PNEUMONIA,0,5,False
dup_group_01699,5,5,0,1,PNEUMONIA,0,5,False
dup_group_01829,5,5,0,1,PNEUMONIA,0,5,False
dup_group_01997,5,5,0,1,PNEUMONIA,0,5,False
dup_group_02003,5,5,0,1,PNEUMONIA,0,5,False
dup_group_00022,4,4,0,"0,1","NORMAL,PNEUMONIA",1,3,True
dup_group_00117,4,4,0,"0,1","NORMAL,PNEUMONIA",3,1,True
dup_group_00123,4,4,0,0,NORMAL,4,0,False
dup_group_00137,4,4,0,"0,1","NORMAL,PNEUMONIA",2,2,True
dup_group_00155,4,4,0,"0,1","NORMAL,PNEUMONIA",1,3,True
dup_group_00209,4,4,0,0,NORMAL,4,0,False
dup_group_00240,4,4,0,0,NORMAL,4,0,False
dup_group_00246,4,0,4,"0,1","NORMAL,PNEUMONIA",2,2,True
dup_group_00272,4,4,0,"0,1","NORMAL,PNEUMONIA",2,2,True
dup_group_00356,4,4,0,0,NORMAL,4,0,False
dup_group_00376,4,4,0,0,NORMAL,4,0,False
dup_group_00445,4,4,0,"0,1","NORMAL,PNEUMONIA",1,3,True
dup_group_00547,4,4,0,"0,1","NORMAL,PNEUMONIA",2,2,True
dup_group_00639,4,4,0,0,NORMAL,4,0,False
dup_group_00849,4,4,0,"0,1","NORMAL,PNEUMONIA",1,3,True
dup_group_00915,4,4,0,"0,1","NORMAL,PNEUMONIA",1,3,True
dup_group_00978,4,4,0,"0,1","NORMAL,PNEUMONIA",1,3,True
dup_group_01012,4,4,0,1,PNEUMONIA,0,4,False
dup_group_01070,4,4,0,1,PNEUMONIA,0,4,False
dup_group_01089,4,4,0,1,PNEUMONIA,0,4,False
dup_group_01090,4,4,0,1,PNEUMONIA,0,4,False
dup_group_01096,4,4,0,1,PNEUMONIA,0,4,False
dup_group_01108,4,4,0,1,PNEUMONIA,0,4,False
dup_group_01130,4,4,0,1,PNEUMONIA,0,4,False
dup_group_01150,4,4,0,1,PNEUMONIA,0,4,False
dup_group_01221,4,4,0,1,PNEUMONIA,0,4,False
dup_group_01267,4,4,0,1,PNEUMONIA,0,4,False
dup_group_01272,4,4,0,1,PNEUMONIA,0,4,False
dup_group_01279,4,4,0,1,PNEUMONIA,0,4,False
dup_group_01302,4,4,0,1,PNEUMONIA,0,4,False
dup_group_01334,4,4,0,1,PNEUMONIA,0,4,False
dup_group_01362,4,4,0,1,PNEUMONIA,0,4,False
dup_group_01446,4,4,0,1,PNEUMONIA,0,4,False
dup_group_01462,4,4,0,1,PNEUMONIA,0,4,False
dup_group_01485,4,4,0,1,PNEUMONIA,0,4,False
dup_group_01493,4,4,0,1,PNEUMONIA,0,4,False
dup_group_01511,4,4,0,1,PNEUMONIA,0,4,False
dup_group_01648,4,4,0,1,PNEUMONIA,0,4,False
dup_group_01765,4,4,0,1,PNEUMONIA,0,4,False
dup_group_01781,4,4,0,1,PNEUMONIA,0,4,False
dup_group_02119,4,4,0,1,PNEUMONIA,0,4,False
dup_group_02399,4,4,0,1,PNEUMONIA,0,4,False
dup_group_00011,3,3,0,0,NORMAL,3,0,False
dup_group_00014,3,3,0,0,NORMAL,3,0,False
dup_group_00027,3,3,0,"0,1","NORMAL,PNEUMONIA",2,1,True
dup_group_00032,3,3,0,0,NORMAL,3,0,False
dup_group_00043,3,3,0,"0,1","NORMAL,PNEUMONIA",2,1,True
dup_group_00044,3,3,0,"0,1","NORMAL,PNEUMONIA",1,2,True
dup_group_00131,3,3,0,"0,1","NORMAL,PNEUMONIA",2,1,True
dup_group_00219,3,3,0,0,NORMAL,3,0,False
dup_group_00226,3,3,0,"0,1","NORMAL,PNEUMONIA",2,1,True
dup_group_00285,3,3,0,"0,1","NORMAL,PNEUMONIA",2,1,True
dup_group_00293,3,3,0,"0,1","NORMAL,PNEUMONIA",2,1,True
dup_group_00309,3,3,0,0,NORMAL,3,0,False
dup_group_00343,3,3,0,0,NORMAL,3,0,False
dup_group_00352,3,3,0,0,NORMAL,3,0,False
dup_group_00357,3,3,0,0,NORMAL,3,0,False
dup_group_00370,3,3,0,0,NORMAL,3,0,False
dup_group_00372,3,3,0,"0,1","NORMAL,PNEUMONIA",1,2,True
dup_group_00394,3,3,0,"0,1","NORMAL,PNEUMONIA",2,1,True
dup_group_00435,3,0,3,"0,1","NORMAL,PNEUMONIA",2,1,True
dup_group_00439,3,3,0,"0,1","NORMAL,PNEUMONIA",1,2,True
dup_group_00462,3,3,0,"0,1","NORMAL,PNEUMONIA",2,1,True
dup_group_00497,3,3,0,0,NORMAL,3,0,False
dup_group_00576,3,3,0,0,NORMAL,3,0,False
dup_group_00578,3,3,0,"0,1","NORMAL,PNEUMONIA",1,2,True
dup_group_00632,3,3,0,"0,1","NORMAL,PNEUMONIA",2,1,True
dup_group_00707,3,3,0,"0,1","NORMAL,PNEUMONIA",1,2,True
dup_group_00730,3,3,0,"0,1","NORMAL,PNEUMONIA",2,1,True
dup_group_00741,3,3,0,0,NORMAL,3,0,False
dup_group_00859,3,3,0,"0,1","NORMAL,PNEUMONIA",1,2,True
dup_group_00971,3,3,0,"0,1","NORMAL,PNEUMONIA",1,2,True
dup_group_01011,3,3,0,1,PNEUMONIA,0,3,False
dup_group_01024,3,3,0,1,PNEUMONIA,0,3,False
dup_group_01040,3,3,0,1,PNEUMONIA,0,3,False
dup_group_01045,3,3,0,1,PNEUMONIA,0,3,False
dup_group_01059,3,3,0,1,PNEUMONIA,0,3,False
dup_group_01071,3,3,0,1,PNEUMONIA,0,3,False
dup_group_01075,3,3,0,1,PNEUMONIA,0,3,False
dup_group_01086,3,3,0,1,PNEUMONIA,0,3,False
dup_group_01109,3,3,0,1,PNEUMONIA,0,3,False
dup_group_01128,3,3,0,1,PNEUMONIA,0,3,False
dup_group_01136,3,3,0,1,PNEUMONIA,0,3,False
dup_group_01158,3,3,0,1,PNEUMONIA,0,3,False
dup_group_01163,3,3,0,1,PNEUMONIA,0,3,False
dup_group_01184,3,3,0,1,PNEUMONIA,0,3,False
dup_group_01189,3,3,0,1,PNEUMONIA,0,3,False
dup_group_01212,3,3,0,1,PNEUMONIA,0,3,False
dup_group_01234,3,3,0,1,PNEUMONIA,0,3,False
dup_group_01237,3,3,0,1,PNEUMONIA,0,3,False
dup_group_01261,3,3,0,1,PNEUMONIA,0,3,False
dup_group_01277,3,3,0,1,PNEUMONIA,0,3,False
dup_group_01281,3,3,0,1,PNEUMONIA,0,3,False
dup_group_01285,3,3,0,1,PNEUMONIA,0,3,False
dup_group_01315,3,3,0,1,PNEUMONIA,0,3,False
dup_group_01332,3,3,0,1,PNEUMONIA,0,3,False
dup_group_01376,3,3,0,1,PNEUMONIA,0,3,False
dup_group_01387,3,3,0,1,PNEUMONIA,0,3,False
dup_group_01388,3,3,0,1,PNEUMONIA,0,3,False
dup_group_01400,3,3,0,1,PNEUMONIA,0,3,False
dup_group_01421,3,3,0,1,PNEUMONIA,0,3,False
dup_group_01451,3,3,0,1,PNEUMONIA,0,3,False
dup_group_01453,3,3,0,1,PNEUMONIA,0,3,False
dup_group_01461,3,3,0,1,PNEUMONIA,0,3,False
dup_group_01476,3,3,0,1,PNEUMONIA,0,3,False
dup_group_01526,3,3,0,1,PNEUMONIA,0,3,False
dup_group_01586,3,3,0,1,PNEUMONIA,0,3,False
dup_group_01675,3,3,0,1,PNEUMONIA,0,3,False
dup_group_01710,3,3,0,1,PNEUMONIA,0,3,False
dup_group_01778,3,3,0,1,PNEUMONIA,0,3,False
dup_group_01820,3,3,0,1,PNEUMONIA,0,3,False
dup_group_01899,3,3,0,1,PNEUMONIA,0,3,False
dup_group_01930,3,3,0,1,PNEUMONIA,0,3,False
dup_group_01964,3,3,0,1,PNEUMONIA,0,3,False
dup_group_02047,3,3,0,1,PNEUMONIA,0,3,False
dup_group_02051,3,3,0,1,PNEUMONIA,0,3,False
dup_group_02067,3,3,0,1,PNEUMONIA,0,3,False
dup_group_02160,3,3,0,1,PNEUMONIA,0,3,False
dup_group_02247,3,3,0,1,PNEUMONIA,0,3,False
dup_group_02290,3,3,0,1,PNEUMONIA,0,3,False
dup_group_02344,3,3,0,1,PNEUMONIA,0,3,False
dup_group_02392,3,3,0,1,PNEUMONIA,0,3,False
dup_group_02498,3,3,0,1,PNEUMONIA,0,3,False
dup_group_02517,3,3,0,1,PNEUMONIA,0,3,False
dup_group_02767,3,3,0,1,PNEUMONIA,0,3,False
dup_group_00005,2,2,0,"0,1","NORMAL,PNEUMONIA",1,1,True
dup_group_00013,2,2,0,0,NORMAL,2,0,False
dup_group_00023,2,2,0,0,NORMAL,2,0,False
dup_group_00028,2,2,0,0,NORMAL,2,0,False
dup_group_00031,2,2,0,0,NORMAL,2,0,False
dup_group_00041,2,2,0,"0,1","NORMAL,PNEUMONIA",1,1,True
dup_group_00058,2,2,0,0,NORMAL,2,0,False
dup_group_00078,2,2,0,0,NORMAL,2,0,False
dup_group_00084,2,2,0,0,NORMAL,2,0,False
dup_group_00087,2,2,0,0,NORMAL,2,0,False
dup_group_00094,2,2,0,"0,1","NORMAL,PNEUMONIA",1,1,True
dup_group_00097,2,2,0,0,NORMAL,2,0,False
dup_group_00103,2,2,0,0,NORMAL,2,0,False
dup_group_00104,2,2,0,0,NORMAL,2,0,False
dup_group_00113,2,2,0,0,NORMAL,2,0,False
dup_group_00132,2,2,0,0,NORMAL,2,0,False
dup_group_00140,2,2,0,"0,1","NORMAL,PNEUMONIA",1,1,True
dup_group_00151,2,2,0,0,NORMAL,2,0,False
dup_group_00154,2,2,0,0,NORMAL,2,0,False
dup_group_00157,2,2,0,"0,1","NORMAL,PNEUMONIA",1,1,True
dup_group_00164,2,2,0,"0,1","NORMAL,PNEUMONIA",1,1,True
dup_group_00182,2,2,0,"0,1","NORMAL,PNEUMONIA",1,1,True
dup_group_00185,2,2,0,0,NORMAL,2,0,False
dup_group_00187,2,2,0,0,NORMAL,2,0,False
dup_group_00193,2,2,0,0,NORMAL,2,0,False
dup_group_00199,2,2,0,0,NORMAL,2,0,False
dup_group_00210,2,2,0,"0,1","NORMAL,PNEUMONIA",1,1,True
dup_group_00215,2,2,0,0,NORMAL,2,0,False
dup_group_00227,2,2,0,0,NORMAL,2,0,False
dup_group_00229,2,2,0,0,NORMAL,2,0,False
dup_group_00239,2,2,0,"0,1","NORMAL,PNEUMONIA",1,1,True
dup_group_00259,2,2,0,0,NORMAL,2,0,False
dup_group_00264,2,2,0,0,NORMAL,2,0,False
dup_group_00270,2,2,0,0,NORMAL,2,0,False
dup_group_00275,2,2,0,"0,1","NORMAL,PNEUMONIA",1,1,True
dup_group_00280,2,0,2,"0,1","NORMAL,PNEUMONIA",1,1,True
dup_group_00286,2,2,0,0,NORMAL,2,0,False
dup_group_00300,2,2,0,0,NORMAL,2,0,False
dup_group_00305,2,2,0,"0,1","NORMAL,PNEUMONIA",1,1,True
dup_group_00312,2,2,0,0,NORMAL,2,0,False
dup_group_00316,2,2,0,0,NORMAL,2,0,False
dup_group_00320,2,2,0,0,NORMAL,2,0,False
dup_group_00347,2,2,0,0,NORMAL,2,0,False
dup_group_00350,2,2,0,0,NORMAL,2,0,False
dup_group_00355,2,2,0,0,NORMAL,2,0,False
dup_group_00358,2,2,0,0,NORMAL,2,0,False
dup_group_00362,2,2,0,0,NORMAL,2,0,False
dup_group_00377,2,2,0,"0,1","NORMAL,PNEUMONIA",1,1,True
dup_group_00416,2,2,0,"0,1","NORMAL,PNEUMONIA",1,1,True
dup_group_00420,2,2,0,0,NORMAL,2,0,False
dup_group_00434,2,2,0,"0,1","NORMAL,PNEUMONIA",1,1,True
dup_group_00440,2,2,0,0,NORMAL,2,0,False
dup_group_00443,2,2,0,0,NORMAL,2,0,False
dup_group_00454,2,2,0,"0,1","NORMAL,PNEUMONIA",1,1,True
dup_group_00468,2,2,0,0,NORMAL,2,0,False
dup_group_00495,2,2,0,0,NORMAL,2,0,False
dup_group_00496,2,2,0,0,NORMAL,2,0,False
dup_group_00524,2,2,0,0,NORMAL,2,0,False
dup_group_00531,2,0,2,"0,1","NORMAL,PNEUMONIA",1,1,True
dup_group_00566,2,2,0,0,NORMAL,2,0,False
dup_group_00573,2,2,0,0,NORMAL,2,0,False
dup_group_00575,2,2,0,0,NORMAL,2,0,False
dup_group_00587,2,2,0,"0,1","NORMAL,PNEUMONIA",1,1,True
dup_group_00594,2,0,2,"0,1","NORMAL,PNEUMONIA",1,1,True
dup_group_00609,2,2,0,"0,1","NORMAL,PNEUMONIA",1,1,True
dup_group_00623,2,2,0,"0,1","NORMAL,PNEUMONIA",1,1,True
dup_group_00634,2,2,0,"0,1","NORMAL,PNEUMONIA",1,1,True
dup_group_00649,2,2,0,"0,1","NORMAL,PNEUMONIA",1,1,True
dup_group_00665,2,2,0,0,NORMAL,2,0,False
dup_group_00696,2,0,2,"0,1","NORMAL,PNEUMONIA",1,1,True
dup_group_00715,2,2,0,"0,1","NORMAL,PNEUMONIA",1,1,True
dup_group_00742,2,2,0,0,NORMAL,2,0,False
dup_group_00748,2,2,0,"0,1","NORMAL,PNEUMONIA",1,1,True
dup_group_00780,2,2,0,"0,1","NORMAL,PNEUMONIA",1,1,True
dup_group_00786,2,2,0,"0,1","NORMAL,PNEUMONIA",1,1,True
dup_group_00838,2,2,0,"0,1","NORMAL,PNEUMONIA",1,1,True
dup_group_00851,2,0,2,"0,1","NORMAL,PNEUMONIA",1,1,True
dup_group_00897,2,2,0,0,NORMAL,2,0,False
dup_group_00918,2,0,2,"0,1","NORMAL,PNEUMONIA",1,1,True
dup_group_00947,2,0,2,"0,1","NORMAL,PNEUMONIA",1,1,True
dup_group_00970,2,2,0,"0,1","NORMAL,PNEUMONIA",1,1,True
dup_group_00975,2,2,0,"0,1","NORMAL,PNEUMONIA",1,1,True
dup_group_00983,2,2,0,1,PNEUMONIA,0,2,False
dup_group_00994,2,2,0,1,PNEUMONIA,0,2,False
dup_group_01014,2,2,0,1,PNEUMONIA,0,2,False
dup_group_01027,2,2,0,1,PNEUMONIA,0,2,False
dup_group_01038,2,2,0,1,PNEUMONIA,0,2,False
dup_group_01065,2,2,0,1,PNEUMONIA,0,2,False
dup_group_01067,2,2,0,1,PNEUMONIA,0,2,False
dup_group_01101,2,2,0,1,PNEUMONIA,0,2,False
dup_group_01104,2,2,0,1,PNEUMONIA,0,2,False
dup_group_01118,2,2,0,1,PNEUMONIA,0,2,False
dup_group_01122,2,2,0,1,PNEUMONIA,0,2,False
dup_group_01135,2,2,0,1,PNEUMONIA,0,2,False
dup_group_01152,2,2,0,1,PNEUMONIA,0,2,False
dup_group_01168,2,2,0,1,PNEUMONIA,0,2,False
dup_group_01170,2,2,0,1,PNEUMONIA,0,2,False
dup_group_01178,2,2,0,1,PNEUMONIA,0,2,False
dup_group_01179,2,2,0,1,PNEUMONIA,0,2,False
dup_group_01192,2,2,0,1,PNEUMONIA,0,2,False
dup_group_01243,2,2,0,1,PNEUMONIA,0,2,False
dup_group_01245,2,2,0,1,PNEUMONIA,0,2,False
dup_group_01247,2,2,0,1,PNEUMONIA,0,2,False
dup_group_01248,2,2,0,1,PNEUMONIA,0,2,False
dup_group_01264,2,2,0,1,PNEUMONIA,0,2,False
dup_group_01269,2,2,0,1,PNEUMONIA,0,2,False
dup_group_01282,2,2,0,1,PNEUMONIA,0,2,False
dup_group_01288,2,2,0,1,PNEUMONIA,0,2,False
dup_group_01290,2,2,0,1,PNEUMONIA,0,2,False
dup_group_01306,2,2,0,1,PNEUMONIA,0,2,False
dup_group_01312,2,2,0,1,PNEUMONIA,0,2,False
dup_group_01319,2,2,0,1,PNEUMONIA,0,2,False
dup_group_01321,2,2,0,1,PNEUMONIA,0,2,False
dup_group_01326,2,2,0,1,PNEUMONIA,0,2,False
dup_group_01329,2,2,0,1,PNEUMONIA,0,2,False
dup_group_01350,2,2,0,1,PNEUMONIA,0,2,False
dup_group_01374,2,2,0,1,PNEUMONIA,0,2,False
dup_group_01389,2,2,0,1,PNEUMONIA,0,2,False
dup_group_01418,2,2,0,1,PNEUMONIA,0,2,False
dup_group_01419,2,2,0,1,PNEUMONIA,0,2,False
dup_group_01423,2,2,0,1,PNEUMONIA,0,2,False
dup_group_01427,2,2,0,1,PNEUMONIA,0,2,False
dup_group_01431,2,2,0,1,PNEUMONIA,0,2,False
dup_group_01434,2,2,0,1,PNEUMONIA,0,2,False
dup_group_01439,2,2,0,1,PNEUMONIA,0,2,False
dup_group_01450,2,2,0,1,PNEUMONIA,0,2,False
dup_group_01455,2,2,0,1,PNEUMONIA,0,2,False
dup_group_01465,2,2,0,1,PNEUMONIA,0,2,False
dup_group_01466,2,2,0,1,PNEUMONIA,0,2,False
dup_group_01468,2,2,0,1,PNEUMONIA,0,2,False
dup_group_01472,2,2,0,1,PNEUMONIA,0,2,False
dup_group_01475,2,2,0,1,PNEUMONIA,0,2,False
dup_group_01477,2,2,0,1,PNEUMONIA,0,2,False
dup_group_01481,2,2,0,1,PNEUMONIA,0,2,False
dup_group_01535,2,2,0,1,PNEUMONIA,0,2,False
dup_group_01545,2,2,0,1,PNEUMONIA,0,2,False
dup_group_01557,2,2,0,1,PNEUMONIA,0,2,False
dup_group_01572,2,2,0,1,PNEUMONIA,0,2,False
dup_group_01577,2,2,0,1,PNEUMONIA,0,2,False
dup_group_01583,2,2,0,1,PNEUMONIA,0,2,False
dup_group_01590,2,2,0,1,PNEUMONIA,0,2,False
dup_group_01598,2,2,0,1,PNEUMONIA,0,2,False
dup_group_01615,2,2,0,1,PNEUMONIA,0,2,False
dup_group_01617,2,2,0,1,PNEUMONIA,0,2,False
dup_group_01618,2,2,0,1,PNEUMONIA,0,2,False
dup_group_01624,2,2,0,1,PNEUMONIA,0,2,False
dup_group_01654,2,2,0,1,PNEUMONIA,0,2,False
dup_group_01660,2,2,0,1,PNEUMONIA,0,2,False
dup_group_01671,2,2,0,1,PNEUMONIA,0,2,False
dup_group_01677,2,2,0,1,PNEUMONIA,0,2,False
dup_group_01684,2,2,0,1,PNEUMONIA,0,2,False
dup_group_01702,2,2,0,1,PNEUMONIA,0,2,False
dup_group_01712,2,2,0,1,PNEUMONIA,0,2,False
dup_group_01717,2,2,0,1,PNEUMONIA,0,2,False
dup_group_01731,2,2,0,1,PNEUMONIA,0,2,False
dup_group_01732,2,2,0,1,PNEUMONIA,0,2,False
dup_group_01735,2,2,0,1,PNEUMONIA,0,2,False
dup_group_01752,2,2,0,1,PNEUMONIA,0,2,False
dup_group_01755,2,2,0,1,PNEUMONIA,0,2,False
dup_group_01792,2,2,0,1,PNEUMONIA,0,2,False
dup_group_01807,2,2,0,1,PNEUMONIA,0,2,False
dup_group_01819,2,2,0,1,PNEUMONIA,0,2,False
dup_group_01824,2,2,0,1,PNEUMONIA,0,2,False
dup_group_01838,2,2,0,1,PNEUMONIA,0,2,False
dup_group_01841,2,2,0,1,PNEUMONIA,0,2,False
dup_group_01842,2,2,0,1,PNEUMONIA,0,2,False
dup_group_01857,2,2,0,1,PNEUMONIA,0,2,False
dup_group_01860,2,2,0,1,PNEUMONIA,0,2,False
dup_group_01864,2,2,0,1,PNEUMONIA,0,2,False
dup_group_01867,2,2,0,1,PNEUMONIA,0,2,False
dup_group_01890,2,2,0,1,PNEUMONIA,0,2,False
dup_group_01910,2,2,0,1,PNEUMONIA,0,2,False
dup_group_01931,2,2,0,1,PNEUMONIA,0,2,False
dup_group_01959,2,2,0,1,PNEUMONIA,0,2,False
dup_group_01960,2,2,0,1,PNEUMONIA,0,2,False
dup_group_01963,2,2,0,1,PNEUMONIA,0,2,False
dup_group_01972,2,2,0,1,PNEUMONIA,0,2,False
dup_group_01996,2,2,0,1,PNEUMONIA,0,2,False
dup_group_02018,2,2,0,1,PNEUMONIA,0,2,False
dup_group_02055,2,2,0,1,PNEUMONIA,0,2,False
dup_group_02062,2,2,0,1,PNEUMONIA,0,2,False
dup_group_02093,2,2,0,1,PNEUMONIA,0,2,False
dup_group_02097,2,2,0,1,PNEUMONIA,0,2,False
dup_group_02110,2,2,0,1,PNEUMONIA,0,2,False
dup_group_02153,2,2,0,1,PNEUMONIA,0,2,False
dup_group_02169,2,2,0,1,PNEUMONIA,0,2,False
dup_group_02187,2,2,0,1,PNEUMONIA,0,2,False
dup_group_02266,2,2,0,1,PNEUMONIA,0,2,False
dup_group_02276,2,2,0,1,PNEUMONIA,0,2,False
dup_group_02303,2,2,0,1,PNEUMONIA,0,2,False
dup_group_02315,2,2,0,1,PNEUMONIA,0,2,False
dup_group_02329,2,2,0,1,PNEUMONIA,0,2,False
dup_group_02338,2,2,0,1,PNEUMONIA,0,2,False
dup_group_02362,2,2,0,1,PNEUMONIA,0,2,False
dup_group_02383,2,2,0,1,PNEUMONIA,0,2,False
dup_group_02431,2,2,0,1,PNEUMONIA,0,2,False
dup_group_02481,2,2,0,1,PNEUMONIA,0,2,False
dup_group_02509,2,2,0,1,PNEUMONIA,0,2,False
dup_group_02555,2,2,0,1,PNEUMONIA,0,2,False
dup_group_02602,2,2,0,1,PNEUMONIA,0,2,False
dup_group_02621,2,2,0,1,PNEUMONIA,0,2,False
dup_group_02658,2,2,0,1,PNEUMONIA,0,2,False
dup_group_02673,2,2,0,1,PNEUMONIA,0,2,False
dup_group_02678,2,2,0,1,PNEUMONIA,0,2,False
dup_group_02681,2,2,0,1,PNEUMONIA,0,2,False
dup_group_02710,2,2,0,1,PNEUMONIA,0,2,False
dup_group_02826,2,2,0,1,PNEUMONIA,0,2,False
dup_group_02839,2,2,0,1,PNEUMONIA,0,2,False
dup_group_02908,2,2,0,1,PNEUMONIA,0,2,False
dup_group_02917,2,2,0,1,PNEUMONIA,0,2,False
dup_group_02939,2,2,0,1,PNEUMONIA,0,2,False
dup_group_03088,2,2,0,1,PNEUMONIA,0,2,False
dup_group_00001,1,1,0,0,NORMAL,1,0,False
dup_group_00002,1,0,1,0,NORMAL,1,0,False
dup_group_00007,1,1,0,0,NORMAL,1,0,False
dup_group_00008,1,0,1,0,NORMAL,1,0,False
dup_group_00009,1,1,0,0,NORMAL,1,0,False
dup_group_00010,1,1,0,0,NORMAL,1,0,False
dup_group_00012,1,1,0,0,NORMAL,1,0,False
dup_group_00015,1,1,0,0,NORMAL,1,0,False
dup_group_00017,1,1,0,0,NORMAL,1,0,False
dup_group_00018,1,1,0,0,NORMAL,1,0,False
dup_group_00019,1,1,0,0,NORMAL,1,0,False
dup_group_00020,1,0,1,0,NORMAL,1,0,False
dup_group_00021,1,1,0,0,NORMAL,1,0,False
dup_group_00024,1,1,0,0,NORMAL,1,0,False
dup_group_00025,1,1,0,0,NORMAL,1,0,False
dup_group_00026,1,1,0,0,NORMAL,1,0,False
dup_group_00030,1,1,0,0,NORMAL,1,0,False
dup_group_00033,1,0,1,0,NORMAL,1,0,False
dup_group_00034,1,1,0,0,NORMAL,1,0,False
dup_group_00035,1,1,0,0,NORMAL,1,0,False
dup_group_00036,1,1,0,0,NORMAL,1,0,False
dup_group_00038,1,1,0,0,NORMAL,1,0,False
dup_group_00039,1,1,0,0,NORMAL,1,0,False
dup_group_00040,1,0,1,0,NORMAL,1,0,False
dup_group_00042,1,1,0,0,NORMAL,1,0,False
dup_group_00045,1,1,0,0,NORMAL,1,0,False
dup_group_00046,1,0,1,0,NORMAL,1,0,False
dup_group_00047,1,1,0,0,NORMAL,1,0,False
dup_group_00048,1,1,0,0,NORMAL,1,0,False
dup_group_00049,1,1,0,0,NORMAL,1,0,False
dup_group_00050,1,0,1,0,NORMAL,1,0,False
dup_group_00051,1,1,0,0,NORMAL,1,0,False
dup_group_00052,1,0,1,0,NORMAL,1,0,False
dup_group_00053,1,1,0,0,NORMAL,1,0,False
dup_group_00054,1,1,0,0,NORMAL,1,0,False
dup_group_00055,1,1,0,0,NORMAL,1,0,False
dup_group_00056,1,1,0,0,NORMAL,1,0,False
dup_group_00057,1,1,0,0,NORMAL,1,0,False
dup_group_00059,1,1,0,0,NORMAL,1,0,False
dup_group_00060,1,1,0,0,NORMAL,1,0,False
dup_group_00061,1,1,0,0,NORMAL,1,0,False
dup_group_00062,1,1,0,0,NORMAL,1,0,False
dup_group_00063,1,1,0,0,NORMAL,1,0,False
dup_group_00064,1,1,0,0,NORMAL,1,0,False
dup_group_00065,1,1,0,0,NORMAL,1,0,False
dup_group_00066,1,1,0,0,NORMAL,1,0,False
dup_group_00067,1,1,0,0,NORMAL,1,0,False
dup_group_00068,1,1,0,0,NORMAL,1,0,False
dup_group_00071,1,1,0,0,NORMAL,1,0,False
dup_group_00072,1,0,1,0,NORMAL,1,0,False
dup_group_00073,1,1,0,0,NORMAL,1,0,False
dup_group_00074,1,1,0,0,NORMAL,1,0,False
dup_group_00076,1,1,0,0,NORMAL,1,0,False
dup_group_00077,1,1,0,0,NORMAL,1,0,False
dup_group_00079,1,1,0,0,NORMAL,1,0,False
dup_group_00080,1,1,0,0,NORMAL,1,0,False
dup_group_00081,1,1,0,0,NORMAL,1,0,False
dup_group_00082,1,1,0,0,NORMAL,1,0,False
dup_group_00083,1,1,0,0,NORMAL,1,0,False
dup_group_00085,1,0,1,0,NORMAL,1,0,False
dup_group_00086,1,1,0,0,NORMAL,1,0,False
dup_group_00088,1,1,0,0,NORMAL,1,0,False
dup_group_00089,1,1,0,0,NORMAL,1,0,False
dup_group_00090,1,0,1,0,NORMAL,1,0,False
dup_group_00091,1,1,0,0,NORMAL,1,0,False
dup_group_00092,1,1,0,0,NORMAL,1,0,False
dup_group_00095,1,1,0,0,NORMAL,1,0,False
dup_group_00096,1,1,0,0,NORMAL,1,0,False
dup_group_00098,1,1,0,0,NORMAL,1,0,False
dup_group_00099,1,1,0,0,NORMAL,1,0,False
dup_group_00101,1,1,0,0,NORMAL,1,0,False
dup_group_00102,1,1,0,0,NORMAL,1,0,False
dup_group_00105,1,1,0,0,NORMAL,1,0,False
dup_group_00106,1,1,0,0,NORMAL,1,0,False
dup_group_00107,1,1,0,0,NORMAL,1,0,False
dup_group_00108,1,0,1,0,NORMAL,1,0,False
dup_group_00109,1,1,0,0,NORMAL,1,0,False
dup_group_00110,1,1,0,0,NORMAL,1,0,False
dup_group_00112,1,1,0,0,NORMAL,1,0,False
dup_group_00114,1,1,0,0,NORMAL,1,0,False
dup_group_00116,1,1,0,0,NORMAL,1,0,False
dup_group_00118,1,1,0,0,NORMAL,1,0,False
dup_group_00119,1,1,0,0,NORMAL,1,0,False
dup_group_00120,1,1,0,0,NORMAL,1,0,False
dup_group_00121,1,1,0,0,NORMAL,1,0,False
dup_group_00122,1,1,0,0,NORMAL,1,0,False
dup_group_00124,1,1,0,0,NORMAL,1,0,False
dup_group_00125,1,0,1,0,NORMAL,1,0,False
dup_group_00126,1,1,0,0,NORMAL,1,0,False
dup_group_00127,1,1,0,0,NORMAL,1,0,False
dup_group_00128,1,1,0,0,NORMAL,1,0,False
dup_group_00129,1,0,1,0,NORMAL,1,0,False
dup_group_00130,1,0,1,0,NORMAL,1,0,False
dup_group_00133,1,1,0,0,NORMAL,1,0,False
dup_group_00134,1,0,1,0,NORMAL,1,0,False
dup_group_00135,1,0,1,0,NORMAL,1,0,False
dup_group_00136,1,1,0,0,NORMAL,1,0,False
dup_group_00139,1,0,1,0,NORMAL,1,0,False
dup_group_00141,1,1,0,0,NORMAL,1,0,False
dup_group_00142,1,0,1,0,NORMAL,1,0,False
dup_group_00143,1,0,1,0,NORMAL,1,0,False
dup_group_00144,1,0,1,0,NORMAL,1,0,False
dup_group_00145,1,1,0,0,NORMAL,1,0,False
dup_group_00146,1,1,0,0,NORMAL,1,0,False
dup_group_00147,1,1,0,0,NORMAL,1,0,False
dup_group_00148,1,1,0,0,NORMAL,1,0,False
dup_group_00149,1,1,0,0,NORMAL,1,0,False
dup_group_00150,1,1,0,0,NORMAL,1,0,False
dup_group_00152,1,1,0,0,NORMAL,1,0,False
dup_group_00153,1,1,0,0,NORMAL,1,0,False
dup_group_00156,1,1,0,0,NORMAL,1,0,False
dup_group_00159,1,1,0,0,NORMAL,1,0,False
dup_group_00160,1,1,0,0,NORMAL,1,0,False
dup_group_00161,1,1,0,0,NORMAL,1,0,False
dup_group_00162,1,1,0,0,NORMAL,1,0,False
dup_group_00163,1,1,0,0,NORMAL,1,0,False
dup_group_00165,1,1,0,0,NORMAL,1,0,False
dup_group_00166,1,1,0,0,NORMAL,1,0,False
dup_group_00167,1,1,0,0,NORMAL,1,0,False
dup_group_00168,1,1,0,0,NORMAL,1,0,False
dup_group_00169,1,1,0,0,NORMAL,1,0,False
dup_group_00170,1,1,0,0,NORMAL,1,0,False
dup_group_00171,1,1,0,0,NORMAL,1,0,False
dup_group_00172,1,1,0,0,NORMAL,1,0,False
dup_group_00173,1,1,0,0,NORMAL,1,0,False
dup_group_00174,1,0,1,0,NORMAL,1,0,False
dup_group_00175,1,0,1,0,NORMAL,1,0,False
dup_group_00176,1,1,0,0,NORMAL,1,0,False
dup_group_00178,1,1,0,0,NORMAL,1,0,False
dup_group_00179,1,1,0,0,NORMAL,1,0,False
dup_group_00180,1,1,0,0,NORMAL,1,0,False
dup_group_00181,1,1,0,0,NORMAL,1,0,False
dup_group_00183,1,1,0,0,NORMAL,1,0,False
dup_group_00184,1,1,0,0,NORMAL,1,0,False
dup_group_00186,1,1,0,0,NORMAL,1,0,False
dup_group_00188,1,1,0,0,NORMAL,1,0,False
dup_group_00189,1,1,0,0,NORMAL,1,0,False
dup_group_00190,1,1,0,0,NORMAL,1,0,False
dup_group_00191,1,0,1,0,NORMAL,1,0,False
dup_group_00192,1,0,1,0,NORMAL,1,0,False
dup_group_00195,1,1,0,0,NORMAL,1,0,False
dup_group_00196,1,0,1,0,NORMAL,1,0,False
dup_group_00197,1,0,1,0,NORMAL,1,0,False
dup_group_00198,1,1,0,0,NORMAL,1,0,False
dup_group_00200,1,1,0,0,NORMAL,1,0,False
dup_group_00201,1,1,0,0,NORMAL,1,0,False
dup_group_00202,1,1,0,0,NORMAL,1,0,False
dup_group_00203,1,1,0,0,NORMAL,1,0,False
dup_group_00204,1,1,0,0,NORMAL,1,0,False
dup_group_00205,1,1,0,0,NORMAL,1,0,False
dup_group_00206,1,0,1,0,NORMAL,1,0,False
dup_group_00207,1,1,0,0,NORMAL,1,0,False
dup_group_00208,1,1,0,0,NORMAL,1,0,False
dup_group_00211,1,1,0,0,NORMAL,1,0,False
dup_group_00212,1,1,0,0,NORMAL,1,0,False
dup_group_00213,1,0,1,0,NORMAL,1,0,False
dup_group_00214,1,1,0,0,NORMAL,1,0,False
dup_group_00216,1,0,1,0,NORMAL,1,0,False
dup_group_00217,1,1,0,0,NORMAL,1,0,False
dup_group_00218,1,1,0,0,NORMAL,1,0,False
dup_group_00220,1,0,1,0,NORMAL,1,0,False
dup_group_00222,1,1,0,0,NORMAL,1,0,False
dup_group_00223,1,0,1,0,NORMAL,1,0,False
dup_group_00225,1,0,1,0,NORMAL,1,0,False
dup_group_00228,1,1,0,0,NORMAL,1,0,False
dup_group_00230,1,1,0,0,NORMAL,1,0,False
dup_group_00231,1,1,0,0,NORMAL,1,0,False
dup_group_00232,1,1,0,0,NORMAL,1,0,False
dup_group_00234,1,0,1,0,NORMAL,1,0,False
dup_group_00235,1,1,0,0,NORMAL,1,0,False
dup_group_00236,1,1,0,0,NORMAL,1,0,False
dup_group_00237,1,0,1,0,NORMAL,1,0,False
dup_group_00238,1,1,0,0,NORMAL,1,0,False
dup_group_00241,1,1,0,0,NORMAL,1,0,False
dup_group_00242,1,1,0,0,NORMAL,1,0,False
dup_group_00243,1,1,0,0,NORMAL,1,0,False
dup_group_00244,1,0,1,0,NORMAL,1,0,False
dup_group_00245,1,1,0,0,NORMAL,1,0,False
dup_group_00247,1,1,0,0,NORMAL,1,0,False
dup_group_00248,1,0,1,0,NORMAL,1,0,False
dup_group_00249,1,1,0,0,NORMAL,1,0,False
dup_group_00250,1,0,1,0,NORMAL,1,0,False
dup_group_00251,1,0,1,0,NORMAL,1,0,False
dup_group_00252,1,1,0,0,NORMAL,1,0,False
dup_group_00254,1,1,0,0,NORMAL,1,0,False
dup_group_00255,1,1,0,0,NORMAL,1,0,False
dup_group_00256,1,1,0,0,NORMAL,1,0,False
dup_group_00257,1,0,1,0,NORMAL,1,0,False
dup_group_00258,1,1,0,0,NORMAL,1,0,False
dup_group_00260,1,1,0,0,NORMAL,1,0,False
dup_group_00261,1,1,0,0,NORMAL,1,0,False
dup_group_00262,1,1,0,0,NORMAL,1,0,False
dup_group_00263,1,1,0,0,NORMAL,1,0,False
dup_group_00265,1,1,0,0,NORMAL,1,0,False
dup_group_00266,1,0,1,0,NORMAL,1,0,False
dup_group_00267,1,1,0,0,NORMAL,1,0,False
dup_group_00268,1,1,0,0,NORMAL,1,0,False
dup_group_00269,1,1,0,0,NORMAL,1,0,False
dup_group_00271,1,0,1,0,NORMAL,1,0,False
dup_group_00273,1,1,0,0,NORMAL,1,0,False
dup_group_00274,1,1,0,0,NORMAL,1,0,False
dup_group_00276,1,1,0,0,NORMAL,1,0,False
dup_group_00277,1,0,1,0,NORMAL,1,0,False
dup_group_00278,1,1,0,0,NORMAL,1,0,False
dup_group_00279,1,1,0,0,NORMAL,1,0,False
dup_group_00281,1,1,0,0,NORMAL,1,0,False
dup_group_00282,1,1,0,0,NORMAL,1,0,False
dup_group_00283,1,1,0,0,NORMAL,1,0,False
dup_group_00284,1,1,0,0,NORMAL,1,0,False
dup_group_00287,1,1,0,0,NORMAL,1,0,False
dup_group_00288,1,1,0,0,NORMAL,1,0,False
dup_group_00289,1,0,1,0,NORMAL,1,0,False
dup_group_00290,1,0,1,0,NORMAL,1,0,False
dup_group_00291,1,1,0,0,NORMAL,1,0,False
dup_group_00292,1,1,0,0,NORMAL,1,0,False
dup_group_00294,1,0,1,0,NORMAL,1,0,False
dup_group_00295,1,1,0,0,NORMAL,1,0,False
dup_group_00296,1,1,0,0,NORMAL,1,0,False
dup_group_00297,1,1,0,0,NORMAL,1,0,False
dup_group_00298,1,1,0,0,NORMAL,1,0,False
dup_group_00299,1,1,0,0,NORMAL,1,0,False
dup_group_00301,1,1,0,0,NORMAL,1,0,False
dup_group_00303,1,1,0,0,NORMAL,1,0,False
dup_group_00304,1,1,0,0,NORMAL,1,0,False
dup_group_00306,1,1,0,0,NORMAL,1,0,False
dup_group_00307,1,1,0,0,NORMAL,1,0,False
dup_group_00308,1,1,0,0,NORMAL,1,0,False
dup_group_00310,1,1,0,0,NORMAL,1,0,False
dup_group_00311,1,1,0,0,NORMAL,1,0,False
dup_group_00313,1,1,0,0,NORMAL,1,0,False
dup_group_00314,1,1,0,0,NORMAL,1,0,False
dup_group_00315,1,1,0,0,NORMAL,1,0,False
dup_group_00317,1,1,0,0,NORMAL,1,0,False
dup_group_00318,1,1,0,0,NORMAL,1,0,False
dup_group_00319,1,1,0,0,NORMAL,1,0,False
dup_group_00321,1,0,1,0,NORMAL,1,0,False
dup_group_00322,1,1,0,0,NORMAL,1,0,False
dup_group_00323,1,0,1,0,NORMAL,1,0,False
dup_group_00324,1,0,1,0,NORMAL,1,0,False
dup_group_00325,1,1,0,0,NORMAL,1,0,False
dup_group_00326,1,1,0,0,NORMAL,1,0,False
dup_group_00327,1,1,0,0,NORMAL,1,0,False
dup_group_00328,1,1,0,0,NORMAL,1,0,False
dup_group_00329,1,0,1,0,NORMAL,1,0,False
dup_group_00331,1,0,1,0,NORMAL,1,0,False
dup_group_00332,1,1,0,0,NORMAL,1,0,False
dup_group_00333,1,1,0,0,NORMAL,1,0,False
dup_group_00334,1,1,0,0,NORMAL,1,0,False
dup_group_00335,1,1,0,0,NORMAL,1,0,False
dup_group_00336,1,0,1,0,NORMAL,1,0,False
dup_group_00337,1,0,1,0,NORMAL,1,0,False
dup_group_00338,1,1,0,0,NORMAL,1,0,False
dup_group_00339,1,1,0,0,NORMAL,1,0,False
dup_group_00340,1,1,0,0,NORMAL,1,0,False
dup_group_00341,1,1,0,0,NORMAL,1,0,False
dup_group_00342,1,1,0,0,NORMAL,1,0,False
dup_group_00344,1,1,0,0,NORMAL,1,0,False
dup_group_00345,1,1,0,0,NORMAL,1,0,False
dup_group_00346,1,1,0,0,NORMAL,1,0,False
dup_group_00348,1,1,0,0,NORMAL,1,0,False
dup_group_00349,1,1,0,0,NORMAL,1,0,False
dup_group_00351,1,0,1,0,NORMAL,1,0,False
dup_group_00353,1,1,0,0,NORMAL,1,0,False
dup_group_00354,1,1,0,0,NORMAL,1,0,False
dup_group_00359,1,1,0,0,NORMAL,1,0,False
dup_group_00360,1,1,0,0,NORMAL,1,0,False
dup_group_00361,1,0,1,0,NORMAL,1,0,False
dup_group_00363,1,0,1,0,NORMAL,1,0,False
dup_group_00364,1,1,0,0,NORMAL,1,0,False
dup_group_00365,1,1,0,0,NORMAL,1,0,False
dup_group_00366,1,1,0,0,NORMAL,1,0,False
dup_group_00367,1,1,0,0,NORMAL,1,0,False
dup_group_00368,1,1,0,0,NORMAL,1,0,False
dup_group_00369,1,1,0,0,NORMAL,1,0,False
dup_group_00371,1,1,0,0,NORMAL,1,0,False
dup_group_00373,1,0,1,0,NORMAL,1,0,False
dup_group_00374,1,1,0,0,NORMAL,1,0,False
dup_group_00375,1,1,0,0,NORMAL,1,0,False
dup_group_00378,1,1,0,0,NORMAL,1,0,False
dup_group_00379,1,0,1,0,NORMAL,1,0,False
dup_group_00380,1,1,0,0,NORMAL,1,0,False
dup_group_00381,1,1,0,0,NORMAL,1,0,False
dup_group_00382,1,1,0,0,NORMAL,1,0,False
dup_group_00383,1,1,0,0,NORMAL,1,0,False
dup_group_00384,1,1,0,0,NORMAL,1,0,False
dup_group_00385,1,1,0,0,NORMAL,1,0,False
dup_group_00386,1,1,0,0,NORMAL,1,0,False
dup_group_00387,1,0,1,0,NORMAL,1,0,False
dup_group_00388,1,1,0,0,NORMAL,1,0,False
dup_group_00389,1,1,0,0,NORMAL,1,0,False
dup_group_00390,1,0,1,0,NORMAL,1,0,False
dup_group_00391,1,0,1,0,NORMAL,1,0,False
dup_group_00393,1,1,0,0,NORMAL,1,0,False
dup_group_00395,1,1,0,0,NORMAL,1,0,False
dup_group_00396,1,1,0,0,NORMAL,1,0,False
dup_group_00397,1,0,1,0,NORMAL,1,0,False
dup_group_00398,1,1,0,0,NORMAL,1,0,False
dup_group_00399,1,1,0,0,NORMAL,1,0,False
dup_group_00400,1,1,0,0,NORMAL,1,0,False
dup_group_00401,1,1,0,0,NORMAL,1,0,False
dup_group_00402,1,1,0,0,NORMAL,1,0,False
dup_group_00403,1,1,0,0,NORMAL,1,0,False
dup_group_00404,1,0,1,0,NORMAL,1,0,False
dup_group_00405,1,1,0,0,NORMAL,1,0,False
dup_group_00406,1,1,0,0,NORMAL,1,0,False
dup_group_00407,1,1,0,0,NORMAL,1,0,False
dup_group_00408,1,1,0,0,NORMAL,1,0,False
dup_group_00409,1,0,1,0,NORMAL,1,0,False
dup_group_00410,1,1,0,0,NORMAL,1,0,False
dup_group_00411,1,1,0,0,NORMAL,1,0,False
dup_group_00412,1,1,0,0,NORMAL,1,0,False
dup_group_00413,1,0,1,0,NORMAL,1,0,False
dup_group_00414,1,1,0,0,NORMAL,1,0,False
dup_group_00415,1,1,0,0,NORMAL,1,0,False
dup_group_00417,1,1,0,0,NORMAL,1,0,False
dup_group_00418,1,1,0,0,NORMAL,1,0,False
dup_group_00419,1,1,0,0,NORMAL,1,0,False
dup_group_00421,1,0,1,0,NORMAL,1,0,False
dup_group_00423,1,1,0,0,NORMAL,1,0,False
dup_group_00424,1,1,0,0,NORMAL,1,0,False
dup_group_00425,1,0,1,0,NORMAL,1,0,False
dup_group_00426,1,1,0,0,NORMAL,1,0,False
dup_group_00428,1,1,0,0,NORMAL,1,0,False
dup_group_00429,1,1,0,0,NORMAL,1,0,False
dup_group_00430,1,1,0,0,NORMAL,1,0,False
dup_group_00431,1,1,0,0,NORMAL,1,0,False
dup_group_00432,1,1,0,0,NORMAL,1,0,False
dup_group_00433,1,1,0,0,NORMAL,1,0,False
dup_group_00436,1,1,0,0,NORMAL,1,0,False
dup_group_00437,1,1,0,0,NORMAL,1,0,False
dup_group_00438,1,1,0,0,NORMAL,1,0,False
dup_group_00441,1,1,0,0,NORMAL,1,0,False
dup_group_00442,1,1,0,0,NORMAL,1,0,False
dup_group_00444,1,1,0,0,NORMAL,1,0,False
dup_group_00446,1,1,0,0,NORMAL,1,0,False
dup_group_00447,1,1,0,0,NORMAL,1,0,False
dup_group_00448,1,1,0,0,NORMAL,1,0,False
dup_group_00449,1,1,0,0,NORMAL,1,0,False
dup_group_00450,1,1,0,0,NORMAL,1,0,False
dup_group_00451,1,1,0,0,NORMAL,1,0,False
dup_group_00452,1,0,1,0,NORMAL,1,0,False
dup_group_00453,1,1,0,0,NORMAL,1,0,False
dup_group_00455,1,1,0,0,NORMAL,1,0,False
dup_group_00456,1,1,0,0,NORMAL,1,0,False
dup_group_00457,1,0,1,0,NORMAL,1,0,False
dup_group_00458,1,1,0,0,NORMAL,1,0,False
dup_group_00459,1,1,0,0,NORMAL,1,0,False
dup_group_00460,1,0,1,0,NORMAL,1,0,False
dup_group_00461,1,1,0,0,NORMAL,1,0,False
dup_group_00463,1,1,0,0,NORMAL,1,0,False
dup_group_00464,1,1,0,0,NORMAL,1,0,False
dup_group_00465,1,1,0,0,NORMAL,1,0,False
dup_group_00466,1,1,0,0,NORMAL,1,0,False
dup_group_00467,1,1,0,0,NORMAL,1,0,False
dup_group_00469,1,1,0,0,NORMAL,1,0,False
dup_group_00470,1,1,0,0,NORMAL,1,0,False
dup_group_00471,1,1,0,0,NORMAL,1,0,False
dup_group_00472,1,1,0,0,NORMAL,1,0,False
dup_group_00473,1,0,1,0,NORMAL,1,0,False
dup_group_00474,1,1,0,0,NORMAL,1,0,False
dup_group_00475,1,1,0,0,NORMAL,1,0,False
dup_group_00476,1,1,0,0,NORMAL,1,0,False
dup_group_00477,1,1,0,0,NORMAL,1,0,False
dup_group_00478,1,1,0,0,NORMAL,1,0,False
dup_group_00479,1,1,0,0,NORMAL,1,0,False
dup_group_00480,1,1,0,0,NORMAL,1,0,False
dup_group_00481,1,0,1,0,NORMAL,1,0,False
dup_group_00482,1,0,1,0,NORMAL,1,0,False
dup_group_00483,1,1,0,0,NORMAL,1,0,False
dup_group_00484,1,1,0,0,NORMAL,1,0,False
dup_group_00485,1,0,1,0,NORMAL,1,0,False
dup_group_00486,1,1,0,0,NORMAL,1,0,False
dup_group_00487,1,1,0,0,NORMAL,1,0,False
dup_group_00488,1,1,0,0,NORMAL,1,0,False
dup_group_00489,1,1,0,0,NORMAL,1,0,False
dup_group_00490,1,0,1,0,NORMAL,1,0,False
dup_group_00491,1,1,0,0,NORMAL,1,0,False
dup_group_00492,1,0,1,0,NORMAL,1,0,False
dup_group_00493,1,1,0,0,NORMAL,1,0,False
dup_group_00494,1,1,0,0,NORMAL,1,0,False
dup_group_00498,1,1,0,0,NORMAL,1,0,False
dup_group_00499,1,1,0,0,NORMAL,1,0,False
dup_group_00500,1,1,0,0,NORMAL,1,0,False
dup_group_00501,1,1,0,0,NORMAL,1,0,False
dup_group_00502,1,0,1,0,NORMAL,1,0,False
dup_group_00503,1,1,0,0,NORMAL,1,0,False
dup_group_00504,1,1,0,0,NORMAL,1,0,False
dup_group_00505,1,1,0,0,NORMAL,1,0,False
dup_group_00506,1,1,0,0,NORMAL,1,0,False
dup_group_00507,1,1,0,0,NORMAL,1,0,False
dup_group_00508,1,0,1,0,NORMAL,1,0,False
dup_group_00509,1,1,0,0,NORMAL,1,0,False
dup_group_00510,1,1,0,0,NORMAL,1,0,False
dup_group_00511,1,1,0,0,NORMAL,1,0,False
dup_group_00512,1,1,0,0,NORMAL,1,0,False
dup_group_00513,1,0,1,0,NORMAL,1,0,False
dup_group_00514,1,1,0,0,NORMAL,1,0,False
dup_group_00515,1,1,0,0,NORMAL,1,0,False
dup_group_00516,1,1,0,0,NORMAL,1,0,False
dup_group_00518,1,0,1,0,NORMAL,1,0,False
dup_group_00519,1,0,1,0,NORMAL,1,0,False
dup_group_00520,1,1,0,0,NORMAL,1,0,False
dup_group_00521,1,1,0,0,NORMAL,1,0,False
dup_group_00522,1,1,0,0,NORMAL,1,0,False
dup_group_00523,1,1,0,0,NORMAL,1,0,False
dup_group_00525,1,1,0,0,NORMAL,1,0,False
dup_group_00526,1,0,1,0,NORMAL,1,0,False
dup_group_00527,1,1,0,0,NORMAL,1,0,False
dup_group_00528,1,1,0,0,NORMAL,1,0,False
dup_group_00529,1,1,0,0,NORMAL,1,0,False
dup_group_00530,1,1,0,0,NORMAL,1,0,False
dup_group_00532,1,1,0,0,NORMAL,1,0,False
dup_group_00533,1,0,1,0,NORMAL,1,0,False
dup_group_00534,1,1,0,0,NORMAL,1,0,False
dup_group_00535,1,1,0,0,NORMAL,1,0,False
dup_group_00536,1,0,1,0,NORMAL,1,0,False
dup_group_00537,1,1,0,0,NORMAL,1,0,False
dup_group_00538,1,1,0,0,NORMAL,1,0,False
dup_group_00539,1,0,1,0,NORMAL,1,0,False
dup_group_00540,1,1,0,0,NORMAL,1,0,False
dup_group_00541,1,1,0,0,NORMAL,1,0,False
dup_group_00542,1,0,1,0,NORMAL,1,0,False
dup_group_00543,1,1,0,0,NORMAL,1,0,False
dup_group_00544,1,1,0,0,NORMAL,1,0,False
dup_group_00545,1,0,1,0,NORMAL,1,0,False
dup_group_00546,1,1,0,0,NORMAL,1,0,False
dup_group_00548,1,1,0,0,NORMAL,1,0,False
dup_group_00549,1,1,0,0,NORMAL,1,0,False
dup_group_00550,1,1,0,0,NORMAL,1,0,False
dup_group_00551,1,1,0,0,NORMAL,1,0,False
dup_group_00552,1,1,0,0,NORMAL,1,0,False
dup_group_00553,1,1,0,0,NORMAL,1,0,False
dup_group_00555,1,1,0,0,NORMAL,1,0,False
dup_group_00556,1,1,0,0,NORMAL,1,0,False
dup_group_00557,1,1,0,0,NORMAL,1,0,False
dup_group_00558,1,1,0,0,NORMAL,1,0,False
dup_group_00559,1,1,0,0,NORMAL,1,0,False
dup_group_00560,1,1,0,0,NORMAL,1,0,False
dup_group_00561,1,1,0,0,NORMAL,1,0,False
dup_group_00562,1,0,1,0,NORMAL,1,0,False
dup_group_00563,1,1,0,0,NORMAL,1,0,False
dup_group_00564,1,1,0,0,NORMAL,1,0,False
dup_group_00565,1,0,1,0,NORMAL,1,0,False
dup_group_00567,1,1,0,0,NORMAL,1,0,False
dup_group_00568,1,1,0,0,NORMAL,1,0,False
dup_group_00569,1,0,1,0,NORMAL,1,0,False
dup_group_00570,1,1,0,0,NORMAL,1,0,False
dup_group_00571,1,1,0,0,NORMAL,1,0,False
dup_group_00572,1,1,0,0,NORMAL,1,0,False
dup_group_00574,1,1,0,0,NORMAL,1,0,False
dup_group_00577,1,1,0,0,NORMAL,1,0,False
dup_group_00579,1,1,0,0,NORMAL,1,0,False
dup_group_00580,1,1,0,0,NORMAL,1,0,False
dup_group_00581,1,0,1,0,NORMAL,1,0,False
dup_group_00582,1,1,0,0,NORMAL,1,0,False
dup_group_00583,1,1,0,0,NORMAL,1,0,False
dup_group_00584,1,1,0,0,NORMAL,1,0,False
dup_group_00585,1,1,0,0,NORMAL,1,0,False
dup_group_00586,1,0,1,0,NORMAL,1,0,False
dup_group_00588,1,1,0,0,NORMAL,1,0,False
dup_group_00589,1,0,1,0,NORMAL,1,0,False
dup_group_00590,1,0,1,0,NORMAL,1,0,False
dup_group_00591,1,1,0,0,NORMAL,1,0,False
dup_group_00592,1,1,0,0,NORMAL,1,0,False
dup_group_00593,1,1,0,0,NORMAL,1,0,False
dup_group_00595,1,1,0,0,NORMAL,1,0,False
dup_group_00596,1,1,0,0,NORMAL,1,0,False
dup_group_00597,1,1,0,0,NORMAL,1,0,False
dup_group_00598,1,1,0,0,NORMAL,1,0,False
dup_group_00599,1,0,1,0,NORMAL,1,0,False
dup_group_00600,1,1,0,0,NORMAL,1,0,False
dup_group_00601,1,0,1,0,NORMAL,1,0,False
dup_group_00602,1,1,0,0,NORMAL,1,0,False
dup_group_00603,1,1,0,0,NORMAL,1,0,False
dup_group_00604,1,1,0,0,NORMAL,1,0,False
dup_group_00605,1,0,1,0,NORMAL,1,0,False
dup_group_00606,1,1,0,0,NORMAL,1,0,False
dup_group_00607,1,1,0,0,NORMAL,1,0,False
dup_group_00608,1,1,0,0,NORMAL,1,0,False
dup_group_00610,1,1,0,0,NORMAL,1,0,False
dup_group_00611,1,1,0,0,NORMAL,1,0,False
dup_group_00612,1,0,1,0,NORMAL,1,0,False
dup_group_00613,1,1,0,0,NORMAL,1,0,False
dup_group_00614,1,1,0,0,NORMAL,1,0,False
dup_group_00615,1,1,0,0,NORMAL,1,0,False
dup_group_00616,1,1,0,0,NORMAL,1,0,False
dup_group_00617,1,1,0,0,NORMAL,1,0,False
dup_group_00618,1,0,1,0,NORMAL,1,0,False
dup_group_00619,1,0,1,0,NORMAL,1,0,False
dup_group_00620,1,0,1,0,NORMAL,1,0,False
dup_group_00621,1,1,0,0,NORMAL,1,0,False
dup_group_00622,1,1,0,0,NORMAL,1,0,False
dup_group_00624,1,0,1,0,NORMAL,1,0,False
dup_group_00625,1,1,0,0,NORMAL,1,0,False
dup_group_00626,1,0,1,0,NORMAL,1,0,False
dup_group_00627,1,0,1,0,NORMAL,1,0,False
dup_group_00628,1,1,0,0,NORMAL,1,0,False
dup_group_00629,1,1,0,0,NORMAL,1,0,False
dup_group_00630,1,1,0,0,NORMAL,1,0,False
dup_group_00631,1,1,0,0,NORMAL,1,0,False
dup_group_00633,1,1,0,0,NORMAL,1,0,False
dup_group_00635,1,1,0,0,NORMAL,1,0,False
dup_group_00636,1,0,1,0,NORMAL,1,0,False
dup_group_00637,1,0,1,0,NORMAL,1,0,False
dup_group_00638,1,1,0,0,NORMAL,1,0,False
dup_group_00640,1,1,0,0,NORMAL,1,0,False
dup_group_00641,1,1,0,0,NORMAL,1,0,False
dup_group_00642,1,1,0,0,NORMAL,1,0,False
dup_group_00643,1,1,0,0,NORMAL,1,0,False
dup_group_00644,1,0,1,0,NORMAL,1,0,False
dup_group_00645,1,1,0,0,NORMAL,1,0,False
dup_group_00646,1,1,0,0,NORMAL,1,0,False
dup_group_00647,1,1,0,0,NORMAL,1,0,False
dup_group_00648,1,1,0,0,NORMAL,1,0,False
dup_group_00650,1,1,0,0,NORMAL,1,0,False
dup_group_00651,1,1,0,0,NORMAL,1,0,False
dup_group_00652,1,1,0,0,NORMAL,1,0,False
dup_group_00653,1,1,0,0,NORMAL,1,0,False
dup_group_00654,1,1,0,0,NORMAL,1,0,False
dup_group_00655,1,1,0,0,NORMAL,1,0,False
dup_group_00656,1,1,0,0,NORMAL,1,0,False
dup_group_00657,1,1,0,0,NORMAL,1,0,False
dup_group_00658,1,1,0,0,NORMAL,1,0,False
dup_group_00659,1,1,0,0,NORMAL,1,0,False
dup_group_00660,1,1,0,0,NORMAL,1,0,False
dup_group_00661,1,1,0,0,NORMAL,1,0,False
dup_group_00662,1,0,1,0,NORMAL,1,0,False
dup_group_00663,1,1,0,0,NORMAL,1,0,False
dup_group_00664,1,1,0,0,NORMAL,1,0,False
dup_group_00666,1,1,0,0,NORMAL,1,0,False
dup_group_00667,1,1,0,0,NORMAL,1,0,False
dup_group_00668,1,1,0,0,NORMAL,1,0,False
dup_group_00669,1,1,0,0,NORMAL,1,0,False
dup_group_00670,1,1,0,0,NORMAL,1,0,False
dup_group_00671,1,1,0,0,NORMAL,1,0,False
dup_group_00672,1,0,1,0,NORMAL,1,0,False
dup_group_00673,1,1,0,0,NORMAL,1,0,False
dup_group_00674,1,1,0,0,NORMAL,1,0,False
dup_group_00675,1,1,0,0,NORMAL,1,0,False
dup_group_00676,1,1,0,0,NORMAL,1,0,False
dup_group_00677,1,0,1,0,NORMAL,1,0,False
dup_group_00678,1,1,0,0,NORMAL,1,0,False
dup_group_00679,1,1,0,0,NORMAL,1,0,False
dup_group_00680,1,1,0,0,NORMAL,1,0,False
dup_group_00681,1,1,0,0,NORMAL,1,0,False
dup_group_00682,1,1,0,0,NORMAL,1,0,False
dup_group_00683,1,1,0,0,NORMAL,1,0,False
dup_group_00684,1,1,0,0,NORMAL,1,0,False
dup_group_00685,1,1,0,0,NORMAL,1,0,False
dup_group_00686,1,1,0,0,NORMAL,1,0,False
dup_group_00687,1,1,0,0,NORMAL,1,0,False
dup_group_00688,1,1,0,0,NORMAL,1,0,False
dup_group_00689,1,1,0,0,NORMAL,1,0,False
dup_group_00690,1,1,0,0,NORMAL,1,0,False
dup_group_00691,1,1,0,0,NORMAL,1,0,False
dup_group_00692,1,1,0,0,NORMAL,1,0,False
dup_group_00693,1,1,0,0,NORMAL,1,0,False
dup_group_00694,1,1,0,0,NORMAL,1,0,False
dup_group_00695,1,0,1,0,NORMAL,1,0,False
dup_group_00697,1,1,0,0,NORMAL,1,0,False
dup_group_00698,1,1,0,0,NORMAL,1,0,False
dup_group_00699,1,1,0,0,NORMAL,1,0,False
dup_group_00701,1,0,1,0,NORMAL,1,0,False
dup_group_00702,1,1,0,0,NORMAL,1,0,False
dup_group_00703,1,1,0,0,NORMAL,1,0,False
dup_group_00704,1,1,0,0,NORMAL,1,0,False
dup_group_00705,1,1,0,0,NORMAL,1,0,False
dup_group_00706,1,1,0,0,NORMAL,1,0,False
dup_group_00708,1,1,0,0,NORMAL,1,0,False
dup_group_00709,1,1,0,0,NORMAL,1,0,False
dup_group_00710,1,1,0,0,NORMAL,1,0,False
dup_group_00711,1,1,0,0,NORMAL,1,0,False
dup_group_00712,1,1,0,0,NORMAL,1,0,False
dup_group_00713,1,1,0,0,NORMAL,1,0,False
dup_group_00714,1,0,1,0,NORMAL,1,0,False
dup_group_00716,1,1,0,0,NORMAL,1,0,False
dup_group_00717,1,1,0,0,NORMAL,1,0,False
dup_group_00718,1,1,0,0,NORMAL,1,0,False
dup_group_00719,1,1,0,0,NORMAL,1,0,False
dup_group_00720,1,1,0,0,NORMAL,1,0,False
dup_group_00721,1,1,0,0,NORMAL,1,0,False
dup_group_00722,1,1,0,0,NORMAL,1,0,False
dup_group_00723,1,1,0,0,NORMAL,1,0,False
dup_group_00724,1,1,0,0,NORMAL,1,0,False
dup_group_00725,1,1,0,0,NORMAL,1,0,False
dup_group_00726,1,1,0,0,NORMAL,1,0,False
dup_group_00727,1,0,1,0,NORMAL,1,0,False
dup_group_00728,1,1,0,0,NORMAL,1,0,False
dup_group_00729,1,1,0,0,NORMAL,1,0,False
dup_group_00731,1,0,1,0,NORMAL,1,0,False
dup_group_00732,1,0,1,0,NORMAL,1,0,False
dup_group_00733,1,1,0,0,NORMAL,1,0,False
dup_group_00734,1,1,0,0,NORMAL,1,0,False
dup_group_00735,1,1,0,0,NORMAL,1,0,False
dup_group_00736,1,1,0,0,NORMAL,1,0,False
dup_group_00737,1,1,0,0,NORMAL,1,0,False
dup_group_00738,1,1,0,0,NORMAL,1,0,False
dup_group_00739,1,1,0,0,NORMAL,1,0,False
dup_group_00740,1,1,0,0,NORMAL,1,0,False
dup_group_00743,1,1,0,0,NORMAL,1,0,False
dup_group_00744,1,1,0,0,NORMAL,1,0,False
dup_group_00745,1,1,0,0,NORMAL,1,0,False
dup_group_00746,1,1,0,0,NORMAL,1,0,False
dup_group_00747,1,0,1,0,NORMAL,1,0,False
dup_group_00749,1,1,0,0,NORMAL,1,0,False
dup_group_00750,1,1,0,0,NORMAL,1,0,False
dup_group_00751,1,1,0,0,NORMAL,1,0,False
dup_group_00752,1,1,0,0,NORMAL,1,0,False
dup_group_00753,1,1,0,0,NORMAL,1,0,False
dup_group_00754,1,1,0,0,NORMAL,1,0,False
dup_group_00755,1,0,1,0,NORMAL,1,0,False
dup_group_00756,1,1,0,0,NORMAL,1,0,False
dup_group_00757,1,1,0,0,NORMAL,1,0,False
dup_group_00758,1,1,0,0,NORMAL,1,0,False
dup_group_00759,1,1,0,0,NORMAL,1,0,False
dup_group_00760,1,0,1,0,NORMAL,1,0,False
dup_group_00761,1,0,1,0,NORMAL,1,0,False
dup_group_00762,1,1,0,0,NORMAL,1,0,False
dup_group_00763,1,1,0,0,NORMAL,1,0,False
dup_group_00764,1,0,1,0,NORMAL,1,0,False
dup_group_00765,1,1,0,0,NORMAL,1,0,False
dup_group_00766,1,1,0,0,NORMAL,1,0,False
dup_group_00767,1,1,0,0,NORMAL,1,0,False
dup_group_00768,1,1,0,0,NORMAL,1,0,False
dup_group_00769,1,1,0,0,NORMAL,1,0,False
dup_group_00770,1,1,0,0,NORMAL,1,0,False
dup_group_00771,1,1,0,0,NORMAL,1,0,False
dup_group_00772,1,1,0,0,NORMAL,1,0,False
dup_group_00773,1,1,0,0,NORMAL,1,0,False
dup_group_00774,1,0,1,0,NORMAL,1,0,False
dup_group_00775,1,0,1,0,NORMAL,1,0,False
dup_group_00776,1,1,0,0,NORMAL,1,0,False
dup_group_00777,1,1,0,0,NORMAL,1,0,False
dup_group_00778,1,1,0,0,NORMAL,1,0,False
dup_group_00779,1,1,0,0,NORMAL,1,0,False
dup_group_00781,1,1,0,0,NORMAL,1,0,False
dup_group_00782,1,1,0,0,NORMAL,1,0,False
dup_group_00783,1,1,0,0,NORMAL,1,0,False
dup_group_00784,1,1,0,0,NORMAL,1,0,False
dup_group_00785,1,1,0,0,NORMAL,1,0,False
dup_group_00787,1,1,0,0,NORMAL,1,0,False
dup_group_00788,1,1,0,0,NORMAL,1,0,False
dup_group_00789,1,1,0,0,NORMAL,1,0,False
dup_group_00790,1,1,0,0,NORMAL,1,0,False
dup_group_00791,1,1,0,0,NORMAL,1,0,False
dup_group_00792,1,1,0,0,NORMAL,1,0,False
dup_group_00793,1,1,0,0,NORMAL,1,0,False
dup_group_00794,1,1,0,0,NORMAL,1,0,False
dup_group_00795,1,1,0,0,NORMAL,1,0,False
dup_group_00796,1,1,0,0,NORMAL,1,0,False
dup_group_00797,1,1,0,0,NORMAL,1,0,False
dup_group_00798,1,0,1,0,NORMAL,1,0,False
dup_group_00799,1,0,1,0,NORMAL,1,0,False
dup_group_00800,1,0,1,0,NORMAL,1,0,False
dup_group_00801,1,1,0,0,NORMAL,1,0,False
dup_group_00802,1,1,0,0,NORMAL,1,0,False
dup_group_00803,1,1,0,0,NORMAL,1,0,False
dup_group_00804,1,1,0,0,NORMAL,1,0,False
dup_group_00805,1,0,1,0,NORMAL,1,0,False
dup_group_00806,1,1,0,0,NORMAL,1,0,False
dup_group_00807,1,0,1,0,NORMAL,1,0,False
dup_group_00808,1,0,1,0,NORMAL,1,0,False
dup_group_00809,1,0,1,0,NORMAL,1,0,False
dup_group_00810,1,1,0,0,NORMAL,1,0,False
dup_group_00811,1,0,1,0,NORMAL,1,0,False
dup_group_00812,1,1,0,0,NORMAL,1,0,False
dup_group_00813,1,1,0,0,NORMAL,1,0,False
dup_group_00814,1,1,0,0,NORMAL,1,0,False
dup_group_00815,1,1,0,0,NORMAL,1,0,False
dup_group_00816,1,0,1,0,NORMAL,1,0,False
dup_group_00817,1,1,0,0,NORMAL,1,0,False
dup_group_00818,1,1,0,0,NORMAL,1,0,False
dup_group_00819,1,1,0,0,NORMAL,1,0,False
dup_group_00820,1,0,1,0,NORMAL,1,0,False
dup_group_00821,1,0,1,0,NORMAL,1,0,False
dup_group_00822,1,1,0,0,NORMAL,1,0,False
dup_group_00823,1,1,0,0,NORMAL,1,0,False
dup_group_00824,1,1,0,0,NORMAL,1,0,False
dup_group_00825,1,0,1,0,NORMAL,1,0,False
dup_group_00826,1,1,0,0,NORMAL,1,0,False
dup_group_00827,1,1,0,0,NORMAL,1,0,False
dup_group_00828,1,1,0,0,NORMAL,1,0,False
dup_group_00829,1,1,0,0,NORMAL,1,0,False
dup_group_00830,1,1,0,0,NORMAL,1,0,False
dup_group_00831,1,1,0,0,NORMAL,1,0,False
dup_group_00832,1,1,0,0,NORMAL,1,0,False
dup_group_00833,1,1,0,0,NORMAL,1,0,False
dup_group_00834,1,0,1,0,NORMAL,1,0,False
dup_group_00835,1,1,0,0,NORMAL,1,0,False
dup_group_00836,1,0,1,0,NORMAL,1,0,False
dup_group_00837,1,1,0,0,NORMAL,1,0,False
dup_group_00839,1,0,1,0,NORMAL,1,0,False
dup_group_00840,1,1,0,0,NORMAL,1,0,False
dup_group_00841,1,0,1,0,NORMAL,1,0,False
dup_group_00842,1,1,0,0,NORMAL,1,0,False
dup_group_00843,1,0,1,0,NORMAL,1,0,False
dup_group_00844,1,0,1,0,NORMAL,1,0,False
dup_group_00845,1,1,0,0,NORMAL,1,0,False
dup_group_00846,1,1,0,0,NORMAL,1,0,False
dup_group_00847,1,1,0,0,NORMAL,1,0,False
dup_group_00848,1,0,1,0,NORMAL,1,0,False
dup_group_00850,1,0,1,0,NORMAL,1,0,False
dup_group_00852,1,0,1,0,NORMAL,1,0,False
dup_group_00853,1,0,1,0,NORMAL,1,0,False
dup_group_00854,1,1,0,0,NORMAL,1,0,False
dup_group_00855,1,1,0,0,NORMAL,1,0,False
dup_group_00856,1,1,0,0,NORMAL,1,0,False
dup_group_00857,1,1,0,0,NORMAL,1,0,False
dup_group_00858,1,1,0,0,NORMAL,1,0,False
dup_group_00860,1,1,0,0,NORMAL,1,0,False
dup_group_00861,1,1,0,0,NORMAL,1,0,False
dup_group_00862,1,1,0,0,NORMAL,1,0,False
dup_group_00863,1,0,1,0,NORMAL,1,0,False
dup_group_00864,1,1,0,0,NORMAL,1,0,False
dup_group_00865,1,1,0,0,NORMAL,1,0,False
dup_group_00866,1,1,0,0,NORMAL,1,0,False
dup_group_00867,1,1,0,0,NORMAL,1,0,False
dup_group_00868,1,1,0,0,NORMAL,1,0,False
dup_group_00869,1,1,0,0,NORMAL,1,0,False
dup_group_00870,1,1,0,0,NORMAL,1,0,False
dup_group_00871,1,0,1,0,NORMAL,1,0,False
dup_group_00872,1,1,0,0,NORMAL,1,0,False
dup_group_00873,1,1,0,0,NORMAL,1,0,False
dup_group_00874,1,1,0,0,NORMAL,1,0,False
dup_group_00875,1,1,0,0,NORMAL,1,0,False
dup_group_00876,1,1,0,0,NORMAL,1,0,False
dup_group_00877,1,1,0,0,NORMAL,1,0,False
dup_group_00878,1,1,0,0,NORMAL,1,0,False
dup_group_00879,1,1,0,0,NORMAL,1,0,False
dup_group_00880,1,1,0,0,NORMAL,1,0,False
dup_group_00881,1,1,0,0,NORMAL,1,0,False
dup_group_00882,1,1,0,0,NORMAL,1,0,False
dup_group_00883,1,1,0,0,NORMAL,1,0,False
dup_group_00884,1,1,0,0,NORMAL,1,0,False
dup_group_00885,1,1,0,0,NORMAL,1,0,False
dup_group_00886,1,1,0,0,NORMAL,1,0,False
dup_group_00887,1,0,1,0,NORMAL,1,0,False
dup_group_00888,1,1,0,0,NORMAL,1,0,False
dup_group_00889,1,0,1,0,NORMAL,1,0,False
dup_group_00890,1,1,0,0,NORMAL,1,0,False
dup_group_00891,1,0,1,0,NORMAL,1,0,False
dup_group_00892,1,1,0,0,NORMAL,1,0,False
dup_group_00893,1,1,0,0,NORMAL,1,0,False
dup_group_00894,1,0,1,0,NORMAL,1,0,False
dup_group_00895,1,0,1,0,NORMAL,1,0,False
dup_group_00896,1,1,0,0,NORMAL,1,0,False
dup_group_00898,1,1,0,0,NORMAL,1,0,False
dup_group_00899,1,1,0,0,NORMAL,1,0,False
dup_group_00900,1,1,0,0,NORMAL,1,0,False
dup_group_00901,1,1,0,0,NORMAL,1,0,False
dup_group_00902,1,1,0,0,NORMAL,1,0,False
dup_group_00903,1,1,0,0,NORMAL,1,0,False
dup_group_00904,1,0,1,0,NORMAL,1,0,False
dup_group_00905,1,0,1,0,NORMAL,1,0,False
dup_group_00906,1,1,0,0,NORMAL,1,0,False
dup_group_00907,1,1,0,0,NORMAL,1,0,False
dup_group_00908,1,0,1,0,NORMAL,1,0,False
dup_group_00909,1,1,0,0,NORMAL,1,0,False
dup_group_00910,1,1,0,0,NORMAL,1,0,False
dup_group_00911,1,1,0,0,NORMAL,1,0,False
dup_group_00912,1,1,0,0,NORMAL,1,0,False
dup_group_00913,1,1,0,0,NORMAL,1,0,False
dup_group_00914,1,1,0,0,NORMAL,1,0,False
dup_group_00916,1,1,0,0,NORMAL,1,0,False
dup_group_00917,1,1,0,0,NORMAL,1,0,False
dup_group_00919,1,1,0,0,NORMAL,1,0,False
dup_group_00920,1,0,1,0,NORMAL,1,0,False
dup_group_00921,1,1,0,0,NORMAL,1,0,False
dup_group_00922,1,0,1,0,NORMAL,1,0,False
dup_group_00923,1,1,0,0,NORMAL,1,0,False
dup_group_00924,1,1,0,0,NORMAL,1,0,False
dup_group_00925,1,1,0,0,NORMAL,1,0,False
dup_group_00926,1,1,0,0,NORMAL,1,0,False
dup_group_00927,1,1,0,0,NORMAL,1,0,False
dup_group_00928,1,0,1,0,NORMAL,1,0,False
dup_group_00929,1,1,0,0,NORMAL,1,0,False
dup_group_00930,1,0,1,0,NORMAL,1,0,False
dup_group_00931,1,1,0,0,NORMAL,1,0,False
dup_group_00932,1,1,0,0,NORMAL,1,0,False
dup_group_00933,1,0,1,0,NORMAL,1,0,False
dup_group_00934,1,1,0,0,NORMAL,1,0,False
dup_group_00935,1,1,0,0,NORMAL,1,0,False
dup_group_00936,1,1,0,0,NORMAL,1,0,False
dup_group_00937,1,0,1,0,NORMAL,1,0,False
dup_group_00938,1,1,0,0,NORMAL,1,0,False
dup_group_00939,1,1,0,0,NORMAL,1,0,False
dup_group_00940,1,0,1,0,NORMAL,1,0,False
dup_group_00941,1,1,0,0,NORMAL,1,0,False
dup_group_00942,1,1,0,0,NORMAL,1,0,False
dup_group_00943,1,1,0,0,NORMAL,1,0,False
dup_group_00944,1,1,0,0,NORMAL,1,0,False
dup_group_00945,1,1,0,0,NORMAL,1,0,False
dup_group_00946,1,1,0,0,NORMAL,1,0,False
dup_group_00948,1,0,1,0,NORMAL,1,0,False
dup_group_00949,1,0,1,0,NORMAL,1,0,False
dup_group_00950,1,0,1,0,NORMAL,1,0,False
dup_group_00951,1,1,0,0,NORMAL,1,0,False
dup_group_00952,1,0,1,0,NORMAL,1,0,False
dup_group_00953,1,1,0,0,NORMAL,1,0,False
dup_group_00954,1,0,1,0,NORMAL,1,0,False
dup_group_00955,1,1,0,0,NORMAL,1,0,False
dup_group_00956,1,1,0,0,NORMAL,1,0,False
dup_group_00957,1,0,1,0,NORMAL,1,0,False
dup_group_00958,1,1,0,0,NORMAL,1,0,False
dup_group_00959,1,1,0,0,NORMAL,1,0,False
dup_group_00960,1,1,0,0,NORMAL,1,0,False
dup_group_00961,1,1,0,0,NORMAL,1,0,False
dup_group_00962,1,1,0,0,NORMAL,1,0,False
dup_group_00963,1,1,0,0,NORMAL,1,0,False
dup_group_00964,1,1,0,0,NORMAL,1,0,False
dup_group_00965,1,1,0,0,NORMAL,1,0,False
dup_group_00966,1,1,0,0,NORMAL,1,0,False
dup_group_00967,1,1,0,0,NORMAL,1,0,False
dup_group_00972,1,1,0,0,NORMAL,1,0,False
dup_group_00973,1,0,1,0,NORMAL,1,0,False
dup_group_00974,1,1,0,0,NORMAL,1,0,False
dup_group_00976,1,1,0,0,NORMAL,1,0,False
dup_group_00977,1,1,0,0,NORMAL,1,0,False
dup_group_00979,1,1,0,0,NORMAL,1,0,False
dup_group_00980,1,1,0,1,PNEUMONIA,0,1,False
dup_group_00981,1,1,0,1,PNEUMONIA,0,1,False
dup_group_00982,1,1,0,1,PNEUMONIA,0,1,False
dup_group_00984,1,1,0,1,PNEUMONIA,0,1,False
dup_group_00986,1,1,0,1,PNEUMONIA,0,1,False
dup_group_00987,1,1,0,1,PNEUMONIA,0,1,False
dup_group_00988,1,1,0,1,PNEUMONIA,0,1,False
dup_group_00990,1,1,0,1,PNEUMONIA,0,1,False
dup_group_00991,1,1,0,1,PNEUMONIA,0,1,False
dup_group_00992,1,1,0,1,PNEUMONIA,0,1,False
dup_group_00995,1,1,0,1,PNEUMONIA,0,1,False
dup_group_00996,1,1,0,1,PNEUMONIA,0,1,False
dup_group_00997,1,1,0,1,PNEUMONIA,0,1,False
dup_group_00998,1,1,0,1,PNEUMONIA,0,1,False
dup_group_00999,1,1,0,1,PNEUMONIA,0,1,False
dup_group_01000,1,1,0,1,PNEUMONIA,0,1,False
dup_group_01001,1,1,0,1,PNEUMONIA,0,1,False
dup_group_01002,1,1,0,1,PNEUMONIA,0,1,False
dup_group_01003,1,1,0,1,PNEUMONIA,0,1,False
dup_group_01004,1,1,0,1,PNEUMONIA,0,1,False
dup_group_01005,1,1,0,1,PNEUMONIA,0,1,False
dup_group_01006,1,1,0,1,PNEUMONIA,0,1,False
dup_group_01007,1,1,0,1,PNEUMONIA,0,1,False
dup_group_01008,1,1,0,1,PNEUMONIA,0,1,False
dup_group_01009,1,1,0,1,PNEUMONIA,0,1,False
dup_group_01010,1,1,0,1,PNEUMONIA,0,1,False
dup_group_01013,1,1,0,1,PNEUMONIA,0,1,False
dup_group_01015,1,1,0,1,PNEUMONIA,0,1,False
dup_group_01016,1,1,0,1,PNEUMONIA,0,1,False
dup_group_01017,1,1,0,1,PNEUMONIA,0,1,False
dup_group_01018,1,1,0,1,PNEUMONIA,0,1,False
dup_group_01019,1,1,0,1,PNEUMONIA,0,1,False
dup_group_01020,1,1,0,1,PNEUMONIA,0,1,False
dup_group_01022,1,1,0,1,PNEUMONIA,0,1,False
dup_group_01023,1,1,0,1,PNEUMONIA,0,1,False
dup_group_01025,1,1,0,1,PNEUMONIA,0,1,False
dup_group_01026,1,1,0,1,PNEUMONIA,0,1,False
dup_group_01028,1,1,0,1,PNEUMONIA,0,1,False
dup_group_01029,1,1,0,1,PNEUMONIA,0,1,False
dup_group_01030,1,1,0,1,PNEUMONIA,0,1,False
dup_group_01031,1,1,0,1,PNEUMONIA,0,1,False
dup_group_01032,1,1,0,1,PNEUMONIA,0,1,False
dup_group_01033,1,1,0,1,PNEUMONIA,0,1,False
dup_group_01035,1,1,0,1,PNEUMONIA,0,1,False
dup_group_01036,1,1,0,1,PNEUMONIA,0,1,False
dup_group_01037,1,1,0,1,PNEUMONIA,0,1,False
dup_group_01039,1,0,1,1,PNEUMONIA,0,1,False
dup_group_01041,1,1,0,1,PNEUMONIA,0,1,False
dup_group_01043,1,1,0,1,PNEUMONIA,0,1,False
dup_group_01044,1,1,0,1,PNEUMONIA,0,1,False
dup_group_01046,1,1,0,1,PNEUMONIA,0,1,False
dup_group_01047,1,1,0,1,PNEUMONIA,0,1,False
dup_group_01049,1,1,0,1,PNEUMONIA,0,1,False
dup_group_01050,1,1,0,1,PNEUMONIA,0,1,False
dup_group_01051,1,1,0,1,PNEUMONIA,0,1,False
dup_group_01052,1,0,1,1,PNEUMONIA,0,1,False
dup_group_01053,1,1,0,1,PNEUMONIA,0,1,False
dup_group_01054,1,1,0,1,PNEUMONIA,0,1,False
dup_group_01055,1,1,0,1,PNEUMONIA,0,1,False
dup_group_01056,1,1,0,1,PNEUMONIA,0,1,False
dup_group_01058,1,1,0,1,PNEUMONIA,0,1,False
dup_group_01060,1,1,0,1,PNEUMONIA,0,1,False
dup_group_01061,1,1,0,1,PNEUMONIA,0,1,False
dup_group_01062,1,1,0,1,PNEUMONIA,0,1,False
dup_group_01063,1,1,0,1,PNEUMONIA,0,1,False
dup_group_01064,1,1,0,1,PNEUMONIA,0,1,False
dup_group_01066,1,1,0,1,PNEUMONIA,0,1,False
dup_group_01068,1,1,0,1,PNEUMONIA,0,1,False
dup_group_01069,1,1,0,1,PNEUMONIA,0,1,False
dup_group_01072,1,1,0,1,PNEUMONIA,0,1,False
dup_group_01073,1,1,0,1,PNEUMONIA,0,1,False
dup_group_01074,1,1,0,1,PNEUMONIA,0,1,False
dup_group_01076,1,1,0,1,PNEUMONIA,0,1,False
dup_group_01077,1,1,0,1,PNEUMONIA,0,1,False
dup_group_01078,1,0,1,1,PNEUMONIA,0,1,False
dup_group_01079,1,1,0,1,PNEUMONIA,0,1,False
dup_group_01080,1,1,0,1,PNEUMONIA,0,1,False
dup_group_01081,1,1,0,1,PNEUMONIA,0,1,False
dup_group_01082,1,1,0,1,PNEUMONIA,0,1,False
dup_group_01083,1,1,0,1,PNEUMONIA,0,1,False
dup_group_01084,1,1,0,1,PNEUMONIA,0,1,False
dup_group_01085,1,1,0,1,PNEUMONIA,0,1,False
dup_group_01087,1,1,0,1,PNEUMONIA,0,1,False
dup_group_01088,1,1,0,1,PNEUMONIA,0,1,False
dup_group_01091,1,1,0,1,PNEUMONIA,0,1,False
dup_group_01093,1,1,0,1,PNEUMONIA,0,1,False
dup_group_01094,1,1,0,1,PNEUMONIA,0,1,False
dup_group_01095,1,1,0,1,PNEUMONIA,0,1,False
dup_group_01098,1,1,0,1,PNEUMONIA,0,1,False
dup_group_01099,1,1,0,1,PNEUMONIA,0,1,False
dup_group_01100,1,1,0,1,PNEUMONIA,0,1,False
dup_group_01102,1,1,0,1,PNEUMONIA,0,1,False
dup_group_01103,1,1,0,1,PNEUMONIA,0,1,False
dup_group_01105,1,1,0,1,PNEUMONIA,0,1,False
dup_group_01106,1,1,0,1,PNEUMONIA,0,1,False
dup_group_01107,1,1,0,1,PNEUMONIA,0,1,False
dup_group_01110,1,1,0,1,PNEUMONIA,0,1,False
dup_group_01111,1,1,0,1,PNEUMONIA,0,1,False
dup_group_01112,1,1,0,1,PNEUMONIA,0,1,False
dup_group_01113,1,1,0,1,PNEUMONIA,0,1,False
dup_group_01114,1,1,0,1,PNEUMONIA,0,1,False
dup_group_01115,1,1,0,1,PNEUMONIA,0,1,False
dup_group_01116,1,1,0,1,PNEUMONIA,0,1,False
dup_group_01117,1,1,0,1,PNEUMONIA,0,1,False
dup_group_01119,1,1,0,1,PNEUMONIA,0,1,False
dup_group_01120,1,1,0,1,PNEUMONIA,0,1,False
dup_group_01121,1,1,0,1,PNEUMONIA,0,1,False
dup_group_01123,1,1,0,1,PNEUMONIA,0,1,False
dup_group_01124,1,1,0,1,PNEUMONIA,0,1,False
dup_group_01125,1,1,0,1,PNEUMONIA,0,1,False
dup_group_01126,1,1,0,1,PNEUMONIA,0,1,False
dup_group_01131,1,1,0,1,PNEUMONIA,0,1,False
dup_group_01132,1,1,0,1,PNEUMONIA,0,1,False
dup_group_01133,1,1,0,1,PNEUMONIA,0,1,False
dup_group_01134,1,1,0,1,PNEUMONIA,0,1,False
dup_group_01138,1,1,0,1,PNEUMONIA,0,1,False
dup_group_01139,1,1,0,1,PNEUMONIA,0,1,False
dup_group_01140,1,1,0,1,PNEUMONIA,0,1,False
dup_group_01141,1,1,0,1,PNEUMONIA,0,1,False
dup_group_01142,1,1,0,1,PNEUMONIA,0,1,False
dup_group_01143,1,1,0,1,PNEUMONIA,0,1,False
dup_group_01144,1,1,0,1,PNEUMONIA,0,1,False
dup_group_01145,1,1,0,1,PNEUMONIA,0,1,False
dup_group_01146,1,1,0,1,PNEUMONIA,0,1,False
dup_group_01147,1,1,0,1,PNEUMONIA,0,1,False
dup_group_01148,1,1,0,1,PNEUMONIA,0,1,False
dup_group_01149,1,1,0,1,PNEUMONIA,0,1,False
dup_group_01151,1,0,1,1,PNEUMONIA,0,1,False
dup_group_01153,1,1,0,1,PNEUMONIA,0,1,False
dup_group_01154,1,1,0,1,PNEUMONIA,0,1,False
dup_group_01155,1,1,0,1,PNEUMONIA,0,1,False
dup_group_01156,1,1,0,1,PNEUMONIA,0,1,False
dup_group_01157,1,1,0,1,PNEUMONIA,0,1,False
dup_group_01159,1,1,0,1,PNEUMONIA,0,1,False
dup_group_01160,1,1,0,1,PNEUMONIA,0,1,False
dup_group_01161,1,1,0,1,PNEUMONIA,0,1,False
dup_group_01162,1,1,0,1,PNEUMONIA,0,1,False
dup_group_01164,1,1,0,1,PNEUMONIA,0,1,False
dup_group_01165,1,1,0,1,PNEUMONIA,0,1,False
dup_group_01166,1,1,0,1,PNEUMONIA,0,1,False
dup_group_01167,1,1,0,1,PNEUMONIA,0,1,False
dup_group_01169,1,1,0,1,PNEUMONIA,0,1,False
dup_group_01171,1,1,0,1,PNEUMONIA,0,1,False
dup_group_01172,1,1,0,1,PNEUMONIA,0,1,False
dup_group_01173,1,1,0,1,PNEUMONIA,0,1,False
dup_group_01174,1,1,0,1,PNEUMONIA,0,1,False
dup_group_01175,1,1,0,1,PNEUMONIA,0,1,False
dup_group_01180,1,1,0,1,PNEUMONIA,0,1,False
dup_group_01181,1,1,0,1,PNEUMONIA,0,1,False
dup_group_01182,1,1,0,1,PNEUMONIA,0,1,False
dup_group_01183,1,1,0,1,PNEUMONIA,0,1,False
dup_group_01185,1,1,0,1,PNEUMONIA,0,1,False
dup_group_01186,1,1,0,1,PNEUMONIA,0,1,False
dup_group_01187,1,1,0,1,PNEUMONIA,0,1,False
dup_group_01188,1,1,0,1,PNEUMONIA,0,1,False
dup_group_01190,1,1,0,1,PNEUMONIA,0,1,False
dup_group_01191,1,1,0,1,PNEUMONIA,0,1,False
dup_group_01193,1,1,0,1,PNEUMONIA,0,1,False
dup_group_01194,1,1,0,1,PNEUMONIA,0,1,False
dup_group_01195,1,1,0,1,PNEUMONIA,0,1,False
dup_group_01196,1,1,0,1,PNEUMONIA,0,1,False
dup_group_01197,1,1,0,1,PNEUMONIA,0,1,False
dup_group_01198,1,1,0,1,PNEUMONIA,0,1,False
dup_group_01199,1,1,0,1,PNEUMONIA,0,1,False
dup_group_01200,1,1,0,1,PNEUMONIA,0,1,False
dup_group_01201,1,1,0,1,PNEUMONIA,0,1,False
dup_group_01202,1,1,0,1,PNEUMONIA,0,1,False
dup_group_01203,1,1,0,1,PNEUMONIA,0,1,False
dup_group_01205,1,1,0,1,PNEUMONIA,0,1,False
dup_group_01206,1,1,0,1,PNEUMONIA,0,1,False
dup_group_01208,1,1,0,1,PNEUMONIA,0,1,False
dup_group_01209,1,1,0,1,PNEUMONIA,0,1,False
dup_group_01210,1,1,0,1,PNEUMONIA,0,1,False
dup_group_01213,1,0,1,1,PNEUMONIA,0,1,False
dup_group_01214,1,1,0,1,PNEUMONIA,0,1,False
dup_group_01215,1,1,0,1,PNEUMONIA,0,1,False
dup_group_01217,1,1,0,1,PNEUMONIA,0,1,False
dup_group_01218,1,1,0,1,PNEUMONIA,0,1,False
dup_group_01219,1,1,0,1,PNEUMONIA,0,1,False
dup_group_01220,1,1,0,1,PNEUMONIA,0,1,False
dup_group_01222,1,1,0,1,PNEUMONIA,0,1,False
dup_group_01223,1,1,0,1,PNEUMONIA,0,1,False
dup_group_01224,1,1,0,1,PNEUMONIA,0,1,False
dup_group_01225,1,1,0,1,PNEUMONIA,0,1,False
dup_group_01226,1,1,0,1,PNEUMONIA,0,1,False
dup_group_01227,1,1,0,1,PNEUMONIA,0,1,False
dup_group_01228,1,1,0,1,PNEUMONIA,0,1,False
dup_group_01229,1,1,0,1,PNEUMONIA,0,1,False
dup_group_01230,1,1,0,1,PNEUMONIA,0,1,False
dup_group_01231,1,1,0,1,PNEUMONIA,0,1,False
dup_group_01232,1,1,0,1,PNEUMONIA,0,1,False
dup_group_01233,1,1,0,1,PNEUMONIA,0,1,False
dup_group_01235,1,1,0,1,PNEUMONIA,0,1,False
dup_group_01236,1,1,0,1,PNEUMONIA,0,1,False
dup_group_01238,1,1,0,1,PNEUMONIA,0,1,False
dup_group_01239,1,1,0,1,PNEUMONIA,0,1,False
dup_group_01240,1,1,0,1,PNEUMONIA,0,1,False
dup_group_01241,1,1,0,1,PNEUMONIA,0,1,False
dup_group_01242,1,1,0,1,PNEUMONIA,0,1,False
dup_group_01244,1,1,0,1,PNEUMONIA,0,1,False
dup_group_01246,1,1,0,1,PNEUMONIA,0,1,False
dup_group_01249,1,1,0,1,PNEUMONIA,0,1,False
dup_group_01250,1,1,0,1,PNEUMONIA,0,1,False
dup_group_01251,1,1,0,1,PNEUMONIA,0,1,False
dup_group_01252,1,1,0,1,PNEUMONIA,0,1,False
dup_group_01254,1,1,0,1,PNEUMONIA,0,1,False
dup_group_01255,1,1,0,1,PNEUMONIA,0,1,False
dup_group_01256,1,1,0,1,PNEUMONIA,0,1,False
dup_group_01257,1,1,0,1,PNEUMONIA,0,1,False
dup_group_01258,1,1,0,1,PNEUMONIA,0,1,False
dup_group_01259,1,1,0,1,PNEUMONIA,0,1,False
dup_group_01260,1,1,0,1,PNEUMONIA,0,1,False
dup_group_01262,1,1,0,1,PNEUMONIA,0,1,False
dup_group_01263,1,1,0,1,PNEUMONIA,0,1,False
dup_group_01265,1,1,0,1,PNEUMONIA,0,1,False
dup_group_01266,1,1,0,1,PNEUMONIA,0,1,False
dup_group_01268,1,0,1,1,PNEUMONIA,0,1,False
dup_group_01270,1,1,0,1,PNEUMONIA,0,1,False
dup_group_01271,1,1,0,1,PNEUMONIA,0,1,False
dup_group_01273,1,1,0,1,PNEUMONIA,0,1,False
dup_group_01274,1,1,0,1,PNEUMONIA,0,1,False
dup_group_01276,1,1,0,1,PNEUMONIA,0,1,False
dup_group_01278,1,1,0,1,PNEUMONIA,0,1,False
dup_group_01280,1,1,0,1,PNEUMONIA,0,1,False
dup_group_01283,1,1,0,1,PNEUMONIA,0,1,False
dup_group_01284,1,1,0,1,PNEUMONIA,0,1,False
dup_group_01286,1,1,0,1,PNEUMONIA,0,1,False
dup_group_01287,1,1,0,1,PNEUMONIA,0,1,False
dup_group_01289,1,1,0,1,PNEUMONIA,0,1,False
dup_group_01291,1,1,0,1,PNEUMONIA,0,1,False
dup_group_01292,1,1,0,1,PNEUMONIA,0,1,False
dup_group_01293,1,1,0,1,PNEUMONIA,0,1,False
dup_group_01294,1,1,0,1,PNEUMONIA,0,1,False
dup_group_01295,1,1,0,1,PNEUMONIA,0,1,False
dup_group_01296,1,1,0,1,PNEUMONIA,0,1,False
dup_group_01297,1,1,0,1,PNEUMONIA,0,1,False
dup_group_01298,1,1,0,1,PNEUMONIA,0,1,False
dup_group_01299,1,1,0,1,PNEUMONIA,0,1,False
dup_group_01300,1,1,0,1,PNEUMONIA,0,1,False
dup_group_01303,1,1,0,1,PNEUMONIA,0,1,False
dup_group_01304,1,1,0,1,PNEUMONIA,0,1,False
dup_group_01305,1,1,0,1,PNEUMONIA,0,1,False
dup_group_01307,1,1,0,1,PNEUMONIA,0,1,False
dup_group_01308,1,1,0,1,PNEUMONIA,0,1,False
dup_group_01309,1,1,0,1,PNEUMONIA,0,1,False
dup_group_01310,1,1,0,1,PNEUMONIA,0,1,False
dup_group_01311,1,1,0,1,PNEUMONIA,0,1,False
dup_group_01313,1,1,0,1,PNEUMONIA,0,1,False
dup_group_01314,1,1,0,1,PNEUMONIA,0,1,False
dup_group_01316,1,1,0,1,PNEUMONIA,0,1,False
dup_group_01317,1,1,0,1,PNEUMONIA,0,1,False
dup_group_01318,1,1,0,1,PNEUMONIA,0,1,False
dup_group_01320,1,1,0,1,PNEUMONIA,0,1,False
dup_group_01323,1,1,0,1,PNEUMONIA,0,1,False
dup_group_01324,1,1,0,1,PNEUMONIA,0,1,False
dup_group_01325,1,1,0,1,PNEUMONIA,0,1,False
dup_group_01327,1,1,0,1,PNEUMONIA,0,1,False
dup_group_01328,1,1,0,1,PNEUMONIA,0,1,False
dup_group_01330,1,1,0,1,PNEUMONIA,0,1,False
dup_group_01331,1,1,0,1,PNEUMONIA,0,1,False
dup_group_01333,1,1,0,1,PNEUMONIA,0,1,False
dup_group_01335,1,1,0,1,PNEUMONIA,0,1,False
dup_group_01336,1,1,0,1,PNEUMONIA,0,1,False
dup_group_01337,1,1,0,1,PNEUMONIA,0,1,False
dup_group_01338,1,1,0,1,PNEUMONIA,0,1,False
dup_group_01339,1,1,0,1,PNEUMONIA,0,1,False
dup_group_01340,1,1,0,1,PNEUMONIA,0,1,False
dup_group_01341,1,1,0,1,PNEUMONIA,0,1,False
dup_group_01342,1,1,0,1,PNEUMONIA,0,1,False
dup_group_01343,1,1,0,1,PNEUMONIA,0,1,False
dup_group_01345,1,1,0,1,PNEUMONIA,0,1,False
dup_group_01346,1,1,0,1,PNEUMONIA,0,1,False
dup_group_01347,1,1,0,1,PNEUMONIA,0,1,False
dup_group_01348,1,1,0,1,PNEUMONIA,0,1,False
dup_group_01349,1,0,1,1,PNEUMONIA,0,1,False
dup_group_01351,1,1,0,1,PNEUMONIA,0,1,False
dup_group_01352,1,1,0,1,PNEUMONIA,0,1,False
dup_group_01353,1,1,0,1,PNEUMONIA,0,1,False
dup_group_01354,1,1,0,1,PNEUMONIA,0,1,False
dup_group_01355,1,1,0,1,PNEUMONIA,0,1,False
dup_group_01356,1,1,0,1,PNEUMONIA,0,1,False
dup_group_01358,1,1,0,1,PNEUMONIA,0,1,False
dup_group_01359,1,1,0,1,PNEUMONIA,0,1,False
dup_group_01360,1,1,0,1,PNEUMONIA,0,1,False
dup_group_01361,1,1,0,1,PNEUMONIA,0,1,False
dup_group_01363,1,1,0,1,PNEUMONIA,0,1,False
dup_group_01364,1,1,0,1,PNEUMONIA,0,1,False
dup_group_01365,1,1,0,1,PNEUMONIA,0,1,False
dup_group_01366,1,1,0,1,PNEUMONIA,0,1,False
dup_group_01369,1,1,0,1,PNEUMONIA,0,1,False
dup_group_01371,1,1,0,1,PNEUMONIA,0,1,False
dup_group_01372,1,1,0,1,PNEUMONIA,0,1,False
dup_group_01373,1,1,0,1,PNEUMONIA,0,1,False
dup_group_01377,1,1,0,1,PNEUMONIA,0,1,False
dup_group_01378,1,1,0,1,PNEUMONIA,0,1,False
dup_group_01379,1,1,0,1,PNEUMONIA,0,1,False
dup_group_01380,1,1,0,1,PNEUMONIA,0,1,False
dup_group_01381,1,1,0,1,PNEUMONIA,0,1,False
dup_group_01382,1,1,0,1,PNEUMONIA,0,1,False
dup_group_01383,1,1,0,1,PNEUMONIA,0,1,False
dup_group_01384,1,1,0,1,PNEUMONIA,0,1,False
dup_group_01385,1,1,0,1,PNEUMONIA,0,1,False
dup_group_01386,1,1,0,1,PNEUMONIA,0,1,False
dup_group_01390,1,1,0,1,PNEUMONIA,0,1,False
dup_group_01391,1,1,0,1,PNEUMONIA,0,1,False
dup_group_01392,1,1,0,1,PNEUMONIA,0,1,False
dup_group_01393,1,1,0,1,PNEUMONIA,0,1,False
dup_group_01394,1,1,0,1,PNEUMONIA,0,1,False
dup_group_01395,1,1,0,1,PNEUMONIA,0,1,False
dup_group_01396,1,1,0,1,PNEUMONIA,0,1,False
dup_group_01397,1,1,0,1,PNEUMONIA,0,1,False
dup_group_01399,1,1,0,1,PNEUMONIA,0,1,False
dup_group_01401,1,1,0,1,PNEUMONIA,0,1,False
dup_group_01402,1,1,0,1,PNEUMONIA,0,1,False
dup_group_01403,1,1,0,1,PNEUMONIA,0,1,False
dup_group_01404,1,1,0,1,PNEUMONIA,0,1,False
dup_group_01406,1,1,0,1,PNEUMONIA,0,1,False
dup_group_01407,1,1,0,1,PNEUMONIA,0,1,False
dup_group_01408,1,1,0,1,PNEUMONIA,0,1,False
dup_group_01409,1,0,1,1,PNEUMONIA,0,1,False
dup_group_01410,1,1,0,1,PNEUMONIA,0,1,False
dup_group_01411,1,1,0,1,PNEUMONIA,0,1,False
dup_group_01412,1,1,0,1,PNEUMONIA,0,1,False
dup_group_01413,1,1,0,1,PNEUMONIA,0,1,False
dup_group_01414,1,1,0,1,PNEUMONIA,0,1,False
dup_group_01415,1,1,0,1,PNEUMONIA,0,1,False
dup_group_01416,1,0,1,1,PNEUMONIA,0,1,False
dup_group_01417,1,1,0,1,PNEUMONIA,0,1,False
dup_group_01422,1,1,0,1,PNEUMONIA,0,1,False
dup_group_01424,1,1,0,1,PNEUMONIA,0,1,False
dup_group_01425,1,1,0,1,PNEUMONIA,0,1,False
dup_group_01426,1,1,0,1,PNEUMONIA,0,1,False
dup_group_01428,1,1,0,1,PNEUMONIA,0,1,False
dup_group_01429,1,1,0,1,PNEUMONIA,0,1,False
dup_group_01430,1,1,0,1,PNEUMONIA,0,1,False
dup_group_01432,1,1,0,1,PNEUMONIA,0,1,False
dup_group_01433,1,1,0,1,PNEUMONIA,0,1,False
dup_group_01435,1,0,1,1,PNEUMONIA,0,1,False
dup_group_01436,1,1,0,1,PNEUMONIA,0,1,False
dup_group_01437,1,1,0,1,PNEUMONIA,0,1,False
dup_group_01438,1,1,0,1,PNEUMONIA,0,1,False
dup_group_01440,1,1,0,1,PNEUMONIA,0,1,False
dup_group_01441,1,1,0,1,PNEUMONIA,0,1,False
dup_group_01442,1,1,0,1,PNEUMONIA,0,1,False
dup_group_01443,1,1,0,1,PNEUMONIA,0,1,False
dup_group_01444,1,0,1,1,PNEUMONIA,0,1,False
dup_group_01447,1,1,0,1,PNEUMONIA,0,1,False
dup_group_01448,1,1,0,1,PNEUMONIA,0,1,False
dup_group_01449,1,1,0,1,PNEUMONIA,0,1,False
dup_group_01452,1,1,0,1,PNEUMONIA,0,1,False
dup_group_01454,1,1,0,1,PNEUMONIA,0,1,False
dup_group_01456,1,1,0,1,PNEUMONIA,0,1,False
dup_group_01457,1,1,0,1,PNEUMONIA,0,1,False
dup_group_01458,1,1,0,1,PNEUMONIA,0,1,False
dup_group_01459,1,1,0,1,PNEUMONIA,0,1,False
dup_group_01460,1,1,0,1,PNEUMONIA,0,1,False
dup_group_01463,1,1,0,1,PNEUMONIA,0,1,False
dup_group_01464,1,1,0,1,PNEUMONIA,0,1,False
dup_group_01467,1,1,0,1,PNEUMONIA,0,1,False
dup_group_01469,1,1,0,1,PNEUMONIA,0,1,False
dup_group_01470,1,1,0,1,PNEUMONIA,0,1,False
dup_group_01471,1,1,0,1,PNEUMONIA,0,1,False
dup_group_01473,1,1,0,1,PNEUMONIA,0,1,False
dup_group_01474,1,1,0,1,PNEUMONIA,0,1,False
dup_group_01478,1,1,0,1,PNEUMONIA,0,1,False
dup_group_01479,1,1,0,1,PNEUMONIA,0,1,False
dup_group_01480,1,1,0,1,PNEUMONIA,0,1,False
dup_group_01482,1,1,0,1,PNEUMONIA,0,1,False
dup_group_01483,1,1,0,1,PNEUMONIA,0,1,False
dup_group_01484,1,1,0,1,PNEUMONIA,0,1,False
dup_group_01486,1,1,0,1,PNEUMONIA,0,1,False
dup_group_01487,1,1,0,1,PNEUMONIA,0,1,False
dup_group_01488,1,1,0,1,PNEUMONIA,0,1,False
dup_group_01489,1,1,0,1,PNEUMONIA,0,1,False
dup_group_01490,1,1,0,1,PNEUMONIA,0,1,False
dup_group_01491,1,1,0,1,PNEUMONIA,0,1,False
dup_group_01492,1,1,0,1,PNEUMONIA,0,1,False
dup_group_01494,1,1,0,1,PNEUMONIA,0,1,False
dup_group_01495,1,1,0,1,PNEUMONIA,0,1,False
dup_group_01496,1,0,1,1,PNEUMONIA,0,1,False
dup_group_01497,1,1,0,1,PNEUMONIA,0,1,False
dup_group_01499,1,1,0,1,PNEUMONIA,0,1,False
dup_group_01500,1,1,0,1,PNEUMONIA,0,1,False
dup_group_01501,1,0,1,1,PNEUMONIA,0,1,False
dup_group_01502,1,1,0,1,PNEUMONIA,0,1,False
dup_group_01503,1,1,0,1,PNEUMONIA,0,1,False
dup_group_01504,1,1,0,1,PNEUMONIA,0,1,False
dup_group_01505,1,1,0,1,PNEUMONIA,0,1,False
dup_group_01506,1,1,0,1,PNEUMONIA,0,1,False
dup_group_01507,1,1,0,1,PNEUMONIA,0,1,False
dup_group_01508,1,1,0,1,PNEUMONIA,0,1,False
dup_group_01509,1,1,0,1,PNEUMONIA,0,1,False
dup_group_01510,1,1,0,1,PNEUMONIA,0,1,False
dup_group_01512,1,1,0,1,PNEUMONIA,0,1,False
dup_group_01513,1,1,0,1,PNEUMONIA,0,1,False
dup_group_01514,1,1,0,1,PNEUMONIA,0,1,False
dup_group_01515,1,1,0,1,PNEUMONIA,0,1,False
dup_group_01516,1,1,0,1,PNEUMONIA,0,1,False
dup_group_01517,1,1,0,1,PNEUMONIA,0,1,False
dup_group_01518,1,1,0,1,PNEUMONIA,0,1,False
dup_group_01519,1,1,0,1,PNEUMONIA,0,1,False
dup_group_01520,1,1,0,1,PNEUMONIA,0,1,False
dup_group_01521,1,1,0,1,PNEUMONIA,0,1,False
dup_group_01522,1,1,0,1,PNEUMONIA,0,1,False
dup_group_01523,1,1,0,1,PNEUMONIA,0,1,False
dup_group_01524,1,1,0,1,PNEUMONIA,0,1,False
dup_group_01525,1,1,0,1,PNEUMONIA,0,1,False
dup_group_01527,1,1,0,1,PNEUMONIA,0,1,False
dup_group_01528,1,1,0,1,PNEUMONIA,0,1,False
dup_group_01529,1,1,0,1,PNEUMONIA,0,1,False
dup_group_01530,1,1,0,1,PNEUMONIA,0,1,False
dup_group_01531,1,1,0,1,PNEUMONIA,0,1,False
dup_group_01532,1,1,0,1,PNEUMONIA,0,1,False
dup_group_01533,1,1,0,1,PNEUMONIA,0,1,False
dup_group_01534,1,1,0,1,PNEUMONIA,0,1,False
dup_group_01536,1,1,0,1,PNEUMONIA,0,1,False
dup_group_01537,1,1,0,1,PNEUMONIA,0,1,False
dup_group_01538,1,1,0,1,PNEUMONIA,0,1,False
dup_group_01539,1,1,0,1,PNEUMONIA,0,1,False
dup_group_01540,1,1,0,1,PNEUMONIA,0,1,False
dup_group_01541,1,1,0,1,PNEUMONIA,0,1,False
dup_group_01542,1,1,0,1,PNEUMONIA,0,1,False
dup_group_01543,1,1,0,1,PNEUMONIA,0,1,False
dup_group_01544,1,1,0,1,PNEUMONIA,0,1,False
dup_group_01546,1,1,0,1,PNEUMONIA,0,1,False
dup_group_01547,1,1,0,1,PNEUMONIA,0,1,False
dup_group_01548,1,1,0,1,PNEUMONIA,0,1,False
dup_group_01549,1,1,0,1,PNEUMONIA,0,1,False
dup_group_01550,1,1,0,1,PNEUMONIA,0,1,False
dup_group_01551,1,1,0,1,PNEUMONIA,0,1,False
dup_group_01552,1,1,0,1,PNEUMONIA,0,1,False
dup_group_01553,1,1,0,1,PNEUMONIA,0,1,False
dup_group_01554,1,1,0,1,PNEUMONIA,0,1,False
dup_group_01555,1,1,0,1,PNEUMONIA,0,1,False
dup_group_01556,1,1,0,1,PNEUMONIA,0,1,False
dup_group_01558,1,1,0,1,PNEUMONIA,0,1,False
dup_group_01559,1,1,0,1,PNEUMONIA,0,1,False
dup_group_01560,1,1,0,1,PNEUMONIA,0,1,False
dup_group_01561,1,1,0,1,PNEUMONIA,0,1,False
dup_group_01562,1,1,0,1,PNEUMONIA,0,1,False
dup_group_01563,1,1,0,1,PNEUMONIA,0,1,False
dup_group_01564,1,1,0,1,PNEUMONIA,0,1,False
dup_group_01565,1,1,0,1,PNEUMONIA,0,1,False
dup_group_01566,1,1,0,1,PNEUMONIA,0,1,False
dup_group_01567,1,1,0,1,PNEUMONIA,0,1,False
dup_group_01568,1,1,0,1,PNEUMONIA,0,1,False
dup_group_01569,1,1,0,1,PNEUMONIA,0,1,False
dup_group_01570,1,1,0,1,PNEUMONIA,0,1,False
dup_group_01571,1,1,0,1,PNEUMONIA,0,1,False
dup_group_01573,1,1,0,1,PNEUMONIA,0,1,False
dup_group_01574,1,1,0,1,PNEUMONIA,0,1,False
dup_group_01575,1,1,0,1,PNEUMONIA,0,1,False
dup_group_01576,1,1,0,1,PNEUMONIA,0,1,False
dup_group_01579,1,1,0,1,PNEUMONIA,0,1,False
dup_group_01580,1,0,1,1,PNEUMONIA,0,1,False
dup_group_01581,1,1,0,1,PNEUMONIA,0,1,False
dup_group_01582,1,1,0,1,PNEUMONIA,0,1,False
dup_group_01584,1,1,0,1,PNEUMONIA,0,1,False
dup_group_01585,1,1,0,1,PNEUMONIA,0,1,False
dup_group_01587,1,1,0,1,PNEUMONIA,0,1,False
dup_group_01588,1,1,0,1,PNEUMONIA,0,1,False
dup_group_01589,1,1,0,1,PNEUMONIA,0,1,False
dup_group_01591,1,1,0,1,PNEUMONIA,0,1,False
dup_group_01592,1,1,0,1,PNEUMONIA,0,1,False
dup_group_01593,1,1,0,1,PNEUMONIA,0,1,False
dup_group_01594,1,1,0,1,PNEUMONIA,0,1,False
dup_group_01595,1,1,0,1,PNEUMONIA,0,1,False
dup_group_01597,1,1,0,1,PNEUMONIA,0,1,False
dup_group_01599,1,1,0,1,PNEUMONIA,0,1,False
dup_group_01600,1,1,0,1,PNEUMONIA,0,1,False
dup_group_01601,1,1,0,1,PNEUMONIA,0,1,False
dup_group_01602,1,1,0,1,PNEUMONIA,0,1,False
dup_group_01603,1,1,0,1,PNEUMONIA,0,1,False
dup_group_01604,1,1,0,1,PNEUMONIA,0,1,False
dup_group_01605,1,1,0,1,PNEUMONIA,0,1,False
dup_group_01606,1,1,0,1,PNEUMONIA,0,1,False
dup_group_01607,1,1,0,1,PNEUMONIA,0,1,False
dup_group_01608,1,1,0,1,PNEUMONIA,0,1,False
dup_group_01609,1,1,0,1,PNEUMONIA,0,1,False
dup_group_01610,1,1,0,1,PNEUMONIA,0,1,False
dup_group_01611,1,1,0,1,PNEUMONIA,0,1,False
dup_group_01612,1,1,0,1,PNEUMONIA,0,1,False
dup_group_01613,1,1,0,1,PNEUMONIA,0,1,False
dup_group_01614,1,1,0,1,PNEUMONIA,0,1,False
dup_group_01616,1,1,0,1,PNEUMONIA,0,1,False
dup_group_01619,1,1,0,1,PNEUMONIA,0,1,False
dup_group_01620,1,1,0,1,PNEUMONIA,0,1,False
dup_group_01621,1,1,0,1,PNEUMONIA,0,1,False
dup_group_01622,1,1,0,1,PNEUMONIA,0,1,False
dup_group_01623,1,1,0,1,PNEUMONIA,0,1,False
dup_group_01625,1,1,0,1,PNEUMONIA,0,1,False
dup_group_01626,1,1,0,1,PNEUMONIA,0,1,False
dup_group_01627,1,1,0,1,PNEUMONIA,0,1,False
dup_group_01628,1,1,0,1,PNEUMONIA,0,1,False
dup_group_01629,1,1,0,1,PNEUMONIA,0,1,False
dup_group_01630,1,1,0,1,PNEUMONIA,0,1,False
dup_group_01631,1,1,0,1,PNEUMONIA,0,1,False
dup_group_01632,1,0,1,1,PNEUMONIA,0,1,False
dup_group_01633,1,1,0,1,PNEUMONIA,0,1,False
dup_group_01634,1,1,0,1,PNEUMONIA,0,1,False
dup_group_01635,1,0,1,1,PNEUMONIA,0,1,False
dup_group_01636,1,0,1,1,PNEUMONIA,0,1,False
dup_group_01637,1,1,0,1,PNEUMONIA,0,1,False
dup_group_01638,1,1,0,1,PNEUMONIA,0,1,False
dup_group_01639,1,1,0,1,PNEUMONIA,0,1,False
dup_group_01640,1,1,0,1,PNEUMONIA,0,1,False
dup_group_01641,1,1,0,1,PNEUMONIA,0,1,False
dup_group_01642,1,1,0,1,PNEUMONIA,0,1,False
dup_group_01643,1,1,0,1,PNEUMONIA,0,1,False
dup_group_01644,1,1,0,1,PNEUMONIA,0,1,False
dup_group_01645,1,1,0,1,PNEUMONIA,0,1,False
dup_group_01646,1,1,0,1,PNEUMONIA,0,1,False
dup_group_01647,1,1,0,1,PNEUMONIA,0,1,False
dup_group_01649,1,1,0,1,PNEUMONIA,0,1,False
dup_group_01650,1,1,0,1,PNEUMONIA,0,1,False
dup_group_01651,1,1,0,1,PNEUMONIA,0,1,False
dup_group_01652,1,1,0,1,PNEUMONIA,0,1,False
dup_group_01653,1,1,0,1,PNEUMONIA,0,1,False
dup_group_01655,1,1,0,1,PNEUMONIA,0,1,False
dup_group_01656,1,1,0,1,PNEUMONIA,0,1,False
dup_group_01657,1,1,0,1,PNEUMONIA,0,1,False
dup_group_01658,1,1,0,1,PNEUMONIA,0,1,False
dup_group_01659,1,1,0,1,PNEUMONIA,0,1,False
dup_group_01662,1,1,0,1,PNEUMONIA,0,1,False
dup_group_01663,1,1,0,1,PNEUMONIA,0,1,False
dup_group_01664,1,0,1,1,PNEUMONIA,0,1,False
dup_group_01665,1,1,0,1,PNEUMONIA,0,1,False
dup_group_01666,1,1,0,1,PNEUMONIA,0,1,False
dup_group_01667,1,1,0,1,PNEUMONIA,0,1,False
dup_group_01668,1,1,0,1,PNEUMONIA,0,1,False
dup_group_01669,1,1,0,1,PNEUMONIA,0,1,False
dup_group_01670,1,1,0,1,PNEUMONIA,0,1,False
dup_group_01672,1,1,0,1,PNEUMONIA,0,1,False
dup_group_01673,1,1,0,1,PNEUMONIA,0,1,False
dup_group_01674,1,1,0,1,PNEUMONIA,0,1,False
dup_group_01676,1,1,0,1,PNEUMONIA,0,1,False
dup_group_01678,1,1,0,1,PNEUMONIA,0,1,False
dup_group_01679,1,0,1,1,PNEUMONIA,0,1,False
dup_group_01680,1,1,0,1,PNEUMONIA,0,1,False
dup_group_01681,1,1,0,1,PNEUMONIA,0,1,False
dup_group_01682,1,1,0,1,PNEUMONIA,0,1,False
dup_group_01685,1,1,0,1,PNEUMONIA,0,1,False
dup_group_01686,1,1,0,1,PNEUMONIA,0,1,False
dup_group_01688,1,1,0,1,PNEUMONIA,0,1,False
dup_group_01689,1,1,0,1,PNEUMONIA,0,1,False
dup_group_01690,1,1,0,1,PNEUMONIA,0,1,False
dup_group_01691,1,1,0,1,PNEUMONIA,0,1,False
dup_group_01692,1,1,0,1,PNEUMONIA,0,1,False
dup_group_01693,1,1,0,1,PNEUMONIA,0,1,False
dup_group_01694,1,0,1,1,PNEUMONIA,0,1,False
dup_group_01695,1,1,0,1,PNEUMONIA,0,1,False
dup_group_01696,1,1,0,1,PNEUMONIA,0,1,False
dup_group_01697,1,1,0,1,PNEUMONIA,0,1,False
dup_group_01698,1,1,0,1,PNEUMONIA,0,1,False
dup_group_01700,1,1,0,1,PNEUMONIA,0,1,False
dup_group_01701,1,1,0,1,PNEUMONIA,0,1,False
dup_group_01703,1,1,0,1,PNEUMONIA,0,1,False
dup_group_01704,1,1,0,1,PNEUMONIA,0,1,False
dup_group_01705,1,1,0,1,PNEUMONIA,0,1,False
dup_group_01706,1,0,1,1,PNEUMONIA,0,1,False
dup_group_01707,1,1,0,1,PNEUMONIA,0,1,False
dup_group_01708,1,1,0,1,PNEUMONIA,0,1,False
dup_group_01709,1,1,0,1,PNEUMONIA,0,1,False
dup_group_01711,1,1,0,1,PNEUMONIA,0,1,False
dup_group_01713,1,1,0,1,PNEUMONIA,0,1,False
dup_group_01714,1,1,0,1,PNEUMONIA,0,1,False
dup_group_01715,1,1,0,1,PNEUMONIA,0,1,False
dup_group_01716,1,1,0,1,PNEUMONIA,0,1,False
dup_group_01718,1,1,0,1,PNEUMONIA,0,1,False
dup_group_01719,1,1,0,1,PNEUMONIA,0,1,False
dup_group_01720,1,1,0,1,PNEUMONIA,0,1,False
dup_group_01721,1,1,0,1,PNEUMONIA,0,1,False
dup_group_01722,1,1,0,1,PNEUMONIA,0,1,False
dup_group_01723,1,1,0,1,PNEUMONIA,0,1,False
dup_group_01724,1,1,0,1,PNEUMONIA,0,1,False
dup_group_01725,1,1,0,1,PNEUMONIA,0,1,False
dup_group_01726,1,1,0,1,PNEUMONIA,0,1,False
dup_group_01727,1,1,0,1,PNEUMONIA,0,1,False
dup_group_01728,1,1,0,1,PNEUMONIA,0,1,False
dup_group_01729,1,1,0,1,PNEUMONIA,0,1,False
dup_group_01730,1,1,0,1,PNEUMONIA,0,1,False
dup_group_01733,1,1,0,1,PNEUMONIA,0,1,False
dup_group_01734,1,1,0,1,PNEUMONIA,0,1,False
dup_group_01736,1,1,0,1,PNEUMONIA,0,1,False
dup_group_01737,1,1,0,1,PNEUMONIA,0,1,False
dup_group_01738,1,1,0,1,PNEUMONIA,0,1,False
dup_group_01739,1,1,0,1,PNEUMONIA,0,1,False
dup_group_01740,1,1,0,1,PNEUMONIA,0,1,False
dup_group_01741,1,1,0,1,PNEUMONIA,0,1,False
dup_group_01742,1,1,0,1,PNEUMONIA,0,1,False
dup_group_01743,1,1,0,1,PNEUMONIA,0,1,False
dup_group_01744,1,1,0,1,PNEUMONIA,0,1,False
dup_group_01745,1,1,0,1,PNEUMONIA,0,1,False
dup_group_01746,1,1,0,1,PNEUMONIA,0,1,False
dup_group_01747,1,1,0,1,PNEUMONIA,0,1,False
dup_group_01748,1,1,0,1,PNEUMONIA,0,1,False
dup_group_01749,1,1,0,1,PNEUMONIA,0,1,False
dup_group_01750,1,1,0,1,PNEUMONIA,0,1,False
dup_group_01751,1,1,0,1,PNEUMONIA,0,1,False
dup_group_01753,1,1,0,1,PNEUMONIA,0,1,False
dup_group_01754,1,1,0,1,PNEUMONIA,0,1,False
dup_group_01756,1,1,0,1,PNEUMONIA,0,1,False
dup_group_01757,1,1,0,1,PNEUMONIA,0,1,False
dup_group_01758,1,1,0,1,PNEUMONIA,0,1,False
dup_group_01759,1,1,0,1,PNEUMONIA,0,1,False
dup_group_01760,1,1,0,1,PNEUMONIA,0,1,False
dup_group_01761,1,1,0,1,PNEUMONIA,0,1,False
dup_group_01762,1,1,0,1,PNEUMONIA,0,1,False
dup_group_01763,1,1,0,1,PNEUMONIA,0,1,False
dup_group_01764,1,1,0,1,PNEUMONIA,0,1,False
dup_group_01766,1,1,0,1,PNEUMONIA,0,1,False
dup_group_01767,1,1,0,1,PNEUMONIA,0,1,False
dup_group_01768,1,1,0,1,PNEUMONIA,0,1,False
dup_group_01769,1,1,0,1,PNEUMONIA,0,1,False
dup_group_01770,1,1,0,1,PNEUMONIA,0,1,False
dup_group_01771,1,1,0,1,PNEUMONIA,0,1,False
dup_group_01772,1,1,0,1,PNEUMONIA,0,1,False
dup_group_01773,1,1,0,1,PNEUMONIA,0,1,False
dup_group_01774,1,1,0,1,PNEUMONIA,0,1,False
dup_group_01775,1,1,0,1,PNEUMONIA,0,1,False
dup_group_01776,1,1,0,1,PNEUMONIA,0,1,False
dup_group_01777,1,1,0,1,PNEUMONIA,0,1,False
dup_group_01779,1,1,0,1,PNEUMONIA,0,1,False
dup_group_01780,1,1,0,1,PNEUMONIA,0,1,False
dup_group_01782,1,1,0,1,PNEUMONIA,0,1,False
dup_group_01783,1,1,0,1,PNEUMONIA,0,1,False
dup_group_01784,1,1,0,1,PNEUMONIA,0,1,False
dup_group_01785,1,1,0,1,PNEUMONIA,0,1,False
dup_group_01786,1,1,0,1,PNEUMONIA,0,1,False
dup_group_01787,1,1,0,1,PNEUMONIA,0,1,False
dup_group_01788,1,1,0,1,PNEUMONIA,0,1,False
dup_group_01789,1,1,0,1,PNEUMONIA,0,1,False
dup_group_01790,1,1,0,1,PNEUMONIA,0,1,False
dup_group_01791,1,1,0,1,PNEUMONIA,0,1,False
dup_group_01793,1,1,0,1,PNEUMONIA,0,1,False
dup_group_01794,1,1,0,1,PNEUMONIA,0,1,False
dup_group_01795,1,1,0,1,PNEUMONIA,0,1,False
dup_group_01796,1,1,0,1,PNEUMONIA,0,1,False
dup_group_01797,1,1,0,1,PNEUMONIA,0,1,False
dup_group_01798,1,1,0,1,PNEUMONIA,0,1,False
dup_group_01799,1,1,0,1,PNEUMONIA,0,1,False
dup_group_01800,1,1,0,1,PNEUMONIA,0,1,False
dup_group_01801,1,1,0,1,PNEUMONIA,0,1,False
dup_group_01802,1,1,0,1,PNEUMONIA,0,1,False
dup_group_01804,1,1,0,1,PNEUMONIA,0,1,False
dup_group_01805,1,1,0,1,PNEUMONIA,0,1,False
dup_group_01806,1,1,0,1,PNEUMONIA,0,1,False
dup_group_01808,1,1,0,1,PNEUMONIA,0,1,False
dup_group_01809,1,1,0,1,PNEUMONIA,0,1,False
dup_group_01810,1,1,0,1,PNEUMONIA,0,1,False
dup_group_01811,1,0,1,1,PNEUMONIA,0,1,False
dup_group_01812,1,1,0,1,PNEUMONIA,0,1,False
dup_group_01813,1,1,0,1,PNEUMONIA,0,1,False
dup_group_01814,1,1,0,1,PNEUMONIA,0,1,False
dup_group_01815,1,1,0,1,PNEUMONIA,0,1,False
dup_group_01816,1,1,0,1,PNEUMONIA,0,1,False
dup_group_01817,1,1,0,1,PNEUMONIA,0,1,False
dup_group_01818,1,1,0,1,PNEUMONIA,0,1,False
dup_group_01821,1,1,0,1,PNEUMONIA,0,1,False
dup_group_01822,1,1,0,1,PNEUMONIA,0,1,False
dup_group_01823,1,1,0,1,PNEUMONIA,0,1,False
dup_group_01825,1,1,0,1,PNEUMONIA,0,1,False
dup_group_01826,1,1,0,1,PNEUMONIA,0,1,False
dup_group_01827,1,1,0,1,PNEUMONIA,0,1,False
dup_group_01828,1,1,0,1,PNEUMONIA,0,1,False
dup_group_01830,1,1,0,1,PNEUMONIA,0,1,False
dup_group_01831,1,1,0,1,PNEUMONIA,0,1,False
dup_group_01832,1,1,0,1,PNEUMONIA,0,1,False
dup_group_01833,1,1,0,1,PNEUMONIA,0,1,False
dup_group_01834,1,1,0,1,PNEUMONIA,0,1,False
dup_group_01835,1,1,0,1,PNEUMONIA,0,1,False
dup_group_01836,1,1,0,1,PNEUMONIA,0,1,False
dup_group_01837,1,1,0,1,PNEUMONIA,0,1,False
dup_group_01839,1,1,0,1,PNEUMONIA,0,1,False
dup_group_01840,1,1,0,1,PNEUMONIA,0,1,False
dup_group_01843,1,1,0,1,PNEUMONIA,0,1,False
dup_group_01844,1,1,0,1,PNEUMONIA,0,1,False
dup_group_01845,1,1,0,1,PNEUMONIA,0,1,False
dup_group_01846,1,1,0,1,PNEUMONIA,0,1,False
dup_group_01847,1,1,0,1,PNEUMONIA,0,1,False
dup_group_01848,1,1,0,1,PNEUMONIA,0,1,False
dup_group_01849,1,1,0,1,PNEUMONIA,0,1,False
dup_group_01850,1,1,0,1,PNEUMONIA,0,1,False
dup_group_01851,1,1,0,1,PNEUMONIA,0,1,False
dup_group_01852,1,1,0,1,PNEUMONIA,0,1,False
dup_group_01853,1,1,0,1,PNEUMONIA,0,1,False
dup_group_01854,1,1,0,1,PNEUMONIA,0,1,False
dup_group_01855,1,1,0,1,PNEUMONIA,0,1,False
dup_group_01856,1,1,0,1,PNEUMONIA,0,1,False
dup_group_01858,1,1,0,1,PNEUMONIA,0,1,False
dup_group_01859,1,1,0,1,PNEUMONIA,0,1,False
dup_group_01861,1,1,0,1,PNEUMONIA,0,1,False
dup_group_01862,1,1,0,1,PNEUMONIA,0,1,False
dup_group_01863,1,1,0,1,PNEUMONIA,0,1,False
dup_group_01865,1,1,0,1,PNEUMONIA,0,1,False
dup_group_01866,1,1,0,1,PNEUMONIA,0,1,False
dup_group_01868,1,1,0,1,PNEUMONIA,0,1,False
dup_group_01869,1,1,0,1,PNEUMONIA,0,1,False
dup_group_01870,1,1,0,1,PNEUMONIA,0,1,False
dup_group_01871,1,1,0,1,PNEUMONIA,0,1,False
dup_group_01872,1,1,0,1,PNEUMONIA,0,1,False
dup_group_01873,1,1,0,1,PNEUMONIA,0,1,False
dup_group_01874,1,1,0,1,PNEUMONIA,0,1,False
dup_group_01875,1,1,0,1,PNEUMONIA,0,1,False
dup_group_01876,1,1,0,1,PNEUMONIA,0,1,False
dup_group_01877,1,1,0,1,PNEUMONIA,0,1,False
dup_group_01878,1,1,0,1,PNEUMONIA,0,1,False
dup_group_01879,1,1,0,1,PNEUMONIA,0,1,False
dup_group_01880,1,1,0,1,PNEUMONIA,0,1,False
dup_group_01881,1,1,0,1,PNEUMONIA,0,1,False
dup_group_01882,1,1,0,1,PNEUMONIA,0,1,False
dup_group_01883,1,1,0,1,PNEUMONIA,0,1,False
dup_group_01884,1,1,0,1,PNEUMONIA,0,1,False
dup_group_01885,1,0,1,1,PNEUMONIA,0,1,False
dup_group_01886,1,1,0,1,PNEUMONIA,0,1,False
dup_group_01887,1,1,0,1,PNEUMONIA,0,1,False
dup_group_01888,1,1,0,1,PNEUMONIA,0,1,False
dup_group_01891,1,1,0,1,PNEUMONIA,0,1,False
dup_group_01892,1,1,0,1,PNEUMONIA,0,1,False
dup_group_01893,1,1,0,1,PNEUMONIA,0,1,False
dup_group_01894,1,1,0,1,PNEUMONIA,0,1,False
dup_group_01895,1,1,0,1,PNEUMONIA,0,1,False
dup_group_01896,1,0,1,1,PNEUMONIA,0,1,False
dup_group_01897,1,1,0,1,PNEUMONIA,0,1,False
dup_group_01898,1,1,0,1,PNEUMONIA,0,1,False
dup_group_01900,1,1,0,1,PNEUMONIA,0,1,False
dup_group_01901,1,1,0,1,PNEUMONIA,0,1,False
dup_group_01902,1,1,0,1,PNEUMONIA,0,1,False
dup_group_01903,1,1,0,1,PNEUMONIA,0,1,False
dup_group_01904,1,1,0,1,PNEUMONIA,0,1,False
dup_group_01905,1,1,0,1,PNEUMONIA,0,1,False
dup_group_01906,1,1,0,1,PNEUMONIA,0,1,False
dup_group_01907,1,0,1,1,PNEUMONIA,0,1,False
dup_group_01908,1,1,0,1,PNEUMONIA,0,1,False
dup_group_01909,1,1,0,1,PNEUMONIA,0,1,False
dup_group_01911,1,1,0,1,PNEUMONIA,0,1,False
dup_group_01912,1,1,0,1,PNEUMONIA,0,1,False
dup_group_01913,1,1,0,1,PNEUMONIA,0,1,False
dup_group_01914,1,1,0,1,PNEUMONIA,0,1,False
dup_group_01915,1,1,0,1,PNEUMONIA,0,1,False
dup_group_01916,1,1,0,1,PNEUMONIA,0,1,False
dup_group_01917,1,1,0,1,PNEUMONIA,0,1,False
dup_group_01918,1,1,0,1,PNEUMONIA,0,1,False
dup_group_01919,1,1,0,1,PNEUMONIA,0,1,False
dup_group_01920,1,1,0,1,PNEUMONIA,0,1,False
dup_group_01921,1,1,0,1,PNEUMONIA,0,1,False
dup_group_01922,1,1,0,1,PNEUMONIA,0,1,False
dup_group_01923,1,1,0,1,PNEUMONIA,0,1,False
dup_group_01924,1,0,1,1,PNEUMONIA,0,1,False
dup_group_01925,1,1,0,1,PNEUMONIA,0,1,False
dup_group_01926,1,1,0,1,PNEUMONIA,0,1,False
dup_group_01927,1,1,0,1,PNEUMONIA,0,1,False
dup_group_01928,1,1,0,1,PNEUMONIA,0,1,False
dup_group_01929,1,1,0,1,PNEUMONIA,0,1,False
dup_group_01932,1,1,0,1,PNEUMONIA,0,1,False
dup_group_01933,1,1,0,1,PNEUMONIA,0,1,False
dup_group_01934,1,1,0,1,PNEUMONIA,0,1,False
dup_group_01935,1,1,0,1,PNEUMONIA,0,1,False
dup_group_01936,1,1,0,1,PNEUMONIA,0,1,False
dup_group_01937,1,1,0,1,PNEUMONIA,0,1,False
dup_group_01938,1,1,0,1,PNEUMONIA,0,1,False
dup_group_01939,1,1,0,1,PNEUMONIA,0,1,False
dup_group_01940,1,1,0,1,PNEUMONIA,0,1,False
dup_group_01941,1,1,0,1,PNEUMONIA,0,1,False
dup_group_01942,1,1,0,1,PNEUMONIA,0,1,False
dup_group_01943,1,1,0,1,PNEUMONIA,0,1,False
dup_group_01944,1,1,0,1,PNEUMONIA,0,1,False
dup_group_01945,1,1,0,1,PNEUMONIA,0,1,False
dup_group_01946,1,1,0,1,PNEUMONIA,0,1,False
dup_group_01947,1,1,0,1,PNEUMONIA,0,1,False
dup_group_01948,1,1,0,1,PNEUMONIA,0,1,False
dup_group_01949,1,1,0,1,PNEUMONIA,0,1,False
dup_group_01950,1,1,0,1,PNEUMONIA,0,1,False
dup_group_01951,1,1,0,1,PNEUMONIA,0,1,False
dup_group_01952,1,1,0,1,PNEUMONIA,0,1,False
dup_group_01953,1,1,0,1,PNEUMONIA,0,1,False
dup_group_01954,1,1,0,1,PNEUMONIA,0,1,False
dup_group_01955,1,1,0,1,PNEUMONIA,0,1,False
dup_group_01956,1,0,1,1,PNEUMONIA,0,1,False
dup_group_01957,1,1,0,1,PNEUMONIA,0,1,False
dup_group_01958,1,1,0,1,PNEUMONIA,0,1,False
dup_group_01961,1,1,0,1,PNEUMONIA,0,1,False
dup_group_01962,1,1,0,1,PNEUMONIA,0,1,False
dup_group_01965,1,1,0,1,PNEUMONIA,0,1,False
dup_group_01966,1,1,0,1,PNEUMONIA,0,1,False
dup_group_01967,1,1,0,1,PNEUMONIA,0,1,False
dup_group_01968,1,1,0,1,PNEUMONIA,0,1,False
dup_group_01969,1,1,0,1,PNEUMONIA,0,1,False
dup_group_01970,1,1,0,1,PNEUMONIA,0,1,False
dup_group_01971,1,1,0,1,PNEUMONIA,0,1,False
dup_group_01973,1,1,0,1,PNEUMONIA,0,1,False
dup_group_01974,1,1,0,1,PNEUMONIA,0,1,False
dup_group_01975,1,1,0,1,PNEUMONIA,0,1,False
dup_group_01976,1,1,0,1,PNEUMONIA,0,1,False
dup_group_01977,1,1,0,1,PNEUMONIA,0,1,False
dup_group_01978,1,1,0,1,PNEUMONIA,0,1,False
dup_group_01979,1,1,0,1,PNEUMONIA,0,1,False
dup_group_01980,1,1,0,1,PNEUMONIA,0,1,False
dup_group_01981,1,1,0,1,PNEUMONIA,0,1,False
dup_group_01982,1,1,0,1,PNEUMONIA,0,1,False
dup_group_01983,1,1,0,1,PNEUMONIA,0,1,False
dup_group_01984,1,1,0,1,PNEUMONIA,0,1,False
dup_group_01985,1,1,0,1,PNEUMONIA,0,1,False
dup_group_01986,1,1,0,1,PNEUMONIA,0,1,False
dup_group_01987,1,1,0,1,PNEUMONIA,0,1,False
dup_group_01988,1,1,0,1,PNEUMONIA,0,1,False
dup_group_01989,1,1,0,1,PNEUMONIA,0,1,False
dup_group_01990,1,1,0,1,PNEUMONIA,0,1,False
dup_group_01991,1,1,0,1,PNEUMONIA,0,1,False
dup_group_01992,1,1,0,1,PNEUMONIA,0,1,False
dup_group_01993,1,1,0,1,PNEUMONIA,0,1,False
dup_group_01994,1,1,0,1,PNEUMONIA,0,1,False
dup_group_01995,1,1,0,1,PNEUMONIA,0,1,False
dup_group_01998,1,1,0,1,PNEUMONIA,0,1,False
dup_group_01999,1,1,0,1,PNEUMONIA,0,1,False
dup_group_02000,1,1,0,1,PNEUMONIA,0,1,False
dup_group_02001,1,1,0,1,PNEUMONIA,0,1,False
dup_group_02002,1,1,0,1,PNEUMONIA,0,1,False
dup_group_02004,1,1,0,1,PNEUMONIA,0,1,False
dup_group_02005,1,1,0,1,PNEUMONIA,0,1,False
dup_group_02006,1,1,0,1,PNEUMONIA,0,1,False
dup_group_02007,1,1,0,1,PNEUMONIA,0,1,False
dup_group_02008,1,1,0,1,PNEUMONIA,0,1,False
dup_group_02009,1,1,0,1,PNEUMONIA,0,1,False
dup_group_02010,1,1,0,1,PNEUMONIA,0,1,False
dup_group_02011,1,1,0,1,PNEUMONIA,0,1,False
dup_group_02012,1,1,0,1,PNEUMONIA,0,1,False
dup_group_02013,1,1,0,1,PNEUMONIA,0,1,False
dup_group_02014,1,1,0,1,PNEUMONIA,0,1,False
dup_group_02015,1,1,0,1,PNEUMONIA,0,1,False
dup_group_02016,1,1,0,1,PNEUMONIA,0,1,False
dup_group_02017,1,1,0,1,PNEUMONIA,0,1,False
dup_group_02019,1,1,0,1,PNEUMONIA,0,1,False
dup_group_02020,1,1,0,1,PNEUMONIA,0,1,False
dup_group_02021,1,1,0,1,PNEUMONIA,0,1,False
dup_group_02022,1,1,0,1,PNEUMONIA,0,1,False
dup_group_02023,1,1,0,1,PNEUMONIA,0,1,False
dup_group_02024,1,1,0,1,PNEUMONIA,0,1,False
dup_group_02025,1,1,0,1,PNEUMONIA,0,1,False
dup_group_02026,1,1,0,1,PNEUMONIA,0,1,False
dup_group_02027,1,1,0,1,PNEUMONIA,0,1,False
dup_group_02028,1,1,0,1,PNEUMONIA,0,1,False
dup_group_02029,1,1,0,1,PNEUMONIA,0,1,False
dup_group_02030,1,1,0,1,PNEUMONIA,0,1,False
dup_group_02031,1,1,0,1,PNEUMONIA,0,1,False
dup_group_02032,1,1,0,1,PNEUMONIA,0,1,False
dup_group_02033,1,1,0,1,PNEUMONIA,0,1,False
dup_group_02034,1,1,0,1,PNEUMONIA,0,1,False
dup_group_02035,1,1,0,1,PNEUMONIA,0,1,False
dup_group_02036,1,1,0,1,PNEUMONIA,0,1,False
dup_group_02037,1,1,0,1,PNEUMONIA,0,1,False
dup_group_02038,1,1,0,1,PNEUMONIA,0,1,False
dup_group_02039,1,1,0,1,PNEUMONIA,0,1,False
dup_group_02040,1,1,0,1,PNEUMONIA,0,1,False
dup_group_02041,1,1,0,1,PNEUMONIA,0,1,False
dup_group_02042,1,1,0,1,PNEUMONIA,0,1,False
dup_group_02043,1,1,0,1,PNEUMONIA,0,1,False
dup_group_02044,1,1,0,1,PNEUMONIA,0,1,False
dup_group_02045,1,1,0,1,PNEUMONIA,0,1,False
dup_group_02046,1,1,0,1,PNEUMONIA,0,1,False
dup_group_02048,1,1,0,1,PNEUMONIA,0,1,False
dup_group_02049,1,1,0,1,PNEUMONIA,0,1,False
dup_group_02050,1,1,0,1,PNEUMONIA,0,1,False
dup_group_02052,1,1,0,1,PNEUMONIA,0,1,False
dup_group_02053,1,1,0,1,PNEUMONIA,0,1,False
dup_group_02054,1,1,0,1,PNEUMONIA,0,1,False
dup_group_02056,1,1,0,1,PNEUMONIA,0,1,False
dup_group_02057,1,1,0,1,PNEUMONIA,0,1,False
dup_group_02058,1,1,0,1,PNEUMONIA,0,1,False
dup_group_02059,1,1,0,1,PNEUMONIA,0,1,False
dup_group_02060,1,1,0,1,PNEUMONIA,0,1,False
dup_group_02061,1,1,0,1,PNEUMONIA,0,1,False
dup_group_02063,1,0,1,1,PNEUMONIA,0,1,False
dup_group_02064,1,1,0,1,PNEUMONIA,0,1,False
dup_group_02065,1,1,0,1,PNEUMONIA,0,1,False
dup_group_02066,1,1,0,1,PNEUMONIA,0,1,False
dup_group_02068,1,1,0,1,PNEUMONIA,0,1,False
dup_group_02069,1,1,0,1,PNEUMONIA,0,1,False
dup_group_02070,1,1,0,1,PNEUMONIA,0,1,False
dup_group_02071,1,1,0,1,PNEUMONIA,0,1,False
dup_group_02072,1,1,0,1,PNEUMONIA,0,1,False
dup_group_02073,1,1,0,1,PNEUMONIA,0,1,False
dup_group_02074,1,1,0,1,PNEUMONIA,0,1,False
dup_group_02075,1,1,0,1,PNEUMONIA,0,1,False
dup_group_02076,1,1,0,1,PNEUMONIA,0,1,False
dup_group_02077,1,1,0,1,PNEUMONIA,0,1,False
dup_group_02078,1,1,0,1,PNEUMONIA,0,1,False
dup_group_02079,1,1,0,1,PNEUMONIA,0,1,False
dup_group_02080,1,1,0,1,PNEUMONIA,0,1,False
dup_group_02081,1,1,0,1,PNEUMONIA,0,1,False
dup_group_02082,1,1,0,1,PNEUMONIA,0,1,False
dup_group_02083,1,1,0,1,PNEUMONIA,0,1,False
dup_group_02084,1,1,0,1,PNEUMONIA,0,1,False
dup_group_02085,1,1,0,1,PNEUMONIA,0,1,False
dup_group_02086,1,1,0,1,PNEUMONIA,0,1,False
dup_group_02087,1,1,0,1,PNEUMONIA,0,1,False
dup_group_02088,1,1,0,1,PNEUMONIA,0,1,False
dup_group_02089,1,0,1,1,PNEUMONIA,0,1,False
dup_group_02090,1,1,0,1,PNEUMONIA,0,1,False
dup_group_02091,1,1,0,1,PNEUMONIA,0,1,False
dup_group_02092,1,1,0,1,PNEUMONIA,0,1,False
dup_group_02094,1,1,0,1,PNEUMONIA,0,1,False
dup_group_02095,1,1,0,1,PNEUMONIA,0,1,False
dup_group_02096,1,1,0,1,PNEUMONIA,0,1,False
dup_group_02098,1,1,0,1,PNEUMONIA,0,1,False
dup_group_02099,1,1,0,1,PNEUMONIA,0,1,False
dup_group_02100,1,1,0,1,PNEUMONIA,0,1,False
dup_group_02101,1,1,0,1,PNEUMONIA,0,1,False
dup_group_02102,1,1,0,1,PNEUMONIA,0,1,False
dup_group_02103,1,1,0,1,PNEUMONIA,0,1,False
dup_group_02104,1,1,0,1,PNEUMONIA,0,1,False
dup_group_02105,1,1,0,1,PNEUMONIA,0,1,False
dup_group_02106,1,1,0,1,PNEUMONIA,0,1,False
dup_group_02107,1,1,0,1,PNEUMONIA,0,1,False
dup_group_02108,1,1,0,1,PNEUMONIA,0,1,False
dup_group_02109,1,1,0,1,PNEUMONIA,0,1,False
dup_group_02111,1,1,0,1,PNEUMONIA,0,1,False
dup_group_02112,1,1,0,1,PNEUMONIA,0,1,False
dup_group_02113,1,1,0,1,PNEUMONIA,0,1,False
dup_group_02114,1,1,0,1,PNEUMONIA,0,1,False
dup_group_02115,1,1,0,1,PNEUMONIA,0,1,False
dup_group_02116,1,1,0,1,PNEUMONIA,0,1,False
dup_group_02117,1,1,0,1,PNEUMONIA,0,1,False
dup_group_02118,1,1,0,1,PNEUMONIA,0,1,False
dup_group_02120,1,1,0,1,PNEUMONIA,0,1,False
dup_group_02121,1,1,0,1,PNEUMONIA,0,1,False
dup_group_02122,1,1,0,1,PNEUMONIA,0,1,False
dup_group_02123,1,1,0,1,PNEUMONIA,0,1,False
dup_group_02124,1,1,0,1,PNEUMONIA,0,1,False
dup_group_02125,1,1,0,1,PNEUMONIA,0,1,False
dup_group_02126,1,1,0,1,PNEUMONIA,0,1,False
dup_group_02127,1,1,0,1,PNEUMONIA,0,1,False
dup_group_02128,1,1,0,1,PNEUMONIA,0,1,False
dup_group_02129,1,1,0,1,PNEUMONIA,0,1,False
dup_group_02130,1,1,0,1,PNEUMONIA,0,1,False
dup_group_02131,1,1,0,1,PNEUMONIA,0,1,False
dup_group_02132,1,1,0,1,PNEUMONIA,0,1,False
dup_group_02133,1,1,0,1,PNEUMONIA,0,1,False
dup_group_02134,1,1,0,1,PNEUMONIA,0,1,False
dup_group_02135,1,1,0,1,PNEUMONIA,0,1,False
dup_group_02136,1,1,0,1,PNEUMONIA,0,1,False
dup_group_02137,1,1,0,1,PNEUMONIA,0,1,False
dup_group_02138,1,1,0,1,PNEUMONIA,0,1,False
dup_group_02139,1,1,0,1,PNEUMONIA,0,1,False
dup_group_02140,1,1,0,1,PNEUMONIA,0,1,False
dup_group_02141,1,1,0,1,PNEUMONIA,0,1,False
dup_group_02142,1,1,0,1,PNEUMONIA,0,1,False
dup_group_02143,1,1,0,1,PNEUMONIA,0,1,False
dup_group_02144,1,1,0,1,PNEUMONIA,0,1,False
dup_group_02145,1,1,0,1,PNEUMONIA,0,1,False
dup_group_02146,1,1,0,1,PNEUMONIA,0,1,False
dup_group_02147,1,1,0,1,PNEUMONIA,0,1,False
dup_group_02148,1,1,0,1,PNEUMONIA,0,1,False
dup_group_02149,1,1,0,1,PNEUMONIA,0,1,False
dup_group_02150,1,1,0,1,PNEUMONIA,0,1,False
dup_group_02151,1,1,0,1,PNEUMONIA,0,1,False
dup_group_02152,1,1,0,1,PNEUMONIA,0,1,False
dup_group_02154,1,1,0,1,PNEUMONIA,0,1,False
dup_group_02155,1,1,0,1,PNEUMONIA,0,1,False
dup_group_02156,1,1,0,1,PNEUMONIA,0,1,False
dup_group_02157,1,1,0,1,PNEUMONIA,0,1,False
dup_group_02158,1,1,0,1,PNEUMONIA,0,1,False
dup_group_02161,1,1,0,1,PNEUMONIA,0,1,False
dup_group_02162,1,1,0,1,PNEUMONIA,0,1,False
dup_group_02163,1,1,0,1,PNEUMONIA,0,1,False
dup_group_02164,1,1,0,1,PNEUMONIA,0,1,False
dup_group_02165,1,1,0,1,PNEUMONIA,0,1,False
dup_group_02166,1,1,0,1,PNEUMONIA,0,1,False
dup_group_02167,1,1,0,1,PNEUMONIA,0,1,False
dup_group_02168,1,1,0,1,PNEUMONIA,0,1,False
dup_group_02170,1,1,0,1,PNEUMONIA,0,1,False
dup_group_02171,1,1,0,1,PNEUMONIA,0,1,False
dup_group_02172,1,1,0,1,PNEUMONIA,0,1,False
dup_group_02173,1,1,0,1,PNEUMONIA,0,1,False
dup_group_02174,1,1,0,1,PNEUMONIA,0,1,False
dup_group_02175,1,1,0,1,PNEUMONIA,0,1,False
dup_group_02176,1,1,0,1,PNEUMONIA,0,1,False
dup_group_02177,1,1,0,1,PNEUMONIA,0,1,False
dup_group_02178,1,1,0,1,PNEUMONIA,0,1,False
dup_group_02179,1,1,0,1,PNEUMONIA,0,1,False
dup_group_02180,1,1,0,1,PNEUMONIA,0,1,False
dup_group_02181,1,1,0,1,PNEUMONIA,0,1,False
dup_group_02182,1,1,0,1,PNEUMONIA,0,1,False
dup_group_02183,1,1,0,1,PNEUMONIA,0,1,False
dup_group_02184,1,1,0,1,PNEUMONIA,0,1,False
dup_group_02185,1,1,0,1,PNEUMONIA,0,1,False
dup_group_02186,1,1,0,1,PNEUMONIA,0,1,False
dup_group_02188,1,1,0,1,PNEUMONIA,0,1,False
dup_group_02189,1,1,0,1,PNEUMONIA,0,1,False
dup_group_02190,1,1,0,1,PNEUMONIA,0,1,False
dup_group_02191,1,1,0,1,PNEUMONIA,0,1,False
dup_group_02192,1,1,0,1,PNEUMONIA,0,1,False
dup_group_02193,1,1,0,1,PNEUMONIA,0,1,False
dup_group_02194,1,1,0,1,PNEUMONIA,0,1,False
dup_group_02195,1,1,0,1,PNEUMONIA,0,1,False
dup_group_02196,1,1,0,1,PNEUMONIA,0,1,False
dup_group_02197,1,1,0,1,PNEUMONIA,0,1,False
dup_group_02198,1,0,1,1,PNEUMONIA,0,1,False
dup_group_02199,1,1,0,1,PNEUMONIA,0,1,False
dup_group_02200,1,1,0,1,PNEUMONIA,0,1,False
dup_group_02201,1,1,0,1,PNEUMONIA,0,1,False
dup_group_02202,1,1,0,1,PNEUMONIA,0,1,False
dup_group_02203,1,1,0,1,PNEUMONIA,0,1,False
dup_group_02204,1,1,0,1,PNEUMONIA,0,1,False
dup_group_02205,1,1,0,1,PNEUMONIA,0,1,False
dup_group_02206,1,1,0,1,PNEUMONIA,0,1,False
dup_group_02207,1,1,0,1,PNEUMONIA,0,1,False
dup_group_02208,1,1,0,1,PNEUMONIA,0,1,False
dup_group_02209,1,1,0,1,PNEUMONIA,0,1,False
dup_group_02210,1,1,0,1,PNEUMONIA,0,1,False
dup_group_02211,1,1,0,1,PNEUMONIA,0,1,False
dup_group_02212,1,1,0,1,PNEUMONIA,0,1,False
dup_group_02213,1,1,0,1,PNEUMONIA,0,1,False
dup_group_02214,1,1,0,1,PNEUMONIA,0,1,False
dup_group_02215,1,1,0,1,PNEUMONIA,0,1,False
dup_group_02216,1,1,0,1,PNEUMONIA,0,1,False
dup_group_02217,1,1,0,1,PNEUMONIA,0,1,False
dup_group_02218,1,1,0,1,PNEUMONIA,0,1,False
dup_group_02219,1,1,0,1,PNEUMONIA,0,1,False
dup_group_02220,1,1,0,1,PNEUMONIA,0,1,False
dup_group_02221,1,1,0,1,PNEUMONIA,0,1,False
dup_group_02222,1,1,0,1,PNEUMONIA,0,1,False
dup_group_02223,1,1,0,1,PNEUMONIA,0,1,False
dup_group_02224,1,1,0,1,PNEUMONIA,0,1,False
dup_group_02225,1,1,0,1,PNEUMONIA,0,1,False
dup_group_02226,1,1,0,1,PNEUMONIA,0,1,False
dup_group_02227,1,1,0,1,PNEUMONIA,0,1,False
dup_group_02228,1,1,0,1,PNEUMONIA,0,1,False
dup_group_02229,1,1,0,1,PNEUMONIA,0,1,False
dup_group_02230,1,1,0,1,PNEUMONIA,0,1,False
dup_group_02231,1,1,0,1,PNEUMONIA,0,1,False
dup_group_02232,1,1,0,1,PNEUMONIA,0,1,False
dup_group_02233,1,1,0,1,PNEUMONIA,0,1,False
dup_group_02234,1,1,0,1,PNEUMONIA,0,1,False
dup_group_02235,1,1,0,1,PNEUMONIA,0,1,False
dup_group_02236,1,1,0,1,PNEUMONIA,0,1,False
dup_group_02237,1,1,0,1,PNEUMONIA,0,1,False
dup_group_02238,1,1,0,1,PNEUMONIA,0,1,False
dup_group_02239,1,1,0,1,PNEUMONIA,0,1,False
dup_group_02240,1,1,0,1,PNEUMONIA,0,1,False
dup_group_02241,1,1,0,1,PNEUMONIA,0,1,False
dup_group_02242,1,1,0,1,PNEUMONIA,0,1,False
dup_group_02243,1,1,0,1,PNEUMONIA,0,1,False
dup_group_02244,1,1,0,1,PNEUMONIA,0,1,False
dup_group_02245,1,1,0,1,PNEUMONIA,0,1,False
dup_group_02246,1,1,0,1,PNEUMONIA,0,1,False
dup_group_02248,1,1,0,1,PNEUMONIA,0,1,False
dup_group_02249,1,1,0,1,PNEUMONIA,0,1,False
dup_group_02250,1,1,0,1,PNEUMONIA,0,1,False
dup_group_02251,1,1,0,1,PNEUMONIA,0,1,False
dup_group_02252,1,1,0,1,PNEUMONIA,0,1,False
dup_group_02253,1,1,0,1,PNEUMONIA,0,1,False
dup_group_02254,1,1,0,1,PNEUMONIA,0,1,False
dup_group_02255,1,1,0,1,PNEUMONIA,0,1,False
dup_group_02256,1,0,1,1,PNEUMONIA,0,1,False
dup_group_02257,1,1,0,1,PNEUMONIA,0,1,False
dup_group_02258,1,1,0,1,PNEUMONIA,0,1,False
dup_group_02259,1,1,0,1,PNEUMONIA,0,1,False
dup_group_02260,1,1,0,1,PNEUMONIA,0,1,False
dup_group_02261,1,1,0,1,PNEUMONIA,0,1,False
dup_group_02262,1,1,0,1,PNEUMONIA,0,1,False
dup_group_02263,1,1,0,1,PNEUMONIA,0,1,False
dup_group_02264,1,1,0,1,PNEUMONIA,0,1,False
dup_group_02265,1,1,0,1,PNEUMONIA,0,1,False
dup_group_02267,1,1,0,1,PNEUMONIA,0,1,False
dup_group_02268,1,1,0,1,PNEUMONIA,0,1,False
dup_group_02269,1,1,0,1,PNEUMONIA,0,1,False
dup_group_02270,1,1,0,1,PNEUMONIA,0,1,False
dup_group_02271,1,1,0,1,PNEUMONIA,0,1,False
dup_group_02272,1,1,0,1,PNEUMONIA,0,1,False
dup_group_02273,1,1,0,1,PNEUMONIA,0,1,False
dup_group_02274,1,1,0,1,PNEUMONIA,0,1,False
dup_group_02275,1,1,0,1,PNEUMONIA,0,1,False
dup_group_02277,1,1,0,1,PNEUMONIA,0,1,False
dup_group_02278,1,1,0,1,PNEUMONIA,0,1,False
dup_group_02279,1,1,0,1,PNEUMONIA,0,1,False
dup_group_02280,1,1,0,1,PNEUMONIA,0,1,False
dup_group_02281,1,1,0,1,PNEUMONIA,0,1,False
dup_group_02282,1,1,0,1,PNEUMONIA,0,1,False
dup_group_02283,1,1,0,1,PNEUMONIA,0,1,False
dup_group_02284,1,1,0,1,PNEUMONIA,0,1,False
dup_group_02285,1,1,0,1,PNEUMONIA,0,1,False
dup_group_02286,1,1,0,1,PNEUMONIA,0,1,False
dup_group_02287,1,1,0,1,PNEUMONIA,0,1,False
dup_group_02288,1,1,0,1,PNEUMONIA,0,1,False
dup_group_02289,1,1,0,1,PNEUMONIA,0,1,False
dup_group_02291,1,1,0,1,PNEUMONIA,0,1,False
dup_group_02292,1,1,0,1,PNEUMONIA,0,1,False
dup_group_02293,1,1,0,1,PNEUMONIA,0,1,False
dup_group_02294,1,1,0,1,PNEUMONIA,0,1,False
dup_group_02295,1,1,0,1,PNEUMONIA,0,1,False
dup_group_02296,1,1,0,1,PNEUMONIA,0,1,False
dup_group_02297,1,1,0,1,PNEUMONIA,0,1,False
dup_group_02298,1,1,0,1,PNEUMONIA,0,1,False
dup_group_02299,1,1,0,1,PNEUMONIA,0,1,False
dup_group_02300,1,1,0,1,PNEUMONIA,0,1,False
dup_group_02301,1,1,0,1,PNEUMONIA,0,1,False
dup_group_02302,1,0,1,1,PNEUMONIA,0,1,False
dup_group_02304,1,1,0,1,PNEUMONIA,0,1,False
dup_group_02305,1,1,0,1,PNEUMONIA,0,1,False
dup_group_02306,1,1,0,1,PNEUMONIA,0,1,False
dup_group_02307,1,1,0,1,PNEUMONIA,0,1,False
dup_group_02308,1,1,0,1,PNEUMONIA,0,1,False
dup_group_02309,1,1,0,1,PNEUMONIA,0,1,False
dup_group_02310,1,1,0,1,PNEUMONIA,0,1,False
dup_group_02311,1,1,0,1,PNEUMONIA,0,1,False
dup_group_02312,1,1,0,1,PNEUMONIA,0,1,False
dup_group_02313,1,1,0,1,PNEUMONIA,0,1,False
dup_group_02314,1,1,0,1,PNEUMONIA,0,1,False
dup_group_02316,1,1,0,1,PNEUMONIA,0,1,False
dup_group_02317,1,1,0,1,PNEUMONIA,0,1,False
dup_group_02318,1,1,0,1,PNEUMONIA,0,1,False
dup_group_02319,1,1,0,1,PNEUMONIA,0,1,False
dup_group_02320,1,1,0,1,PNEUMONIA,0,1,False
dup_group_02321,1,1,0,1,PNEUMONIA,0,1,False
dup_group_02322,1,1,0,1,PNEUMONIA,0,1,False
dup_group_02323,1,1,0,1,PNEUMONIA,0,1,False
dup_group_02324,1,1,0,1,PNEUMONIA,0,1,False
dup_group_02325,1,1,0,1,PNEUMONIA,0,1,False
dup_group_02326,1,1,0,1,PNEUMONIA,0,1,False
dup_group_02327,1,1,0,1,PNEUMONIA,0,1,False
dup_group_02328,1,1,0,1,PNEUMONIA,0,1,False
dup_group_02330,1,1,0,1,PNEUMONIA,0,1,False
dup_group_02331,1,1,0,1,PNEUMONIA,0,1,False
dup_group_02332,1,1,0,1,PNEUMONIA,0,1,False
dup_group_02333,1,1,0,1,PNEUMONIA,0,1,False
dup_group_02334,1,1,0,1,PNEUMONIA,0,1,False
dup_group_02335,1,1,0,1,PNEUMONIA,0,1,False
dup_group_02336,1,1,0,1,PNEUMONIA,0,1,False
dup_group_02337,1,1,0,1,PNEUMONIA,0,1,False
dup_group_02339,1,1,0,1,PNEUMONIA,0,1,False
dup_group_02340,1,1,0,1,PNEUMONIA,0,1,False
dup_group_02341,1,1,0,1,PNEUMONIA,0,1,False
dup_group_02342,1,1,0,1,PNEUMONIA,0,1,False
dup_group_02343,1,1,0,1,PNEUMONIA,0,1,False
dup_group_02345,1,1,0,1,PNEUMONIA,0,1,False
dup_group_02346,1,1,0,1,PNEUMONIA,0,1,False
dup_group_02347,1,1,0,1,PNEUMONIA,0,1,False
dup_group_02348,1,1,0,1,PNEUMONIA,0,1,False
dup_group_02349,1,1,0,1,PNEUMONIA,0,1,False
dup_group_02350,1,1,0,1,PNEUMONIA,0,1,False
dup_group_02351,1,1,0,1,PNEUMONIA,0,1,False
dup_group_02352,1,1,0,1,PNEUMONIA,0,1,False
dup_group_02353,1,1,0,1,PNEUMONIA,0,1,False
dup_group_02354,1,1,0,1,PNEUMONIA,0,1,False
dup_group_02355,1,1,0,1,PNEUMONIA,0,1,False
dup_group_02356,1,1,0,1,PNEUMONIA,0,1,False
dup_group_02357,1,1,0,1,PNEUMONIA,0,1,False
dup_group_02358,1,1,0,1,PNEUMONIA,0,1,False
dup_group_02359,1,1,0,1,PNEUMONIA,0,1,False
dup_group_02360,1,1,0,1,PNEUMONIA,0,1,False
dup_group_02361,1,1,0,1,PNEUMONIA,0,1,False
dup_group_02363,1,1,0,1,PNEUMONIA,0,1,False
dup_group_02364,1,1,0,1,PNEUMONIA,0,1,False
dup_group_02365,1,1,0,1,PNEUMONIA,0,1,False
dup_group_02366,1,1,0,1,PNEUMONIA,0,1,False
dup_group_02367,1,1,0,1,PNEUMONIA,0,1,False
dup_group_02368,1,1,0,1,PNEUMONIA,0,1,False
dup_group_02369,1,1,0,1,PNEUMONIA,0,1,False
dup_group_02370,1,1,0,1,PNEUMONIA,0,1,False
dup_group_02371,1,1,0,1,PNEUMONIA,0,1,False
dup_group_02372,1,1,0,1,PNEUMONIA,0,1,False
dup_group_02373,1,1,0,1,PNEUMONIA,0,1,False
dup_group_02374,1,1,0,1,PNEUMONIA,0,1,False
dup_group_02375,1,1,0,1,PNEUMONIA,0,1,False
dup_group_02376,1,1,0,1,PNEUMONIA,0,1,False
dup_group_02377,1,1,0,1,PNEUMONIA,0,1,False
dup_group_02378,1,1,0,1,PNEUMONIA,0,1,False
dup_group_02379,1,1,0,1,PNEUMONIA,0,1,False
dup_group_02380,1,1,0,1,PNEUMONIA,0,1,False
dup_group_02381,1,1,0,1,PNEUMONIA,0,1,False
dup_group_02382,1,1,0,1,PNEUMONIA,0,1,False
dup_group_02384,1,1,0,1,PNEUMONIA,0,1,False
dup_group_02385,1,1,0,1,PNEUMONIA,0,1,False
dup_group_02386,1,1,0,1,PNEUMONIA,0,1,False
dup_group_02387,1,1,0,1,PNEUMONIA,0,1,False
dup_group_02388,1,1,0,1,PNEUMONIA,0,1,False
dup_group_02389,1,1,0,1,PNEUMONIA,0,1,False
dup_group_02390,1,1,0,1,PNEUMONIA,0,1,False
dup_group_02391,1,1,0,1,PNEUMONIA,0,1,False
dup_group_02393,1,1,0,1,PNEUMONIA,0,1,False
dup_group_02394,1,1,0,1,PNEUMONIA,0,1,False
dup_group_02395,1,1,0,1,PNEUMONIA,0,1,False
dup_group_02396,1,1,0,1,PNEUMONIA,0,1,False
dup_group_02397,1,1,0,1,PNEUMONIA,0,1,False
dup_group_02398,1,1,0,1,PNEUMONIA,0,1,False
dup_group_02400,1,1,0,1,PNEUMONIA,0,1,False
dup_group_02401,1,1,0,1,PNEUMONIA,0,1,False
dup_group_02402,1,1,0,1,PNEUMONIA,0,1,False
dup_group_02403,1,1,0,1,PNEUMONIA,0,1,False
dup_group_02404,1,1,0,1,PNEUMONIA,0,1,False
dup_group_02405,1,1,0,1,PNEUMONIA,0,1,False
dup_group_02406,1,1,0,1,PNEUMONIA,0,1,False
dup_group_02407,1,1,0,1,PNEUMONIA,0,1,False
dup_group_02408,1,1,0,1,PNEUMONIA,0,1,False
dup_group_02409,1,1,0,1,PNEUMONIA,0,1,False
dup_group_02410,1,1,0,1,PNEUMONIA,0,1,False
dup_group_02411,1,1,0,1,PNEUMONIA,0,1,False
dup_group_02412,1,1,0,1,PNEUMONIA,0,1,False
dup_group_02413,1,1,0,1,PNEUMONIA,0,1,False
dup_group_02414,1,1,0,1,PNEUMONIA,0,1,False
dup_group_02415,1,1,0,1,PNEUMONIA,0,1,False
dup_group_02416,1,1,0,1,PNEUMONIA,0,1,False
dup_group_02417,1,1,0,1,PNEUMONIA,0,1,False
dup_group_02418,1,1,0,1,PNEUMONIA,0,1,False
dup_group_02419,1,1,0,1,PNEUMONIA,0,1,False
dup_group_02420,1,1,0,1,PNEUMONIA,0,1,False
dup_group_02421,1,1,0,1,PNEUMONIA,0,1,False
dup_group_02422,1,1,0,1,PNEUMONIA,0,1,False
dup_group_02423,1,1,0,1,PNEUMONIA,0,1,False
dup_group_02424,1,1,0,1,PNEUMONIA,0,1,False
dup_group_02425,1,1,0,1,PNEUMONIA,0,1,False
dup_group_02426,1,1,0,1,PNEUMONIA,0,1,False
dup_group_02427,1,1,0,1,PNEUMONIA,0,1,False
dup_group_02428,1,1,0,1,PNEUMONIA,0,1,False
dup_group_02429,1,1,0,1,PNEUMONIA,0,1,False
dup_group_02430,1,1,0,1,PNEUMONIA,0,1,False
dup_group_02432,1,1,0,1,PNEUMONIA,0,1,False
dup_group_02433,1,0,1,1,PNEUMONIA,0,1,False
dup_group_02434,1,1,0,1,PNEUMONIA,0,1,False
dup_group_02435,1,1,0,1,PNEUMONIA,0,1,False
dup_group_02436,1,1,0,1,PNEUMONIA,0,1,False
dup_group_02437,1,1,0,1,PNEUMONIA,0,1,False
dup_group_02438,1,1,0,1,PNEUMONIA,0,1,False
dup_group_02439,1,1,0,1,PNEUMONIA,0,1,False
dup_group_02440,1,1,0,1,PNEUMONIA,0,1,False
dup_group_02441,1,1,0,1,PNEUMONIA,0,1,False
dup_group_02442,1,1,0,1,PNEUMONIA,0,1,False
dup_group_02443,1,1,0,1,PNEUMONIA,0,1,False
dup_group_02444,1,1,0,1,PNEUMONIA,0,1,False
dup_group_02445,1,1,0,1,PNEUMONIA,0,1,False
dup_group_02446,1,1,0,1,PNEUMONIA,0,1,False
dup_group_02447,1,1,0,1,PNEUMONIA,0,1,False
dup_group_02448,1,1,0,1,PNEUMONIA,0,1,False
dup_group_02449,1,1,0,1,PNEUMONIA,0,1,False
dup_group_02450,1,1,0,1,PNEUMONIA,0,1,False
dup_group_02451,1,1,0,1,PNEUMONIA,0,1,False
dup_group_02452,1,1,0,1,PNEUMONIA,0,1,False
dup_group_02453,1,1,0,1,PNEUMONIA,0,1,False
dup_group_02454,1,1,0,1,PNEUMONIA,0,1,False
dup_group_02455,1,1,0,1,PNEUMONIA,0,1,False
dup_group_02456,1,0,1,1,PNEUMONIA,0,1,False
dup_group_02457,1,1,0,1,PNEUMONIA,0,1,False
dup_group_02458,1,1,0,1,PNEUMONIA,0,1,False
dup_group_02459,1,1,0,1,PNEUMONIA,0,1,False
dup_group_02460,1,1,0,1,PNEUMONIA,0,1,False
dup_group_02461,1,1,0,1,PNEUMONIA,0,1,False
dup_group_02462,1,1,0,1,PNEUMONIA,0,1,False
dup_group_02463,1,1,0,1,PNEUMONIA,0,1,False
dup_group_02464,1,1,0,1,PNEUMONIA,0,1,False
dup_group_02465,1,1,0,1,PNEUMONIA,0,1,False
dup_group_02466,1,1,0,1,PNEUMONIA,0,1,False
dup_group_02467,1,1,0,1,PNEUMONIA,0,1,False
dup_group_02468,1,1,0,1,PNEUMONIA,0,1,False
dup_group_02469,1,1,0,1,PNEUMONIA,0,1,False
dup_group_02470,1,1,0,1,PNEUMONIA,0,1,False
dup_group_02471,1,1,0,1,PNEUMONIA,0,1,False
dup_group_02472,1,1,0,1,PNEUMONIA,0,1,False
dup_group_02473,1,1,0,1,PNEUMONIA,0,1,False
dup_group_02474,1,1,0,1,PNEUMONIA,0,1,False
dup_group_02475,1,1,0,1,PNEUMONIA,0,1,False
dup_group_02476,1,1,0,1,PNEUMONIA,0,1,False
dup_group_02477,1,1,0,1,PNEUMONIA,0,1,False
dup_group_02478,1,1,0,1,PNEUMONIA,0,1,False
dup_group_02479,1,1,0,1,PNEUMONIA,0,1,False
dup_group_02480,1,1,0,1,PNEUMONIA,0,1,False
dup_group_02482,1,1,0,1,PNEUMONIA,0,1,False
dup_group_02483,1,1,0,1,PNEUMONIA,0,1,False
dup_group_02484,1,1,0,1,PNEUMONIA,0,1,False
dup_group_02485,1,1,0,1,PNEUMONIA,0,1,False
dup_group_02486,1,0,1,1,PNEUMONIA,0,1,False
dup_group_02487,1,1,0,1,PNEUMONIA,0,1,False
dup_group_02488,1,1,0,1,PNEUMONIA,0,1,False
dup_group_02489,1,1,0,1,PNEUMONIA,0,1,False
dup_group_02490,1,1,0,1,PNEUMONIA,0,1,False
dup_group_02491,1,1,0,1,PNEUMONIA,0,1,False
dup_group_02492,1,1,0,1,PNEUMONIA,0,1,False
dup_group_02493,1,1,0,1,PNEUMONIA,0,1,False
dup_group_02494,1,1,0,1,PNEUMONIA,0,1,False
dup_group_02495,1,1,0,1,PNEUMONIA,0,1,False
dup_group_02496,1,1,0,1,PNEUMONIA,0,1,False
dup_group_02497,1,1,0,1,PNEUMONIA,0,1,False
dup_group_02499,1,1,0,1,PNEUMONIA,0,1,False
dup_group_02500,1,1,0,1,PNEUMONIA,0,1,False
dup_group_02501,1,1,0,1,PNEUMONIA,0,1,False
dup_group_02502,1,1,0,1,PNEUMONIA,0,1,False
dup_group_02503,1,1,0,1,PNEUMONIA,0,1,False
dup_group_02504,1,1,0,1,PNEUMONIA,0,1,False
dup_group_02505,1,1,0,1,PNEUMONIA,0,1,False
dup_group_02506,1,1,0,1,PNEUMONIA,0,1,False
dup_group_02507,1,1,0,1,PNEUMONIA,0,1,False
dup_group_02508,1,1,0,1,PNEUMONIA,0,1,False
dup_group_02510,1,1,0,1,PNEUMONIA,0,1,False
dup_group_02511,1,1,0,1,PNEUMONIA,0,1,False
dup_group_02512,1,1,0,1,PNEUMONIA,0,1,False
dup_group_02513,1,1,0,1,PNEUMONIA,0,1,False
dup_group_02514,1,1,0,1,PNEUMONIA,0,1,False
dup_group_02515,1,1,0,1,PNEUMONIA,0,1,False
dup_group_02516,1,1,0,1,PNEUMONIA,0,1,False
dup_group_02518,1,1,0,1,PNEUMONIA,0,1,False
dup_group_02519,1,1,0,1,PNEUMONIA,0,1,False
dup_group_02520,1,1,0,1,PNEUMONIA,0,1,False
dup_group_02521,1,1,0,1,PNEUMONIA,0,1,False
dup_group_02522,1,1,0,1,PNEUMONIA,0,1,False
dup_group_02523,1,1,0,1,PNEUMONIA,0,1,False
dup_group_02524,1,1,0,1,PNEUMONIA,0,1,False
dup_group_02525,1,0,1,1,PNEUMONIA,0,1,False
dup_group_02526,1,1,0,1,PNEUMONIA,0,1,False
dup_group_02527,1,1,0,1,PNEUMONIA,0,1,False
dup_group_02528,1,1,0,1,PNEUMONIA,0,1,False
dup_group_02529,1,1,0,1,PNEUMONIA,0,1,False
dup_group_02530,1,1,0,1,PNEUMONIA,0,1,False
dup_group_02531,1,1,0,1,PNEUMONIA,0,1,False
dup_group_02532,1,1,0,1,PNEUMONIA,0,1,False
dup_group_02533,1,1,0,1,PNEUMONIA,0,1,False
dup_group_02534,1,1,0,1,PNEUMONIA,0,1,False
dup_group_02535,1,1,0,1,PNEUMONIA,0,1,False
dup_group_02536,1,1,0,1,PNEUMONIA,0,1,False
dup_group_02537,1,1,0,1,PNEUMONIA,0,1,False
dup_group_02538,1,1,0,1,PNEUMONIA,0,1,False
dup_group_02539,1,1,0,1,PNEUMONIA,0,1,False
dup_group_02540,1,1,0,1,PNEUMONIA,0,1,False
dup_group_02541,1,1,0,1,PNEUMONIA,0,1,False
dup_group_02542,1,1,0,1,PNEUMONIA,0,1,False
dup_group_02543,1,1,0,1,PNEUMONIA,0,1,False
dup_group_02544,1,1,0,1,PNEUMONIA,0,1,False
dup_group_02545,1,1,0,1,PNEUMONIA,0,1,False
dup_group_02546,1,1,0,1,PNEUMONIA,0,1,False
dup_group_02547,1,1,0,1,PNEUMONIA,0,1,False
dup_group_02548,1,1,0,1,PNEUMONIA,0,1,False
dup_group_02549,1,1,0,1,PNEUMONIA,0,1,False
dup_group_02550,1,1,0,1,PNEUMONIA,0,1,False
dup_group_02551,1,1,0,1,PNEUMONIA,0,1,False
dup_group_02552,1,1,0,1,PNEUMONIA,0,1,False
dup_group_02553,1,1,0,1,PNEUMONIA,0,1,False
dup_group_02554,1,1,0,1,PNEUMONIA,0,1,False
dup_group_02556,1,1,0,1,PNEUMONIA,0,1,False
dup_group_02557,1,1,0,1,PNEUMONIA,0,1,False
dup_group_02558,1,1,0,1,PNEUMONIA,0,1,False
dup_group_02559,1,1,0,1,PNEUMONIA,0,1,False
dup_group_02560,1,1,0,1,PNEUMONIA,0,1,False
dup_group_02561,1,1,0,1,PNEUMONIA,0,1,False
dup_group_02562,1,1,0,1,PNEUMONIA,0,1,False
dup_group_02563,1,1,0,1,PNEUMONIA,0,1,False
dup_group_02564,1,1,0,1,PNEUMONIA,0,1,False
dup_group_02565,1,1,0,1,PNEUMONIA,0,1,False
dup_group_02566,1,1,0,1,PNEUMONIA,0,1,False
dup_group_02567,1,1,0,1,PNEUMONIA,0,1,False
dup_group_02568,1,1,0,1,PNEUMONIA,0,1,False
dup_group_02569,1,1,0,1,PNEUMONIA,0,1,False
dup_group_02570,1,0,1,1,PNEUMONIA,0,1,False
dup_group_02571,1,1,0,1,PNEUMONIA,0,1,False
dup_group_02572,1,1,0,1,PNEUMONIA,0,1,False
dup_group_02573,1,1,0,1,PNEUMONIA,0,1,False
dup_group_02574,1,1,0,1,PNEUMONIA,0,1,False
dup_group_02575,1,1,0,1,PNEUMONIA,0,1,False
dup_group_02576,1,1,0,1,PNEUMONIA,0,1,False
dup_group_02577,1,1,0,1,PNEUMONIA,0,1,False
dup_group_02578,1,1,0,1,PNEUMONIA,0,1,False
dup_group_02579,1,1,0,1,PNEUMONIA,0,1,False
dup_group_02580,1,1,0,1,PNEUMONIA,0,1,False
dup_group_02581,1,1,0,1,PNEUMONIA,0,1,False
dup_group_02582,1,1,0,1,PNEUMONIA,0,1,False
dup_group_02583,1,1,0,1,PNEUMONIA,0,1,False
dup_group_02584,1,1,0,1,PNEUMONIA,0,1,False
dup_group_02585,1,1,0,1,PNEUMONIA,0,1,False
dup_group_02586,1,1,0,1,PNEUMONIA,0,1,False
dup_group_02587,1,1,0,1,PNEUMONIA,0,1,False
dup_group_02588,1,1,0,1,PNEUMONIA,0,1,False
dup_group_02589,1,1,0,1,PNEUMONIA,0,1,False
dup_group_02590,1,1,0,1,PNEUMONIA,0,1,False
dup_group_02591,1,1,0,1,PNEUMONIA,0,1,False
dup_group_02592,1,1,0,1,PNEUMONIA,0,1,False
dup_group_02593,1,1,0,1,PNEUMONIA,0,1,False
dup_group_02594,1,1,0,1,PNEUMONIA,0,1,False
dup_group_02595,1,1,0,1,PNEUMONIA,0,1,False
dup_group_02596,1,1,0,1,PNEUMONIA,0,1,False
dup_group_02597,1,1,0,1,PNEUMONIA,0,1,False
dup_group_02598,1,1,0,1,PNEUMONIA,0,1,False
dup_group_02599,1,1,0,1,PNEUMONIA,0,1,False
dup_group_02600,1,1,0,1,PNEUMONIA,0,1,False
dup_group_02601,1,1,0,1,PNEUMONIA,0,1,False
dup_group_02603,1,1,0,1,PNEUMONIA,0,1,False
dup_group_02604,1,1,0,1,PNEUMONIA,0,1,False
dup_group_02605,1,1,0,1,PNEUMONIA,0,1,False
dup_group_02606,1,1,0,1,PNEUMONIA,0,1,False
dup_group_02607,1,1,0,1,PNEUMONIA,0,1,False
dup_group_02608,1,1,0,1,PNEUMONIA,0,1,False
dup_group_02609,1,1,0,1,PNEUMONIA,0,1,False
dup_group_02610,1,1,0,1,PNEUMONIA,0,1,False
dup_group_02611,1,1,0,1,PNEUMONIA,0,1,False
dup_group_02612,1,1,0,1,PNEUMONIA,0,1,False
dup_group_02613,1,0,1,1,PNEUMONIA,0,1,False
dup_group_02614,1,1,0,1,PNEUMONIA,0,1,False
dup_group_02615,1,1,0,1,PNEUMONIA,0,1,False
dup_group_02616,1,1,0,1,PNEUMONIA,0,1,False
dup_group_02617,1,1,0,1,PNEUMONIA,0,1,False
dup_group_02618,1,1,0,1,PNEUMONIA,0,1,False
dup_group_02619,1,1,0,1,PNEUMONIA,0,1,False
dup_group_02620,1,1,0,1,PNEUMONIA,0,1,False
dup_group_02622,1,1,0,1,PNEUMONIA,0,1,False
dup_group_02623,1,1,0,1,PNEUMONIA,0,1,False
dup_group_02624,1,1,0,1,PNEUMONIA,0,1,False
dup_group_02625,1,1,0,1,PNEUMONIA,0,1,False
dup_group_02626,1,0,1,1,PNEUMONIA,0,1,False
dup_group_02627,1,1,0,1,PNEUMONIA,0,1,False
dup_group_02628,1,1,0,1,PNEUMONIA,0,1,False
dup_group_02629,1,1,0,1,PNEUMONIA,0,1,False
dup_group_02630,1,1,0,1,PNEUMONIA,0,1,False
dup_group_02631,1,1,0,1,PNEUMONIA,0,1,False
dup_group_02632,1,1,0,1,PNEUMONIA,0,1,False
dup_group_02633,1,1,0,1,PNEUMONIA,0,1,False
dup_group_02634,1,1,0,1,PNEUMONIA,0,1,False
dup_group_02635,1,1,0,1,PNEUMONIA,0,1,False
dup_group_02636,1,1,0,1,PNEUMONIA,0,1,False
dup_group_02637,1,1,0,1,PNEUMONIA,0,1,False
dup_group_02638,1,1,0,1,PNEUMONIA,0,1,False
dup_group_02639,1,1,0,1,PNEUMONIA,0,1,False
dup_group_02640,1,1,0,1,PNEUMONIA,0,1,False
dup_group_02641,1,1,0,1,PNEUMONIA,0,1,False
dup_group_02642,1,1,0,1,PNEUMONIA,0,1,False
dup_group_02643,1,1,0,1,PNEUMONIA,0,1,False
dup_group_02644,1,1,0,1,PNEUMONIA,0,1,False
dup_group_02645,1,1,0,1,PNEUMONIA,0,1,False
dup_group_02646,1,1,0,1,PNEUMONIA,0,1,False
dup_group_02647,1,1,0,1,PNEUMONIA,0,1,False
dup_group_02648,1,1,0,1,PNEUMONIA,0,1,False
dup_group_02649,1,1,0,1,PNEUMONIA,0,1,False
dup_group_02650,1,1,0,1,PNEUMONIA,0,1,False
dup_group_02651,1,1,0,1,PNEUMONIA,0,1,False
dup_group_02652,1,1,0,1,PNEUMONIA,0,1,False
dup_group_02653,1,1,0,1,PNEUMONIA,0,1,False
dup_group_02654,1,1,0,1,PNEUMONIA,0,1,False
dup_group_02655,1,1,0,1,PNEUMONIA,0,1,False
dup_group_02656,1,1,0,1,PNEUMONIA,0,1,False
dup_group_02657,1,1,0,1,PNEUMONIA,0,1,False
dup_group_02659,1,1,0,1,PNEUMONIA,0,1,False
dup_group_02660,1,1,0,1,PNEUMONIA,0,1,False
dup_group_02661,1,1,0,1,PNEUMONIA,0,1,False
dup_group_02662,1,1,0,1,PNEUMONIA,0,1,False
dup_group_02663,1,1,0,1,PNEUMONIA,0,1,False
dup_group_02664,1,1,0,1,PNEUMONIA,0,1,False
dup_group_02665,1,1,0,1,PNEUMONIA,0,1,False
dup_group_02666,1,1,0,1,PNEUMONIA,0,1,False
dup_group_02667,1,1,0,1,PNEUMONIA,0,1,False
dup_group_02668,1,1,0,1,PNEUMONIA,0,1,False
dup_group_02669,1,1,0,1,PNEUMONIA,0,1,False
dup_group_02670,1,1,0,1,PNEUMONIA,0,1,False
dup_group_02671,1,1,0,1,PNEUMONIA,0,1,False
dup_group_02672,1,1,0,1,PNEUMONIA,0,1,False
dup_group_02674,1,1,0,1,PNEUMONIA,0,1,False
dup_group_02675,1,1,0,1,PNEUMONIA,0,1,False
dup_group_02676,1,1,0,1,PNEUMONIA,0,1,False
dup_group_02677,1,1,0,1,PNEUMONIA,0,1,False
dup_group_02679,1,1,0,1,PNEUMONIA,0,1,False
dup_group_02680,1,1,0,1,PNEUMONIA,0,1,False
dup_group_02682,1,1,0,1,PNEUMONIA,0,1,False
dup_group_02683,1,1,0,1,PNEUMONIA,0,1,False
dup_group_02684,1,1,0,1,PNEUMONIA,0,1,False
dup_group_02685,1,1,0,1,PNEUMONIA,0,1,False
dup_group_02686,1,1,0,1,PNEUMONIA,0,1,False
dup_group_02687,1,1,0,1,PNEUMONIA,0,1,False
dup_group_02688,1,1,0,1,PNEUMONIA,0,1,False
dup_group_02689,1,1,0,1,PNEUMONIA,0,1,False
dup_group_02690,1,1,0,1,PNEUMONIA,0,1,False
dup_group_02691,1,0,1,1,PNEUMONIA,0,1,False
dup_group_02692,1,1,0,1,PNEUMONIA,0,1,False
dup_group_02693,1,1,0,1,PNEUMONIA,0,1,False
dup_group_02694,1,1,0,1,PNEUMONIA,0,1,False
dup_group_02695,1,1,0,1,PNEUMONIA,0,1,False
dup_group_02696,1,1,0,1,PNEUMONIA,0,1,False
dup_group_02697,1,1,0,1,PNEUMONIA,0,1,False
dup_group_02698,1,1,0,1,PNEUMONIA,0,1,False
dup_group_02699,1,1,0,1,PNEUMONIA,0,1,False
dup_group_02700,1,1,0,1,PNEUMONIA,0,1,False
dup_group_02701,1,1,0,1,PNEUMONIA,0,1,False
dup_group_02702,1,1,0,1,PNEUMONIA,0,1,False
dup_group_02703,1,1,0,1,PNEUMONIA,0,1,False
dup_group_02704,1,0,1,1,PNEUMONIA,0,1,False
dup_group_02705,1,1,0,1,PNEUMONIA,0,1,False
dup_group_02706,1,1,0,1,PNEUMONIA,0,1,False
dup_group_02707,1,1,0,1,PNEUMONIA,0,1,False
dup_group_02708,1,1,0,1,PNEUMONIA,0,1,False
dup_group_02709,1,1,0,1,PNEUMONIA,0,1,False
dup_group_02711,1,1,0,1,PNEUMONIA,0,1,False
dup_group_02712,1,1,0,1,PNEUMONIA,0,1,False
dup_group_02713,1,1,0,1,PNEUMONIA,0,1,False
dup_group_02714,1,1,0,1,PNEUMONIA,0,1,False
dup_group_02715,1,1,0,1,PNEUMONIA,0,1,False
dup_group_02716,1,1,0,1,PNEUMONIA,0,1,False
dup_group_02717,1,1,0,1,PNEUMONIA,0,1,False
dup_group_02718,1,1,0,1,PNEUMONIA,0,1,False
dup_group_02719,1,1,0,1,PNEUMONIA,0,1,False
dup_group_02720,1,1,0,1,PNEUMONIA,0,1,False
dup_group_02721,1,1,0,1,PNEUMONIA,0,1,False
dup_group_02722,1,1,0,1,PNEUMONIA,0,1,False
dup_group_02723,1,1,0,1,PNEUMONIA,0,1,False
dup_group_02724,1,1,0,1,PNEUMONIA,0,1,False
dup_group_02725,1,1,0,1,PNEUMONIA,0,1,False
dup_group_02726,1,1,0,1,PNEUMONIA,0,1,False
dup_group_02727,1,1,0,1,PNEUMONIA,0,1,False
dup_group_02728,1,1,0,1,PNEUMONIA,0,1,False
dup_group_02729,1,1,0,1,PNEUMONIA,0,1,False
dup_group_02730,1,1,0,1,PNEUMONIA,0,1,False
dup_group_02731,1,1,0,1,PNEUMONIA,0,1,False
dup_group_02732,1,1,0,1,PNEUMONIA,0,1,False
dup_group_02733,1,1,0,1,PNEUMONIA,0,1,False
dup_group_02734,1,1,0,1,PNEUMONIA,0,1,False
dup_group_02735,1,1,0,1,PNEUMONIA,0,1,False
dup_group_02736,1,1,0,1,PNEUMONIA,0,1,False
dup_group_02737,1,1,0,1,PNEUMONIA,0,1,False
dup_group_02738,1,1,0,1,PNEUMONIA,0,1,False
dup_group_02739,1,1,0,1,PNEUMONIA,0,1,False
dup_group_02740,1,1,0,1,PNEUMONIA,0,1,False
dup_group_02741,1,1,0,1,PNEUMONIA,0,1,False
dup_group_02742,1,1,0,1,PNEUMONIA,0,1,False
dup_group_02743,1,1,0,1,PNEUMONIA,0,1,False
dup_group_02744,1,1,0,1,PNEUMONIA,0,1,False
dup_group_02745,1,1,0,1,PNEUMONIA,0,1,False
dup_group_02746,1,1,0,1,PNEUMONIA,0,1,False
dup_group_02747,1,1,0,1,PNEUMONIA,0,1,False
dup_group_02748,1,1,0,1,PNEUMONIA,0,1,False
dup_group_02749,1,1,0,1,PNEUMONIA,0,1,False
dup_group_02750,1,1,0,1,PNEUMONIA,0,1,False
dup_group_02751,1,1,0,1,PNEUMONIA,0,1,False
dup_group_02752,1,1,0,1,PNEUMONIA,0,1,False
dup_group_02753,1,1,0,1,PNEUMONIA,0,1,False
dup_group_02754,1,1,0,1,PNEUMONIA,0,1,False
dup_group_02755,1,1,0,1,PNEUMONIA,0,1,False
dup_group_02756,1,1,0,1,PNEUMONIA,0,1,False
dup_group_02757,1,1,0,1,PNEUMONIA,0,1,False
dup_group_02758,1,1,0,1,PNEUMONIA,0,1,False
dup_group_02759,1,1,0,1,PNEUMONIA,0,1,False
dup_group_02760,1,1,0,1,PNEUMONIA,0,1,False
dup_group_02761,1,1,0,1,PNEUMONIA,0,1,False
dup_group_02762,1,1,0,1,PNEUMONIA,0,1,False
dup_group_02763,1,1,0,1,PNEUMONIA,0,1,False
dup_group_02764,1,1,0,1,PNEUMONIA,0,1,False
dup_group_02765,1,1,0,1,PNEUMONIA,0,1,False
dup_group_02766,1,1,0,1,PNEUMONIA,0,1,False
dup_group_02768,1,0,1,1,PNEUMONIA,0,1,False
dup_group_02769,1,1,0,1,PNEUMONIA,0,1,False
dup_group_02770,1,1,0,1,PNEUMONIA,0,1,False
dup_group_02771,1,1,0,1,PNEUMONIA,0,1,False
dup_group_02772,1,1,0,1,PNEUMONIA,0,1,False
dup_group_02773,1,1,0,1,PNEUMONIA,0,1,False
dup_group_02774,1,1,0,1,PNEUMONIA,0,1,False
dup_group_02775,1,1,0,1,PNEUMONIA,0,1,False
dup_group_02776,1,1,0,1,PNEUMONIA,0,1,False
dup_group_02777,1,1,0,1,PNEUMONIA,0,1,False
dup_group_02778,1,1,0,1,PNEUMONIA,0,1,False
dup_group_02779,1,1,0,1,PNEUMONIA,0,1,False
dup_group_02780,1,1,0,1,PNEUMONIA,0,1,False
dup_group_02781,1,1,0,1,PNEUMONIA,0,1,False
dup_group_02782,1,1,0,1,PNEUMONIA,0,1,False
dup_group_02783,1,1,0,1,PNEUMONIA,0,1,False
dup_group_02784,1,1,0,1,PNEUMONIA,0,1,False
dup_group_02785,1,1,0,1,PNEUMONIA,0,1,False
dup_group_02786,1,1,0,1,PNEUMONIA,0,1,False
dup_group_02787,1,1,0,1,PNEUMONIA,0,1,False
dup_group_02788,1,1,0,1,PNEUMONIA,0,1,False
dup_group_02789,1,1,0,1,PNEUMONIA,0,1,False
dup_group_02790,1,1,0,1,PNEUMONIA,0,1,False
dup_group_02791,1,1,0,1,PNEUMONIA,0,1,False
dup_group_02792,1,1,0,1,PNEUMONIA,0,1,False
dup_group_02793,1,1,0,1,PNEUMONIA,0,1,False
dup_group_02794,1,1,0,1,PNEUMONIA,0,1,False
dup_group_02795,1,1,0,1,PNEUMONIA,0,1,False
dup_group_02796,1,1,0,1,PNEUMONIA,0,1,False
dup_group_02797,1,1,0,1,PNEUMONIA,0,1,False
dup_group_02798,1,1,0,1,PNEUMONIA,0,1,False
dup_group_02799,1,1,0,1,PNEUMONIA,0,1,False
dup_group_02800,1,0,1,1,PNEUMONIA,0,1,False
dup_group_02801,1,1,0,1,PNEUMONIA,0,1,False
dup_group_02802,1,1,0,1,PNEUMONIA,0,1,False
dup_group_02803,1,1,0,1,PNEUMONIA,0,1,False
dup_group_02804,1,1,0,1,PNEUMONIA,0,1,False
dup_group_02805,1,1,0,1,PNEUMONIA,0,1,False
dup_group_02806,1,1,0,1,PNEUMONIA,0,1,False
dup_group_02807,1,1,0,1,PNEUMONIA,0,1,False
dup_group_02808,1,1,0,1,PNEUMONIA,0,1,False
dup_group_02809,1,1,0,1,PNEUMONIA,0,1,False
dup_group_02810,1,1,0,1,PNEUMONIA,0,1,False
dup_group_02811,1,1,0,1,PNEUMONIA,0,1,False
dup_group_02812,1,0,1,1,PNEUMONIA,0,1,False
dup_group_02813,1,1,0,1,PNEUMONIA,0,1,False
dup_group_02814,1,1,0,1,PNEUMONIA,0,1,False
dup_group_02815,1,1,0,1,PNEUMONIA,0,1,False
dup_group_02816,1,1,0,1,PNEUMONIA,0,1,False
dup_group_02817,1,1,0,1,PNEUMONIA,0,1,False
dup_group_02818,1,1,0,1,PNEUMONIA,0,1,False
dup_group_02819,1,1,0,1,PNEUMONIA,0,1,False
dup_group_02820,1,1,0,1,PNEUMONIA,0,1,False
dup_group_02821,1,1,0,1,PNEUMONIA,0,1,False
dup_group_02822,1,1,0,1,PNEUMONIA,0,1,False
dup_group_02823,1,1,0,1,PNEUMONIA,0,1,False
dup_group_02824,1,1,0,1,PNEUMONIA,0,1,False
dup_group_02825,1,1,0,1,PNEUMONIA,0,1,False
dup_group_02827,1,1,0,1,PNEUMONIA,0,1,False
dup_group_02828,1,1,0,1,PNEUMONIA,0,1,False
dup_group_02829,1,1,0,1,PNEUMONIA,0,1,False
dup_group_02830,1,1,0,1,PNEUMONIA,0,1,False
dup_group_02831,1,1,0,1,PNEUMONIA,0,1,False
dup_group_02832,1,1,0,1,PNEUMONIA,0,1,False
dup_group_02833,1,1,0,1,PNEUMONIA,0,1,False
dup_group_02834,1,1,0,1,PNEUMONIA,0,1,False
dup_group_02835,1,1,0,1,PNEUMONIA,0,1,False
dup_group_02836,1,1,0,1,PNEUMONIA,0,1,False
dup_group_02837,1,1,0,1,PNEUMONIA,0,1,False
dup_group_02838,1,1,0,1,PNEUMONIA,0,1,False
dup_group_02840,1,1,0,1,PNEUMONIA,0,1,False
dup_group_02841,1,1,0,1,PNEUMONIA,0,1,False
dup_group_02842,1,1,0,1,PNEUMONIA,0,1,False
dup_group_02843,1,1,0,1,PNEUMONIA,0,1,False
dup_group_02844,1,1,0,1,PNEUMONIA,0,1,False
dup_group_02845,1,1,0,1,PNEUMONIA,0,1,False
dup_group_02846,1,1,0,1,PNEUMONIA,0,1,False
dup_group_02847,1,1,0,1,PNEUMONIA,0,1,False
dup_group_02848,1,1,0,1,PNEUMONIA,0,1,False
dup_group_02849,1,0,1,1,PNEUMONIA,0,1,False
dup_group_02850,1,1,0,1,PNEUMONIA,0,1,False
dup_group_02851,1,1,0,1,PNEUMONIA,0,1,False
dup_group_02852,1,1,0,1,PNEUMONIA,0,1,False
dup_group_02853,1,1,0,1,PNEUMONIA,0,1,False
dup_group_02854,1,0,1,1,PNEUMONIA,0,1,False
dup_group_02855,1,1,0,1,PNEUMONIA,0,1,False
dup_group_02856,1,1,0,1,PNEUMONIA,0,1,False
dup_group_02857,1,1,0,1,PNEUMONIA,0,1,False
dup_group_02858,1,1,0,1,PNEUMONIA,0,1,False
dup_group_02859,1,1,0,1,PNEUMONIA,0,1,False
dup_group_02860,1,1,0,1,PNEUMONIA,0,1,False
dup_group_02861,1,1,0,1,PNEUMONIA,0,1,False
dup_group_02862,1,1,0,1,PNEUMONIA,0,1,False
dup_group_02863,1,1,0,1,PNEUMONIA,0,1,False
dup_group_02864,1,1,0,1,PNEUMONIA,0,1,False
dup_group_02865,1,1,0,1,PNEUMONIA,0,1,False
dup_group_02866,1,1,0,1,PNEUMONIA,0,1,False
dup_group_02867,1,1,0,1,PNEUMONIA,0,1,False
dup_group_02868,1,1,0,1,PNEUMONIA,0,1,False
dup_group_02869,1,1,0,1,PNEUMONIA,0,1,False
dup_group_02870,1,1,0,1,PNEUMONIA,0,1,False
dup_group_02871,1,1,0,1,PNEUMONIA,0,1,False
dup_group_02872,1,1,0,1,PNEUMONIA,0,1,False
dup_group_02873,1,1,0,1,PNEUMONIA,0,1,False
dup_group_02874,1,1,0,1,PNEUMONIA,0,1,False
dup_group_02875,1,1,0,1,PNEUMONIA,0,1,False
dup_group_02876,1,1,0,1,PNEUMONIA,0,1,False
dup_group_02877,1,1,0,1,PNEUMONIA,0,1,False
dup_group_02879,1,1,0,1,PNEUMONIA,0,1,False
dup_group_02880,1,1,0,1,PNEUMONIA,0,1,False
dup_group_02881,1,1,0,1,PNEUMONIA,0,1,False
dup_group_02882,1,1,0,1,PNEUMONIA,0,1,False
dup_group_02883,1,1,0,1,PNEUMONIA,0,1,False
dup_group_02884,1,1,0,1,PNEUMONIA,0,1,False
dup_group_02885,1,1,0,1,PNEUMONIA,0,1,False
dup_group_02886,1,1,0,1,PNEUMONIA,0,1,False
dup_group_02887,1,1,0,1,PNEUMONIA,0,1,False
dup_group_02888,1,1,0,1,PNEUMONIA,0,1,False
dup_group_02889,1,0,1,1,PNEUMONIA,0,1,False
dup_group_02890,1,1,0,1,PNEUMONIA,0,1,False
dup_group_02891,1,1,0,1,PNEUMONIA,0,1,False
dup_group_02892,1,1,0,1,PNEUMONIA,0,1,False
dup_group_02893,1,1,0,1,PNEUMONIA,0,1,False
dup_group_02894,1,1,0,1,PNEUMONIA,0,1,False
dup_group_02895,1,1,0,1,PNEUMONIA,0,1,False
dup_group_02896,1,0,1,1,PNEUMONIA,0,1,False
dup_group_02897,1,1,0,1,PNEUMONIA,0,1,False
dup_group_02898,1,1,0,1,PNEUMONIA,0,1,False
dup_group_02899,1,1,0,1,PNEUMONIA,0,1,False
dup_group_02900,1,1,0,1,PNEUMONIA,0,1,False
dup_group_02901,1,1,0,1,PNEUMONIA,0,1,False
dup_group_02902,1,1,0,1,PNEUMONIA,0,1,False
dup_group_02903,1,1,0,1,PNEUMONIA,0,1,False
dup_group_02904,1,0,1,1,PNEUMONIA,0,1,False
dup_group_02905,1,0,1,1,PNEUMONIA,0,1,False
dup_group_02906,1,1,0,1,PNEUMONIA,0,1,False
dup_group_02907,1,1,0,1,PNEUMONIA,0,1,False
dup_group_02909,1,1,0,1,PNEUMONIA,0,1,False
dup_group_02910,1,1,0,1,PNEUMONIA,0,1,False
dup_group_02911,1,1,0,1,PNEUMONIA,0,1,False
dup_group_02912,1,0,1,1,PNEUMONIA,0,1,False
dup_group_02913,1,1,0,1,PNEUMONIA,0,1,False
dup_group_02914,1,1,0,1,PNEUMONIA,0,1,False
dup_group_02915,1,1,0,1,PNEUMONIA,0,1,False
dup_group_02916,1,1,0,1,PNEUMONIA,0,1,False
dup_group_02918,1,1,0,1,PNEUMONIA,0,1,False
dup_group_02919,1,1,0,1,PNEUMONIA,0,1,False
dup_group_02920,1,1,0,1,PNEUMONIA,0,1,False
dup_group_02921,1,1,0,1,PNEUMONIA,0,1,False
dup_group_02922,1,1,0,1,PNEUMONIA,0,1,False
dup_group_02923,1,1,0,1,PNEUMONIA,0,1,False
dup_group_02924,1,1,0,1,PNEUMONIA,0,1,False
dup_group_02925,1,1,0,1,PNEUMONIA,0,1,False
dup_group_02926,1,0,1,1,PNEUMONIA,0,1,False
dup_group_02927,1,1,0,1,PNEUMONIA,0,1,False
dup_group_02928,1,1,0,1,PNEUMONIA,0,1,False
dup_group_02929,1,1,0,1,PNEUMONIA,0,1,False
dup_group_02930,1,1,0,1,PNEUMONIA,0,1,False
dup_group_02931,1,1,0,1,PNEUMONIA,0,1,False
dup_group_02932,1,1,0,1,PNEUMONIA,0,1,False
dup_group_02933,1,1,0,1,PNEUMONIA,0,1,False
dup_group_02934,1,1,0,1,PNEUMONIA,0,1,False
dup_group_02935,1,1,0,1,PNEUMONIA,0,1,False
dup_group_02936,1,1,0,1,PNEUMONIA,0,1,False
dup_group_02937,1,1,0,1,PNEUMONIA,0,1,False
dup_group_02938,1,1,0,1,PNEUMONIA,0,1,False
dup_group_02940,1,1,0,1,PNEUMONIA,0,1,False
dup_group_02941,1,1,0,1,PNEUMONIA,0,1,False
dup_group_02942,1,1,0,1,PNEUMONIA,0,1,False
dup_group_02943,1,1,0,1,PNEUMONIA,0,1,False
dup_group_02944,1,1,0,1,PNEUMONIA,0,1,False
dup_group_02945,1,1,0,1,PNEUMONIA,0,1,False
dup_group_02946,1,1,0,1,PNEUMONIA,0,1,False
dup_group_02947,1,1,0,1,PNEUMONIA,0,1,False
dup_group_02948,1,1,0,1,PNEUMONIA,0,1,False
dup_group_02949,1,1,0,1,PNEUMONIA,0,1,False
dup_group_02950,1,1,0,1,PNEUMONIA,0,1,False
dup_group_02951,1,1,0,1,PNEUMONIA,0,1,False
dup_group_02952,1,1,0,1,PNEUMONIA,0,1,False
dup_group_02953,1,1,0,1,PNEUMONIA,0,1,False
dup_group_02954,1,1,0,1,PNEUMONIA,0,1,False
dup_group_02955,1,1,0,1,PNEUMONIA,0,1,False
dup_group_02956,1,1,0,1,PNEUMONIA,0,1,False
dup_group_02957,1,1,0,1,PNEUMONIA,0,1,False
dup_group_02958,1,1,0,1,PNEUMONIA,0,1,False
dup_group_02959,1,1,0,1,PNEUMONIA,0,1,False
dup_group_02960,1,1,0,1,PNEUMONIA,0,1,False
dup_group_02961,1,1,0,1,PNEUMONIA,0,1,False
dup_group_02962,1,1,0,1,PNEUMONIA,0,1,False
dup_group_02963,1,1,0,1,PNEUMONIA,0,1,False
dup_group_02964,1,1,0,1,PNEUMONIA,0,1,False
dup_group_02965,1,1,0,1,PNEUMONIA,0,1,False
dup_group_02966,1,1,0,1,PNEUMONIA,0,1,False
dup_group_02967,1,1,0,1,PNEUMONIA,0,1,False
dup_group_02968,1,1,0,1,PNEUMONIA,0,1,False
dup_group_02969,1,1,0,1,PNEUMONIA,0,1,False
dup_group_02970,1,1,0,1,PNEUMONIA,0,1,False
dup_group_02971,1,1,0,1,PNEUMONIA,0,1,False
dup_group_02972,1,1,0,1,PNEUMONIA,0,1,False
dup_group_02973,1,1,0,1,PNEUMONIA,0,1,False
dup_group_02974,1,1,0,1,PNEUMONIA,0,1,False
dup_group_02975,1,0,1,1,PNEUMONIA,0,1,False
dup_group_02976,1,1,0,1,PNEUMONIA,0,1,False
dup_group_02977,1,1,0,1,PNEUMONIA,0,1,False
dup_group_02978,1,1,0,1,PNEUMONIA,0,1,False
dup_group_02979,1,1,0,1,PNEUMONIA,0,1,False
dup_group_02980,1,1,0,1,PNEUMONIA,0,1,False
dup_group_02981,1,1,0,1,PNEUMONIA,0,1,False
dup_group_02982,1,1,0,1,PNEUMONIA,0,1,False
dup_group_02983,1,1,0,1,PNEUMONIA,0,1,False
dup_group_02984,1,1,0,1,PNEUMONIA,0,1,False
dup_group_02985,1,1,0,1,PNEUMONIA,0,1,False
dup_group_02986,1,1,0,1,PNEUMONIA,0,1,False
dup_group_02987,1,1,0,1,PNEUMONIA,0,1,False
dup_group_02988,1,1,0,1,PNEUMONIA,0,1,False
dup_group_02989,1,1,0,1,PNEUMONIA,0,1,False
dup_group_02990,1,1,0,1,PNEUMONIA,0,1,False
dup_group_02991,1,1,0,1,PNEUMONIA,0,1,False
dup_group_02992,1,1,0,1,PNEUMONIA,0,1,False
dup_group_02993,1,1,0,1,PNEUMONIA,0,1,False
dup_group_02994,1,1,0,1,PNEUMONIA,0,1,False
dup_group_02995,1,1,0,1,PNEUMONIA,0,1,False
dup_group_02996,1,1,0,1,PNEUMONIA,0,1,False
dup_group_02997,1,1,0,1,PNEUMONIA,0,1,False
dup_group_02998,1,1,0,1,PNEUMONIA,0,1,False
dup_group_02999,1,1,0,1,PNEUMONIA,0,1,False
dup_group_03000,1,1,0,1,PNEUMONIA,0,1,False
dup_group_03001,1,1,0,1,PNEUMONIA,0,1,False
dup_group_03002,1,1,0,1,PNEUMONIA,0,1,False
dup_group_03003,1,1,0,1,PNEUMONIA,0,1,False
dup_group_03004,1,0,1,1,PNEUMONIA,0,1,False
dup_group_03005,1,1,0,1,PNEUMONIA,0,1,False
dup_group_03006,1,0,1,1,PNEUMONIA,0,1,False
dup_group_03007,1,1,0,1,PNEUMONIA,0,1,False
dup_group_03008,1,1,0,1,PNEUMONIA,0,1,False
dup_group_03009,1,1,0,1,PNEUMONIA,0,1,False
dup_group_03010,1,1,0,1,PNEUMONIA,0,1,False
dup_group_03011,1,1,0,1,PNEUMONIA,0,1,False
dup_group_03012,1,1,0,1,PNEUMONIA,0,1,False
dup_group_03013,1,1,0,1,PNEUMONIA,0,1,False
dup_group_03014,1,1,0,1,PNEUMONIA,0,1,False
dup_group_03015,1,1,0,1,PNEUMONIA,0,1,False
dup_group_03016,1,1,0,1,PNEUMONIA,0,1,False
dup_group_03017,1,1,0,1,PNEUMONIA,0,1,False
dup_group_03018,1,1,0,1,PNEUMONIA,0,1,False
dup_group_03019,1,1,0,1,PNEUMONIA,0,1,False
dup_group_03020,1,1,0,1,PNEUMONIA,0,1,False
dup_group_03021,1,1,0,1,PNEUMONIA,0,1,False
dup_group_03022,1,1,0,1,PNEUMONIA,0,1,False
dup_group_03023,1,1,0,1,PNEUMONIA,0,1,False
dup_group_03024,1,1,0,1,PNEUMONIA,0,1,False
dup_group_03025,1,1,0,1,PNEUMONIA,0,1,False
dup_group_03026,1,1,0,1,PNEUMONIA,0,1,False
dup_group_03027,1,1,0,1,PNEUMONIA,0,1,False
dup_group_03028,1,1,0,1,PNEUMONIA,0,1,False
dup_group_03029,1,1,0,1,PNEUMONIA,0,1,False
dup_group_03030,1,1,0,1,PNEUMONIA,0,1,False
dup_group_03031,1,1,0,1,PNEUMONIA,0,1,False
dup_group_03032,1,1,0,1,PNEUMONIA,0,1,False
dup_group_03033,1,1,0,1,PNEUMONIA,0,1,False
dup_group_03034,1,1,0,1,PNEUMONIA,0,1,False
dup_group_03035,1,1,0,1,PNEUMONIA,0,1,False
dup_group_03036,1,1,0,1,PNEUMONIA,0,1,False
dup_group_03037,1,1,0,1,PNEUMONIA,0,1,False
dup_group_03038,1,1,0,1,PNEUMONIA,0,1,False
dup_group_03039,1,1,0,1,PNEUMONIA,0,1,False
dup_group_03040,1,1,0,1,PNEUMONIA,0,1,False
dup_group_03041,1,1,0,1,PNEUMONIA,0,1,False
dup_group_03042,1,1,0,1,PNEUMONIA,0,1,False
dup_group_03043,1,1,0,1,PNEUMONIA,0,1,False
dup_group_03044,1,1,0,1,PNEUMONIA,0,1,False
dup_group_03045,1,1,0,1,PNEUMONIA,0,1,False
dup_group_03046,1,1,0,1,PNEUMONIA,0,1,False
dup_group_03047,1,1,0,1,PNEUMONIA,0,1,False
dup_group_03048,1,1,0,1,PNEUMONIA,0,1,False
dup_group_03049,1,1,0,1,PNEUMONIA,0,1,False
dup_group_03050,1,1,0,1,PNEUMONIA,0,1,False
dup_group_03051,1,1,0,1,PNEUMONIA,0,1,False
dup_group_03052,1,1,0,1,PNEUMONIA,0,1,False
dup_group_03053,1,1,0,1,PNEUMONIA,0,1,False
dup_group_03054,1,1,0,1,PNEUMONIA,0,1,False
dup_group_03055,1,1,0,1,PNEUMONIA,0,1,False
dup_group_03056,1,0,1,1,PNEUMONIA,0,1,False
dup_group_03057,1,1,0,1,PNEUMONIA,0,1,False
dup_group_03058,1,1,0,1,PNEUMONIA,0,1,False
dup_group_03059,1,1,0,1,PNEUMONIA,0,1,False
dup_group_03060,1,1,0,1,PNEUMONIA,0,1,False
dup_group_03061,1,1,0,1,PNEUMONIA,0,1,False
dup_group_03062,1,1,0,1,PNEUMONIA,0,1,False
dup_group_03063,1,1,0,1,PNEUMONIA,0,1,False
dup_group_03064,1,1,0,1,PNEUMONIA,0,1,False
dup_group_03065,1,1,0,1,PNEUMONIA,0,1,False
dup_group_03066,1,1,0,1,PNEUMONIA,0,1,False
dup_group_03067,1,1,0,1,PNEUMONIA,0,1,False
dup_group_03068,1,1,0,1,PNEUMONIA,0,1,False
dup_group_03069,1,1,0,1,PNEUMONIA,0,1,False
dup_group_03070,1,1,0,1,PNEUMONIA,0,1,False
dup_group_03071,1,1,0,1,PNEUMONIA,0,1,False
dup_group_03072,1,1,0,1,PNEUMONIA,0,1,False
dup_group_03073,1,1,0,1,PNEUMONIA,0,1,False
dup_group_03074,1,1,0,1,PNEUMONIA,0,1,False
dup_group_03075,1,1,0,1,PNEUMONIA,0,1,False
dup_group_03076,1,1,0,1,PNEUMONIA,0,1,False
dup_group_03077,1,1,0,1,PNEUMONIA,0,1,False
dup_group_03078,1,1,0,1,PNEUMONIA,0,1,False
dup_group_03079,1,1,0,1,PNEUMONIA,0,1,False
dup_group_03080,1,1,0,1,PNEUMONIA,0,1,False
dup_group_03081,1,1,0,1,PNEUMONIA,0,1,False
dup_group_03082,1,1,0,1,PNEUMONIA,0,1,False
dup_group_03083,1,1,0,1,PNEUMONIA,0,1,False
dup_group_03084,1,1,0,1,PNEUMONIA,0,1,False
dup_group_03085,1,1,0,1,PNEUMONIA,0,1,False
dup_group_03086,1,1,0,1,PNEUMONIA,0,1,False
dup_group_03087,1,1,0,1,PNEUMONIA,0,1,False
dup_group_03089,1,1,0,1,PNEUMONIA,0,1,False
dup_group_03090,1,1,0,1,PNEUMONIA,0,1,False
dup_group_03091,1,1,0,1,PNEUMONIA,0,1,False
dup_group_03092,1,1,0,1,PNEUMONIA,0,1,False
dup_group_03093,1,0,1,1,PNEUMONIA,0,1,False
dup_group_03094,1,1,0,1,PNEUMONIA,0,1,False
dup_group_03095,1,1,0,1,PNEUMONIA,0,1,False
dup_group_03096,1,1,0,1,PNEUMONIA,0,1,False
dup_group_03097,1,1,0,1,PNEUMONIA,0,1,False
dup_group_03098,1,1,0,1,PNEUMONIA,0,1,False
dup_group_03099,1,1,0,1,PNEUMONIA,0,1,False
dup_group_03100,1,1,0,1,PNEUMONIA,0,1,False
dup_group_03101,1,1,0,1,PNEUMONIA,0,1,False
dup_group_03102,1,1,0,1,PNEUMONIA,0,1,False
dup_group_03103,1,1,0,1,PNEUMONIA,0,1,False
dup_group_03104,1,1,0,1,PNEUMONIA,0,1,False
dup_group_03105,1,1,0,1,PNEUMONIA,0,1,False
dup_group_03106,1,1,0,1,PNEUMONIA,0,1,False
dup_group_03107,1,1,0,1,PNEUMONIA,0,1,False
dup_group_03108,1,1,0,1,PNEUMONIA,0,1,False
dup_group_03109,1,1,0,1,PNEUMONIA,0,1,False
dup_group_03110,1,1,0,1,PNEUMONIA,0,1,False
dup_group_03111,1,1,0,1,PNEUMONIA,0,1,False
dup_group_03112,1,1,0,1,PNEUMONIA,0,1,False
dup_group_03113,1,1,0,1,PNEUMONIA,0,1,False
dup_group_03114,1,1,0,1,PNEUMONIA,0,1,False
dup_group_03115,1,1,0,1,PNEUMONIA,0,1,False
dup_group_03116,1,1,0,1,PNEUMONIA,0,1,False
dup_group_03117,1,1,0,1,PNEUMONIA,0,1,False
dup_group_03118,1,1,0,1,PNEUMONIA,0,1,False
dup_group_03119,1,1,0,1,PNEUMONIA,0,1,False
dup_group_03120,1,1,0,1,PNEUMONIA,0,1,False
dup_group_03121,1,1,0,1,PNEUMONIA,0,1,False
dup_group_03122,1,1,0,1,PNEUMONIA,0,1,False
dup_group_03123,1,1,0,1,PNEUMONIA,0,1,False
dup_group_03124,1,1,0,1,PNEUMONIA,0,1,False
dup_group_03125,1,1,0,1,PNEUMONIA,0,1,False
dup_group_03126,1,1,0,1,PNEUMONIA,0,1,False
dup_group_03127,1,1,0,1,PNEUMONIA,0,1,False
dup_group_03128,1,1,0,1,PNEUMONIA,0,1,False
dup_group_03129,1,1,0,1,PNEUMONIA,0,1,False
dup_group_03130,1,1,0,1,PNEUMONIA,0,1,False
dup_group_03131,1,0,1,1,PNEUMONIA,0,1,False
dup_group_03132,1,1,0,1,PNEUMONIA,0,1,False
dup_group_03133,1,1,0,1,PNEUMONIA,0,1,False
dup_group_03134,1,1,0,1,PNEUMONIA,0,1,False
dup_group_03135,1,1,0,1,PNEUMONIA,0,1,False
dup_group_03136,1,0,1,1,PNEUMONIA,0,1,False
dup_group_03137,1,1,0,1,PNEUMONIA,0,1,False
dup_group_03138,1,1,0,1,PNEUMONIA,0,1,False
dup_group_03139,1,1,0,1,PNEUMONIA,0,1,False
dup_group_03140,1,1,0,1,PNEUMONIA,0,1,False
dup_group_03141,1,1,0,1,PNEUMONIA,0,1,False
dup_group_03142,1,1,0,1,PNEUMONIA,0,1,False
dup_group_03143,1,1,0,1,PNEUMONIA,0,1,False
dup_group_03144,1,1,0,1,PNEUMONIA,0,1,False
dup_group_03145,1,1,0,1,PNEUMONIA,0,1,False
dup_group_03146,1,1,0,1,PNEUMONIA,0,1,False
dup_group_03147,1,1,0,1,PNEUMONIA,0,1,False
dup_group_03148,1,1,0,1,PNEUMONIA,0,1,False
dup_group_03149,1,1,0,1,PNEUMONIA,0,1,False
dup_group_03150,1,1,0,1,PNEUMONIA,0,1,False
dup_group_03151,1,1,0,1,PNEUMONIA,0,1,False
dup_group_03152,1,1,0,1,PNEUMONIA,0,1,False
dup_group_03153,1,1,0,1,PNEUMONIA,0,1,False
dup_group_03154,1,1,0,1,PNEUMONIA,0,1,False
dup_group_03155,1,1,0,1,PNEUMONIA,0,1,False
dup_group_03156,1,1,0,1,PNEUMONIA,0,1,False
dup_group_03157,1,1,0,1,PNEUMONIA,0,1,False
dup_group_03158,1,1,0,1,PNEUMONIA,0,1,False
dup_group_03159,1,1,0,1,PNEUMONIA,0,1,False
dup_group_03160,1,1,0,1,PNEUMONIA,0,1,False
dup_group_03161,1,1,0,1,PNEUMONIA,0,1,False
dup_group_03162,1,1,0,1,PNEUMONIA,0,1,False
dup_group_03163,1,1,0,1,PNEUMONIA,0,1,False
dup_group_03164,1,1,0,1,PNEUMONIA,0,1,False
dup_group_03165,1,1,0,1,PNEUMONIA,0,1,False
dup_group_03166,1,1,0,1,PNEUMONIA,0,1,False
dup_group_03167,1,1,0,1,PNEUMONIA,0,1,False
dup_group_03168,1,1,0,1,PNEUMONIA,0,1,False
dup_group_03169,1,1,0,1,PNEUMONIA,0,1,False
dup_group_03170,1,1,0,1,PNEUMONIA,0,1,False
dup_group_03171,1,1,0,1,PNEUMONIA,0,1,False
dup_group_03172,1,0,1,1,PNEUMONIA,0,1,False
dup_group_03173,1,1,0,1,PNEUMONIA,0,1,False
dup_group_03174,1,1,0,1,PNEUMONIA,0,1,False
dup_group_03175,1,1,0,1,PNEUMONIA,0,1,False
dup_group_03176,1,1,0,1,PNEUMONIA,0,1,False
dup_group_03177,1,1,0,1,PNEUMONIA,0,1,False
dup_group_03178,1,1,0,1,PNEUMONIA,0,1,False
dup_group_03179,1,1,0,1,PNEUMONIA,0,1,False
dup_group_03180,1,1,0,1,PNEUMONIA,0,1,False
dup_group_03181,1,1,0,1,PNEUMONIA,0,1,False
dup_group_03182,1,1,0,1,PNEUMONIA,0,1,False
dup_group_03183,1,1,0,1,PNEUMONIA,0,1,False
dup_group_03184,1,0,1,1,PNEUMONIA,0,1,False
dup_group_03185,1,0,1,1,PNEUMONIA,0,1,False
dup_group_03186,1,1,0,1,PNEUMONIA,0,1,False
dup_group_03187,1,1,0,1,PNEUMONIA,0,1,False
dup_group_03188,1,1,0,1,PNEUMONIA,0,1,False
dup_group_03189,1,1,0,1,PNEUMONIA,0,1,False
dup_group_03190,1,1,0,1,PNEUMONIA,0,1,False
dup_group_03191,1,1,0,1,PNEUMONIA,0,1,False
dup_group_03192,1,1,0,1,PNEUMONIA,0,1,False
dup_group_03193,1,1,0,1,PNEUMONIA,0,1,False
dup_group_03194,1,1,0,1,PNEUMONIA,0,1,False
dup_group_03195,1,1,0,1,PNEUMONIA,0,1,False
dup_group_03196,1,0,1,1,PNEUMONIA,0,1,False
dup_group_03197,1,1,0,1,PNEUMONIA,0,1,False
dup_group_03198,1,1,0,1,PNEUMONIA,0,1,False
dup_group_03199,1,1,0,1,PNEUMONIA,0,1,False
dup_group_03200,1,1,0,1,PNEUMONIA,0,1,False
dup_group_03201,1,1,0,1,PNEUMONIA,0,1,False
dup_group_03202,1,1,0,1,PNEUMONIA,0,1,False
dup_group_03203,1,1,0,1,PNEUMONIA,0,1,False
dup_group_03204,1,1,0,1,PNEUMONIA,0,1,False
dup_group_03205,1,1,0,1,PNEUMONIA,0,1,False
dup_group_03206,1,1,0,1,PNEUMONIA,0,1,False
dup_group_03207,1,1,0,1,PNEUMONIA,0,1,False
dup_group_03208,1,1,0,1,PNEUMONIA,0,1,False
dup_group_03209,1,1,0,1,PNEUMONIA,0,1,False
dup_group_03210,1,1,0,1,PNEUMONIA,0,1,False
