file_name,label,fold,prob,pred
train_0001.png,0,2,0.022746645892038942,0
train_0003.png,0,3,0.032578738685697314,0
train_0004.png,0,2,0.031487812846899034,0
train_0005.png,0,0,0.079627376049757,0
train_0006.png,0,0,0.1542784169316292,0
train_0007.png,0,4,0.10686416923999786,0
train_0008.png,0,0,0.0370652537792921,0
train_0009.png,0,3,0.03552558310329914,0
train_0012.png,0,4,0.03761245887726545,0
train_0013.png,0,0,0.025231785885989667,0
train_0015.png,0,2,0.015302164480090141,0
train_0017.png,0,3,0.04271406959742308,0
train_0018.png,0,2,0.04561637453734875,0
train_0021.png,0,4,0.022648257855325937,0
train_0022.png,0,0,0.044228901620954275,0
train_0023.png,0,4,0.18000552728772162,0
train_0025.png,0,1,0.05506385117769241,0
train_0026.png,0,3,0.11829557940363884,0
train_0028.png,0,3,0.030814931727945805,0
train_0030.png,0,4,0.036635443381965165,0
train_0031.png,0,1,0.05384911075234413,0
train_0032.png,0,2,0.045316058397293094,0
train_0034.png,0,3,0.32632074058055877,0
train_0035.png,0,3,0.039890097081661226,0
train_0036.png,0,0,0.0677705843001604,0
train_0037.png,0,1,0.062115961126983164,0
train_0040.png,0,0,0.056078525632619856,0
train_0042.png,0,2,0.019331088149920107,0
train_0044.png,0,3,0.02604801869019866,0
train_0046.png,0,0,0.09741371646523475,0
train_0048.png,0,3,0.16879194006323814,0
train_0049.png,0,1,0.027657663449645042,0
train_0054.png,0,0,0.23011327162384987,0
train_0057.png,0,3,0.016604935564100743,0
train_0059.png,0,3,0.049280190095305446,0
train_0060.png,0,4,0.03228927790187299,0
train_0061.png,0,0,0.05574956554919481,0
train_0062.png,0,1,0.03936024913564324,0
train_0065.png,0,0,0.028742492757737638,0
train_0067.png,0,2,0.13237447887659073,0
train_0068.png,0,4,0.04439311902970076,0
train_0069.png,0,0,0.07458226792514323,0
train_0070.png,0,1,0.014998824801295996,0
train_0071.png,0,0,0.0529642254114151,0
train_0072.png,0,3,0.031583033688366416,0
train_0073.png,0,4,0.12186445593833924,0
train_0074.png,0,0,0.14941930696368216,0
train_0075.png,0,2,0.06928144358098506,0
train_0076.png,0,0,0.04036354012787342,0
train_0077.png,0,2,0.022367102000862362,0
train_0078.png,0,1,0.020269685331732037,0
train_0079.png,0,3,0.030643181502819063,0
train_0080.png,0,4,0.01970692044124007,0
train_0082.png,0,4,0.03676801566034556,0
train_0083.png,0,0,0.055401432886719705,0
train_0084.png,0,1,0.09855901524424553,0
train_0085.png,0,2,0.027301248721778394,0
train_0086.png,0,3,0.11767178475856781,0
train_0087.png,0,0,0.05701668113470077,0
train_0090.png,0,0,0.02872948069125414,0
train_0092.png,0,0,0.0651748787611723,0
train_0093.png,0,2,0.028766529448330403,0
train_0094.png,0,3,0.1648756220936775,0
train_0095.png,0,0,0.04744823556393385,0
train_0096.png,0,3,0.031046305783092976,0
train_0097.png,0,4,0.025748347165063024,0
train_0098.png,0,1,0.12301969602704048,0
train_0099.png,0,2,0.10515435747802257,0
train_0100.png,0,1,0.09522405713796617,0
train_0102.png,0,1,0.0349274855107069,0
train_0103.png,0,3,0.029465307388454674,0
train_0106.png,0,4,0.27420151084661487,0
train_0108.png,0,2,0.013723430689424276,0
train_0109.png,0,0,0.04508418031036854,0
train_0110.png,0,1,0.06105044968426228,0
train_0111.png,0,2,0.016829062812030313,0
train_0113.png,0,4,0.017822231538593768,0
train_0114.png,0,2,0.019287926331162455,0
train_0115.png,0,0,0.08421564213931561,0
train_0116.png,0,0,0.031197173986583948,0
train_0117.png,0,1,0.031965028680861,0
train_0118.png,0,3,0.03458794876933098,0
train_0120.png,0,4,0.02627729335799813,0
train_0121.png,0,0,0.0340046338737011,0
train_0122.png,0,2,0.013973758649080991,0
train_0123.png,0,3,0.09931370541453362,0
train_0124.png,0,1,0.08552283719182013,0
train_0125.png,0,4,0.03728782925754785,0
train_0126.png,0,0,0.04501649960875512,0
train_0128.png,0,4,0.04847993170842528,0
train_0129.png,0,2,0.02739542368799448,0
train_0130.png,0,1,0.03979558134451509,0
train_0131.png,0,0,0.03675696700811386,0
train_0132.png,0,2,0.02777356710284948,0
train_0135.png,0,3,0.03849848229438066,0
train_0137.png,0,2,0.035069293901324274,0
train_0140.png,0,1,0.03188168425112963,0
train_0141.png,0,3,0.01997919650748372,0
train_0142.png,0,4,0.023489956115372482,0
train_0143.png,0,3,0.036815446242690085,0
train_0144.png,0,0,0.02996342135593295,0
train_0146.png,0,1,0.26083017885684967,0
train_0147.png,0,2,0.011840897472575307,0
train_0149.png,0,4,0.011488923267461358,0
train_0151.png,0,2,0.021216480806469918,0
train_0152.png,0,0,0.29021814614534375,0
train_0153.png,0,3,0.05339840166270733,0
train_0156.png,0,1,0.01959086903370917,0
train_0158.png,0,1,0.0631342513486743,0
train_0159.png,0,4,0.019300954695791007,0
train_0160.png,0,2,0.03484471384435892,0
train_0164.png,0,2,0.017528945254161953,0
train_0165.png,0,4,0.03366337269544602,0
train_0169.png,0,4,0.05301626417785883,0
train_0172.png,0,1,0.048901868611574174,0
train_0173.png,0,0,0.03974910937249661,0
train_0174.png,0,0,0.047242042049765585,0
train_0175.png,0,2,0.0678167626261711,0
train_0178.png,0,4,0.009610651712864638,0
train_0179.png,0,3,0.04216182678937912,0
train_0180.png,0,0,0.048361995629966265,0
train_0185.png,0,3,0.041136669181287285,0
train_0186.png,0,0,0.016198159381747245,0
train_0187.png,0,1,0.09810993820428848,0
train_0188.png,0,2,0.017602919694036247,0
train_0189.png,0,2,0.01969093615189195,0
train_0190.png,0,2,0.013826044742017984,0
train_0191.png,0,0,0.05353759750723839,0
train_0192.png,0,1,0.11351922061294317,0
train_0194.png,0,3,0.029492027685046197,0
train_0195.png,0,0,0.026231585722416642,0
train_0196.png,0,2,0.015968297980725764,0
train_0197.png,0,1,0.12032023668289185,0
train_0198.png,0,4,0.03662009462714195,0
train_0199.png,0,3,0.05689828805625438,0
train_0200.png,0,0,0.08830127865076065,0
train_0201.png,0,1,0.031516327522695065,0
train_0202.png,0,2,0.027234151121228935,0
train_0203.png,0,3,0.06210914151743055,0
train_0205.png,0,4,0.049814879335463046,0
train_0206.png,0,0,0.031566913798451425,0
train_0207.png,0,1,0.03221358037553728,0
train_0209.png,0,3,0.03317084154114127,0
train_0210.png,0,4,0.027720137778669596,0
train_0211.png,0,0,0.02968573570251465,0
train_0212.png,0,1,0.02198238014243543,0
train_0213.png,0,1,0.03918197611346841,0
train_0214.png,0,2,0.02547383513301611,0
train_0215.png,0,3,0.04791581686586142,0
train_0221.png,0,2,0.044536639004945755,0
train_0222.png,0,3,0.06152314711362123,0
train_0223.png,0,0,0.057870322838425636,0
train_0224.png,0,1,0.026640814915299415,0
train_0225.png,0,2,0.03534300625324249,0
train_0226.png,0,3,0.06509104315191507,0
train_0227.png,0,0,0.05153093673288822,0
train_0230.png,0,3,0.0386549660935998,0
train_0231.png,0,4,0.03251741556450725,0
train_0232.png,0,0,0.04452781016007065,0
train_0233.png,0,1,0.08163571096956729,0
train_0236.png,0,3,0.052722569741308685,0
train_0240.png,0,3,0.05617780033499002,0
train_0241.png,0,3,0.03389753457158804,0
train_0243.png,0,0,0.03930431716144085,0
train_0245.png,0,2,0.029123696591705085,0
train_0248.png,0,2,0.0954600814729929,0
train_0249.png,0,1,0.10749180577695369,0
train_0250.png,0,2,0.03433201778680086,0
train_0251.png,0,1,0.07337873261421919,0
train_0252.png,0,2,0.035633528511971234,0
train_0253.png,0,3,0.04580709710717201,0
train_0254.png,0,4,0.020613574516028164,0
train_0255.png,0,0,0.03591772243380547,0
train_0257.png,0,1,0.029315217584371566,0
train_0258.png,0,2,0.0383450374007225,0
train_0261.png,0,4,0.03259540852159262,0
train_0262.png,0,4,0.026459113508462907,0
train_0263.png,0,0,0.05375992860645056,0
train_0264.png,0,3,0.06482493933290243,0
train_0267.png,0,1,0.0481725312769413,0
train_0268.png,0,2,0.018354950519278646,0
train_0271.png,0,0,0.04545414596796036,0
train_0272.png,0,1,0.1478574126958847,0
train_0273.png,0,3,0.06929601216688752,0
train_0279.png,0,1,0.08090784251689911,0
train_0282.png,0,4,0.017619743943214417,0
train_0283.png,0,2,0.028646195959299806,0
train_0285.png,0,4,0.041077492758631706,0
train_0286.png,0,0,0.059304472617805006,0
train_0289.png,0,2,0.014211009768769144,0
train_0290.png,0,3,0.07019140664488077,0
train_0291.png,0,1,0.041321861930191515,0
train_0293.png,0,2,0.06180893331766128,0
train_0294.png,0,3,0.03584004957228899,0
train_0297.png,0,0,0.049761587753891945,0
train_0298.png,0,1,0.041950668394565585,0
train_0300.png,0,2,0.04043230842798948,0
train_0301.png,0,3,0.038092768751084805,0
train_0302.png,0,0,0.11641651652753354,0
train_0303.png,0,4,0.08688216619193553,0
train_0304.png,0,3,0.03726730039343238,0
train_0306.png,0,4,0.03451793221756816,0
train_0308.png,0,1,0.02520060604438186,0
train_0309.png,0,2,0.027886846102774143,0
train_0311.png,0,4,0.01624718584353104,0
train_0313.png,0,1,0.023662312980741264,0
train_0314.png,0,2,0.02085160929709673,0
train_0317.png,0,2,0.03933484135195613,0
train_0320.png,0,2,0.04877928392961621,0
train_0322.png,0,1,0.037723634578287604,0
train_0323.png,0,1,0.024078079685568812,0
train_0327.png,0,1,0.07685902342200279,0
train_0328.png,0,2,0.0812025934457779,0
train_0330.png,0,0,0.0758183091878891,0
train_0331.png,0,0,0.5901487439870835,1
train_0332.png,0,2,0.03183174021542072,0
train_0333.png,0,4,0.04659798294305802,0
train_0334.png,0,3,0.02711997888982296,0
train_0335.png,0,0,0.08845519311726094,0
train_0337.png,0,0,0.07257005739957095,0
train_0340.png,0,3,0.0947574857622385,0
train_0343.png,0,2,0.03209106158465147,0
train_0344.png,0,4,0.08109581936150789,0
train_0345.png,0,4,0.03767046332359314,0
train_0346.png,0,3,0.03273114114999771,0
train_0347.png,0,0,0.09575506001710893,0
train_0348.png,0,0,0.042828206531703474,0
train_0349.png,0,1,0.022970272041857243,0
train_0351.png,0,3,0.039108111057430506,0
train_0352.png,0,2,0.0182003955822438,0
train_0357.png,0,1,0.1409760557115078,0
train_0358.png,0,2,0.12468820773065091,0
train_0359.png,0,2,0.03784644044935703,0
train_0363.png,0,0,0.042029787227511405,0
train_0364.png,0,3,0.05037510488182306,0
train_0365.png,0,3,0.03074077572673559,0
train_0371.png,0,2,0.056097842194139956,0
train_0373.png,0,0,0.08468347564339639,0
train_0375.png,0,1,0.03149898666888475,0
train_0378.png,0,4,0.05812632758170366,0
train_0380.png,0,2,0.07849581874907016,0
train_0381.png,0,4,0.14865948632359505,0
train_0382.png,0,0,0.04824036546051502,0
train_0383.png,0,1,0.04910861290991306,0
train_0384.png,0,4,0.10363418441265822,0
train_0385.png,0,2,0.04967177212238312,0
train_0387.png,0,3,0.04202720113098621,0
train_0388.png,0,2,0.038207059260457754,0
train_0389.png,0,0,0.029640480130910873,0
train_0390.png,0,1,0.22023431062698365,0
train_0391.png,0,1,0.029521168489009143,0
train_0393.png,0,3,0.058359792828559874,0
train_0394.png,0,4,0.06180885508656502,0
train_0395.png,0,1,0.06464122366160155,0
train_0397.png,0,2,0.040266732685267925,0
train_0398.png,0,4,0.02218372472561896,0
train_0399.png,0,1,0.01820116234011948,0
train_0401.png,0,1,0.070157141238451,0
train_0402.png,0,4,0.031133133685216308,0
train_0404.png,0,3,0.1266003131866455,0
train_0405.png,0,2,0.01906300508417189,0
train_0406.png,0,1,0.030136149097234013,0
train_0407.png,0,4,0.05349044408649206,0
train_0408.png,0,4,0.05569230727851391,0
train_0410.png,0,0,0.06457239240407944,0
train_0412.png,0,3,0.06336212996393442,0
train_0413.png,0,4,0.0398618483915925,0
train_0414.png,0,0,0.027274154964834454,0
train_0417.png,0,2,0.032680051214993,0
train_0418.png,0,1,0.06520185302942991,0
train_0419.png,0,2,0.017321543861180545,0
train_0421.png,0,4,0.15636914707720279,0
train_0423.png,0,1,0.056623106077313426,0
train_0426.png,0,4,0.03471904988400638,0
train_0427.png,0,3,0.06509114094078541,0
train_0428.png,0,2,0.03657422102987766,0
train_0429.png,0,2,0.032174010388553144,0
train_0431.png,0,0,0.040800485759973526,0
train_0432.png,0,1,0.03777004890143871,0
train_0434.png,0,1,0.014812393859028817,0
train_0437.png,0,4,0.06176950186491013,0
train_0439.png,0,4,0.03461152203381061,0
train_0440.png,0,0,0.02702918741852045,0
train_0441.png,0,1,0.038487861305475234,0
train_0442.png,0,3,0.04299697540700436,0
train_0443.png,0,4,0.01908473507501185,0
train_0444.png,0,1,0.06029812097549439,0
train_0445.png,0,2,0.0541961619630456,0
train_0446.png,0,0,0.06259744465351105,0
train_0447.png,0,1,0.03398461332544685,0
train_0449.png,0,4,0.03372635748237371,0
train_0450.png,0,2,0.01699876794591546,0
train_0451.png,0,0,0.052045371383428574,0
train_0453.png,0,0,0.060230788215994834,0
train_0454.png,0,2,0.03175686486065388,0
train_0455.png,0,3,0.05590352602303028,0
train_0456.png,0,4,0.05817373199388385,0
train_0457.png,0,0,0.03964003659784794,0
train_0458.png,0,2,0.02635952550917864,0
train_0459.png,0,4,0.045835884753614664,0
train_0460.png,0,1,0.1071410220116377,0
train_0461.png,0,3,0.05405665934085845,0
train_0462.png,0,4,0.014657263224944471,0
train_0463.png,0,3,0.050231410376727584,0
train_0465.png,0,0,0.051283941231668,0
train_0467.png,0,2,0.046678125672042374,0
train_0468.png,0,4,0.034864408522844316,0
train_0469.png,0,0,0.055590901523828506,0
train_0470.png,0,2,0.022085867077112197,0
train_0472.png,0,0,0.03745401222258806,0
train_0475.png,0,0,0.061724741384387015,0
train_0476.png,0,4,0.04473104486241937,0
train_0477.png,0,0,0.03573935180902481,0
train_0478.png,0,0,0.04127456303685903,0
train_0479.png,0,1,0.03136824746616185,0
train_0481.png,0,3,0.05687690768390894,0
train_0483.png,0,2,0.06422887071967125,0
train_0485.png,0,1,0.03905517999082804,0
train_0486.png,0,2,0.020296867331489922,0
train_0488.png,0,2,0.024809467419981957,0
train_0489.png,0,3,0.15264157317578791,0
train_0490.png,0,1,0.030114282201975585,0
train_0491.png,0,0,0.12701706774532795,0
train_0492.png,0,1,0.020031636534258723,0
train_0493.png,0,1,0.03947445955127477,0
train_0495.png,0,4,0.12640905790030957,0
train_0498.png,0,1,0.0747059190645814,0
train_0499.png,0,4,0.0249608120881021,0
train_0501.png,0,3,0.02610486652702093,0
train_0502.png,0,0,0.034899773262441154,0
train_0504.png,0,4,0.04309734399430454,0
train_0505.png,0,1,0.05038252174854278,0
train_0507.png,0,3,0.04786822032183408,0
train_0511.png,0,1,0.11164723262190819,0
train_0512.png,0,4,0.02635857034474611,0
train_0513.png,0,3,0.04226472992449999,0
train_0514.png,0,0,0.021082278341054916,0
train_0515.png,0,1,0.019531927071511745,0
train_0516.png,0,3,0.08295434378087521,0
train_0518.png,0,0,0.040561071969568735,0
train_0522.png,0,3,0.06007260382175446,0
train_0523.png,0,4,0.09826564751565456,0
train_0527.png,0,3,0.05948520768433809,0
train_0528.png,0,0,0.022925257589668038,0
train_0529.png,0,3,0.01980303069576621,0
train_0530.png,0,0,0.06841494590044021,0
train_0532.png,0,1,0.0960053738206625,0
train_0533.png,0,3,0.035148999933153395,0
train_0535.png,0,4,0.03272162433713675,0
train_0536.png,0,2,0.03796674460172653,0
train_0538.png,0,3,0.0667806688696146,0
train_0539.png,0,0,0.0633191954344511,0
train_0540.png,0,1,0.2028559535741806,0
train_0542.png,0,2,0.07430804055184126,0
train_0544.png,0,4,0.026962095173075795,0
train_0545.png,0,1,0.03845588825643063,0
train_0546.png,0,2,0.025575467012822626,0
train_0547.png,0,3,0.07545087337493897,0
train_0548.png,0,3,0.04101225417107344,0
train_0549.png,0,0,0.053438334725797176,0
train_0551.png,0,4,0.10464722514152527,0
train_0552.png,0,2,0.033661497943103316,0
train_0554.png,0,0,0.25429532006382943,0
train_0558.png,0,4,0.018697727378457783,0
train_0560.png,0,1,0.032660340238362555,0
train_0561.png,0,4,0.03540762420743704,0
train_0563.png,0,1,0.02026284928433597,0
train_0564.png,0,0,0.05332451965659857,0
train_0565.png,0,0,0.025574981048703194,0
train_0566.png,0,1,0.028957341518253087,0
train_0567.png,0,2,0.020629939530044796,0
train_0568.png,0,1,0.027188158594071865,0
train_0569.png,0,2,0.025467315409332513,0
train_0570.png,0,3,0.07407117765396834,0
train_0571.png,0,0,0.08675818704068661,0
train_0574.png,0,1,0.061335176974534986,0
train_0576.png,0,4,0.01193832706194371,0
train_0577.png,0,2,0.27481699734926224,0
train_0579.png,0,3,0.04211229532957077,0
train_0580.png,0,3,0.02713582795113325,0
train_0581.png,0,0,0.07039311602711677,0
train_0582.png,0,1,0.05875593274831772,0
train_0583.png,0,2,0.03386963559314608,0
train_0584.png,0,4,0.021312194410711527,0
train_0585.png,0,2,0.030057188123464584,0
train_0587.png,0,3,0.024311898089945314,0
train_0590.png,0,0,0.039125709980726245,0
train_0591.png,0,1,0.04318953705951571,0
train_0593.png,0,3,0.06708423234522343,0
train_0595.png,0,4,0.04963238816708326,0
train_0598.png,0,2,0.06130890138447285,0
train_0599.png,0,3,0.0901425052434206,0
train_0600.png,0,3,0.033810855448246004,0
train_0604.png,0,0,0.035720903798937796,0
train_0605.png,0,1,0.16534247621893883,0
train_0607.png,0,2,0.15431496649980547,0
train_0609.png,0,3,0.08321420047432183,0
train_0610.png,0,4,0.037432158086448904,0
train_0611.png,0,1,0.01882683425210416,0
train_0612.png,0,0,0.3925826370716095,1
train_0615.png,0,0,0.038089004717767244,0
train_0618.png,0,0,0.06086491290479899,0
train_0619.png,0,2,0.092125329002738,0
train_0620.png,0,3,0.02617041729390621,0
train_0621.png,0,1,0.03065244257450104,0
train_0622.png,0,3,0.04262599274516106,0
train_0623.png,0,2,0.022530669113621116,0
train_0624.png,0,4,0.4598915964365005,1
train_0625.png,0,0,0.03182334741577506,0
train_0627.png,0,3,0.0356262493878603,0
train_0628.png,0,1,0.019729775656014678,0
train_0629.png,0,2,0.038652511313557625,0
train_0630.png,0,4,0.013603595085442066,0
train_0631.png,0,0,0.09275836683809757,0
train_0632.png,0,0,0.023371344245970246,0
train_0638.png,0,1,0.05912449397146702,0
train_0639.png,0,0,0.09976624883711338,0
train_0641.png,0,4,0.07719567753374576,0
train_0642.png,0,4,0.04995624562725425,0
train_0644.png,0,3,0.08977366387844085,0
train_0645.png,0,1,0.022450962429866193,0
train_0646.png,0,3,0.16651515886187554,0
train_0648.png,0,1,0.06342761470004916,0
train_0651.png,0,1,0.077676210552454,0
train_0653.png,0,2,0.0404752641916275,0
train_0654.png,0,4,0.059908421337604524,0
train_0655.png,0,0,0.026383410580456255,0
train_0656.png,0,1,0.04047339507378638,0
train_0658.png,0,0,0.025452960655093195,0
train_0659.png,0,0,0.06273414418101311,0
train_0661.png,0,2,0.037254107091575867,0
train_0662.png,0,3,0.042855353094637394,0
train_0663.png,0,3,0.07849753946065902,0
train_0664.png,0,3,0.02224750313907862,0
train_0665.png,0,4,0.05316469669342041,0
train_0667.png,0,2,0.016810801532119512,0
train_0668.png,0,0,0.037224714271724225,0
train_0669.png,0,2,0.00969702717848122,0
train_0671.png,0,1,0.0215796553529799,0
train_0672.png,0,3,0.05227340087294579,0
train_0673.png,0,4,0.04414127320051193,0
train_0674.png,0,3,0.07886412516236306,0
train_0675.png,0,0,0.06905373446643352,0
train_0676.png,0,1,0.06166640873998403,0
train_0678.png,0,4,0.03162502460181713,0
train_0679.png,0,0,0.06253998856991529,0
train_0681.png,0,3,0.026109824422746897,0
train_0683.png,0,1,0.02008794918656349,0
train_0684.png,0,4,0.02378223536070436,0
train_0685.png,0,0,0.06397756952792406,0
train_0686.png,0,0,0.023411083966493607,0
train_0687.png,0,2,0.03397112004458904,0
train_0688.png,0,2,0.030177197232842446,0
train_0691.png,0,1,0.022409573150798678,0
train_0692.png,0,4,0.05457576075568795,0
train_0693.png,0,0,0.04189968993887305,0
train_0694.png,0,2,0.03962720399722457,0
train_0696.png,0,0,0.05316154789179564,0
train_0697.png,0,1,0.022739737341180444,0
train_0698.png,0,4,0.05345323691144585,0
train_0699.png,0,2,0.08134498819708824,0
train_0702.png,0,4,0.03732081870548427,0
train_0703.png,0,3,0.06805342510342598,0
train_0705.png,0,3,0.1403391979634762,0
train_0707.png,0,0,0.04492181129753589,0
train_0708.png,0,2,0.05232607293874025,0
train_0709.png,0,1,0.05135465282946825,0
train_0711.png,0,4,0.03299906682223082,0
train_0713.png,0,3,0.050620450638234615,0
train_0714.png,0,2,0.0642718430608511,0
train_0715.png,0,1,0.030700651742517945,0
train_0716.png,0,3,0.05161944609135389,0
train_0719.png,0,0,0.04321902878582478,0
train_0724.png,0,0,0.019696322828531267,0
train_0725.png,0,1,0.0359647424891591,0
train_0728.png,0,1,0.2802169531583786,0
train_0730.png,0,2,0.0570025734603405,0
train_0731.png,0,4,0.02323587303981185,0
train_0732.png,0,2,0.035338409896939996,0
train_0734.png,0,2,0.04772186428308487,0
train_0736.png,0,0,0.05240628477185965,0
train_0737.png,0,1,0.024311312101781366,0
train_0738.png,0,4,0.03056692210957408,0
train_0739.png,0,4,0.019130032788962126,0
train_0742.png,0,3,0.12018565535545349,0
train_0743.png,0,4,0.013460887921974064,0
train_0744.png,0,0,0.037136152386665344,0
train_0745.png,0,4,0.1163839414715767,0
train_0746.png,0,1,0.03729210328310728,0
train_0747.png,0,2,0.03087012227624655,0
train_0748.png,0,3,0.056816224940121174,0
train_0751.png,0,2,0.03282105838879942,0
train_0752.png,0,4,0.05001029912382364,0
train_0754.png,0,3,0.05483317282050848,0
train_0755.png,0,3,0.05483317282050848,0
train_0756.png,0,0,0.04561598207801581,0
train_0758.png,0,3,0.036820314824581146,0
train_0759.png,0,1,0.044733470678329466,0
train_0761.png,0,4,0.05819175951182842,0
train_0762.png,0,3,0.021635383367538452,0
train_0763.png,0,0,0.06623116880655289,0
train_0764.png,0,0,0.09427821338176728,0
train_0765.png,0,3,0.03314706487581134,0
train_0766.png,0,1,0.04419258292764425,0
train_0767.png,0,2,0.03669445095583797,0
train_0769.png,0,0,0.06376587897539139,0
train_0770.png,0,2,0.9646033644676208,1
train_0771.png,0,0,0.0431731766089797,0
train_0772.png,0,1,0.039584959298372274,0
train_0774.png,0,3,0.03124486915767193,0
train_0775.png,0,3,0.06214399021118879,0
train_0776.png,0,0,0.12551659494638442,0
train_0777.png,0,1,0.040925449784845115,0
train_0780.png,0,4,0.039801135659217834,0
train_0783.png,0,1,0.01901352982968092,0
train_0784.png,0,2,0.03699888624250888,0
train_0785.png,0,2,0.041647577099502085,0
train_0787.png,0,3,0.05801970642060041,0
train_0789.png,0,0,0.05321343764662743,0
train_0790.png,0,3,0.03279761653393507,0
train_0791.png,0,1,0.03083526212722063,0
train_0793.png,0,4,0.027766750194132328,0
train_0795.png,0,1,0.01724137654528022,0
train_0796.png,0,4,0.04130482533946633,0
train_0797.png,0,1,0.09741629883646966,0
train_0799.png,0,4,0.039135328587144615,0
train_0800.png,0,2,0.05259388890117407,0
train_0802.png,0,3,0.06549616865813733,0
train_0803.png,0,0,0.05464621894061565,0
train_0804.png,0,2,0.2207679867744446,0
train_0805.png,0,0,0.03662826120853424,0
train_0806.png,0,1,0.027653714921325442,0
train_0807.png,0,4,0.04225663337856531,0
train_0808.png,0,3,0.039173427410423754,0
train_0809.png,0,3,0.2416420854628086,0
train_0811.png,0,1,0.02619756609201431,0
train_0813.png,0,2,0.02254170328378677,0
train_0814.png,0,4,0.02687395829707384,0
train_0816.png,0,4,0.021150659676641228,0
train_0817.png,0,0,0.028984256461262705,0
train_0823.png,0,3,0.04678416177630425,0
train_0825.png,0,0,0.02421747138723731,0
train_0827.png,0,1,0.0320875832810998,0
train_0828.png,0,1,0.03195845689624548,0
train_0831.png,0,0,0.152176021784544,0
train_0832.png,0,0,0.04636898003518581,0
train_0834.png,0,4,0.011925302376039327,0
train_0836.png,0,0,0.055864911153912546,0
train_0837.png,0,4,0.07467996645718813,0
train_0838.png,0,1,0.14339805953204632,0
train_0839.png,0,4,0.6472532421350479,1
train_0844.png,0,0,0.1294371098279953,0
train_0845.png,0,2,0.34771818667650223,0
train_0848.png,0,3,0.11450773477554321,0
train_0849.png,0,1,0.030166809726506472,0
train_0850.png,0,4,0.034595101699233057,0
train_0851.png,0,1,0.1650159351527691,0
train_0853.png,0,2,0.1412058711051941,0
train_0854.png,0,1,0.08792576044797898,0
train_0856.png,0,0,0.0390610471367836,0
train_0858.png,0,4,0.02668256452307105,0
train_0859.png,0,0,0.09082316868007183,0
train_0861.png,0,1,0.09955838210880756,0
train_0862.png,0,2,0.5807687118649483,1
train_0864.png,0,3,0.06605272609740495,0
train_0865.png,0,1,0.08464971147477626,0
train_0866.png,0,2,0.21097034439444542,0
train_0869.png,0,0,0.04091502595692873,0
train_0870.png,0,4,0.022336546005681156,0
train_0872.png,0,1,0.030828940588980912,0
train_0874.png,0,4,0.03356021447107196,0
train_0875.png,0,3,0.05243787281215191,0
train_0876.png,0,1,0.032421312853693963,0
train_0878.png,0,0,0.035026974603533746,0
train_0879.png,0,3,0.19066615700721742,0
train_0880.png,0,0,0.02886593621224165,0
train_0881.png,0,4,0.041188928112387654,0
train_0882.png,0,1,0.05977113954722881,0
train_0883.png,0,2,0.08121463991701602,0
train_0884.png,0,3,0.07754769288003445,0
train_0890.png,0,2,0.02012679949402809,0
train_0892.png,0,4,0.03759390991181135,0
train_0893.png,0,0,0.06664437018334865,0
train_0894.png,0,1,0.030637498944997787,0
train_0895.png,0,3,0.0480598334223032,0
train_0896.png,0,1,0.030796448141336443,0
train_0897.png,0,2,0.033366439398378134,0
train_0899.png,0,1,0.030065133422613143,0
train_0901.png,0,4,0.02835118491202593,0
train_0903.png,0,1,0.07869930118322373,0
train_0904.png,0,2,0.01620778227224946,0
train_0906.png,0,3,0.029641248844563962,0
train_0907.png,0,1,0.02803772622719407,0
train_0908.png,0,3,0.04268704336136579,0
train_0909.png,0,2,0.033564941771328446,0
train_0910.png,0,2,0.017749370262026786,0
train_0911.png,0,3,0.4594644457101822,1
train_0912.png,0,0,0.039597778022289275,0
train_0913.png,0,1,0.05582150332629681,0
train_0915.png,0,4,0.061542237736284734,0
train_0917.png,0,0,0.1379320416599512,0
train_0918.png,0,2,0.15350800529122355,0
train_0921.png,0,0,0.01967279613018036,0
train_0922.png,0,1,0.024178893771022558,0
train_0923.png,0,3,0.03702495144680142,0
train_0924.png,0,4,0.029911655001342297,0
train_0927.png,0,1,0.05664075016975403,0
train_0930.png,0,1,0.022135907132178546,0
train_0931.png,0,4,0.035016164742410184,0
train_0933.png,0,0,0.03945443201810121,0
train_0934.png,0,4,0.04756141165271401,0
train_0935.png,0,3,0.0428314327262342,0
train_0936.png,0,1,0.09519774168729782,0
train_0939.png,0,2,0.036899071559309965,0
train_0940.png,0,3,0.05947700440883637,0
train_0941.png,0,1,0.0362815517000854,0
train_0943.png,0,2,0.03497078772634268,0
train_0945.png,0,0,0.0457182502374053,0
train_0947.png,0,3,0.03649757914245129,0
train_0949.png,0,2,0.016501815197989343,0
train_0950.png,0,0,0.038418373186141254,0
train_0951.png,0,3,0.04134976491332054,0
train_0952.png,0,0,0.047856958024203776,0
train_0953.png,0,4,0.036047629639506334,0
train_0954.png,0,1,0.084485924243927,0
train_0955.png,0,1,0.034371294640004636,0
train_0956.png,0,2,0.038439694326370955,0
train_0957.png,0,3,0.09843305945396423,0
train_0958.png,0,2,0.02428747760131955,0
train_0959.png,0,1,0.03319892194122076,0
train_0961.png,0,3,0.020783139578998088,0
train_0964.png,0,2,0.06806898396462202,0
train_0967.png,0,2,0.0517318731173873,0
train_0968.png,0,4,0.02366714309900999,0
train_0969.png,0,2,0.02660373393446207,0
train_0971.png,0,0,0.086429163813591,0
train_0972.png,0,3,0.11415429711341858,0
train_0973.png,0,1,0.035464629624038936,0
train_0974.png,0,3,0.02462091129273176,0
train_0975.png,0,4,0.028237265814095736,0
train_0976.png,0,4,0.06112710339948535,0
train_0977.png,0,1,0.051102294214069845,0
train_0978.png,0,2,0.020640703011304138,0
train_0981.png,0,0,0.08963079117238522,0
train_0982.png,0,4,0.05431228522211313,0
train_0983.png,0,3,0.05559183154255152,0
train_0984.png,0,3,0.05132454372942447,0
train_0987.png,0,2,0.01947853146120906,0
train_0988.png,0,4,0.1599193874746561,0
train_0989.png,0,3,0.06372517328709364,0
train_0990.png,0,0,0.059101357311010363,0
train_0991.png,0,1,0.1490718238055706,0
train_0995.png,0,2,0.02058361517265439,0
train_0997.png,0,0,0.03286330588161945,0
train_0998.png,0,2,0.013645586650818588,0
train_0999.png,0,1,0.03403347004204989,0
train_1000.png,0,0,0.036531055346131325,0
train_1001.png,0,3,0.02899387711659074,0
train_1002.png,0,0,0.04607215113937855,0
train_1003.png,0,4,0.04780121650546789,0
train_1004.png,0,2,0.04452412631362676,0
train_1005.png,0,2,0.027976411767303942,0
train_1008.png,0,1,0.05803630314767361,0
train_1010.png,0,3,0.08774146623909473,0
train_1011.png,0,3,0.04257745612412691,0
train_1013.png,0,2,0.02490874519571662,0
train_1014.png,0,3,0.04912136755883694,0
train_1016.png,0,1,0.03876615455374122,0
train_1018.png,0,2,0.06105591952800751,0
train_1019.png,0,2,0.04455280192196369,0
train_1021.png,0,3,0.05771738104522228,0
train_1022.png,0,1,0.021551147755235433,0
train_1023.png,0,3,0.04223868772387505,0
train_1024.png,0,2,0.0258170984685421,0
train_1025.png,0,3,0.030017932038754226,0
train_1029.png,0,2,0.04694536160677671,0
train_1030.png,0,3,0.06462206169962882,0
train_1032.png,0,0,0.037525019235908987,0
train_1033.png,0,0,0.04482657033950091,0
train_1034.png,0,2,0.02898981058970094,0
train_1035.png,0,1,0.07137343585491181,0
train_1037.png,0,4,0.020880785770714283,0
train_1039.png,0,3,0.032923315465450284,0
train_1040.png,0,4,0.029655090533196926,0
train_1044.png,0,1,0.05258870869874954,0
train_1045.png,0,2,0.04027222832664847,0
train_1046.png,0,3,0.02739187432453036,0
train_1047.png,0,2,0.07000979743897914,0
train_1048.png,0,0,0.04480828996747732,0
train_1049.png,0,4,0.07436432763934135,0
train_1050.png,0,0,0.0441349109634757,0
train_1051.png,0,0,0.04476231709122658,0
train_1057.png,0,3,0.05992603302001953,0
train_1058.png,0,1,0.031003408320248126,0
train_1060.png,0,1,0.028853924572467802,0
train_1062.png,0,4,0.029274727590382098,0
train_1063.png,0,4,0.03192780008539557,0
train_1066.png,0,0,0.12512459233403206,0
train_1067.png,0,1,0.03791719563305378,0
train_1068.png,0,1,0.06848400682210923,0
train_1070.png,0,3,0.04155041920021176,0
train_1073.png,0,0,0.06183597836643458,0
train_1074.png,0,1,0.05124934855848551,0
train_1075.png,0,0,0.863436371088028,1
train_1076.png,0,2,0.02815637830644846,0
train_1081.png,0,2,0.07287899535149335,0
train_1086.png,0,0,0.029149907175451517,0
train_1090.png,0,2,0.1072953637689352,0
train_1092.png,0,1,0.11478449255228042,0
train_1095.png,0,3,0.046837936714291574,0
train_1096.png,0,4,0.02719645700417459,0
train_1097.png,0,2,0.019300318881869314,0
train_1100.png,0,1,0.03442299468442798,0
train_1101.png,0,4,0.03585446290671825,0
train_1102.png,0,4,0.01898450888693333,0
train_1103.png,0,1,0.025015464518219233,0
train_1104.png,0,3,0.034541217517107724,0
train_1109.png,0,1,0.054359145835042,0
train_1111.png,0,0,0.06866970648989082,0
train_1113.png,0,3,0.038400123454630376,0
train_1114.png,0,4,0.013830552389845251,0
train_1115.png,0,0,0.021658074390143157,0
train_1117.png,0,4,0.029922713339328763,0
train_1118.png,0,2,0.061642360314726835,0
train_1119.png,0,3,0.07248841859400272,0
train_1120.png,0,0,0.05352857932448387,0
train_1125.png,0,4,0.05506016239523888,0
train_1126.png,0,0,0.032860959880054,0
train_1128.png,0,2,0.10280037671327591,0
train_1130.png,0,4,0.20788733437657356,0
train_1133.png,0,2,0.04405812416225672,0
train_1135.png,0,0,0.03208368606865406,0
train_1136.png,0,0,0.04024908598512411,0
train_1137.png,0,2,0.07501604221761227,0
train_1139.png,0,1,0.025917111523449422,0
train_1141.png,0,1,0.022026151325553658,0
train_1143.png,0,3,0.09749875962734222,0
train_1145.png,0,4,0.0160496212542057,0
train_1147.png,0,2,0.01942399572581053,0
train_1150.png,0,3,0.03633216954767704,0
train_1157.png,0,4,0.0445559648796916,0
train_1158.png,0,0,0.282957649230957,0
train_1159.png,0,1,0.09460055492818356,0
train_1160.png,0,2,0.017999678011983634,0
train_1161.png,0,0,0.0429665045812726,0
train_1163.png,0,3,0.07229356952011586,0
train_1165.png,0,1,0.06637211069464684,0
train_1167.png,0,2,0.04492500871419907,0
train_1168.png,0,3,0.034641685988754035,0
train_1169.png,0,1,0.042990267463028434,0
train_1170.png,0,0,0.028087550401687623,0
train_1172.png,0,2,0.028185011353343725,0
train_1173.png,0,3,0.1133458998054266,0
train_1175.png,0,4,0.036422413680702447,0
train_1177.png,0,1,0.038346368446946145,0
train_1178.png,0,2,0.02194863483309746,0
train_1179.png,0,1,0.04420416224747896,0
train_1180.png,0,3,0.03694590069353581,0
train_1181.png,0,4,0.039788890350610014,0
train_1182.png,0,0,0.06567000895738602,0
train_1184.png,0,2,0.046595561504364016,0
train_1186.png,0,2,0.02854225104674697,0
train_1187.png,0,3,0.03814837466925383,0
train_1188.png,0,4,0.012794024497270583,0
train_1189.png,0,4,0.032758255722001195,0
train_1191.png,0,3,0.043383808340877295,0
train_1193.png,0,0,0.06435562111437321,0
train_1194.png,0,1,0.02303613945841789,0
train_1195.png,0,2,0.0278366819024086,0
train_1196.png,0,1,0.09354110956192017,0
train_1198.png,0,2,0.03268063003197312,0
train_1199.png,0,3,0.03305683471262455,0
train_1200.png,0,0,0.05077112112194299,0
train_1202.png,0,4,0.019424548698589204,0
train_1204.png,0,2,0.12204340361058712,0
train_1205.png,0,2,0.06663649063557386,0
train_1206.png,0,1,0.29660446643829347,0
train_1207.png,0,2,0.01451888894662261,0
train_1208.png,0,3,0.08790747113525867,0
train_1210.png,0,0,0.03084458624944091,0
train_1218.png,0,2,0.060949329473078254,0
train_1219.png,0,3,0.3493694633245468,0
train_1221.png,0,1,0.05976320430636406,0
train_1222.png,0,4,0.037803474441170694,0
train_1223.png,0,0,0.030130916647613047,0
train_1226.png,0,4,0.038561320118606086,0
train_1227.png,0,1,0.04569498617202044,0
train_1228.png,0,2,0.017106269113719465,0
train_1229.png,0,3,0.1698199465870857,0
train_1234.png,0,2,0.019337615836411713,0
train_1235.png,0,3,0.19089780896902084,0
train_1236.png,0,0,0.04020723067224025,0
train_1237.png,0,1,0.015613323822617532,0
train_1239.png,0,1,0.03404586417600513,0
train_1240.png,0,0,0.039072063937783244,0
train_1241.png,0,1,0.016297777742147447,0
train_1242.png,0,2,0.12465362809598446,0
train_1245.png,0,3,0.05131150055676699,0
train_1247.png,0,4,0.04320691581815481,0
train_1248.png,0,1,0.05311719346791506,0
train_1249.png,0,0,0.07625030428171159,0
train_1250.png,0,2,0.1577028300613165,0
train_1251.png,0,2,0.13797242417931557,0
train_1252.png,0,0,0.06410571616142989,0
train_1254.png,0,0,0.028733917977660894,0
train_1255.png,0,4,0.047586912661790846,0
train_1257.png,0,1,0.05755053292959929,0
train_1258.png,0,0,0.03675674814730883,0
train_1262.png,0,2,0.020496823359280825,0
train_1265.png,0,0,0.025220941007137298,0
train_1266.png,0,1,0.06579710431396961,0
train_1267.png,0,2,0.06516428701579571,0
train_1268.png,0,1,0.028579361736774445,0
train_1269.png,0,3,0.0406254899688065,0
train_1273.png,0,2,0.041855926252901555,0
train_1274.png,0,3,0.05276120360940695,0
train_1276.png,0,0,0.045065570063889025,0
train_1278.png,0,2,0.02197941318154335,0
train_1279.png,0,4,0.0295604454819113,0
train_1280.png,0,0,0.03716639950871468,0
train_1282.png,0,0,0.024271097965538502,0
train_1283.png,0,2,0.012174402177333832,0
train_1284.png,0,0,0.14020448550581932,0
train_1286.png,0,3,0.029800129309296607,0
train_1288.png,0,4,0.045044631231576204,0
train_1290.png,0,2,0.02665176745504141,0
train_1291.png,0,0,0.046686993166804316,0
train_1292.png,0,1,0.033236158080399036,0
train_1293.png,0,1,0.03436427712440491,0
train_1294.png,0,0,0.06856873165816069,0
train_1295.png,0,2,0.01601987602189183,0
train_1296.png,0,2,0.012042455933988094,0
train_1297.png,0,3,0.0280139060690999,0
train_1304.png,0,0,0.18351831361651422,0
train_1306.png,0,2,0.03984716851264238,0
train_1308.png,0,3,0.03443190064281225,0
train_1309.png,0,4,0.06862723380327225,0
train_1311.png,0,2,0.02801948729902506,0
train_1312.png,0,3,0.09068444166332483,0
train_1313.png,0,4,0.023881186684593558,0
train_1315.png,0,1,0.012504133908078075,0
train_1316.png,0,2,0.031428131461143496,0
train_1317.png,0,0,0.06086777206510305,0
train_1319.png,0,4,0.023575798701494934,0
train_1320.png,0,0,0.04278432838618755,0
train_1321.png,0,2,0.03597050458192825,0
train_1323.png,0,1,0.04466182515025139,0
train_1324.png,0,2,0.01205589333549142,0
train_1325.png,0,1,0.5065174132585526,1
train_1326.png,0,3,0.24333474338054656,0
train_1329.png,0,4,0.22497324422001838,0
train_1330.png,0,1,0.12443840578198433,0
train_1331.png,0,2,0.09235373102128505,0
train_1333.png,0,1,0.09229583255946637,0
train_1335.png,0,0,0.5369950950145721,1
train_1340.png,0,3,0.0779774371534586,0
train_1341.png,0,2,0.1416119307279587,0
train_1344.png,1,4,0.981533008813858,1
train_1345.png,1,0,0.9630172938108443,1
train_1346.png,1,3,0.9840561300516129,1
train_1350.png,1,2,0.9840021699666976,1
train_1351.png,1,4,0.9615061491727829,1
train_1353.png,1,1,0.991361638903618,1
train_1355.png,1,0,0.9748640060424805,1
train_1356.png,1,2,0.985238140821457,1
train_1357.png,1,4,0.9836182922124863,1
train_1360.png,1,3,0.9970078259706497,1
train_1361.png,1,1,0.9980214893817902,1
train_1362.png,1,2,0.9958284318447113,1
train_1363.png,1,2,0.9326446503400803,1
train_1365.png,1,4,0.9889521926641465,1
train_1366.png,1,0,0.9919383227825165,1
train_1368.png,1,2,0.977884790301323,1
train_1369.png,1,1,0.9915827810764313,1
train_1372.png,1,4,0.9947368681430817,1
train_1373.png,1,3,0.9965451687574387,1
train_1375.png,1,0,0.8848518699407577,1
train_1376.png,1,1,0.9960137277841568,1
train_1379.png,1,2,0.8998623222112656,1
train_1380.png,1,4,0.5397123768925667,1
train_1381.png,1,3,0.7020422846078872,1
train_1383.png,1,0,0.9899849772453309,1
train_1385.png,1,1,0.9794261157512665,1
train_1386.png,1,2,0.9882851719856263,1
train_1388.png,1,4,0.9950700163841247,1
train_1391.png,1,3,0.8449068546295166,1
train_1394.png,1,1,0.9935839742422103,1
train_1396.png,1,2,0.9506537646055222,1
train_1397.png,1,4,0.9967129975557327,1
train_1398.png,1,3,0.961941146850586,1
train_1399.png,1,4,0.981825304031372,1
train_1401.png,1,0,0.9877250820398331,1
train_1404.png,1,2,0.9926924496889115,1
train_1405.png,1,4,0.983530616760254,1
train_1407.png,1,0,0.981086903810501,1
train_1408.png,1,4,0.9909153908491135,1
train_1410.png,1,1,0.9836744546890259,1
train_1411.png,1,4,0.9668532133102417,1
train_1412.png,1,2,0.9795307815074921,1
train_1414.png,1,3,0.8861269444227218,1
train_1415.png,1,2,0.9693200200796127,1
train_1417.png,1,0,0.9875364184379578,1
train_1419.png,1,1,0.9778069138526917,1
train_1420.png,1,3,0.984471669793129,1
train_1421.png,1,1,0.9972130358219147,1
train_1424.png,1,0,0.9629469186067581,1
train_1426.png,1,0,0.9929687857627868,1
train_1428.png,1,2,0.9576966166496277,1
train_1429.png,1,3,0.9792020797729493,1
train_1430.png,1,0,0.9678844451904297,1
train_1432.png,1,2,0.9662776976823807,1
train_1433.png,1,3,0.9566672384738922,1
train_1434.png,1,0,0.9960756868124009,1
train_1436.png,1,2,0.977046811580658,1
train_1437.png,1,3,0.9836647212505341,1
train_1439.png,1,1,0.8790765583515167,1
train_1440.png,1,1,0.9962860673666001,1
train_1444.png,1,2,0.9529166132211685,1
train_1445.png,1,3,0.9646279275417328,1
train_1447.png,1,0,0.9772888123989105,1
train_1450.png,1,0,0.8023234009742737,1
train_1453.png,1,4,0.9764039754867554,1
train_1454.png,1,2,0.9898584723472594,1
train_1455.png,1,3,0.9803014338016509,1
train_1457.png,1,0,0.9301665365695954,1
train_1459.png,1,1,0.9592355579137802,1
train_1461.png,1,4,0.9766140460968018,1
train_1464.png,1,3,0.9921230733394623,1
train_1465.png,1,4,0.954813900589943,1
train_1466.png,1,2,0.9917168587446213,1
train_1467.png,1,4,0.9889078855514526,1
train_1469.png,1,4,0.9669040441513062,1
train_1471.png,1,0,0.7704321667551994,1
train_1472.png,1,1,0.9879635065793991,1
train_1473.png,1,2,0.9925957083702088,1
train_1474.png,1,0,0.9843286424875259,1
train_1475.png,1,3,0.984132069349289,1
train_1477.png,1,4,0.9870212137699127,1
train_1478.png,1,0,0.9924029380083084,1
train_1479.png,1,0,0.990137654542923,1
train_1482.png,1,2,0.996689972281456,1
train_1484.png,1,3,0.9806925892829895,1
train_1488.png,1,4,0.979232269525528,1
train_1490.png,1,3,0.977999421954155,1
train_1493.png,1,1,0.9883779168128968,1
train_1496.png,1,0,0.9346302270889282,1
train_1497.png,1,2,0.9038535296916962,1
train_1500.png,1,4,0.9869919300079346,1
train_1502.png,1,2,0.9326471954584122,1
train_1507.png,1,3,0.9344159573316574,1
train_1508.png,1,1,0.9903877705335618,1
train_1510.png,1,0,0.9467252492904663,1
train_1511.png,1,4,0.9965109825134277,1
train_1512.png,1,4,0.9816445827484132,1
train_1513.png,1,0,0.9822909116744996,1
train_1515.png,1,0,0.8649989306926728,1
train_1517.png,1,1,0.9607727348804475,1
train_1518.png,1,2,0.8616041839122772,1
train_1519.png,1,3,0.36379995569586754,1
train_1520.png,1,4,0.9896871387958527,1
train_1521.png,1,0,0.9779704868793487,1
train_1522.png,1,1,0.9938836365938187,1
train_1523.png,1,2,0.996573007106781,1
train_1525.png,1,4,0.9871066033840179,1
train_1526.png,1,0,0.9826306968927383,1
train_1527.png,1,1,0.9864962726831437,1
train_1528.png,1,2,0.9897838354110717,1
train_1529.png,1,2,0.9934903979301453,1
train_1532.png,1,3,0.9095894217491151,1
train_1534.png,1,4,0.9616565823554993,1
train_1535.png,1,1,0.850890165567398,1
train_1536.png,1,3,0.9899607181549073,1
train_1538.png,1,2,0.9800683975219726,1
train_1540.png,1,1,0.9923711627721787,1
train_1542.png,1,2,0.986009082198143,1
train_1543.png,1,1,0.9811689198017121,1
train_1545.png,1,2,0.9928543388843536,1
train_1548.png,1,0,0.9800286889076233,1
train_1549.png,1,1,0.9471565365791321,1
train_1550.png,1,3,0.9891244173049927,1
train_1555.png,1,4,0.876698014140129,1
train_1556.png,1,2,0.30079082027077675,0
train_1558.png,1,2,0.977567371726036,1
train_1560.png,1,0,0.9918388962745667,1
train_1562.png,1,1,0.604425185918808,1
train_1563.png,1,3,0.9550494134426117,1
train_1564.png,1,1,0.9463889598846436,1
train_1569.png,1,1,0.9738418906927109,1
train_1570.png,1,4,0.994783130288124,1
train_1572.png,1,2,0.9380384474992752,1
train_1573.png,1,2,0.9898847937583923,1
train_1575.png,1,0,0.9828891038894654,1
train_1576.png,1,4,0.980148795247078,1
train_1579.png,1,0,0.9858957260847092,1
train_1580.png,1,0,0.9879503130912781,1
train_1582.png,1,4,0.9431961894035339,1
train_1583.png,1,3,0.9928347766399384,1
train_1584.png,1,4,0.9704036831855773,1
train_1586.png,1,0,0.9944126576185226,1
train_1591.png,1,3,0.9672473639249801,1
train_1592.png,1,4,0.9562421470880509,1
train_1595.png,1,2,0.9583186984062195,1
train_1596.png,1,0,0.9581044495105744,1
train_1597.png,1,1,0.438194876909256,1
train_1598.png,1,4,0.9904361754655838,1
train_1599.png,1,3,0.9914491713047027,1
train_1600.png,1,3,0.9762463301420212,1
train_1601.png,1,1,0.9563445538282395,1
train_1604.png,1,1,0.990145242214203,1
train_1605.png,1,3,0.9797515630722046,1
train_1607.png,1,0,0.880881455540657,1
train_1612.png,1,1,0.9511638581752777,1
train_1613.png,1,2,0.9980752319097519,1
train_1614.png,1,4,0.9825922906398773,1
train_1616.png,1,0,0.9593037545681,1
train_1618.png,1,1,0.41090541183948515,1
train_1619.png,1,2,0.9264914870262146,1
train_1620.png,1,4,0.9933927118778229,1
train_1621.png,1,3,0.9683531492948532,1
train_1623.png,1,1,0.9465034991502762,1
train_1624.png,1,0,0.9270035147666932,1
train_1626.png,1,0,0.9673436909914017,1
train_1628.png,1,4,0.9452420145273209,1
train_1629.png,1,1,0.9955230623483659,1
train_1630.png,1,0,0.9644248604774476,1
train_1631.png,1,3,0.9920105636119843,1
train_1633.png,1,1,0.9915707170963288,1
train_1636.png,1,0,0.9827768802642822,1
train_1637.png,1,1,0.9173793017864227,1
train_1639.png,1,4,0.9969033211469651,1
train_1640.png,1,2,0.9662052392959595,1
train_1641.png,1,2,0.9223990201950073,1
train_1642.png,1,0,0.974578270316124,1
train_1643.png,1,1,0.8344013839960098,1
train_1644.png,1,1,0.9675401210784912,1
train_1649.png,1,4,0.950594037771225,1
train_1650.png,1,2,0.9541444331407547,1
train_1652.png,1,0,0.971072456240654,1
train_1653.png,1,1,0.9414642959833146,1
train_1654.png,1,3,0.9971057176589966,1
train_1657.png,1,4,0.9877420097589493,1
train_1658.png,1,2,0.9681380033493042,1
train_1659.png,1,0,0.9660283654928207,1
train_1660.png,1,1,0.9136656194925309,1
train_1661.png,1,3,0.9615883201360702,1
train_1662.png,1,4,0.9904477387666702,1
train_1663.png,1,2,0.9853216022253036,1
train_1664.png,1,0,0.9852990657091141,1
train_1665.png,1,1,0.9346702992916107,1
train_1666.png,1,3,0.9358820885419845,1
train_1669.png,1,2,0.975412979722023,1
train_1670.png,1,0,0.9293165117502212,1
train_1672.png,1,3,0.986739331483841,1
train_1674.png,1,4,0.9951594233512878,1
train_1676.png,1,3,0.9934315949678422,1
train_1677.png,1,2,0.9907136380672456,1
train_1678.png,1,0,0.9661344558000564,1
train_1679.png,1,1,0.9718323677778244,1
train_1680.png,1,1,0.986722218990326,1
train_1681.png,1,3,0.9944384217262268,1
train_1682.png,1,2,0.9172591596841811,1
train_1683.png,1,4,0.9437821686267853,1
train_1684.png,1,4,0.980309909582138,1
train_1687.png,1,2,0.9867873132228852,1
train_1688.png,1,4,0.9957206606864929,1
train_1689.png,1,4,0.996338614821434,1
train_1691.png,1,2,0.9950745463371278,1
train_1692.png,1,2,0.9867312788963317,1
train_1694.png,1,3,0.9921314656734467,1
train_1696.png,1,1,0.3889171227812767,1
train_1699.png,1,3,0.9065614819526673,1
train_1701.png,1,0,0.9964807957410813,1
train_1702.png,1,1,0.6084976434707642,1
train_1703.png,1,2,0.982709887623787,1
train_1704.png,1,4,0.9679474920034409,1
train_1705.png,1,3,0.9853757381439209,1
train_1706.png,1,3,0.9534893453121185,1
train_1708.png,1,1,0.9829205840826034,1
train_1710.png,1,4,0.9940929681062699,1
train_1711.png,1,2,0.9527639567852021,1
train_1712.png,1,4,0.9866582065820694,1
train_1713.png,1,3,0.8949703454971314,1
train_1714.png,1,0,0.3142163172364235,0
train_1715.png,1,3,0.8217600524425506,1
train_1716.png,1,1,0.968935176730156,1
train_1717.png,1,2,0.9959981292486191,1
train_1718.png,1,4,0.987927034497261,1
train_1719.png,1,1,0.9847102552652359,1
train_1721.png,1,0,0.9769002348184586,1
train_1722.png,1,2,0.9970050543546677,1
train_1723.png,1,3,0.6363947570323945,1
train_1724.png,1,4,0.9872210681438446,1
train_1725.png,1,0,0.9799724847078323,1
train_1726.png,1,3,0.9870681703090667,1
train_1727.png,1,1,0.9947893679141999,1
train_1728.png,1,1,0.9896700799465179,1
train_1731.png,1,0,0.991440013051033,1
train_1732.png,1,1,0.9916995644569397,1
train_1733.png,1,2,0.9948129326105117,1
train_1734.png,1,0,0.9558469831943512,1
train_1735.png,1,4,0.9908055514097214,1
train_1736.png,1,0,0.9760509371757508,1
train_1738.png,1,2,0.7335520893335342,1
train_1739.png,1,1,0.9701122105121612,1
train_1740.png,1,4,0.9355928003787994,1
train_1741.png,1,3,0.9184437364339828,1
train_1743.png,1,0,0.9879470854997635,1
train_1745.png,1,0,0.9805208265781402,1
train_1746.png,1,1,0.9497273087501525,1
train_1747.png,1,2,0.9666116327047348,1
train_1748.png,1,3,0.9920755803585053,1
train_1749.png,1,4,0.9828652024269104,1
train_1750.png,1,0,0.958789712190628,1
train_1751.png,1,1,0.9934901833534241,1
train_1752.png,1,2,0.9627192646265029,1
train_1754.png,1,3,0.9961620330810547,1
train_1756.png,1,0,0.9910517007112503,1
train_1759.png,1,3,0.9307043969631195,1
train_1760.png,1,4,0.9888839900493621,1
train_1762.png,1,1,0.9469350397586823,1
train_1763.png,1,2,0.9496825993061065,1
train_1764.png,1,0,0.9519428700208664,1
train_1765.png,1,0,0.9865848153829575,1
train_1771.png,1,4,0.9811843693256378,1
train_1774.png,1,3,0.9909636795520783,1
train_1775.png,1,3,0.9314225971698762,1
train_1776.png,1,2,0.9964641094207765,1
train_1778.png,1,4,0.9399579554796219,1
train_1779.png,1,3,0.974403303861618,1
train_1781.png,1,0,0.9933520555496216,1
train_1782.png,1,0,0.9950132936239242,1
train_1783.png,1,1,0.9599640190601348,1
train_1784.png,1,2,0.9725761950016021,1
train_1785.png,1,1,0.9899089962244033,1
train_1787.png,1,2,0.9852390468120575,1
train_1788.png,1,0,0.9950168073177338,1
train_1789.png,1,3,0.9858063399791718,1
train_1790.png,1,3,0.9899999469518662,1
train_1792.png,1,4,0.9958021670579911,1
train_1793.png,1,2,0.987001895904541,1
train_1794.png,1,1,0.989514896273613,1
train_1795.png,1,0,0.9973982065916062,1
train_1797.png,1,3,0.9875417649745941,1
train_1798.png,1,2,0.9542855471372604,1
train_1803.png,1,4,0.9698348075151444,1
train_1804.png,1,1,0.8342089176177979,1
train_1806.png,1,2,0.9956936031579972,1
train_1807.png,1,4,0.8877275109291076,1
train_1808.png,1,4,0.9895957708358765,1
train_1809.png,1,1,0.93120758831501,1
train_1810.png,1,0,0.9913344442844391,1
train_1812.png,1,1,0.9845365673303604,1
train_1813.png,1,2,0.9925332427024842,1
train_1814.png,1,3,0.9927009463310242,1
train_1815.png,1,0,0.9925454020500183,1
train_1817.png,1,4,0.9895154744386673,1
train_1818.png,1,1,0.9808042466640472,1
train_1819.png,1,2,0.9913062691688538,1
train_1820.png,1,3,0.9941050827503204,1
train_1822.png,1,0,0.9865704596042633,1
train_1823.png,1,2,0.997026053071022,1
train_1825.png,1,3,0.9923829734325409,1
train_1826.png,1,3,0.994954252243042,1
train_1827.png,1,4,0.9943292587995529,1
train_1829.png,1,3,0.90740687251091,1
train_1830.png,1,4,0.9909685939550399,1
train_1831.png,1,0,0.8266547650098801,1
train_1832.png,1,3,0.983468359708786,1
train_1833.png,1,4,0.982788622379303,1
train_1836.png,1,3,0.9885333567857743,1
train_1837.png,1,0,0.9814097166061402,1
train_1839.png,1,0,0.9862851977348328,1
train_1840.png,1,2,0.9830013155937194,1
train_1842.png,1,2,0.9845758318901062,1
train_1845.png,1,3,0.8094755113124847,1
train_1846.png,1,4,0.9724564850330353,1
train_1847.png,1,0,0.9801355749368668,1
train_1849.png,1,3,0.9763968527317046,1
train_1850.png,1,4,0.9928302705287934,1
train_1851.png,1,0,0.9874327361583709,1
train_1853.png,1,2,0.9939460068941117,1
train_1855.png,1,1,0.9899453699588775,1
train_1856.png,1,3,0.9902916073799134,1
train_1857.png,1,4,0.9580857992172241,1
train_1861.png,1,1,0.9939329326152802,1
train_1862.png,1,0,0.9385369956493378,1
train_1863.png,1,2,0.9812640339136124,1
train_1865.png,1,3,0.8428734570741654,1
train_1866.png,1,2,0.9874236762523652,1
train_1867.png,1,0,0.9880475401878357,1
train_1870.png,1,4,0.9307131558656693,1
train_1872.png,1,0,0.9929280281066895,1
train_1873.png,1,2,0.9965247571468353,1
train_1875.png,1,4,0.986168521642685,1
train_1876.png,1,1,0.9964997202157975,1
train_1879.png,1,4,0.9901203274726867,1
train_1880.png,1,3,0.9315695136785507,1
train_1883.png,1,1,0.991823548078537,1
train_1884.png,1,4,0.9617652297019958,1
train_1886.png,1,2,0.6398996412754059,1
train_1887.png,1,0,0.9742765367031097,1
train_1888.png,1,1,0.9786108672618866,1
train_1890.png,1,4,0.9787804514169693,1
train_1892.png,1,2,0.9506561517715455,1
train_1893.png,1,0,0.9918315380811691,1
train_1894.png,1,0,0.9619362086057663,1
train_1900.png,1,3,0.984207844734192,1
train_1901.png,1,1,0.89994575381279,1
train_1903.png,1,1,0.9708138823509217,1
train_1905.png,1,3,0.9895377337932587,1
train_1907.png,1,4,0.9753246545791626,1
train_1910.png,1,0,0.9769953578710556,1
train_1911.png,1,2,0.9947168350219726,1
train_1912.png,1,1,0.5726250052452088,1
train_1913.png,1,2,0.9764302790164947,1
train_1915.png,1,3,0.9948045015335083,1
train_1916.png,1,4,0.9824256956577301,1
train_1917.png,1,4,0.9957404643297196,1
train_1919.png,1,1,0.952176570892334,1
train_1920.png,1,2,0.9006682932376862,1
train_1921.png,1,3,0.94573575258255,1
train_1922.png,1,4,0.9483809411525725,1
train_1925.png,1,1,0.9617719233036042,1
train_1927.png,1,1,0.9951020747423173,1
train_1928.png,1,2,0.987226140499115,1
train_1929.png,1,3,0.9784712940454483,1
train_1930.png,1,0,0.9262577950954437,1
train_1931.png,1,2,0.98469018638134,1
train_1935.png,1,1,0.9765905320644378,1
train_1937.png,1,3,0.9817092448472977,1
train_1938.png,1,4,0.9872124403715135,1
train_1939.png,1,4,0.9927329659461975,1
train_1940.png,1,3,0.9728545725345612,1
train_1941.png,1,2,0.9932306855916977,1
train_1942.png,1,3,0.9934771955013275,1
train_1943.png,1,0,0.989323726296425,1
train_1944.png,1,1,0.9913025200366974,1
train_1945.png,1,1,0.8384784013032913,1
train_1946.png,1,2,0.9847312331199646,1
train_1948.png,1,4,0.9697741866111755,1
train_1949.png,1,2,0.9949947595596313,1
train_1950.png,1,3,0.986665439605713,1
train_1951.png,1,0,0.9885346293449402,1
train_1953.png,1,1,0.9722100257873536,1
train_1954.png,1,1,0.9901423662900924,1
train_1957.png,1,4,0.9765008240938187,1
train_1958.png,1,1,0.9825395047664642,1
train_1960.png,1,0,0.9835950911045075,1
train_1961.png,1,2,0.990170904994011,1
train_1962.png,1,1,0.9816283315420151,1
train_1970.png,1,3,0.9390973627567292,1
train_1972.png,1,3,0.9585089325904846,1
train_1974.png,1,3,0.9890991240739823,1
train_1977.png,1,2,0.9665667772293091,1
train_1978.png,1,4,0.9653088033199311,1
train_1979.png,1,0,0.9929612338542939,1
train_1980.png,1,1,0.9834461182355881,1
train_1981.png,1,2,0.9843288242816925,1
train_1984.png,1,3,0.9842251598834991,1
train_1985.png,1,4,0.9812108129262924,1
train_1987.png,1,4,0.9754246652126313,1
train_1988.png,1,0,0.9599789321422577,1
train_1990.png,1,0,0.9676682353019714,1
train_1991.png,1,2,0.9570157498121262,1
train_1992.png,1,3,0.9577580064535142,1
train_1993.png,1,2,0.996305251121521,1
train_1994.png,1,4,0.9835108369588852,1
train_1997.png,1,0,0.9923984110355377,1
train_1998.png,1,0,0.9132758617401122,1
train_1999.png,1,3,0.9833361834287644,1
train_2000.png,1,1,0.8864495366811752,1
train_2001.png,1,2,0.982669073343277,1
train_2005.png,1,4,0.8788474887609482,1
train_2006.png,1,3,0.9403069198131561,1
train_2009.png,1,1,0.8976178944110871,1
train_2010.png,1,1,0.9758085459470749,1
train_2013.png,1,2,0.9971399515867233,1
train_2014.png,1,3,0.9122489601373673,1
train_2015.png,1,4,0.9916493564844132,1
train_2016.png,1,2,0.9821765661239623,1
train_2018.png,1,2,0.970615416765213,1
train_2019.png,1,1,0.829691880941391,1
train_2020.png,1,2,0.9945838749408722,1
train_2022.png,1,4,0.9974912434816361,1
train_2024.png,1,0,0.9308376759290695,1
train_2025.png,1,1,0.8806051462888718,1
train_2027.png,1,0,0.8698865830898286,1
train_2028.png,1,2,0.9809843242168427,1
train_2030.png,1,4,0.9808390945196152,1
train_2032.png,1,3,0.9892646819353104,1
train_2034.png,1,3,0.9745217561721802,1
train_2035.png,1,4,0.9635843068361283,1
train_2037.png,1,0,0.9327041417360307,1
train_2039.png,1,1,0.7529112368822097,1
train_2041.png,1,2,0.9788456946611404,1
train_2043.png,1,3,0.9863629966974259,1
train_2044.png,1,0,0.9886722922325134,1
train_2048.png,1,2,0.9921371281147002,1
train_2049.png,1,4,0.9867496073246003,1
train_2050.png,1,3,0.9955457150936127,1
train_2051.png,1,1,0.9803074300289154,1
train_2053.png,1,2,0.9898958086967469,1
train_2056.png,1,1,0.9850260823965072,1
train_2057.png,1,0,0.9901869177818298,1
train_2059.png,1,2,0.9234466820955277,1
train_2062.png,1,1,0.9804993987083436,1
train_2067.png,1,0,0.9884835302829743,1
train_2068.png,1,3,0.9814507156610489,1
train_2069.png,1,1,0.8774920493364333,1
train_2070.png,1,2,0.8239465802907944,1
train_2071.png,1,3,0.9355447769165038,1
train_2072.png,1,4,0.9700217187404633,1
train_2073.png,1,0,0.9820294618606568,1
train_2074.png,1,1,0.9846138894557953,1
train_2075.png,1,2,0.9874790012836456,1
train_2076.png,1,1,0.948331493139267,1
train_2077.png,1,0,0.9929971992969513,1
train_2078.png,1,3,0.9548132061958313,1
train_2079.png,1,4,0.9652454495429993,1
train_2081.png,1,2,0.941548103094101,1
train_2082.png,1,0,0.9562574118375778,1
train_2083.png,1,2,0.9765810132026672,1
train_2084.png,1,1,0.8627968490123749,1
train_2085.png,1,0,0.9764214515686036,1
train_2087.png,1,3,0.967822214961052,1
train_2089.png,1,0,0.9726873070001602,1
train_2090.png,1,3,0.965939062833786,1
train_2091.png,1,4,0.8647024393081666,1
train_2095.png,1,0,0.9056967556476593,1
train_2096.png,1,1,0.9367928236722946,1
train_2099.png,1,3,0.9779922902584076,1
train_2100.png,1,0,0.8951615273952485,1
train_2101.png,1,4,0.9837706476449967,1
train_2103.png,1,0,0.977225199341774,1
train_2104.png,1,2,0.9903224259614944,1
train_2105.png,1,1,0.958634877204895,1
train_2106.png,1,1,0.9665767401456833,1
train_2109.png,1,3,0.9839621424674988,1
train_2110.png,1,2,0.9268168330192565,1
train_2113.png,1,1,0.9949174463748932,1
train_2114.png,1,1,0.9578122556209565,1
train_2115.png,1,4,0.964105486869812,1
train_2116.png,1,3,0.9904038846492768,1
train_2118.png,1,0,0.9873739749193192,1
train_2119.png,1,1,0.9196193218231201,1
train_2120.png,1,1,0.9271265208721161,1
train_2121.png,1,2,0.9474145829677583,1
train_2122.png,1,4,0.9834815263748169,1
train_2123.png,1,4,0.5804665416479111,1
train_2124.png,1,0,0.9900584310293198,1
train_2126.png,1,1,0.8980102598667146,1
train_2127.png,1,2,0.9776214480400086,1
train_2128.png,1,4,0.9893445640802384,1
train_2130.png,1,2,0.964591521024704,1
train_2131.png,1,3,0.9855224817991256,1
train_2133.png,1,1,0.9771261811256409,1
train_2134.png,1,0,0.9827852368354797,1
train_2137.png,1,2,0.9621344864368438,1
train_2138.png,1,0,0.995743203163147,1
train_2140.png,1,1,0.9767617106437684,1
train_2142.png,1,0,0.9778081238269806,1
train_2145.png,1,2,0.9119225084781646,1
train_2146.png,1,4,0.9906972438097,1
train_2149.png,1,0,0.9775411278009415,1
train_2152.png,1,4,0.9838367074728013,1
train_2153.png,1,3,0.9729186832904816,1
train_2155.png,1,0,0.9590333461761475,1
train_2156.png,1,0,0.9720311522483827,1
train_2157.png,1,1,0.8719192326068879,1
train_2158.png,1,3,0.953031599521637,1
train_2159.png,1,2,0.95275898873806,1
train_2160.png,1,3,0.9885078310966492,1
train_2161.png,1,4,0.8900834679603578,1
train_2165.png,1,1,0.9865193426609039,1
train_2166.png,1,2,0.8221348524093628,1
train_2169.png,1,1,0.8951174110174178,1
train_2170.png,1,1,0.7316940993070602,1
train_2171.png,1,4,0.9480880498886108,1
train_2172.png,1,2,0.9708274006843567,1
train_2174.png,1,0,0.9685383230447769,1
train_2175.png,1,1,0.985398244857788,1
train_2177.png,1,4,0.9707124352455139,1
train_2178.png,1,2,0.9758392393589019,1
train_2181.png,1,1,0.967026886343956,1
train_2183.png,1,0,0.9184526234865189,1
train_2185.png,1,2,0.9911556780338288,1
train_2187.png,1,3,0.9853836745023727,1
train_2189.png,1,0,0.9918522387742996,1
train_2190.png,1,1,0.9654904246330261,1
train_2191.png,1,1,0.8999045848846435,1
train_2192.png,1,3,0.9305738478899002,1
train_2193.png,1,2,0.9855537176132203,1
train_2194.png,1,4,0.9851034045219422,1
train_2195.png,1,0,0.9425533413887024,1
train_2196.png,1,0,0.9645488262176514,1
train_2198.png,1,2,0.991889676451683,1
train_2199.png,1,3,0.9668463438749313,1
train_2200.png,1,0,0.9903524816036224,1
train_2201.png,1,4,0.9747278451919555,1
train_2202.png,1,0,0.9909479469060898,1
train_2203.png,1,3,0.9880366206169129,1
train_2206.png,1,2,0.9708423048257828,1
train_2207.png,1,1,0.8577416777610779,1
train_2209.png,1,4,0.9617916554212571,1
train_2210.png,1,1,0.9872098237276077,1
train_2211.png,1,0,0.9780345618724824,1
train_2212.png,1,0,0.980311393737793,1
train_2213.png,1,1,0.9348177671432495,1
train_2214.png,1,0,0.9840082168579101,1
train_2218.png,1,2,0.9801339417695999,1
train_2219.png,1,1,0.8457690328359604,1
train_2224.png,1,0,0.949795326590538,1
train_2225.png,1,1,0.6971314281225205,1
train_2226.png,1,1,0.9075792342424394,1
train_2227.png,1,2,0.9914717137813569,1
train_2228.png,1,3,0.9882123202085494,1
train_2229.png,1,0,0.9841783910989762,1
train_2230.png,1,4,0.9645352184772491,1
train_2231.png,1,0,0.9843945354223251,1
train_2232.png,1,1,0.9970983654260636,1
train_2235.png,1,2,0.9763556033372879,1
train_2238.png,1,0,0.9689478814601898,1
train_2239.png,1,3,0.9802368700504304,1
train_2241.png,1,0,0.9796046704053879,1
train_2242.png,1,4,0.981607249379158,1
train_2243.png,1,0,0.8635510087013244,1
train_2244.png,1,1,0.9557206273078919,1
train_2245.png,1,2,0.985254243016243,1
train_2246.png,1,4,0.9848760336637498,1
train_2247.png,1,4,0.9816862642765045,1
train_2248.png,1,3,0.9900524139404298,1
train_2249.png,1,4,0.9716800779104233,1
train_2250.png,1,0,0.9606377989053727,1
train_2251.png,1,0,0.9606377989053727,1
train_2253.png,1,1,0.987240445613861,1
train_2254.png,1,1,0.9007488191127777,1
train_2255.png,1,4,0.9635860800743103,1
train_2257.png,1,3,0.9748871386051178,1
train_2258.png,1,4,0.9796701550483704,1
train_2261.png,1,1,0.9650027215480804,1
train_2263.png,1,2,0.9947611540555954,1
train_2264.png,1,2,0.9737022757530212,1
train_2267.png,1,3,0.9871106773614884,1
train_2270.png,1,4,0.9665971308946609,1
train_2274.png,1,3,0.9161642700433731,1
train_2277.png,1,0,0.9826392501592636,1
train_2278.png,1,4,0.9898530364036561,1
train_2279.png,1,0,0.9876970618963242,1
train_2280.png,1,3,0.9882991522550583,1
train_2281.png,1,0,0.9170449852943421,1
train_2282.png,1,1,0.8487383455038071,1
train_2284.png,1,4,0.836962616443634,1
train_2286.png,1,3,0.9853171229362487,1
train_2287.png,1,0,0.978620508313179,1
train_2288.png,1,1,0.945536994934082,1
train_2291.png,1,1,0.9934870541095734,1
train_2292.png,1,3,0.9867148458957672,1
train_2293.png,1,2,0.794239228963852,1
train_2294.png,1,4,0.978999325633049,1
train_2295.png,1,4,0.9849388509988786,1
train_2296.png,1,2,0.9986208140850067,1
train_2297.png,1,4,0.9917535841464997,1
train_2300.png,1,1,0.943137601017952,1
train_2301.png,1,3,0.9583887010812759,1
train_2302.png,1,0,0.9549933731555938,1
train_2303.png,1,0,0.9868893772363663,1
train_2305.png,1,3,0.9947727859020233,1
train_2306.png,1,0,0.9909620761871338,1
train_2308.png,1,1,0.9763543516397476,1
train_2310.png,1,2,0.9870404690504074,1
train_2311.png,1,4,0.9963132619857787,1
train_2312.png,1,2,0.9252211034297942,1
train_2313.png,1,4,0.9636013835668564,1
train_2314.png,1,1,0.9802217215299607,1
train_2315.png,1,1,0.9743537724018098,1
train_2316.png,1,3,0.9760288298130035,1
train_2318.png,1,3,0.9523042380809784,1
train_2321.png,1,0,0.9926222503185272,1
train_2322.png,1,3,0.9515030026435851,1
train_2323.png,1,2,0.8866477489471435,1
train_2324.png,1,3,0.5019775778055191,1
train_2325.png,1,4,0.7535445868968963,1
train_2328.png,1,1,0.9919102877378463,1
train_2329.png,1,0,0.9813669383525848,1
train_2331.png,1,0,0.9910004943609237,1
train_2332.png,1,2,0.9762185752391815,1
train_2337.png,1,2,0.9946407526731491,1
train_2338.png,1,4,0.9803547322750092,1
train_2339.png,1,0,0.941967910528183,1
train_2342.png,1,2,0.9893949687480926,1
train_2344.png,1,0,0.9777128398418427,1
train_2345.png,1,3,0.9798608362674713,1
train_2347.png,1,0,0.9971518695354462,1
train_2350.png,1,4,0.9800309479236603,1
train_2351.png,1,2,0.9006725877523422,1
train_2353.png,1,4,0.9215361535549165,1
train_2354.png,1,0,0.9321783185005188,1
train_2355.png,1,3,0.9814987480640411,1
train_2356.png,1,1,0.9614003151655197,1
train_2357.png,1,1,0.9860575199127197,1
train_2359.png,1,3,0.9849341154098511,1
train_2360.png,1,4,0.983586809039116,1
train_2362.png,1,4,0.9421565979719162,1
train_2365.png,1,2,0.995459145307541,1
train_2367.png,1,4,0.6505257219076157,1
train_2368.png,1,0,0.9902045160531998,1
train_2369.png,1,1,0.9816442131996155,1
train_2370.png,1,0,0.9866720199584961,1
train_2371.png,1,1,0.9849441140890122,1
train_2372.png,1,2,0.9873315513134002,1
train_2374.png,1,4,0.9878016412258148,1
train_2378.png,1,2,0.9887952357530594,1
train_2381.png,1,1,0.9717674314975738,1
train_2384.png,1,0,0.9786077797412872,1
train_2386.png,1,3,0.9781910598278045,1
train_2387.png,1,4,0.9560035973787308,1
train_2388.png,1,3,0.9863792866468429,1
train_2389.png,1,0,0.9855493366718293,1
train_2390.png,1,1,0.8741769790649414,1
train_2391.png,1,2,0.9741657018661499,1
train_2392.png,1,4,0.9927978038787842,1
train_2393.png,1,0,0.9409864395856857,1
train_2394.png,1,1,0.9804775148630143,1
train_2395.png,1,2,0.928522601723671,1
train_2396.png,1,3,0.9921099841594696,1
train_2397.png,1,3,0.9829669028520585,1
train_2398.png,1,3,0.7193444311618805,1
train_2402.png,1,0,0.9947577148675919,1
train_2403.png,1,1,0.847565907239914,1
train_2404.png,1,4,0.9286041051149369,1
train_2405.png,1,1,0.945411342382431,1
train_2406.png,1,1,0.9892789125442505,1
train_2408.png,1,0,0.9863876223564148,1
train_2411.png,1,2,0.9775008618831635,1
train_2413.png,1,1,0.9805924147367477,1
train_2414.png,1,3,0.9950729787349701,1
train_2416.png,1,1,0.9828076064586639,1
train_2417.png,1,4,0.9293403565883637,1
train_2418.png,1,2,0.9901385068893432,1
train_2420.png,1,3,0.9792109191417694,1
train_2421.png,1,0,0.9925178647041321,1
train_2422.png,1,0,0.9932517170906067,1
train_2424.png,1,1,0.9911829948425293,1
train_2425.png,1,2,0.9072501331567765,1
train_2427.png,1,1,0.9753256469964982,1
train_2428.png,1,4,0.984222486615181,1
train_2432.png,1,3,0.9431586444377899,1
train_2433.png,1,1,0.9938261419534684,1
train_2435.png,1,4,0.6724176228046417,1
train_2438.png,1,2,0.9830299139022827,1
train_2439.png,1,0,0.9925723671913147,1
train_2440.png,1,1,0.9705940186977386,1
train_2441.png,1,2,0.998376378417015,1
train_2442.png,1,4,0.9824753761291505,1
train_2443.png,1,3,0.9583280414342881,1
train_2444.png,1,4,0.9841816455125808,1
train_2445.png,1,2,0.9361493438482285,1
train_2447.png,1,0,0.8689561009407043,1
train_2448.png,1,2,0.9264202505350112,1
train_2449.png,1,3,0.956226822733879,1
train_2450.png,1,0,0.9916234850883484,1
train_2451.png,1,4,0.9899584949016571,1
train_2453.png,1,3,0.9855682641267777,1
train_2454.png,1,0,0.9569713294506073,1
train_2455.png,1,2,0.9814793229103088,1
train_2456.png,1,4,0.9854286938905716,1
train_2457.png,1,1,0.9566054224967957,1
train_2458.png,1,3,0.8233181715011597,1
train_2459.png,1,1,0.7829925060272216,1
train_2460.png,1,3,0.9109317362308502,1
train_2461.png,1,3,0.9877492219209671,1
train_2462.png,1,2,0.9976597487926483,1
train_2463.png,1,0,0.9814492732286454,1
train_2464.png,1,3,0.8216020435094833,1
train_2466.png,1,4,0.6488922774791717,1
train_2467.png,1,1,0.9755234837532043,1
train_2469.png,1,3,0.9836188882589341,1
train_2470.png,1,0,0.9747297108173371,1
train_2476.png,1,2,0.9706943899393081,1
train_2478.png,1,4,0.9883813112974167,1
train_2479.png,1,3,0.9782063096761704,1
train_2480.png,1,0,0.9715604782104492,1
train_2481.png,1,1,0.9685889989137649,1
train_2482.png,1,2,0.9857069969177246,1
train_2483.png,1,3,0.9950518399477005,1
train_2488.png,1,2,0.9859490394592285,1
train_2489.png,1,0,0.9798571676015855,1
train_2492.png,1,0,0.9811748087406158,1
train_2493.png,1,0,0.922857454419136,1
train_2494.png,1,4,0.9900769174098969,1
train_2502.png,1,2,0.9864227563142777,1
train_2506.png,1,0,0.9533291846513748,1
train_2507.png,1,1,0.9858960449695586,1
train_2509.png,1,2,0.9400765269994736,1
train_2511.png,1,2,0.9723078519105912,1
train_2513.png,1,3,0.9854873180389405,1
train_2514.png,1,4,0.9142813205718994,1
train_2515.png,1,0,0.8201314240694046,1
train_2516.png,1,2,0.9265888094902038,1
train_2521.png,1,2,0.990259063243866,1
train_2522.png,1,1,0.9403684705495834,1
train_2523.png,1,3,0.9928955018520356,1
train_2524.png,1,4,0.96808762550354,1
train_2526.png,1,0,0.9618654400110245,1
train_2527.png,1,0,0.9552067667245865,1
train_2528.png,1,1,0.8351864844560624,1
train_2529.png,1,2,0.987088230252266,1
train_2530.png,1,3,0.9336408495903016,1
train_2531.png,1,4,0.9450144141912461,1
train_2532.png,1,0,0.9941819846630097,1
train_2533.png,1,3,0.991548553109169,1
train_2534.png,1,0,0.9937024414539337,1
train_2535.png,1,0,0.9930678427219392,1
train_2536.png,1,3,0.9908463358879089,1
train_2538.png,1,4,0.9881038427352905,1
train_2539.png,1,1,0.9443085938692093,1
train_2540.png,1,2,0.9880982428789138,1
train_2541.png,1,1,0.9711628437042237,1
train_2543.png,1,1,0.9041999280452728,1
train_2544.png,1,2,0.9931924372911454,1
train_2546.png,1,1,0.9819529891014099,1
train_2548.png,1,3,0.960986003279686,1
train_2550.png,1,1,0.9857451498508454,1
train_2551.png,1,1,0.9737406909465789,1
train_2553.png,1,1,0.9866012513637542,1
train_2554.png,1,3,0.9892738699913025,1
train_2555.png,1,4,0.994286385178566,1
train_2556.png,1,2,0.9980889320373535,1
train_2557.png,1,0,0.9678574115037918,1
train_2558.png,1,2,0.8351144552230836,1
train_2559.png,1,0,0.9431023389101029,1
train_2560.png,1,1,0.9967152565717697,1
train_2564.png,1,3,0.9905588835477829,1
train_2568.png,1,0,0.9920589655637742,1
train_2572.png,1,2,0.9982262790203094,1
train_2573.png,1,4,0.9662076830863953,1
train_2574.png,1,0,0.9114395886659623,1
train_2575.png,1,2,0.8658723533153534,1
train_2576.png,1,3,0.9893453270196915,1
train_2577.png,1,3,0.9846343785524369,1
train_2581.png,1,0,0.991686099767685,1
train_2583.png,1,2,0.9880507171154022,1
train_2584.png,1,3,0.9946797162294387,1
train_2588.png,1,0,0.984788516163826,1
train_2592.png,1,1,0.9833239585161209,1
train_2593.png,1,4,0.9719304919242858,1
train_2595.png,1,3,0.9916614085435868,1
train_2597.png,1,2,0.9548757314682006,1
train_2598.png,1,3,0.9695568263530732,1
train_2599.png,1,4,0.986026006937027,1
train_2601.png,1,2,0.9857785016298294,1
train_2602.png,1,3,0.987519109249115,1
train_2603.png,1,4,0.9893260508775712,1
train_2604.png,1,0,0.99444280564785,1
train_2607.png,1,3,0.9651993662118912,1
train_2608.png,1,4,0.9693545401096344,1
train_2609.png,1,3,0.9751584589481355,1
train_2610.png,1,0,0.894436740875244,1
train_2611.png,1,1,0.9681599706411361,1
train_2614.png,1,4,0.9343282908201218,1
train_2615.png,1,0,0.9818794846534729,1
train_2616.png,1,1,0.9746144354343415,1
train_2618.png,1,2,0.9821765094995498,1
train_2619.png,1,0,0.9684787154197694,1
train_2620.png,1,3,0.9750962913036346,1
train_2622.png,1,4,0.977438235282898,1
train_2625.png,1,1,0.9884356737136841,1
train_2626.png,1,2,0.9772378474473953,1
train_2627.png,1,3,0.9690598666667938,1
train_2629.png,1,0,0.9510429561138153,1
train_2630.png,1,1,0.891745889186859,1
train_2633.png,1,3,0.9654503583908081,1
train_2634.png,1,4,0.942288088798523,1
train_2635.png,1,2,0.9901870608329774,1
train_2637.png,1,4,0.9793988853693008,1
train_2639.png,1,0,0.9481109052896499,1
train_2640.png,1,1,0.9654429972171784,1
train_2641.png,1,2,0.923070850968361,1
train_2642.png,1,3,0.9793922871351242,1
train_2643.png,1,4,0.9503384113311768,1
train_2646.png,1,0,0.9848403692245484,1
train_2647.png,1,3,0.9912786543369293,1
train_2648.png,1,1,0.9910762012004852,1
train_2649.png,1,0,0.9758967071771621,1
train_2650.png,1,2,0.9865554392337799,1
train_2651.png,1,2,0.9936105042696,1
train_2653.png,1,0,0.9948378503322601,1
train_2654.png,1,2,0.972865778207779,1
train_2657.png,1,2,0.9851248085498809,1
train_2658.png,1,1,0.9877608418464661,1
train_2660.png,1,1,0.8894263803958893,1
train_2661.png,1,4,0.9803665429353714,1
train_2662.png,1,1,0.9887753576040268,1
train_2663.png,1,3,0.9848123401403427,1
train_2664.png,1,4,0.9928141236305237,1
train_2665.png,1,3,0.9534702390432357,1
train_2666.png,1,0,0.9945463538169861,1
train_2667.png,1,2,0.9948589891195296,1
train_2668.png,1,0,0.9915215104818345,1
train_2673.png,1,1,0.9920814782381058,1
train_2674.png,1,4,0.9763173639774323,1
train_2675.png,1,2,0.9823705554008484,1
train_2676.png,1,4,0.9987946897745132,1
train_2677.png,1,4,0.9968770146369934,1
train_2678.png,1,0,0.9945891827344894,1
train_2679.png,1,2,0.9947616189718247,1
train_2681.png,1,1,0.9336252778768539,1
train_2682.png,1,4,0.9873188495635986,1
train_2684.png,1,3,0.96751127243042,1
train_2685.png,1,4,0.9939195632934571,1
train_2686.png,1,1,0.9343428432941437,1
train_2687.png,1,0,0.9817973017692566,1
train_2688.png,1,1,0.9892902195453644,1
train_2691.png,1,2,0.9938676983118058,1
train_2695.png,1,1,0.9887417852878571,1
train_2696.png,1,3,0.9921035289764404,1
train_2697.png,1,2,0.973978540301323,1
train_2700.png,1,4,0.9274162948131561,1
train_2702.png,1,0,0.9623690098524094,1
train_2704.png,1,0,0.9889393389225005,1
train_2709.png,1,4,0.9925428450107574,1
train_2710.png,1,1,0.9949925750494004,1
train_2711.png,1,4,0.9916807502508164,1
train_2712.png,1,3,0.9840185940265656,1
train_2713.png,1,0,0.9877610683441163,1
train_2714.png,1,2,0.9822895497083663,1
train_2716.png,1,0,0.9902327567338943,1
train_2718.png,1,4,0.9809697687625885,1
train_2719.png,1,1,0.9882374763488769,1
train_2721.png,1,2,0.9610979557037354,1
train_2723.png,1,2,0.9865632176399232,1
train_2724.png,1,2,0.9731309056282044,1
train_2726.png,1,4,0.9933822482824325,1
train_2727.png,1,3,0.9746334075927734,1
train_2728.png,1,0,0.9748968690633775,1
train_2729.png,1,3,0.9799672603607178,1
train_2732.png,1,4,0.9737088292837144,1
train_2734.png,1,2,0.9746325552463532,1
train_2735.png,1,0,0.9842126846313477,1
train_2737.png,1,2,0.9896017104387282,1
train_2739.png,1,2,0.9926908165216446,1
train_2743.png,1,4,0.9697111010551452,1
train_2744.png,1,2,0.9918542385101319,1
train_2745.png,1,1,0.9623140543699265,1
train_2747.png,1,4,0.9893826752901078,1
train_2750.png,1,0,0.9921323180198669,1
train_2751.png,1,1,0.9755632847547531,1
train_2752.png,1,2,0.9961711704730988,1
train_2753.png,1,0,0.9823008716106415,1
train_2754.png,1,2,0.9796166390180587,1
train_2755.png,1,4,0.9894766569137574,1
train_2756.png,1,3,0.9688927114009858,1
train_2757.png,1,3,0.9657099306583404,1
train_2759.png,1,1,0.9931213676929475,1
train_2761.png,1,3,0.9837275952100754,1
train_2762.png,1,4,0.9518464148044585,1
train_2763.png,1,4,0.9958144783973694,1
train_2766.png,1,3,0.993230015039444,1
train_2768.png,1,2,0.9932097285985947,1
train_2770.png,1,1,0.9399931579828262,1
train_2771.png,1,4,0.9855399817228317,1
train_2772.png,1,1,0.991834682226181,1
train_2773.png,1,0,0.9938839197158814,1
train_2774.png,1,2,0.9795903563499451,1
train_2776.png,1,2,0.985095301270485,1
train_2777.png,1,3,0.9915210843086243,1
train_2778.png,1,0,0.9928624778985977,1
train_2780.png,1,2,0.9195937812328339,1
train_2782.png,1,1,0.8707052707672119,1
train_2783.png,1,3,0.9940380811691285,1
train_2787.png,1,4,0.9928896993398666,1
train_2788.png,1,0,0.9729648768901824,1
train_2789.png,1,2,0.9120568871498108,1
train_2792.png,1,3,0.973824217915535,1
train_2793.png,1,4,0.993594217300415,1
train_2798.png,1,4,0.985372895002365,1
train_2801.png,1,3,0.989835423231125,1
train_2803.png,1,1,0.4983855694532394,1
train_2804.png,1,2,0.9959382683038711,1
train_2805.png,1,0,0.9877308785915374,1
train_2807.png,1,3,0.9874776512384416,1
train_2808.png,1,1,0.9928435832262039,1
train_2810.png,1,4,0.9740403980016709,1
train_2812.png,1,1,0.9465272068977356,1
train_2813.png,1,3,0.9953942179679871,1
train_2816.png,1,4,0.9536800980567932,1
train_2817.png,1,0,0.9635558724403381,1
train_2818.png,1,1,0.9917928159236908,1
train_2819.png,1,2,0.9925785094499587,1
train_2820.png,1,1,0.9920250117778778,1
train_2822.png,1,2,0.9883039027452469,1
train_2823.png,1,3,0.9451310068368911,1
train_2824.png,1,4,0.991996455192566,1
train_2825.png,1,0,0.9882148981094361,1
train_2827.png,1,3,0.9900027185678483,1
train_2828.png,1,4,0.9759937763214112,1
train_2829.png,1,3,0.9877362668514252,1
train_2830.png,1,1,0.9908224284648895,1
train_2831.png,1,4,0.9869020015001297,1
train_2834.png,1,3,0.9950356721878052,1
train_2835.png,1,0,0.9850006103515625,1
train_2837.png,1,1,0.9862249791622162,1
train_2839.png,1,4,0.9958144307136535,1
train_2841.png,1,3,0.9745685666799545,1
train_2842.png,1,0,0.9905876338481903,1
train_2843.png,1,1,0.9867397218942642,1
train_2844.png,1,2,0.9742192298173904,1
train_2845.png,1,0,0.984390491247177,1
train_2847.png,1,4,0.9910520702600479,1
train_2848.png,1,1,0.851865792274475,1
train_2849.png,1,4,0.9868175446987152,1
train_2850.png,1,3,0.9638531506061554,1
train_2853.png,1,0,0.9873835504055023,1
train_2855.png,1,1,0.9479831546545029,1
train_2856.png,1,1,0.9965280145406723,1
train_2857.png,1,1,0.9907956004142762,1
train_2858.png,1,2,0.9655170321464539,1
train_2860.png,1,3,0.9900452762842179,1
train_2861.png,1,4,0.9910690784454346,1
train_2863.png,1,2,0.9915067434310914,1
train_2866.png,1,3,0.912394267320633,1
train_2867.png,1,4,0.9953795433044433,1
train_2868.png,1,0,0.9942762285470963,1
train_2870.png,1,2,0.9879771798849106,1
train_2871.png,1,3,0.9949398547410965,1
train_2872.png,1,1,0.995553383231163,1
train_2873.png,1,0,0.9914273262023926,1
train_2874.png,1,1,0.9942331790924073,1
train_2875.png,1,0,0.9892340123653411,1
train_2876.png,1,2,0.9932714343070984,1
train_2877.png,1,4,0.9827906429767609,1
train_2879.png,1,1,0.9720059484243393,1
train_2880.png,1,3,0.9882653772830963,1
train_2883.png,1,2,0.9066713094711303,1
train_2885.png,1,4,0.9788957387208939,1
train_2886.png,1,3,0.9940366625785828,1
train_2887.png,1,4,0.9592295050621032,1
train_2889.png,1,0,0.9866332918405533,1
train_2892.png,1,4,0.961783167719841,1
train_2893.png,1,2,0.9935382932424546,1
train_2896.png,1,0,0.9797650903463363,1
train_2899.png,1,4,0.939950892329216,1
train_2900.png,1,0,0.9942146450281144,1
train_2903.png,1,4,0.9736526608467102,1
train_2904.png,1,2,0.9953988254070283,1
train_2905.png,1,3,0.9829362630844116,1
train_2910.png,1,0,0.9654705613851547,1
train_2912.png,1,1,0.8561263144016267,1
train_2914.png,1,0,0.980104249715805,1
train_2915.png,1,1,0.9851910501718522,1
train_2919.png,1,3,0.9949019998311996,1
train_2921.png,1,2,0.9905490577220917,1
train_2922.png,1,4,0.9056129038333893,1
train_2923.png,1,1,0.9918957620859147,1
train_2925.png,1,2,0.997623348236084,1
train_2931.png,1,2,0.9906960159540176,1
train_2934.png,1,4,0.9575111240148545,1
train_2938.png,1,1,0.9736897438764572,1
train_2940.png,1,1,0.9937007129192352,1
train_2941.png,1,2,0.9641353547573089,1
train_2945.png,1,3,0.9866581916809083,1
train_2946.png,1,2,0.9935382574796677,1
train_2947.png,1,0,0.9706041157245636,1
train_2950.png,1,3,0.9789988338947295,1
train_2951.png,1,3,0.9906185060739517,1
train_2952.png,1,1,0.9740562707185745,1
train_2953.png,1,4,0.9930795311927796,1
train_2954.png,1,1,0.994271594285965,1
train_2955.png,1,3,0.9933585226535797,1
train_2956.png,1,2,0.9915440917015075,1
train_2957.png,1,0,0.9451946735382081,1
train_2958.png,1,0,0.9716155409812928,1
train_2960.png,1,3,0.9697269320487976,1
train_2961.png,1,4,0.9898206532001496,1
train_2962.png,1,1,0.9811071157455444,1
train_2963.png,1,2,0.8922693371772766,1
train_2964.png,1,3,0.9631579518318176,1
train_2965.png,1,1,0.9892876416444778,1
train_2966.png,1,3,0.986440685391426,1
train_2967.png,1,3,0.9684312760829925,1
train_2968.png,1,4,0.9713368237018586,1
train_2969.png,1,1,0.9351781725883485,1
train_2971.png,1,2,0.9795734196901321,1
train_2972.png,1,3,0.9916895508766175,1
train_2974.png,1,3,0.9881294399499894,1
train_2975.png,1,4,0.8628064513206481,1
train_2976.png,1,1,0.32885975241661075,0
train_2977.png,1,2,0.9703589528799057,1
train_2978.png,1,3,0.9773322254419327,1
train_2980.png,1,4,0.990435442328453,1
train_2981.png,1,1,0.9751656651496887,1
train_2982.png,1,3,0.9933923363685608,1
train_2983.png,1,1,0.9910249561071396,1
train_2984.png,1,1,0.9913535475730896,1
train_2986.png,1,4,0.994527804851532,1
train_2987.png,1,4,0.9928193598985673,1
train_2988.png,1,3,0.9920011430978775,1
train_2989.png,1,3,0.986720585823059,1
train_2990.png,1,1,0.905059489607811,1
train_2991.png,1,0,0.9960049092769623,1
train_2992.png,1,2,0.984497943520546,1
train_2993.png,1,3,0.9649621844291687,1
train_2995.png,1,1,0.9812435209751129,1
train_2996.png,1,2,0.9513907909393311,1
train_2997.png,1,3,0.9859718948602677,1
train_2998.png,1,1,0.9828033566474914,1
train_2999.png,1,0,0.9924026906490325,1
train_3001.png,1,4,0.9962889790534973,1
train_3002.png,1,3,0.9943787366151811,1
train_3003.png,1,1,0.9967855393886567,1
train_3004.png,1,4,0.9935380518436432,1
train_3006.png,1,3,0.9854343622922898,1
train_3007.png,1,0,0.9823129802942276,1
train_3010.png,1,0,0.9971857726573944,1
train_3011.png,1,3,0.9911795794963837,1
train_3012.png,1,2,0.9919749140739441,1
train_3016.png,1,4,0.9925116986036301,1
train_3017.png,1,2,0.9880346298217774,1
train_3020.png,1,4,0.9807174623012543,1
train_3022.png,1,4,0.9909845054149627,1
train_3023.png,1,2,0.9931431531906127,1
train_3025.png,1,2,0.9930215239524841,1
train_3026.png,1,3,0.9925837725400926,1
train_3027.png,1,4,0.9897728085517884,1
train_3029.png,1,1,0.847045937180519,1
train_3030.png,1,2,0.9824332177639008,1
train_3031.png,1,4,0.9974552571773528,1
train_3033.png,1,3,0.9897094428539276,1
train_3035.png,1,0,0.982944941520691,1
train_3037.png,1,4,0.9809676200151444,1
train_3038.png,1,4,0.9931236475706101,1
train_3039.png,1,1,0.8714871376752853,1
train_3040.png,1,2,0.9700040429830551,1
train_3041.png,1,3,0.9900647342205047,1
train_3042.png,1,4,0.9875464558601379,1
train_3043.png,1,4,0.987674742937088,1
train_3044.png,1,1,0.9948584496974946,1
train_3045.png,1,2,0.9948470681905747,1
train_3048.png,1,4,0.9927890300750732,1
train_3049.png,1,3,0.9956084430217743,1
train_3050.png,1,2,0.9479183346033097,1
train_3052.png,1,4,0.9630021512508392,1
train_3053.png,1,1,0.9893352031707764,1
train_3054.png,1,2,0.9866299748420716,1
train_3055.png,1,4,0.9927116483449936,1
train_3056.png,1,1,0.9949019312858581,1
train_3058.png,1,2,0.9717026412487031,1
train_3059.png,1,0,0.9812087893486023,1
train_3060.png,1,3,0.9790443480014801,1
train_3062.png,1,4,0.9910233646631241,1
train_3063.png,1,1,0.9291655510663986,1
train_3064.png,1,1,0.9916671335697174,1
train_3066.png,1,3,0.9869248688220977,1
train_3069.png,1,2,0.9955054372549057,1
train_3071.png,1,0,0.9843143463134766,1
train_3072.png,1,4,0.9926362305879592,1
train_3073.png,1,1,0.8224387496709824,1
train_3074.png,1,0,0.9785494178533555,1
train_3076.png,1,3,0.9950991988182069,1
train_3079.png,1,4,0.9856059551239014,1
train_3080.png,1,0,0.982596480846405,1
train_3081.png,1,2,0.8147149503231048,1
train_3083.png,1,4,0.9682304441928864,1
train_3086.png,1,3,0.995215705037117,1
train_3087.png,1,3,0.995215705037117,1
train_3089.png,1,4,0.9974516004323959,1
train_3090.png,1,2,0.9885735511779785,1
train_3091.png,1,3,0.9946698814630508,1
train_3093.png,1,1,0.9943725198507309,1
train_3096.png,1,0,0.9885745018720626,1
train_3099.png,1,0,0.99417924284935,1
train_3101.png,1,3,0.9838203310966491,1
train_3103.png,1,2,0.9949113339185714,1
train_3104.png,1,1,0.9659826219081878,1
train_3105.png,1,2,0.9951696187257767,1
train_3108.png,1,0,0.9881109774112702,1
train_3109.png,1,3,0.995036393404007,1
train_3114.png,1,1,0.9732219874858856,1
train_3116.png,1,2,0.9914367944002151,1
train_3119.png,1,1,0.7774026393890381,1
train_3121.png,1,4,0.9664077252149582,1
train_3124.png,1,1,0.9632606029510498,1
train_3126.png,1,2,0.9885491907596589,1
train_3127.png,1,1,0.7970810651779174,1
train_3128.png,1,4,0.13410388976335527,0
train_3129.png,1,2,0.997421807050705,1
train_3131.png,1,0,0.9956184387207032,1
train_3132.png,1,2,0.9952335476875305,1
train_3134.png,1,3,0.9920896142721176,1
train_3135.png,1,4,0.9917420715093613,1
train_3136.png,1,2,0.9914275854825974,1
train_3139.png,1,4,0.9910983383655548,1
train_3140.png,1,1,0.9947709321975708,1
train_3141.png,1,4,0.9859505265951157,1
train_3142.png,1,3,0.990936779975891,1
train_3144.png,1,1,0.8786689698696137,1
train_3147.png,1,4,0.9675477266311645,1
train_3148.png,1,3,0.9910259425640107,1
train_3150.png,1,0,0.9677908509969712,1
train_3152.png,1,3,0.554807722568512,1
train_3154.png,1,4,0.24391373023390772,0
train_3157.png,1,2,0.9959986388683318,1
train_3158.png,1,0,0.9583294719457627,1
train_3159.png,1,1,0.9505453407764435,1
train_3160.png,1,2,0.9836436539888382,1
train_3161.png,1,0,0.9955247163772583,1
train_3165.png,1,3,0.9901713281869888,1
train_3167.png,1,4,0.9857445001602172,1
train_3168.png,1,4,0.9855140537023545,1
train_3169.png,1,1,0.9214409321546555,1
train_3170.png,1,4,0.9841990530490875,1
train_3171.png,1,3,0.9924125492572784,1
train_3172.png,1,0,0.9860197961330415,1
train_3173.png,1,0,0.993187427520752,1
train_3175.png,1,1,0.9961033165454865,1
train_3176.png,1,1,0.9847675114870071,1
train_3177.png,1,2,0.9809035450220107,1
train_3178.png,1,1,0.13891952559351922,0
train_3180.png,1,0,0.9668269395828247,1
train_3183.png,1,3,0.8866457521915436,1
train_3184.png,1,3,0.9809634387493134,1
train_3185.png,1,4,0.9936639368534088,1
train_3186.png,1,1,0.9906378835439682,1
train_3187.png,1,2,0.9909418702125549,1
train_3188.png,1,1,0.9932563424110412,1
train_3189.png,1,3,0.9168027848005296,1
train_3190.png,1,0,0.9912928223609925,1
train_3191.png,1,2,0.9849765956401825,1
train_3193.png,1,2,0.9876202702522278,1
train_3194.png,1,3,0.9895597934722901,1
train_3195.png,1,4,0.9596295446157456,1
train_3196.png,1,1,0.9635964393615724,1
train_3197.png,1,1,0.9758417785167695,1
train_3198.png,1,3,0.990048313140869,1
train_3200.png,1,2,0.4989424794912338,1
train_3204.png,1,4,0.9965099662542343,1
train_3205.png,1,1,0.9883919090032577,1
train_3207.png,1,2,0.994564187526703,1
train_3209.png,1,3,0.9810844272375108,1
train_3210.png,1,1,0.9841882318258286,1
train_3212.png,1,0,0.9512754440307617,1
train_3213.png,1,0,0.9956916302442551,1
train_3214.png,1,2,0.9818362057209016,1
train_3215.png,1,4,0.9725988328456878,1
train_3216.png,1,0,0.9248893022537231,1
train_3218.png,1,0,0.9867141216993331,1
train_3219.png,1,2,0.9862506061792373,1
train_3220.png,1,3,0.9904995173215866,1
train_3221.png,1,4,0.9822310119867326,1
train_3222.png,1,4,0.9944214373826981,1
train_3223.png,1,3,0.9313455343246461,1
train_3225.png,1,1,0.9886245489120483,1
train_3226.png,1,3,0.9918698310852051,1
train_3227.png,1,0,0.5535748675465584,1
train_3228.png,1,2,0.9494174897670746,1
train_3229.png,1,1,0.9746020495891572,1
train_3231.png,1,4,0.9943854093551636,1
train_3233.png,1,0,0.9685744255781173,1
train_3234.png,1,1,0.9800108730792999,1
train_3237.png,1,2,0.9072728097438812,1
train_3238.png,1,3,0.9822440385818482,1
train_3239.png,1,1,0.989413982629776,1
train_3241.png,1,2,0.9581682622432709,1
train_3242.png,1,0,0.9830842018127441,1
train_3245.png,1,0,0.9932716727256775,1
train_3248.png,1,4,0.9410779744386674,1
train_3249.png,1,0,0.9908353179693222,1
train_3252.png,1,1,0.9849690586328506,1
train_3253.png,1,1,0.406331630051136,1
train_3254.png,1,2,0.9821274220943451,1
train_3255.png,1,4,0.830566343665123,1
train_3257.png,1,0,0.9283714711666107,1
train_3259.png,1,2,0.9974853515625001,1
train_3260.png,1,3,0.9908889472484589,1
train_3261.png,1,4,0.9797885864973068,1
train_3262.png,1,1,0.9840950399637223,1
train_3263.png,1,0,0.9833957076072692,1
train_3264.png,1,2,0.9836012750864029,1
train_3266.png,1,3,0.9925802558660507,1
train_3267.png,1,3,0.9807637184858322,1
train_3269.png,1,4,0.9659012496471405,1
train_3271.png,1,2,0.9967741906642914,1
train_3273.png,1,0,0.9400270879268646,1
train_3274.png,1,1,0.9954862952232362,1
train_3275.png,1,1,0.997992068529129,1
train_3277.png,1,2,0.9763879537582397,1
train_3278.png,1,3,0.9792306274175644,1
train_3280.png,1,2,0.9776288360357285,1
train_3281.png,1,1,0.9884036064147949,1
train_3282.png,1,0,0.9924987196922302,1
train_3285.png,1,3,0.9827674776315689,1
train_3286.png,1,0,0.9891080558300018,1
train_3287.png,1,1,0.9834072232246398,1
train_3288.png,1,4,0.9948046326637269,1
train_3289.png,1,4,0.9505833208560944,1
train_3291.png,1,1,0.7950937300920486,1
train_3293.png,1,2,0.9791195958852768,1
train_3294.png,1,4,0.8784613072872162,1
train_3296.png,1,0,0.9744955718517304,1
train_3297.png,1,1,0.9261853873729706,1
train_3298.png,1,3,0.9429442793130874,1
train_3301.png,1,4,0.9900268733501435,1
train_3302.png,1,3,0.9878018528223038,1
train_3303.png,1,1,0.9607674539089203,1
train_3304.png,1,2,0.9659075558185578,1
train_3305.png,1,0,0.9845481604337691,1
train_3306.png,1,1,0.8953684985637665,1
train_3308.png,1,3,0.9902367621660232,1
train_3311.png,1,4,0.9975436568260193,1
train_3312.png,1,2,0.9766486555337907,1
train_3313.png,1,0,0.9900770515203476,1
train_3314.png,1,1,0.6839069068431854,1
train_3317.png,1,2,0.7015582323074341,1
train_3319.png,1,4,0.9657104790210723,1
train_3320.png,1,2,0.9407028436660767,1
train_3323.png,1,0,0.9946661472320557,1
train_3324.png,1,2,0.992481490969658,1
train_3325.png,1,1,0.9943346858024598,1
train_3327.png,1,1,0.9587167739868163,1
train_3328.png,1,3,0.9620198130607605,1
train_3331.png,1,2,0.9932382285594941,1
train_3332.png,1,1,0.9525034964084624,1
train_3333.png,1,2,0.9911049634218215,1
train_3334.png,1,1,0.9917397797107697,1
train_3335.png,1,3,0.9926975071430206,1
train_3336.png,1,4,0.9950845509767532,1
train_3337.png,1,1,0.9924418002367019,1
train_3340.png,1,4,0.9950640320777893,1
train_3342.png,1,2,0.9448866099119186,1
train_3345.png,1,3,0.9401926457881927,1
train_3347.png,1,1,0.9897651672363281,1
train_3348.png,1,4,0.9980278968811035,1
train_3350.png,1,4,0.9958817571401597,1
train_3353.png,1,1,0.9943344116210937,1
train_3356.png,1,2,0.9868747919797898,1
train_3357.png,1,3,0.97063327729702,1
train_3358.png,1,3,0.8304921597242355,1
train_3359.png,1,4,0.9867432981729507,1
train_3361.png,1,4,0.9882148295640946,1
train_3362.png,1,0,0.9898678421974182,1
train_3363.png,1,1,0.992425036430359,1
train_3364.png,1,0,0.9788834035396576,1
train_3365.png,1,2,0.995071393251419,1
train_3366.png,1,2,0.9989229917526246,1
train_3367.png,1,1,0.991902694106102,1
train_3368.png,1,3,0.9886198520660401,1
train_3369.png,1,3,0.989965969324112,1
train_3371.png,1,4,0.9798662275075913,1
train_3372.png,1,0,0.9636606574058533,1
train_3373.png,1,2,0.9960316359996796,1
train_3374.png,1,2,0.9866667330265044,1
train_3375.png,1,1,0.9916528642177582,1
train_3376.png,1,2,0.9862371295690536,1
train_3377.png,1,2,0.9532979160547256,1
train_3378.png,1,2,0.9444324553012848,1
train_3380.png,1,3,0.8572322845458985,1
train_3381.png,1,1,0.8934240192174911,1
train_3382.png,1,1,0.9776694804430008,1
train_3383.png,1,2,0.9882080107927322,1
train_3384.png,1,3,0.9223343849182128,1
train_3390.png,1,0,0.980161476135254,1
train_3392.png,1,1,0.9870472431182862,1
train_3393.png,1,2,0.9939819365739823,1
train_3394.png,1,3,0.9873302102088929,1
train_3395.png,1,4,0.9909271180629731,1
train_3398.png,1,0,0.9109102457761764,1
train_3399.png,1,0,0.9719916582107544,1
train_3400.png,1,3,0.9891791075468063,1
train_3401.png,1,1,0.894852912425995,1
train_3405.png,1,3,0.9876852333545685,1
train_3406.png,1,4,0.987768030166626,1
train_3408.png,1,0,0.9663002669811248,1
train_3409.png,1,2,0.9942288994789124,1
train_3410.png,1,1,0.9827086955308915,1
train_3411.png,1,2,0.9817250072956085,1
train_3412.png,1,3,0.9432395666837692,1
train_3413.png,1,4,0.99458487033844,1
train_3414.png,1,4,0.9957210123538971,1
train_3415.png,1,0,0.982757991552353,1
train_3417.png,1,2,0.9891720503568648,1
train_3418.png,1,1,0.9901613295078278,1
train_3419.png,1,3,0.9784906804561615,1
train_3420.png,1,4,0.9847778260707855,1
train_3421.png,1,1,0.9676172584295273,1
train_3422.png,1,1,0.876232185959816,1
train_3424.png,1,1,0.9903027027845382,1
train_3425.png,1,0,0.9911177575588226,1
train_3426.png,1,4,0.9932220727205276,1
train_3427.png,1,2,0.9893501579761506,1
train_3428.png,1,1,0.9317612290382385,1
train_3430.png,1,3,0.9746983915567398,1
train_3431.png,1,0,0.9932548433542252,1
train_3434.png,1,0,0.9643818080425263,1
train_3437.png,1,1,0.9157316267490387,1
train_3438.png,1,4,0.984999629855156,1
train_3440.png,1,3,0.9829494029283524,1
train_3441.png,1,4,0.9773041099309921,1
train_3442.png,1,0,0.9957114577293397,1
train_3443.png,1,3,0.631576544046402,1
train_3450.png,1,1,0.962904977798462,1
train_3451.png,1,2,0.9578564971685409,1
train_3453.png,1,0,0.9717575728893281,1
train_3454.png,1,1,0.9099158823490143,1
train_3457.png,1,3,0.9950092792510987,1
train_3458.png,1,1,0.9890211671590805,1
train_3460.png,1,0,0.9797971278429031,1
train_3461.png,1,4,0.9871430844068527,1
train_3463.png,1,0,0.9874245285987854,1
train_3464.png,1,0,0.9932553976774217,1
train_3467.png,1,1,0.9769122153520584,1
train_3469.png,1,3,0.8890038639307022,1
train_3471.png,1,4,0.9514503628015518,1
train_3473.png,1,2,0.9888995647430421,1
train_3477.png,1,4,0.9929902166128158,1
train_3478.png,1,1,0.9863179445266724,1
train_3479.png,1,0,0.9896685719490051,1
train_3480.png,1,3,0.9894332885742188,1
train_3481.png,1,1,0.9753206491470336,1
train_3482.png,1,2,0.9507281064987183,1
train_3483.png,1,4,0.9963311016559601,1
train_3484.png,1,1,0.993151992559433,1
train_3485.png,1,4,0.9847983241081237,1
train_3486.png,1,2,0.9831673860549928,1
train_3488.png,1,0,0.9971812188625335,1
train_3490.png,1,3,0.9885393112897873,1
train_3492.png,1,2,0.9663500666618347,1
train_3494.png,1,4,0.9885131567716599,1
train_3495.png,1,1,0.9892226725816727,1
train_3496.png,1,2,0.9790359735488892,1
train_3497.png,1,1,0.9914243400096894,1
train_3498.png,1,3,0.9768476247787476,1
train_3499.png,1,2,0.9723679155111313,1
train_3501.png,1,0,0.9897123575210571,1
train_3502.png,1,1,0.9947582006454468,1
train_3503.png,1,0,0.9900593817234039,1
train_3504.png,1,2,0.9676153630018235,1
train_3505.png,1,3,0.6124331712722778,1
train_3509.png,1,0,0.9703172385692597,1
train_3510.png,1,0,0.9840193092823029,1
train_3511.png,1,1,0.9925026416778565,1
train_3512.png,1,1,0.6647221684455872,1
train_3513.png,1,3,0.9337973654270172,1
train_3514.png,1,1,0.9733641892671585,1
train_3515.png,1,2,0.9546451330184936,1
train_3516.png,1,3,0.8720547974109649,1
train_3519.png,1,2,0.9844876259565354,1
train_3520.png,1,1,0.9476692467927933,1
train_3522.png,1,0,0.9817357659339905,1
train_3523.png,1,1,0.9710102707147599,1
train_3524.png,1,1,0.9725135624408722,1
train_3525.png,1,3,0.9771653115749359,1
train_3526.png,1,0,0.9748868852853775,1
train_3527.png,1,4,0.9571958303451538,1
train_3528.png,1,1,0.9792206943035126,1
train_3531.png,1,4,0.9874173402786255,1
train_3532.png,1,0,0.9875502854585648,1
train_3533.png,1,0,0.9923810660839081,1
train_3534.png,1,0,0.9767708212137223,1
train_3535.png,1,0,0.9905815482139587,1
train_3536.png,1,0,0.9985669404268265,1
train_3537.png,1,1,0.9436895847320557,1
train_3538.png,1,3,0.9861487507820129,1
train_3539.png,1,2,0.9884620904922485,1
train_3540.png,1,1,0.9545670688152313,1
train_3541.png,1,4,0.995529317855835,1
train_3543.png,1,3,0.995480865240097,1
train_3547.png,1,2,0.9979360222816468,1
train_3548.png,1,1,0.9920890212059021,1
train_3549.png,1,4,0.983569511771202,1
train_3550.png,1,2,0.996620237827301,1
train_3551.png,1,2,0.9352310210466386,1
train_3554.png,1,0,0.9970676720142364,1
train_3556.png,1,3,0.9978477478027343,1
train_3557.png,1,1,0.9922780483961106,1
train_3560.png,1,2,0.99130479991436,1
train_3561.png,1,4,0.9949023962020874,1
train_3563.png,1,3,0.9064529359340667,1
train_3564.png,1,1,0.977898907661438,1
train_3565.png,1,1,0.9965616911649704,1
train_3566.png,1,3,0.9756899386644363,1
train_3567.png,1,3,0.9941636115312577,1
train_3568.png,1,0,0.9871435821056366,1
train_3569.png,1,1,0.9968739420175552,1
train_3570.png,1,1,0.9748295903205872,1
train_3571.png,1,2,0.9947421431541443,1
train_3573.png,1,4,0.9709246009588242,1
train_3574.png,1,0,0.9886326193809509,1
train_3580.png,1,2,0.9903463572263718,1
train_3583.png,1,0,0.9907756119966507,1
train_3584.png,1,3,0.9906221359968186,1
train_3585.png,1,4,0.9733251988887787,1
train_3587.png,1,3,0.9812832236289978,1
train_3589.png,1,2,0.9471018135547639,1
train_3590.png,1,1,0.9913192301988603,1
train_3591.png,1,2,0.9946461051702499,1
train_3595.png,1,4,0.9654780745506286,1
train_3597.png,1,0,0.9895465672016144,1
train_3598.png,1,0,0.9737816810607911,1
train_3599.png,1,0,0.9906735360622406,1
train_3600.png,1,1,0.9775619626045227,1
train_3602.png,1,3,0.9726043313741685,1
train_3603.png,1,0,0.991313311457634,1
train_3604.png,1,4,0.9791435837745667,1
train_3605.png,1,1,0.9903386026620865,1
train_3607.png,1,2,0.9451256215572357,1
train_3609.png,1,4,0.9885119527578353,1
train_3610.png,1,1,0.9952320665121078,1
train_3611.png,1,3,0.9576297044754029,1
train_3613.png,1,0,0.9795196115970611,1
train_3614.png,1,1,0.9823306411504745,1
train_3615.png,1,1,0.9853814899921418,1
train_3616.png,1,1,0.9196118086576461,1
train_3618.png,1,0,0.9817119538784027,1
train_3619.png,1,4,0.9970923662185669,1
train_3621.png,1,0,0.9833736836910247,1
train_3622.png,1,2,0.9878484576940537,1
train_3624.png,1,0,0.9929642230272293,1
train_3625.png,1,3,0.988069224357605,1
train_3626.png,1,2,0.9896646767854691,1
train_3627.png,1,0,0.9882832527160644,1
train_3628.png,1,1,0.9615061521530152,1
train_3629.png,1,4,0.9309510231018067,1
train_3631.png,1,3,0.9828954547643661,1
train_3632.png,1,3,0.9857083320617677,1
train_3634.png,1,0,0.9882441133260726,1
train_3635.png,1,3,0.9970859497785569,1
train_3636.png,1,1,0.9952849477529526,1
train_3639.png,1,0,0.950988882780075,1
train_3640.png,1,2,0.9783486992120742,1
train_3641.png,1,3,0.9873760640621185,1
train_3643.png,1,4,0.9712952136993408,1
train_3645.png,1,2,0.8005962014198303,1
train_3648.png,1,0,0.9874498248100281,1
train_3650.png,1,3,0.9906095147132874,1
train_3651.png,1,3,0.9929584503173828,1
train_3652.png,1,2,0.9962319582700729,1
train_3653.png,1,4,0.9971893548965454,1
train_3654.png,1,2,0.9968563318252563,1
train_3655.png,1,0,0.9938778430223465,1
train_3656.png,1,0,0.9766224235296249,1
train_3657.png,1,0,0.9631211817264557,1
train_3658.png,1,1,0.964250636100769,1
train_3659.png,1,3,0.9911738872528075,1
train_3660.png,1,0,0.9354405522346497,1
train_3661.png,1,1,0.9422415435314179,1
train_3662.png,1,3,0.9845576643943786,1
train_3664.png,1,3,0.9851104557514191,1
train_3666.png,1,0,0.9910227417945863,1
train_3667.png,1,0,0.9900910168886186,1
train_3668.png,1,0,0.9903812885284424,1
train_3669.png,1,4,0.9877301424741745,1
train_3671.png,1,2,0.9791539400815964,1
train_3672.png,1,4,0.990683075785637,1
train_3674.png,1,0,0.9909984827041626,1
train_3675.png,1,1,0.9771092474460602,1
train_3676.png,1,3,0.9938990712165833,1
train_3680.png,1,0,0.9752387166023254,1
train_3682.png,1,4,0.9723707020282746,1
train_3683.png,1,2,0.9864103764295579,1
train_3685.png,1,4,0.9844995945692062,1
train_3686.png,1,3,0.9849139750003815,1
train_3687.png,1,1,0.9961935520172119,1
train_3688.png,1,2,0.7786963820457459,1
train_3689.png,1,0,0.9828642219305038,1
train_3690.png,1,2,0.9920734375715256,1
train_3692.png,1,3,0.922266560792923,1
train_3693.png,1,4,0.9304204046726227,1
train_3694.png,1,2,0.9879751235246659,1
train_3695.png,1,0,0.9464896500110627,1
train_3697.png,1,2,0.9896182060241699,1
train_3698.png,1,1,0.7335376679897309,1
train_3699.png,1,3,0.8181761980056763,1
train_3700.png,1,4,0.989607173204422,1
train_3702.png,1,0,0.9727303206920624,1
train_3703.png,1,1,0.9893695533275604,1
train_3704.png,1,2,0.9791311860084533,1
train_3705.png,1,4,0.992572271823883,1
train_3706.png,1,2,0.97684645652771,1
train_3708.png,1,1,0.5916426867246628,1
train_3709.png,1,3,0.9875894129276276,1
train_3710.png,1,4,0.9911218166351319,1
train_3711.png,1,4,0.9930544912815094,1
train_3712.png,1,0,0.9817793101072312,1
train_3713.png,1,3,0.838219404220581,1
train_3716.png,1,1,0.7040715962648392,1
train_3717.png,1,1,0.9587499886751175,1
train_3719.png,1,1,0.9721062839031219,1
train_3720.png,1,4,0.9471380054950714,1
train_3721.png,1,3,0.9870702713727951,1
train_3723.png,1,0,0.9431498229503631,1
train_3724.png,1,3,0.9246442079544068,1
train_3725.png,1,4,0.9678421258926392,1
train_3727.png,1,2,0.9756991416215897,1
train_3728.png,1,3,0.9934731245040893,1
train_3729.png,1,0,0.9779201745986938,1
train_3730.png,1,1,0.9945825576782227,1
train_3733.png,1,2,0.9624332964420318,1
train_3734.png,1,3,0.9666864663362503,1
train_3735.png,1,1,0.9931735813617706,1
train_3736.png,1,4,0.9798292011022568,1
train_3737.png,1,3,0.9945028424263,1
train_3738.png,1,0,0.9762580931186676,1
train_3739.png,1,0,0.9789864122867584,1
train_3740.png,1,1,0.42391123473644254,1
train_3741.png,1,1,0.9909409433603287,1
train_3743.png,1,2,0.9661823004484177,1
train_3747.png,1,2,0.9949205100536347,1
train_3748.png,1,1,0.3776479676365852,1
train_3749.png,1,3,0.9897949039936066,1
train_3751.png,1,3,0.9720241844654084,1
train_3753.png,1,1,0.9863477110862732,1
train_3754.png,1,2,0.9898266911506652,1
train_3755.png,1,4,0.9781080782413483,1
train_3757.png,1,1,0.9883671164512635,1
train_3758.png,1,3,0.9953247636556626,1
train_3759.png,1,1,0.9946846485137939,1
train_3760.png,1,3,0.9946797966957093,1
train_3761.png,1,2,0.8135192811489106,1
train_3762.png,1,4,0.9577010422945023,1
train_3763.png,1,0,0.9695604354143144,1
train_3764.png,1,0,0.961905324459076,1
train_3765.png,1,3,0.8062861442565918,1
train_3766.png,1,2,0.8947797775268554,1
train_3767.png,1,3,0.9695788025856018,1
train_3769.png,1,0,0.9827376067638397,1
train_3771.png,1,3,0.9893803268671036,1
train_3772.png,1,3,0.9961364507675171,1
train_3773.png,1,3,0.9940870940685272,1
train_3774.png,1,0,0.9600360244512558,1
train_3775.png,1,1,0.9761567294597626,1
train_3779.png,1,2,0.8229635685682297,1
train_3782.png,1,0,0.9904130548238754,1
train_3784.png,1,1,0.9815618455410003,1
train_3786.png,1,2,0.9633606761693955,1
train_3787.png,1,0,0.9901163190603256,1
train_3788.png,1,2,0.9914270281791687,1
train_3791.png,1,4,0.9936137199401855,1
train_3792.png,1,4,0.9727572202682495,1
train_3794.png,1,1,0.9897090435028076,1
train_3795.png,1,1,0.6614449918270111,1
train_3798.png,1,4,0.983766746520996,1
train_3799.png,1,1,0.9961425125598907,1
train_3800.png,1,0,0.9918275326490402,1
train_3801.png,1,2,0.8146449148654937,1
train_3803.png,1,4,0.985530436038971,1
train_3804.png,1,0,0.9812661796808243,1
train_3807.png,1,4,0.9987974107265472,1
train_3808.png,1,1,0.990178120136261,1
train_3814.png,1,3,0.9902093589305878,1
train_3815.png,1,4,0.9929295986890793,1
train_3817.png,1,2,0.988210815191269,1
train_3819.png,1,0,0.9473320454359054,1
train_3821.png,1,1,0.9948098361492157,1
train_3822.png,1,0,0.9889862626791001,1
train_3823.png,1,2,0.9979332149028778,1
train_3825.png,1,1,0.9945078909397125,1
train_3828.png,1,3,0.9947164714336395,1
train_3829.png,1,4,0.8136863678693771,1
train_3831.png,1,1,0.96075080037117,1
train_3832.png,1,1,0.9911316633224487,1
train_3833.png,1,2,0.844393926858902,1
train_3834.png,1,3,0.9805928707122803,1
train_3835.png,1,2,0.9834648847579956,1
train_3837.png,1,0,0.9791623234748841,1
train_3838.png,1,2,0.9356730222702027,1
train_3839.png,1,1,0.7984599679708481,1
train_3840.png,1,3,0.9933631539344788,1
train_3841.png,1,1,0.9762410789728165,1
train_3843.png,1,4,0.9986555457115174,1
train_3845.png,1,2,0.9932919770479202,1
train_3846.png,1,4,0.9860378861427307,1
train_3848.png,1,1,0.9054425895214081,1
train_3849.png,1,0,0.9339249193668366,1
train_3850.png,1,2,0.9698576092720032,1
train_3852.png,1,3,0.9870680838823318,1
train_3853.png,1,1,0.9406847834587098,1
train_3856.png,1,2,0.9417221665382385,1
train_3857.png,1,0,0.9903178274631501,1
train_3858.png,1,2,0.9643785178661347,1
train_3859.png,1,3,0.9920392066240311,1
train_3860.png,1,2,0.9931612581014633,1
train_3862.png,1,0,0.9544394612312317,1
train_3864.png,1,1,0.9754229664802552,1
train_3866.png,1,4,0.9805138260126114,1
train_3868.png,1,0,0.9879670679569245,1
train_3870.png,1,1,0.16259417459368705,0
train_3871.png,1,2,0.9727775692939757,1
train_3875.png,1,4,0.9606522887945176,1
train_3878.png,1,0,0.9824905335903167,1
train_3880.png,1,1,0.9886809766292572,1
train_3882.png,1,0,0.885873681306839,1
train_3883.png,1,2,0.9820700079202651,1
train_3885.png,1,4,0.9143816947937011,1
train_3886.png,1,2,0.9896219491958618,1
train_3887.png,1,1,0.9920199513435364,1
train_3889.png,1,0,0.9853838831186295,1
train_3896.png,1,2,0.9947635859251023,1
train_3897.png,1,3,0.9897311985492707,1
train_3899.png,1,0,0.9849036455154419,1
train_3901.png,1,4,0.5672960102558136,1
train_3903.png,1,0,0.9722757875919342,1
train_3904.png,1,1,0.9751061886548996,1
train_3905.png,1,2,0.8835682570934296,1
train_3909.png,1,1,0.995713186264038,1
train_3911.png,1,4,0.9806830078363419,1
train_3912.png,1,3,0.9233141988515854,1
train_3913.png,1,2,0.9959718495607376,1
train_3914.png,1,4,0.9944895178079605,1
train_3917.png,1,0,0.9552471786737442,1
train_3918.png,1,2,0.9735166937112808,1
train_3920.png,1,4,0.7079117074608803,1
train_3921.png,1,2,0.9862458765506744,1
train_3922.png,1,3,0.9262159556150436,1
train_3923.png,1,0,0.8795771658420564,1
train_3924.png,1,1,0.9920242667198181,1
train_3925.png,1,4,0.9893568068742752,1
train_3926.png,1,2,0.963915917277336,1
train_3927.png,1,3,0.9801265597343445,1
train_3928.png,1,0,0.9144257426261903,1
train_3929.png,1,3,0.9491869449615479,1
train_3930.png,1,2,0.732602909207344,1
train_3931.png,1,2,0.9655053615570068,1
train_3932.png,1,1,0.9743929594755172,1
train_3933.png,1,2,0.9568478286266326,1
train_3934.png,1,4,0.9633295953273773,1
train_3936.png,1,3,0.755211541056633,1
train_3937.png,1,0,0.6388866096735001,1
train_3938.png,1,2,0.9169866025447845,1
train_3939.png,1,3,0.9937779575586319,1
train_3940.png,1,1,0.9944647192955017,1
train_3942.png,1,4,0.9573969811201096,1
train_3943.png,1,2,0.9395290017127991,1
train_3944.png,1,0,0.9862145483493805,1
train_3945.png,1,1,0.993081197142601,1
train_3946.png,1,3,0.9930681943893434,1
train_3948.png,1,4,0.9905020028352738,1
train_3949.png,1,3,0.4684663772583008,1
train_3953.png,1,0,0.9874205470085144,1
train_3954.png,1,4,0.9920295834541321,1
train_3957.png,1,3,0.9768512427806855,1
train_3958.png,1,1,0.9288879573345183,1
train_3960.png,1,4,0.9810368448495865,1
train_3961.png,1,4,0.9911398321390152,1
train_3965.png,1,1,0.9912350475788116,1
train_3966.png,1,0,0.9882305383682252,1
train_3967.png,1,2,0.9650452375411986,1
train_3969.png,1,4,0.9817858874797821,1
train_3971.png,1,1,0.9868757456541062,1
train_3972.png,1,2,0.9937320649623871,1
train_3974.png,1,1,0.9793860793113709,1
train_3975.png,1,0,0.9715467363595962,1
train_3976.png,1,3,0.8655779898166656,1
train_3977.png,1,0,0.9502478122711182,1
train_3980.png,1,1,0.9860115945339203,1
train_3982.png,1,3,0.9652649760246277,1
train_3984.png,1,1,0.9801685214042664,1
train_3985.png,1,0,0.5592026859521866,1
train_3987.png,1,3,0.9874421268701553,1
train_3988.png,1,4,0.9910323411226273,1
train_3989.png,1,0,0.9110707849264146,1
train_3990.png,1,1,0.5882611483335495,1
train_3992.png,1,2,0.9903669387102128,1
train_3994.png,1,2,0.983739560842514,1
train_3995.png,1,3,0.9609623104333878,1
train_3996.png,1,1,0.9920349538326264,1
train_3997.png,1,4,0.9231224954128265,1
train_4000.png,1,3,0.8951571464538575,1
train_4002.png,1,0,0.9876976281404495,1
train_4003.png,1,1,0.986210373044014,1
train_4004.png,1,3,0.9899425506591797,1
train_4005.png,1,4,0.9713104605674744,1
train_4007.png,1,1,0.9713579773902894,1
train_4008.png,1,4,0.9945878863334656,1
train_4009.png,1,1,0.9721707105636597,1
train_4010.png,1,2,0.9762370437383652,1
train_4011.png,1,3,0.9936230063438416,1
train_4012.png,1,0,0.9919294804334641,1
train_4013.png,1,0,0.9719270259141921,1
train_4015.png,1,0,0.9808115720748901,1
train_4017.png,1,2,0.9296627700328827,1
train_4018.png,1,3,0.9877925366163254,1
train_4019.png,1,1,0.9709049135446549,1
train_4020.png,1,4,0.9952091842889786,1
train_4022.png,1,0,0.9796654403209686,1
train_4024.png,1,1,0.983558788895607,1
train_4025.png,1,0,0.9959905415773392,1
train_4027.png,1,2,0.9828236937522888,1
train_4028.png,1,3,0.9721283197402955,1
train_4031.png,1,3,0.3751831457018852,1
train_4032.png,1,0,0.9977431774139405,1
train_4033.png,1,1,0.9867715775966645,1
train_4034.png,1,4,0.9903010100126266,1
train_4037.png,1,4,0.9037201344966888,1
train_4038.png,1,0,0.7980662256479263,1
train_4042.png,1,2,0.9339886337518692,1
train_4044.png,1,3,0.9714139819145202,1
train_4045.png,1,2,0.8745052844285965,1
train_4047.png,1,1,0.968938273191452,1
train_4048.png,1,3,0.9544010907411575,1
train_4049.png,1,1,0.9713610410690308,1
train_4053.png,1,0,0.9857115387916565,1
train_4055.png,1,3,0.9942974120378494,1
train_4061.png,1,0,0.9729092478752137,1
train_4065.png,1,3,0.9927801102399826,1
train_4066.png,1,4,0.997324639558792,1
train_4068.png,1,1,0.9953817039728166,1
train_4069.png,1,4,0.9828850418329239,1
train_4070.png,1,0,0.9802691012620927,1
train_4071.png,1,2,0.9860374718904494,1
train_4072.png,1,0,0.9581594347953797,1
train_4073.png,1,4,0.9735613524913788,1
train_4074.png,1,3,0.9857596457004547,1
train_4075.png,1,4,0.9093940556049347,1
train_4076.png,1,2,0.9741777122020722,1
train_4078.png,1,0,0.9846181690692901,1
train_4080.png,1,1,0.8298407852649688,1
train_4082.png,1,2,0.9572401970624924,1
train_4084.png,1,1,0.9488328665494918,1
train_4085.png,1,2,0.9787870794534683,1
train_4088.png,1,0,0.9825592696666717,1
train_4089.png,1,2,0.9953856140375138,1
train_4091.png,1,2,0.9622604727745057,1
train_4092.png,1,1,0.9908407151699066,1
train_4093.png,1,3,0.878486829996109,1
train_4095.png,1,3,0.9327098757028579,1
train_4096.png,1,0,0.9636807888746262,1
train_4098.png,1,2,0.9852538585662842,1
train_4099.png,1,2,0.9933508455753326,1
train_4100.png,1,2,0.9408340662717819,1
train_4102.png,1,2,0.9860796064138413,1
train_4103.png,1,4,0.9964497685432434,1
train_4106.png,1,0,0.9875140070915223,1
train_4107.png,1,1,0.8697398424148559,1
train_4108.png,1,3,0.9698278188705445,1
train_4110.png,1,0,0.9830032318830491,1
train_4112.png,1,0,0.9243462920188904,1
train_4113.png,1,2,0.9858489453792572,1
train_4114.png,1,3,0.9941148579120636,1
train_4115.png,1,0,0.9739014565944671,1
train_4118.png,1,4,0.9934822529554367,1
train_4119.png,1,3,0.9956044256687164,1
train_4120.png,1,0,0.9254408150911332,1
train_4121.png,1,0,0.9842670619487762,1
train_4122.png,1,1,0.9841194421052933,1
train_4126.png,1,1,0.9521009624004364,1
train_4128.png,1,2,0.966558113694191,1
train_4129.png,1,2,0.9858675718307495,1
train_4131.png,1,1,0.8719287902116776,1
train_4133.png,1,2,0.9506487250328064,1
train_4134.png,1,4,0.9934050083160401,1
train_4135.png,1,1,0.9950775623321534,1
train_4136.png,1,4,0.9900458753108978,1
train_4137.png,1,2,0.969965785741806,1
train_4138.png,1,3,0.9921364188194275,1
train_4139.png,1,3,0.9922562092542648,1
train_4141.png,1,1,0.9955079138278962,1
train_4142.png,1,2,0.9724749088287353,1
train_4143.png,1,4,0.9806647330522537,1
train_4144.png,1,2,0.9939902067184448,1
train_4149.png,1,2,0.9934728533029556,1
train_4151.png,1,4,0.9821394264698028,1
train_4152.png,1,4,0.9394915223121643,1
train_4154.png,1,0,0.9953475147485733,1
train_4155.png,1,0,0.9964316725730896,1
train_4161.png,1,2,0.9175832718610764,1
train_4165.png,1,4,0.996058103442192,1
train_4166.png,1,0,0.9862913429737091,1
train_4167.png,1,3,0.9766542494297028,1
train_4169.png,1,1,0.980612164735794,1
train_4172.png,1,1,0.9742211192846298,1
train_4174.png,1,3,0.9969481319189072,1
train_4175.png,1,4,0.9913868874311447,1
train_4176.png,1,0,0.9939423054456711,1
train_4177.png,1,1,0.9979955613613128,1
train_4178.png,1,4,0.9960568070411682,1
train_4179.png,1,2,0.9944310426712036,1
train_4180.png,1,3,0.9956954717636108,1
train_4181.png,1,4,0.9469583660364151,1
train_4183.png,1,0,0.9777749389410019,1
train_4185.png,1,1,0.9901095747947692,1
train_4186.png,1,1,0.5876799792051316,1
train_4187.png,1,2,0.9258050233125688,1
train_4188.png,1,4,0.9947699546813965,1
train_4189.png,1,3,0.9614393711090088,1
train_4190.png,1,4,0.9926789462566376,1
train_4191.png,1,0,0.9818352401256562,1
train_4193.png,1,1,0.884706425666809,1
train_4195.png,1,0,0.9907398998737336,1
train_4197.png,1,1,0.9858068883419037,1
train_4198.png,1,3,0.9939908742904663,1
train_4199.png,1,4,0.7802753537893296,1
train_4200.png,1,2,0.9643540352582931,1
train_4201.png,1,3,0.9911928474903107,1
train_4203.png,1,2,0.9475548833608627,1
train_4204.png,1,3,0.981840455532074,1
train_4205.png,1,1,0.9933809816837311,1
train_4206.png,1,2,0.9922073245048523,1
train_4207.png,1,2,0.9644976258277893,1
train_4208.png,1,4,0.9677831411361695,1
train_4209.png,1,2,0.9930742710828782,1
train_4210.png,1,1,0.9855453550815583,1
train_4211.png,1,0,0.9919146120548249,1
train_4214.png,1,3,0.9820102393627167,1
train_4215.png,1,4,0.9801898539066315,1
train_4217.png,1,3,0.9811615288257598,1
train_4219.png,1,1,0.9671609401702881,1
train_4220.png,1,0,0.9234540313482285,1
train_4222.png,1,3,0.9915738493204117,1
train_4223.png,1,1,0.9567178428173064,1
train_4225.png,1,2,0.9957118064165116,1
train_4226.png,1,3,0.9683753013610841,1
train_4227.png,1,3,0.9821320533752441,1
train_4228.png,1,4,0.9938201248645782,1
train_4229.png,1,0,0.9712609738111496,1
train_4230.png,1,2,0.9820107221603394,1
train_4231.png,1,4,0.9732624024152756,1
train_4233.png,1,2,0.9882249712944031,1
train_4235.png,1,0,0.9942896217107773,1
train_4236.png,1,4,0.9535237371921539,1
train_4237.png,1,0,0.9883120357990265,1
train_4238.png,1,1,0.9811420798301697,1
train_4239.png,1,2,0.9892537921667099,1
train_4240.png,1,1,0.9937608659267425,1
train_4241.png,1,4,0.9633431166410447,1
train_4242.png,1,0,0.9906836539506912,1
train_4244.png,1,0,0.9500495731830597,1
train_4246.png,1,1,0.9896021604537965,1
train_4247.png,1,1,0.9609433889389039,1
train_4251.png,1,3,0.9942132949829102,1
train_4252.png,1,3,0.9954778343439102,1
train_4253.png,1,4,0.9907103329896927,1
train_4254.png,1,2,0.9940792262554169,1
train_4255.png,1,0,0.9531861662864685,1
train_4256.png,1,1,0.9758587956428528,1
train_4258.png,1,2,0.9940692305564881,1
train_4259.png,1,4,0.9920032054185868,1
train_4260.png,1,4,0.9889297604560853,1
train_4261.png,1,3,0.9828274965286254,1
train_4265.png,1,3,0.9874995410442353,1
train_4268.png,1,1,0.9462083637714386,1
train_4271.png,1,1,0.9537219285964966,1
train_4272.png,1,2,0.9297691375017166,1
train_4273.png,1,4,0.9717536747455597,1
train_4274.png,1,0,0.9797573924064636,1
train_4277.png,1,3,0.9590923368930817,1
train_4278.png,1,3,0.9826035797595978,1
train_4279.png,1,3,0.9540026187896729,1
train_4282.png,1,4,0.9949671179056168,1
train_4283.png,1,1,0.9592987298965454,1
train_4284.png,1,0,0.9318131089210511,1
train_4285.png,1,0,0.9785056799650192,1
train_4286.png,1,2,0.9797747313976288,1
train_4287.png,1,3,0.9059607982635498,1
train_4288.png,1,0,0.902565386891365,1
train_4290.png,1,2,0.9896749049425125,1
train_4291.png,1,0,0.9937696248292923,1
train_4292.png,1,1,0.9877281904220581,1
train_4293.png,1,3,0.9833325713872909,1
train_4295.png,1,1,0.9958849102258682,1
train_4296.png,1,4,0.9933622926473618,1
train_4298.png,1,2,0.9791017323732376,1
train_4299.png,1,4,0.9672497093677521,1
train_4300.png,1,4,0.9640961915254593,1
train_4302.png,1,0,0.9932419419288636,1
train_4303.png,1,0,0.9950808048248291,1
train_4305.png,1,0,0.9844029575586319,1
train_4306.png,1,3,0.9908258199691773,1
train_4307.png,1,1,0.9792378395795822,1
train_4308.png,1,1,0.9973658591508865,1
train_4309.png,1,2,0.9741410344839097,1
train_4310.png,1,3,0.9921168833971024,1
train_4311.png,1,2,0.9609316200017929,1
train_4313.png,1,0,0.9827809423208237,1
train_4314.png,1,3,0.9898201674222946,1
train_4315.png,1,0,0.9828509122133255,1
train_4317.png,1,1,0.9481989264488221,1
train_4318.png,1,3,0.9583655029535293,1
train_4320.png,1,4,0.992869433760643,1
train_4322.png,1,0,0.9885314643383026,1
train_4324.png,1,1,0.9944843351840973,1
train_4326.png,1,0,0.9937258660793304,1
train_4329.png,1,2,0.883591303229332,1
train_4330.png,1,4,0.9922796994447709,1
train_4331.png,1,2,0.994326537847519,1
train_4332.png,1,2,0.960880920290947,1
train_4333.png,1,3,0.9792149424552917,1
train_4334.png,1,3,0.9468818247318268,1
train_4336.png,1,4,0.9761660724878312,1
train_4337.png,1,0,0.9876270771026611,1
train_4338.png,1,0,0.9898760765790939,1
train_4339.png,1,1,0.9421876341104507,1
train_4341.png,1,3,0.9435024499893189,1
train_4342.png,1,0,0.9608224958181381,1
train_4343.png,1,3,0.9918679386377335,1
train_4345.png,1,4,0.9797701835632324,1
train_4350.png,1,3,0.9737754881381988,1
train_4351.png,1,1,0.9818732500076294,1
train_4352.png,1,3,0.962974026799202,1
train_4353.png,1,2,0.9676732808351517,1
train_4356.png,1,1,0.9786598265171051,1
train_4359.png,1,1,0.9908061683177949,1
train_4360.png,1,0,0.9883249163627624,1
train_4361.png,1,3,0.9795724064111709,1
train_4363.png,1,2,0.9669229596853257,1
train_4364.png,1,4,0.9271898567676544,1
train_4365.png,1,1,0.9200995475053788,1
train_4367.png,1,0,0.9728797495365142,1
train_4369.png,1,1,0.9968282639980316,1
train_4370.png,1,0,0.9946554243564606,1
train_4371.png,1,2,0.9623840242624283,1
train_4373.png,1,1,0.9808549165725708,1
train_4376.png,1,4,0.9823950350284577,1
train_4377.png,1,2,0.987840473651886,1
train_4378.png,1,0,0.9732176423072815,1
train_4380.png,1,2,0.9902982622385026,1
train_4384.png,1,4,0.9904640913009644,1
train_4385.png,1,4,0.9944409012794495,1
train_4387.png,1,1,0.982126334309578,1
train_4389.png,1,1,0.7826200783252716,1
train_4390.png,1,4,0.9792724341154099,1
train_4391.png,1,0,0.9866293489933013,1
train_4393.png,1,2,0.9908760666847228,1
train_4396.png,1,3,0.924726340174675,1
train_4397.png,1,4,0.9802102088928222,1
train_4398.png,1,0,0.9096048772335052,1
train_4399.png,1,1,0.9928041785955429,1
train_4400.png,1,2,0.9935426354408264,1
train_4401.png,1,3,0.9700222671031952,1
train_4402.png,1,3,0.9936421185731887,1
train_4403.png,1,0,0.9917505323886872,1
train_4404.png,1,4,0.9695403337478637,1
train_4409.png,1,2,0.9927577555179596,1
train_4410.png,1,0,0.9686615973711014,1
train_4411.png,1,2,0.9912670373916626,1
train_4412.png,1,3,0.9779068410396576,1
train_4413.png,1,1,0.9947099477052689,1
train_4414.png,1,1,0.8941038727760315,1
train_4415.png,1,4,0.9500619322061539,1
train_4418.png,1,2,0.9577583968639374,1
train_4420.png,1,4,0.9256505340337753,1
train_4421.png,1,0,0.9927265644073486,1
train_4422.png,1,0,0.991568747162819,1
train_4423.png,1,2,0.9950574904680252,1
train_4426.png,1,3,0.9871417462825776,1
train_4427.png,1,0,0.986419352889061,1
train_4428.png,1,3,0.9866081863641739,1
train_4429.png,1,1,0.8246339678764343,1
train_4433.png,1,4,0.978925159573555,1
train_4434.png,1,0,0.9872609168291092,1
train_4436.png,1,3,0.9678362905979156,1
train_4437.png,1,2,0.9861398875713349,1
train_4439.png,1,1,0.9528793931007385,1
train_4442.png,1,0,0.9743608355522155,1
train_4444.png,1,2,0.9953256130218506,1
train_4445.png,1,3,0.990350317955017,1
train_4450.png,1,0,0.99410021007061,1
train_4453.png,1,4,0.9534665763378144,1
train_4454.png,1,0,0.9547914952039719,1
train_4455.png,1,0,0.9751810848712921,1
train_4457.png,1,0,0.9863275527954102,1
train_4458.png,1,2,0.987598267197609,1
train_4460.png,1,0,0.9401772916316986,1
train_4461.png,1,1,0.9873504757881165,1
train_4462.png,1,2,0.9818611800670624,1
train_4464.png,1,4,0.989850652217865,1
train_4466.png,1,4,0.9344561964273452,1
train_4467.png,1,2,0.9811485946178435,1
train_4468.png,1,0,0.9205192178487778,1
train_4469.png,1,0,0.9290538907051087,1
train_4470.png,1,1,0.6269026011228561,1
train_4471.png,1,2,0.9233635067939758,1
train_4472.png,1,3,0.9864965498447419,1
train_4473.png,1,3,0.9944552451372147,1
train_4474.png,1,3,0.992790824174881,1
train_4475.png,1,4,0.9365059971809387,1
train_4477.png,1,4,0.9974029362201691,1
train_4478.png,1,0,0.9949798464775085,1
train_4479.png,1,0,0.9479367971420288,1
train_4480.png,1,1,0.8733048945665359,1
train_4481.png,1,1,0.8986225366592407,1
train_4483.png,1,2,0.9868738412857057,1
train_4484.png,1,1,0.9902020543813705,1
train_4485.png,1,0,0.9865239858627319,1
train_4486.png,1,3,0.3885913699865341,1
train_4488.png,1,0,0.9945451527833938,1
train_4490.png,1,2,0.9903033614158631,1
train_4493.png,1,1,0.9525207191705704,1
train_4495.png,1,3,0.9518296718597412,1
train_4497.png,1,4,0.7491620510816575,1
train_4500.png,1,0,0.9937154471874237,1
train_4502.png,1,3,0.9891884863376618,1
train_4504.png,1,1,0.9969521164894104,1
train_4505.png,1,2,0.9950050741434098,1
train_4507.png,1,0,0.9900186359882355,1
train_4508.png,1,1,0.9964056491851806,1
train_4509.png,1,4,0.9907678455114365,1
train_4510.png,1,1,0.817618852853775,1
train_4511.png,1,2,0.9767668694257736,1
train_4513.png,1,3,0.9787392854690551,1
train_4514.png,1,3,0.9859857678413391,1
train_4515.png,1,0,0.984014880657196,1
train_4516.png,1,1,0.9776951849460602,1
train_4519.png,1,1,0.9850494861602783,1
train_4520.png,1,4,0.990611407160759,1
train_4522.png,1,2,0.9547796934843064,1
train_4524.png,1,0,0.9900562107563019,1
train_4526.png,1,1,0.8542854487895966,1
train_4527.png,1,1,0.995975735783577,1
train_4528.png,1,4,0.9674525737762452,1
train_4530.png,1,1,0.9233572274446487,1
train_4532.png,1,3,0.9826091945171357,1
train_4534.png,1,2,0.9724696129560471,1
train_4535.png,1,2,0.9881559550762177,1
train_4536.png,1,0,0.9895221292972565,1
train_4537.png,1,1,0.9754585236310959,1
train_4538.png,1,0,0.9899266600608826,1
train_4540.png,1,2,0.9459185183048248,1
train_4541.png,1,2,0.9726208060979843,1
train_4543.png,1,2,0.9700642228126526,1
train_4544.png,1,1,0.9202860534191132,1
train_4546.png,1,0,0.9766653031110764,1
train_4548.png,1,2,0.9959805727005006,1
train_4550.png,1,1,0.9930583536624908,1
train_4552.png,1,3,0.9538764357566833,1
train_4554.png,1,1,0.9868819266557693,1
train_4555.png,1,3,0.9904897898435593,1
train_4557.png,1,1,0.9872007638216018,1
train_4558.png,1,0,0.9414416939020156,1
train_4559.png,1,2,0.9907921135425568,1
train_4561.png,1,2,0.9829440712928772,1
train_4562.png,1,3,0.992562222480774,1
train_4563.png,1,1,0.9899262428283692,1
train_4568.png,1,4,0.9680143773555756,1
train_4570.png,1,1,0.9962762117385864,1
train_4571.png,1,4,0.9835751324892044,1
train_4572.png,1,0,0.9780615895986557,1
train_4574.png,1,2,0.978284502029419,1
train_4575.png,1,1,0.9761324822902679,1
train_4576.png,1,3,0.984635990858078,1
train_4581.png,1,0,0.9594009160995483,1
train_4582.png,1,2,0.9883034288883209,1
train_4583.png,1,4,0.9847224712371826,1
train_4584.png,1,2,0.9891224086284637,1
train_4586.png,1,1,0.9935899972915649,1
train_4587.png,1,1,0.9932205736637116,1
train_4588.png,1,2,0.9861826032400131,1
train_4589.png,1,0,0.9950227946043015,1
train_4590.png,1,1,0.987974140048027,1
train_4592.png,1,1,0.9971774607896804,1
train_4596.png,1,3,0.973504912853241,1
train_4599.png,1,1,0.9913779467344285,1
train_4600.png,1,4,0.9748936623334885,1
train_4603.png,1,2,0.9955097377300263,1
train_4605.png,1,3,0.9936194568872452,1
train_4606.png,1,4,0.9574449598789215,1
train_4607.png,1,1,0.9793969810009003,1
train_4608.png,1,2,0.9975044012069703,1
train_4611.png,1,3,0.981359487771988,1
train_4612.png,1,3,0.9891184985637665,1
train_4613.png,1,4,0.9590203642845154,1
train_4615.png,1,4,0.9976191341876983,1
train_4616.png,1,1,0.9690063506364822,1
train_4618.png,1,1,0.9907843321561813,1
train_4620.png,1,0,0.9799782812595368,1
train_4621.png,1,3,0.9889549225568771,1
train_4625.png,1,4,0.9886397600173951,1
train_4627.png,1,4,0.990410128235817,1
train_4628.png,1,0,0.9866202265024185,1
train_4629.png,1,4,0.990514487028122,1
train_4630.png,1,0,0.9899539142847061,1
train_4632.png,1,3,0.9877979665994645,1
train_4634.png,1,1,0.9975780278444291,1
train_4635.png,1,3,0.9783848524093628,1
train_4636.png,1,3,0.9958029985427856,1
train_4640.png,1,2,0.8094811916351319,1
train_4644.png,1,1,0.7484376311302184,1
train_4646.png,1,2,0.9914008200168609,1
train_4649.png,1,2,0.9917853146791458,1
train_4650.png,1,3,0.9958991557359695,1
train_4654.png,1,0,0.9394593685865402,1
train_4656.png,1,2,0.9942636787891388,1
train_4657.png,1,3,0.9521317720413208,1
train_4658.png,1,4,0.9920467406511306,1
train_4660.png,1,0,0.9909980952739716,1
train_4661.png,1,1,0.9610846638679504,1
train_4662.png,1,0,0.9964539021253586,1
train_4663.png,1,1,0.9581782311201096,1
train_4665.png,1,3,0.9914988845586776,1
train_4667.png,1,0,0.983273321390152,1
train_4668.png,1,4,0.9771512567996978,1
train_4669.png,1,3,0.827778548002243,1
train_4670.png,1,0,0.9859021753072739,1
train_4671.png,1,2,0.9959317415952682,1
train_4672.png,1,3,0.9857175409793854,1
train_4673.png,1,1,0.9945556104183197,1
train_4674.png,1,0,0.9954704493284225,1
train_4675.png,1,4,0.9970840573310852,1
train_4677.png,1,4,0.9558479100465774,1
train_4679.png,1,2,0.9928697884082793,1
train_4680.png,1,0,0.9876335918903351,1
train_4682.png,1,4,0.9642311811447144,1
train_4683.png,1,1,0.9866705626249314,1
train_4684.png,1,0,0.9910446047782898,1
train_4685.png,1,4,0.2016052484512329,0
train_4686.png,1,1,0.9908195257186889,1
train_4687.png,1,3,0.5274152666330337,1
train_4689.png,1,1,0.9909726321697235,1
train_4690.png,1,2,0.9943311274051667,1
train_4691.png,1,2,0.9913341701030731,1
train_4693.png,1,4,0.9762303441762925,1
train_4695.png,1,3,0.9866095155477523,1
train_4696.png,1,1,0.9944064080715179,1
train_4697.png,1,1,0.9891452580690383,1
train_4698.png,1,3,0.9933675557374955,1
train_4700.png,1,0,0.9940504670143127,1
train_4702.png,1,4,0.9843353390693665,1
train_4704.png,1,1,0.9932886481285095,1
train_4705.png,1,3,0.983576625585556,1
train_4706.png,1,2,0.9485055059194565,1
train_4709.png,1,1,0.9588670909404755,1
train_4710.png,1,4,0.9932370871305466,1
train_4711.png,1,2,0.5790597066283226,1
train_4712.png,1,3,0.9835019290447236,1
train_4713.png,1,0,0.31354903578758236,0
train_4714.png,1,1,0.9011811345815659,1
train_4716.png,1,4,0.9923147946596146,1
train_4717.png,1,2,0.9519406676292419,1
train_4718.png,1,3,0.9881032526493072,1
train_4719.png,1,0,0.9916171491146087,1
train_4720.png,1,4,0.9851076632738114,1
train_4721.png,1,1,0.9232396513223649,1
train_4722.png,1,0,0.991790783405304,1
train_4725.png,1,4,0.9320977926254272,1
train_4732.png,1,1,0.9722947835922241,1
train_4733.png,1,4,0.9958763122558594,1
train_4734.png,1,2,0.9337282955646515,1
train_4738.png,1,1,0.9851376771926881,1
train_4739.png,1,4,0.9546103447675705,1
train_4740.png,1,2,0.9684605032205581,1
train_4742.png,1,0,0.9961316108703614,1
train_4743.png,1,1,0.8654174774885177,1
train_4744.png,1,1,0.9503090679645538,1
train_4746.png,1,2,0.9335035920143128,1
train_4747.png,1,3,0.9596145033836364,1
train_4748.png,1,0,0.9686002224683762,1
train_4749.png,1,3,0.8776944816112517,1
train_4754.png,1,4,0.9852291435003281,1
train_4755.png,1,0,0.9056282997131349,1
train_4756.png,1,3,0.9852429449558258,1
train_4757.png,1,1,0.9687698751688003,1
train_4758.png,1,2,0.9235614567995071,1
train_4759.png,1,1,0.9875463098287582,1
train_4760.png,1,3,0.9845875889062881,1
train_4761.png,1,4,0.9627129256725311,1
train_4763.png,1,1,0.9656645953655243,1
train_4764.png,1,1,0.9755523085594178,1
train_4766.png,1,1,0.9919189482927323,1
train_4767.png,1,3,0.9875195145606994,1
train_4770.png,1,2,0.9718034535646439,1
train_4774.png,1,4,0.9312787979841233,1
train_4775.png,1,1,0.8290727704763412,1
train_4777.png,1,0,0.9953338980674744,1
train_4778.png,1,3,0.9716939866542816,1
train_4779.png,1,2,0.9915514051914216,1
train_4780.png,1,3,0.9918063759803771,1
train_4781.png,1,2,0.9963847875595092,1
train_4782.png,1,0,0.9910514116287232,1
train_4783.png,1,1,0.992053672671318,1
train_4784.png,1,3,0.9651036143302918,1
train_4785.png,1,4,0.9834156632423401,1
train_4786.png,1,1,0.9256107866764068,1
train_4788.png,1,0,0.9936031132936478,1
train_4789.png,1,2,0.9898420661687851,1
train_4790.png,1,1,0.9845386803150177,1
train_4791.png,1,2,0.9900662660598755,1
train_4793.png,1,1,0.9855602532625198,1
train_4794.png,1,4,0.9640300899744034,1
train_4795.png,1,0,0.98956099152565,1
train_4796.png,1,2,0.998382818698883,1
train_4797.png,1,4,0.9901543825864791,1
train_4798.png,1,0,0.9806170374155045,1
train_4800.png,1,3,0.9798267245292664,1
train_4801.png,1,1,0.9948844969272613,1
train_4802.png,1,2,0.9511244893074036,1
train_4804.png,1,3,0.9845439732074738,1
train_4805.png,1,0,0.99360893368721,1
train_4806.png,1,3,0.9930213749408722,1
train_4807.png,1,1,0.9617511987686158,1
train_4808.png,1,2,0.9345910847187042,1
train_4809.png,1,4,0.9860306918621063,1
train_4811.png,1,3,0.9948337197303772,1
train_4812.png,1,4,0.9716027796268464,1
train_4813.png,1,2,0.9911136716604233,1
train_4814.png,1,4,0.9960358887910843,1
train_4816.png,1,1,0.9941051125526429,1
train_4818.png,1,0,0.9656649380922318,1
train_4821.png,1,3,0.9917660117149353,1
train_4823.png,1,4,0.9942584455013276,1
train_4827.png,1,3,0.9907793343067169,1
train_4828.png,1,3,0.9904365450143814,1
train_4830.png,1,0,0.9774824976921082,1
train_4833.png,1,4,0.9781505048274993,1
train_4836.png,1,1,0.9692685067653656,1
train_4839.png,1,3,0.995561420917511,1
train_4841.png,1,2,0.8292962670326234,1
train_4842.png,1,0,0.9944834679365159,1
train_4843.png,1,0,0.9912712126970291,1
train_4846.png,1,0,0.9637010097503662,1
train_4847.png,1,2,0.9772193610668182,1
train_4848.png,1,2,0.8517750680446625,1
train_4851.png,1,3,0.9673244714736939,1
train_4852.png,1,0,0.8326049745082855,1
train_4854.png,1,1,0.9916545510292054,1
train_4855.png,1,2,0.9484690308570862,1
train_4857.png,1,4,0.4963852986693382,1
train_4859.png,1,1,0.9911316126585007,1
train_4860.png,1,4,0.6928662806749344,1
train_4861.png,1,3,0.3430767595767975,0
train_4862.png,1,0,0.9783679008483886,1
train_4863.png,1,2,0.7306350857019425,1
train_4864.png,1,3,0.9831332087516784,1
train_4865.png,1,4,0.995199316740036,1
train_4866.png,1,0,0.9771664023399353,1
train_4867.png,1,2,0.9844835579395295,1
train_4869.png,1,1,0.9225448846817017,1
train_4870.png,1,4,0.936909493803978,1
train_4871.png,1,2,0.9854557991027832,1
train_4872.png,1,3,0.9961814731359482,1
train_4875.png,1,1,0.9704208910465241,1
train_4877.png,1,2,0.9517132788896561,1
train_4878.png,1,4,0.9954342842102051,1
train_4880.png,1,0,0.9897825628519058,1
train_4881.png,1,1,0.9502847105264663,1
train_4882.png,1,1,0.9684604644775391,1
train_4884.png,1,2,0.9776237130165101,1
train_4885.png,1,4,0.9663763850927353,1
train_4887.png,1,0,0.9751914978027344,1
train_4888.png,1,1,0.9864418029785157,1
train_4890.png,1,2,0.9828775584697723,1
train_4891.png,1,3,0.9577959954738617,1
train_4892.png,1,4,0.983647456765175,1
train_4894.png,1,2,0.8299330294132232,1
train_4895.png,1,2,0.9945727109909057,1
train_4896.png,1,3,0.996090766787529,1
train_4897.png,1,0,0.5530932128429413,1
train_4898.png,1,1,0.989751735329628,1
train_4899.png,1,2,0.8825098395347595,1
train_4900.png,1,2,0.9844728857278824,1
train_4901.png,1,1,0.9948376208543777,1
train_4902.png,1,3,0.9720942795276641,1
train_4903.png,1,2,0.9924090415239334,1
train_4904.png,1,1,0.9944292426109315,1
train_4905.png,1,2,0.9873972952365875,1
train_4907.png,1,4,0.9952869594097138,1
train_4908.png,1,4,0.8347955673933029,1
train_4909.png,1,1,0.9958410918712617,1
train_4911.png,1,0,0.9834242999553681,1
train_4912.png,1,1,0.9947143226861954,1
train_4913.png,1,1,0.9932068139314651,1
train_4914.png,1,2,0.9761916846036911,1
train_4916.png,1,0,0.9934712141752243,1
train_4919.png,1,2,0.9934633195400238,1
train_4921.png,1,1,0.9503332644701005,1
train_4922.png,1,0,0.10178903266787528,0
train_4929.png,1,0,0.9938921362161636,1
train_4931.png,1,2,0.9811006277799607,1
train_4933.png,1,0,0.9906096935272216,1
train_4934.png,1,3,0.9907678186893464,1
train_4937.png,1,2,0.9840768367052078,1
train_4938.png,1,1,0.997171688079834,1
train_4940.png,1,2,0.9078919053077698,1
train_4942.png,1,2,0.963933601975441,1
train_4944.png,1,3,0.9926741868257523,1
train_4946.png,1,0,0.9829184114933014,1
train_4948.png,1,3,0.8457623988389968,1
train_4950.png,1,2,0.9868377566337585,1
train_4955.png,1,3,0.980683296918869,1
train_4958.png,1,4,0.9615003228187561,1
train_4959.png,1,0,0.9967630565166474,1
train_4960.png,1,1,0.9919149369001389,1
train_4965.png,1,3,0.9832275480031968,1
train_4966.png,1,2,0.9515048235654832,1
train_4967.png,1,3,0.9592707604169846,1
train_4969.png,1,2,0.7319604754447937,1
train_4970.png,1,1,0.9493308305740357,1
train_4972.png,1,2,0.9651746809482575,1
train_4973.png,1,2,0.9669381737709046,1
train_4974.png,1,0,0.9911050826311112,1
train_4977.png,1,3,0.9767471581697464,1
train_4979.png,1,1,0.9378910839557648,1
train_4980.png,1,0,0.9044639050960541,1
train_4986.png,1,1,0.9848741173744202,1
train_4987.png,1,3,0.9092082977294922,1
train_4988.png,1,4,0.987405014038086,1
train_4989.png,1,0,0.9955098450183869,1
train_4990.png,1,0,0.987142863869667,1
train_4992.png,1,2,0.8204909026622773,1
train_4993.png,1,1,0.9507024049758912,1
train_4994.png,1,0,0.9647505939006806,1
train_4995.png,1,3,0.9768305838108062,1
train_4999.png,1,0,0.9907918691635133,1
train_5000.png,1,4,0.9906403630971908,1
train_5001.png,1,2,0.9926104098558426,1
train_5002.png,1,3,0.9505098968744279,1
train_5003.png,1,3,0.9376995146274567,1
train_5004.png,1,3,0.8743401229381561,1
train_5005.png,1,2,0.980783474445343,1
train_5006.png,1,2,0.9655962705612182,1
train_5007.png,1,1,0.9938764572143555,1
train_5008.png,1,2,0.9947336316108704,1
train_5009.png,1,1,0.967192068696022,1
train_5011.png,1,4,0.9956034064292908,1
train_5012.png,1,0,0.972269493341446,1
train_5013.png,1,1,0.910625410079956,1
train_5014.png,1,3,0.9862538725137711,1
train_5015.png,1,4,0.9934692054986954,1
train_5017.png,1,3,0.9666903436183929,1
train_5018.png,1,4,0.9660701990127564,1
train_5019.png,1,3,0.9845142930746078,1
train_5020.png,1,3,0.9868823796510697,1
train_5021.png,1,2,0.9863543689250946,1
train_5022.png,1,0,0.9942515909671784,1
train_5027.png,1,1,0.995697271823883,1
train_5028.png,1,2,0.9662590354681015,1
train_5029.png,1,2,0.9914221346378327,1
train_5030.png,1,4,0.9517060965299606,1
train_5031.png,1,2,0.9907765209674835,1
train_5032.png,1,0,0.9751058369874954,1
train_5034.png,1,2,0.9872974336147309,1
train_5035.png,1,4,0.993095052242279,1
train_5038.png,1,0,0.9894953906536103,1
train_5039.png,1,1,0.9908740669488907,1
train_5041.png,1,2,0.9953739196062088,1
train_5042.png,1,4,0.9060485899448395,1
train_5046.png,1,4,0.9931465804576874,1
train_5048.png,1,2,0.9177613705396652,1
train_5049.png,1,3,0.9897079557180405,1
train_5050.png,1,0,0.992428007721901,1
train_5052.png,1,2,0.9894436061382295,1
train_5053.png,1,4,0.9936849713325501,1
train_5054.png,1,1,0.9899674624204636,1
train_5058.png,1,1,0.9968672513961792,1
train_5060.png,1,2,0.9954482644796372,1
train_5061.png,1,1,0.9918862909078597,1
train_5064.png,1,1,0.9863361954689026,1
train_5067.png,1,3,0.992529571056366,1
train_5068.png,1,3,0.9877395123243332,1
train_5070.png,1,4,0.7226167798042298,1
train_5073.png,1,2,0.9936897665262223,1
train_5074.png,1,3,0.978623878955841,1
train_5075.png,1,3,0.9885961413383484,1
train_5077.png,1,3,0.9675340473651886,1
train_5078.png,1,1,0.9679131895303726,1
train_5079.png,1,0,0.9781721264123917,1
train_5080.png,1,2,0.8827273786067962,1
train_5081.png,1,2,0.9961327463388443,1
train_5082.png,1,2,0.7701422482728959,1
train_5083.png,1,4,0.9901486694812774,1
train_5085.png,1,4,0.9831409990787506,1
train_5086.png,1,3,0.9869000554084778,1
train_5089.png,1,4,0.9598457574844361,1
train_5091.png,1,1,0.9741373389959336,1
train_5093.png,1,3,0.9953238874673844,1
train_5095.png,1,0,0.9665150165557862,1
train_5096.png,1,2,0.991374945640564,1
train_5098.png,1,4,0.9909862130880356,1
train_5101.png,1,1,0.9397210061550141,1
train_5102.png,1,1,0.9763520419597627,1
train_5103.png,1,1,0.9634598016738892,1
train_5105.png,1,0,0.9483896881341933,1
train_5106.png,1,2,0.9961447715759277,1
train_5108.png,1,3,0.6977551281452179,1
train_5109.png,1,4,0.9812840700149537,1
train_5110.png,1,0,0.9922919988632202,1
train_5111.png,1,2,0.9927125632762909,1
train_5114.png,1,1,0.9813629627227783,1
train_5115.png,1,2,0.9848232656717301,1
train_5117.png,1,0,0.9718611001968385,1
train_5118.png,1,4,0.9799041032791138,1
train_5124.png,1,2,0.9188235223293305,1
train_5127.png,1,3,0.964666223526001,1
train_5130.png,1,4,0.9775022149085999,1
train_5131.png,1,3,0.9900594413280488,1
train_5132.png,1,2,0.9915734440088273,1
train_5134.png,1,1,0.9967334419488907,1
train_5135.png,1,4,0.9442924201488494,1
train_5136.png,1,4,0.9916615962982178,1
train_5137.png,1,4,0.953048473596573,1
train_5138.png,1,0,0.9762944966554642,1
train_5139.png,1,1,0.9977160900831222,1
train_5140.png,1,2,0.9850414633750916,1
train_5144.png,1,1,0.9979100167751312,1
train_5146.png,1,1,0.9837281227111816,1
train_5147.png,1,2,0.9887736529111862,1
train_5148.png,1,1,0.991187897324562,1
train_5149.png,1,4,0.9357187122106553,1
train_5150.png,1,3,0.9631516098976135,1
train_5152.png,1,0,0.9654736250638962,1
train_5153.png,1,1,0.9857949197292327,1
train_5155.png,1,2,0.9924064308404922,1
train_5156.png,1,2,0.9791404098272324,1
train_5158.png,1,4,0.9762040674686432,1
train_5160.png,1,1,0.9906561434268951,1
train_5161.png,1,4,0.9657393723726273,1
train_5162.png,1,2,0.9890295177698135,1
train_5163.png,1,3,0.9819031983613968,1
train_5167.png,1,1,0.9926796585321426,1
train_5168.png,1,2,0.9748297154903411,1
train_5169.png,1,2,0.9768115758895873,1
train_5171.png,1,0,0.9914977043867111,1
train_5172.png,1,4,0.9898370265960694,1
train_5175.png,1,1,0.9829094707965851,1
train_5176.png,1,3,0.9882926881313324,1
train_5177.png,1,2,0.9884519904851914,1
train_5178.png,1,3,0.9925089031457901,1
train_5180.png,1,0,0.9953716486692428,1
train_5181.png,1,4,0.9773110955953598,1
train_5184.png,1,4,0.9632258355617523,1
train_5185.png,1,2,0.9783810555934906,1
train_5186.png,1,4,0.9911879718303681,1
train_5187.png,1,2,0.9898174434900284,1
train_5188.png,1,3,0.9672322183847428,1
train_5189.png,1,0,0.9536333709955216,1
train_5196.png,1,0,0.9895524889230728,1
train_5197.png,1,1,0.9756924897432327,1
train_5198.png,1,0,0.9879415005445481,1
train_5199.png,1,1,0.9858286321163178,1
train_5202.png,1,2,0.9731133371591568,1
train_5203.png,1,4,0.9858936309814453,1
train_5205.png,1,2,0.9928842425346375,1
train_5206.png,1,2,0.8660760492086411,1
train_5211.png,1,0,0.9848336011171341,1
train_5212.png,1,1,0.9049454241991043,1
train_5213.png,1,4,0.9856544137001038,1
train_5214.png,1,3,0.8262069672346115,1
train_0002.png,0,3,0.030037159146741033,0
train_0010.png,0,1,0.0844808828085661,0
train_0011.png,0,2,0.012794935330748557,0
train_0016.png,0,2,0.0296879967674613,0
train_0020.png,0,4,0.19037373289465903,0
train_0027.png,0,2,0.027571418136358262,0
train_0043.png,0,0,0.4920180395245552,1
train_0050.png,0,1,0.04985211724415422,0
train_0052.png,0,2,0.08793305680155754,0
train_0058.png,0,4,0.04236640781164169,0
train_0063.png,0,3,0.07561874203383923,0
train_0066.png,0,1,0.023290761932730674,0
train_0081.png,0,2,0.03201354891061783,0
train_0089.png,0,1,0.1298985429108143,0
train_0091.png,0,1,0.02116039809770882,0
train_0107.png,0,3,0.03756260853260756,0
train_0112.png,0,3,0.04803851135075092,0
train_0127.png,0,4,0.08539956137537957,0
train_0133.png,0,3,0.041750812157988544,0
train_0134.png,0,4,0.03888813811354339,0
train_0145.png,0,1,0.06349290236830711,0
train_0154.png,0,3,0.018344786670058965,0
train_0157.png,0,2,0.018820302933454516,0
train_0161.png,0,1,0.0209237857721746,0
train_0162.png,0,4,0.03542708270251751,0
train_0168.png,0,2,0.0732912015169859,0
train_0171.png,0,3,0.03715888364240527,0
train_0176.png,0,3,0.025947772338986395,0
train_0181.png,0,0,0.0575341971591115,0
train_0182.png,0,1,0.03549312632530928,0
train_0183.png,0,2,0.012004202138632535,0
train_0204.png,0,1,0.03648508335463702,0
train_0217.png,0,0,0.09197651762515306,0
train_0218.png,0,4,0.03136876709759236,0
train_0219.png,0,3,0.052825490385293966,0
train_0234.png,0,3,0.41995822489261625,1
train_0237.png,0,3,0.04089741036295891,0
train_0242.png,0,0,0.035961589030921455,0
train_0244.png,0,1,0.061170716583728794,0
train_0256.png,0,1,0.027361566945910454,0
train_0266.png,0,3,0.0449892645701766,0
train_0269.png,0,4,0.02402598951011896,0
train_0274.png,0,2,0.03520216513425112,0
train_0278.png,0,0,0.03989080647006631,0
train_0280.png,0,3,0.08083055540919304,0
train_0292.png,0,0,0.06805773843079806,0
train_0305.png,0,0,0.061409813910722734,0
train_0307.png,0,0,0.07715994641184808,0
train_0310.png,0,2,0.03970427941530943,0
train_0312.png,0,0,0.047649018373340374,0
train_0315.png,0,3,0.05176599957048893,0
train_0316.png,0,4,0.05744124799966812,0
train_0318.png,0,1,0.03106301333755255,0
train_0321.png,0,1,0.07600825820118189,0
train_0324.png,0,3,0.07112183421850204,0
train_0326.png,0,3,0.10924699641764164,0
train_0336.png,0,1,0.04670007135719061,0
train_0350.png,0,2,0.0242794094607234,0
train_0353.png,0,4,0.05003656316548586,0
train_0360.png,0,3,0.07279403805732727,0
train_0367.png,0,1,0.06880751885473728,0
train_0368.png,0,3,0.11525848954916,0
train_0374.png,0,1,0.07797967083752155,0
train_0376.png,0,1,0.05711944494396448,0
train_0392.png,0,3,0.02405074629932642,0
train_0411.png,0,2,0.09307571463286878,0
train_0415.png,0,3,0.06489590760320425,0
train_0416.png,0,0,0.09101836308836936,0
train_0424.png,0,2,0.03808416984975338,0
train_0430.png,0,4,0.1318838343024254,0
train_0436.png,0,3,0.034030362591147424,0
train_0438.png,0,2,0.02288259258493781,0
train_0471.png,0,1,0.04062450220808387,0
train_0480.png,0,2,0.2556950427591801,0
train_0482.png,0,4,0.3902962893247604,1
train_0484.png,0,4,0.012596839759498836,0
train_0487.png,0,3,0.1674018554389477,0
train_0497.png,0,0,0.03800390493124723,0
train_0506.png,0,2,0.03595789261162281,0
train_0509.png,0,2,0.014525096258148552,0
train_0525.png,0,4,0.026817792747169732,0
train_0526.png,0,2,0.07306556347757577,0
train_0531.png,0,0,0.033224877901375294,0
train_0537.png,0,3,0.19649030566215517,0
train_0541.png,0,2,0.036465212143957614,0
train_0543.png,0,1,0.0328161149751395,0
train_0550.png,0,4,0.06253284327685833,0
train_0553.png,0,3,0.02017752667888999,0
train_0557.png,0,2,0.025305126048624515,0
train_0572.png,0,1,0.028546181134879587,0
train_0573.png,0,2,0.10341079980134964,0
train_0575.png,0,3,0.018594631226733327,0
train_0578.png,0,4,0.07040805760771036,0
train_0597.png,0,1,0.029905176628381016,0
train_0603.png,0,4,0.07545763310045005,0
train_0606.png,0,2,0.020233248826116323,0
train_0608.png,0,0,0.04628813117742538,0
train_0617.png,0,2,0.04834407437592745,0
train_0626.png,0,3,0.03784402813762426,0
train_0637.png,0,4,0.17118259593844415,0
train_0640.png,0,2,0.046916572377085686,0
train_0650.png,0,1,0.14527080506086348,0
train_0670.png,0,1,0.02307533361017704,0
train_0677.png,0,2,0.05581717230379581,0
train_0682.png,0,0,0.03819425720721484,0
train_0690.png,0,2,0.04174316395074129,0
train_0700.png,0,4,0.020080859307199717,0
train_0710.png,0,2,0.06685754247009754,0
train_0712.png,0,0,0.3048676773905754,0
train_0717.png,0,2,0.03936985973268747,0
train_0723.png,0,4,0.017595842666924003,0
train_0729.png,0,3,0.07562368977814912,0
train_0741.png,0,0,0.22476097494363784,0
train_0750.png,0,0,0.03359719580039382,0
train_0757.png,0,2,0.04783287420868873,0
train_0773.png,0,4,0.10561916111037134,0
train_0778.png,0,2,0.03595292437821627,0
train_0781.png,0,0,0.03671304229646921,0
train_0782.png,0,3,0.08437827304005623,0
train_0786.png,0,1,0.05700301341712475,0
train_0788.png,0,3,0.04147630473598837,0
train_0792.png,0,2,0.030916035734117032,0
train_0794.png,0,0,0.04064897587522864,0
train_0798.png,0,2,0.0705321429297328,0
train_0801.png,0,3,0.18988992497324944,0
train_0810.png,0,0,0.33728665113449097,0
train_0815.png,0,3,0.06385160647332667,0
train_0819.png,0,4,0.12682876437902452,0
train_0820.png,0,1,0.036341357789933686,0
train_0821.png,0,0,0.038084731623530384,0
train_0822.png,0,2,0.035686618834733966,0
train_0826.png,0,1,0.02795149143785238,0
train_0829.png,0,2,0.04818197358399629,0
train_0830.png,0,2,0.05902224183082581,0
train_0842.png,0,0,0.4754270642995834,1
train_0846.png,0,1,0.4974675983190537,1
train_0847.png,0,2,0.06401549987494946,0
train_0855.png,0,3,0.05433187261223793,0
train_0885.png,0,0,0.04231368005275726,0
train_0886.png,0,4,0.01801612873096019,0
train_0887.png,0,3,0.10127828605473041,0
train_0898.png,0,4,0.027507249079644677,0
train_0902.png,0,2,0.27984419018030166,0
train_0905.png,0,2,0.016883779782801867,0
train_0928.png,0,0,0.0295607166364789,0
train_0932.png,0,0,0.0851015992462635,0
train_0937.png,0,4,0.04904111623764038,0
train_0938.png,0,3,0.035696508921682836,0
train_0942.png,0,0,0.045516015682369466,0
train_0960.png,0,4,0.03809494171291589,0
train_0965.png,0,1,0.021281281486153603,0
train_0979.png,0,4,0.03796747364103794,0
train_0980.png,0,4,0.11668774671852589,0
train_0985.png,0,0,0.03134150458499789,0
train_1006.png,0,0,0.04529661871492863,0
train_1007.png,0,4,0.03546410608105361,0
train_1009.png,0,1,0.14730365127325057,0
train_1017.png,0,0,0.09241521432995796,0
train_1027.png,0,0,0.03321605231612921,0
train_1028.png,0,1,0.03155840849503875,0
train_1042.png,0,0,0.020942550525069235,0
train_1043.png,0,3,0.035486151464283466,0
train_1077.png,0,4,0.06805828101933002,0
train_1079.png,0,0,0.09711145795881748,0
train_1083.png,0,2,0.03615383841097355,0
train_1085.png,0,3,0.02910054475069046,0
train_1087.png,0,1,0.08120985105633735,0
train_1088.png,0,2,0.3279378928244114,0
train_1089.png,0,4,0.042567691206932066,0
train_1094.png,0,2,0.05192229989916086,0
train_1099.png,0,1,0.03360011130571366,0
train_1106.png,0,2,0.02258821539580822,0
train_1107.png,0,0,0.07047317773103715,0
train_1121.png,0,1,0.051935604959726336,0
train_1123.png,0,3,0.04893233664333821,0
train_1127.png,0,1,0.03330601407214999,0
train_1129.png,0,3,0.050058110244572164,0
train_1132.png,0,1,0.051414620596915483,0
train_1140.png,0,4,0.12300799041986465,0
train_1144.png,0,2,0.015703761857002972,0
train_1148.png,0,0,0.03754415144212544,0
train_1149.png,0,3,0.32946455776691436,0
train_1151.png,0,1,0.04245389774441719,0
train_1155.png,0,3,0.046387293562293055,0
train_1162.png,0,1,0.06008002739399671,0
train_1164.png,0,0,0.03350322106853128,0
train_1171.png,0,3,0.04198322836309672,0
train_1174.png,0,1,0.08532631173729896,0
train_1197.png,0,1,0.020314146298915148,0
train_1201.png,0,0,0.035309676080942154,0
train_1203.png,0,1,0.04018215239048004,0
train_1209.png,0,0,0.040343773365020756,0
train_1212.png,0,4,0.020502979727461932,0
train_1213.png,0,4,0.01871154741384089,0
train_1214.png,0,1,0.10742984451353549,0
train_1224.png,0,2,0.05647413618862629,0
train_1230.png,0,1,0.2899368017911911,0
train_1232.png,0,3,0.03864418417215348,0
train_1233.png,0,1,0.10821066349744796,0
train_1238.png,0,4,0.029584359005093576,0
train_1244.png,0,4,0.05958067663013935,0
train_1253.png,0,1,0.06039085220545531,0
train_1256.png,0,3,0.10509613193571568,0
train_1264.png,0,4,0.030485024210065603,0
train_1270.png,0,4,0.06906204503029585,0
train_1272.png,0,1,0.015446581691503524,0
train_1275.png,0,0,0.023383386246860028,0
train_1281.png,0,1,0.05228356113657356,0
train_1287.png,0,4,0.021501154312863948,0
train_1298.png,0,1,0.028622361551970246,0
train_1300.png,0,3,0.045914519019424914,0
train_1305.png,0,1,0.0193092068657279,0
train_1307.png,0,0,0.05872174836695194,0
train_1337.png,0,2,0.24168147146701813,0
train_1338.png,0,3,0.13902779221534728,0
train_1339.png,0,3,0.5557441294193268,1
train_1342.png,1,4,0.9969310849905014,1
train_1343.png,1,0,0.9423163175582885,1
train_1348.png,1,4,0.9969203531742096,1
train_1349.png,1,1,0.9924507856369018,1
train_1352.png,1,2,0.913153100013733,1
train_1354.png,1,3,0.9640805661678314,1
train_1370.png,1,4,0.9778672754764557,1
train_1371.png,1,1,0.980984577536583,1
train_1377.png,1,2,0.9902576357126236,1
train_1378.png,1,3,0.9695202767848969,1
train_1382.png,1,0,0.9889043748378754,1
train_1384.png,1,4,0.9740236908197404,1
train_1387.png,1,1,0.969283464550972,1
train_1390.png,1,2,0.9885231792926789,1
train_1392.png,1,0,0.671116903424263,1
train_1402.png,1,2,0.9276725798845291,1
train_1409.png,1,3,0.9676465392112732,1
train_1416.png,1,4,0.9361069649457932,1
train_1418.png,1,3,0.9774878025054932,1
train_1422.png,1,0,0.9464945942163467,1
train_1423.png,1,1,0.8363126456737519,1
train_1425.png,1,3,0.8745180785655976,1
train_1431.png,1,1,0.9919943422079087,1
train_1441.png,1,4,0.9855273246765137,1
train_1448.png,1,3,0.9894125133752822,1
train_1449.png,1,1,0.9880850851535797,1
train_1451.png,1,1,0.9278307437896729,1
train_1452.png,1,2,0.9789200484752655,1
train_1458.png,1,3,0.9843914330005645,1
train_1462.png,1,1,0.990326538681984,1
train_1476.png,1,4,0.9856325328350067,1
train_1481.png,1,0,0.9826933562755585,1
train_1491.png,1,0,0.9859609782695771,1
train_1492.png,1,1,0.9753606081008911,1
train_1494.png,1,1,0.9787426352500915,1
train_1495.png,1,2,0.9896588683128357,1
train_1498.png,1,4,0.9952045828104019,1
train_1499.png,1,3,0.9868017107248306,1
train_1503.png,1,2,0.9770387440919877,1
train_1504.png,1,4,0.9937046468257904,1
train_1505.png,1,0,0.9822044849395752,1
train_1514.png,1,1,0.975760692358017,1
train_1530.png,1,2,0.9780585408210754,1
train_1531.png,1,4,0.9647599309682846,1
train_1533.png,1,0,0.9577843606472016,1
train_1539.png,1,1,0.9946693003177643,1
train_1541.png,1,3,0.9161846727132797,1
train_1546.png,1,2,0.9016202926635742,1
train_1547.png,1,4,0.9840764880180359,1
train_1557.png,1,2,0.99441339969635,1
train_1559.png,1,1,0.9591915845870972,1
train_1561.png,1,3,0.9085369229316712,1
train_1566.png,1,4,0.9827049285173416,1
train_1585.png,1,3,0.9841778546571731,1
train_1588.png,1,4,0.9655927062034607,1
train_1589.png,1,1,0.9775018781423569,1
train_1594.png,1,1,0.9951657652854919,1
train_1602.png,1,2,0.9925752878189087,1
train_1606.png,1,4,0.9963824093341828,1
train_1609.png,1,0,0.9882055312395095,1
train_1610.png,1,3,0.9729228496551514,1
train_1634.png,1,2,0.9876095861196519,1
train_1645.png,1,4,0.9796402841806412,1
train_1646.png,1,1,0.9221609652042388,1
train_1655.png,1,0,0.9941370695829392,1
train_1667.png,1,1,0.2286352500319481,0
train_1673.png,1,2,0.9935309439897537,1
train_1685.png,1,4,0.989490881562233,1
train_1693.png,1,0,0.9825179010629654,1
train_1700.png,1,1,0.7947316348552704,1
train_1709.png,1,2,0.8517123758792877,1
train_1720.png,1,4,0.9922057658433914,1
train_1737.png,1,2,0.9826642453670502,1
train_1742.png,1,1,0.962355336546898,1
train_1758.png,1,0,0.9961468338966369,1
train_1761.png,1,2,0.9188409954309463,1
train_1766.png,1,1,0.9680733531713486,1
train_1767.png,1,4,0.983911719918251,1
train_1768.png,1,3,0.6673736363649369,1
train_1770.png,1,0,0.9931725114583969,1
train_1772.png,1,1,0.9911496430635451,1
train_1773.png,1,2,0.9863418787717819,1
train_1780.png,1,3,0.9832344174385071,1
train_1791.png,1,1,0.9926898270845413,1
train_1801.png,1,1,0.9580416887998581,1
train_1802.png,1,4,0.36562305092811587,1
train_1816.png,1,3,0.997909563779831,1
train_1824.png,1,0,0.9955456405878067,1
train_1828.png,1,1,0.9869455605745316,1
train_1835.png,1,3,0.9887743979692459,1
train_1838.png,1,2,0.9395200729370117,1
train_1841.png,1,4,0.9842808544635773,1
train_1843.png,1,3,0.9926620602607727,1
train_1844.png,1,0,0.9629053235054016,1
train_1852.png,1,1,0.9878965318202972,1
train_1854.png,1,2,0.908494982123375,1
train_1859.png,1,1,0.988271564245224,1
train_1864.png,1,0,0.9648734748363494,1
train_1868.png,1,2,0.6965782225131989,1
train_1871.png,1,4,0.9864157557487487,1
train_1877.png,1,0,0.9937942683696747,1
train_1882.png,1,1,0.7045212268829346,1
train_1885.png,1,3,0.9898453474044799,1
train_1889.png,1,4,0.982204258441925,1
train_1891.png,1,4,0.9701594173908233,1
train_1897.png,1,2,0.9970177412033081,1
train_1902.png,1,0,0.9279443085193634,1
train_1908.png,1,1,0.9948529481887818,1
train_1923.png,1,2,0.8944307863712311,1
train_1924.png,1,3,0.9966967076063156,1
train_1932.png,1,4,0.9941380202770234,1
train_1934.png,1,0,0.9824948102235794,1
train_1936.png,1,1,0.9508333295583725,1
train_1947.png,1,2,0.9914331585168839,1
train_1955.png,1,4,0.9794931769371032,1
train_1967.png,1,4,0.9641274094581604,1
train_1968.png,1,2,0.9901082932949066,1
train_1969.png,1,3,0.9871765434741974,1
train_1976.png,1,3,0.9618779987096786,1
train_1982.png,1,0,0.9905355006456376,1
train_1983.png,1,1,0.9953533053398133,1
train_1986.png,1,4,0.9909690320491791,1
train_1995.png,1,0,0.9922779709100723,1
train_1996.png,1,2,0.9886235326528549,1
train_2002.png,1,4,0.9401753395795822,1
train_2003.png,1,1,0.9930116832256317,1
train_2012.png,1,4,0.9820290982723237,1
train_2017.png,1,0,0.9870379209518432,1
train_2023.png,1,0,0.9846010684967041,1
train_2029.png,1,1,0.9654587924480438,1
train_2031.png,1,3,0.9916441082954407,1
train_2033.png,1,1,0.9966880917549134,1
train_2038.png,1,2,0.9846919476985931,1
train_2046.png,1,3,0.9796788096427917,1
train_2054.png,1,4,0.991090053319931,1
train_2058.png,1,0,0.9911876887083054,1
train_2060.png,1,1,0.9669451266527176,1
train_2061.png,1,2,0.9905954599380493,1
train_2065.png,1,4,0.96319540143013,1
train_2080.png,1,2,0.9526713073253632,1
train_2094.png,1,0,0.9912211179733277,1
train_2102.png,1,1,0.9961076974868774,1
train_2108.png,1,2,0.9653175979852676,1
train_2132.png,1,4,0.991842156648636,1
train_2139.png,1,0,0.9893436253070832,1
train_2141.png,1,2,0.971424576640129,1
train_2143.png,1,3,0.9640278339385986,1
train_2147.png,1,1,0.9368633925914764,1
train_2148.png,1,4,0.990679031610489,1
train_2150.png,1,2,0.9878789246082306,1
train_2162.png,1,0,0.9728474497795105,1
train_2164.png,1,2,0.9690414518117905,1
train_2168.png,1,0,0.9929408371448517,1
train_2176.png,1,0,0.994151645898819,1
train_2182.png,1,4,0.977021399140358,1
train_2215.png,1,0,0.9844750791788102,1
train_2216.png,1,1,0.9703248023986816,1
train_2217.png,1,4,0.9839391469955444,1
train_2220.png,1,1,0.8426203012466431,1
train_2234.png,1,2,0.9786517500877381,1
train_2236.png,1,3,0.9608084082603454,1
train_2237.png,1,0,0.9958652555942535,1
train_2240.png,1,2,0.9740522265434265,1
train_2265.png,1,4,0.9888749510049819,1
train_2273.png,1,2,0.9802708953619004,1
train_2283.png,1,2,0.9104252189397812,1
train_2289.png,1,0,0.9862404704093933,1
train_2298.png,1,1,0.9420070797204971,1
train_2307.png,1,3,0.9936940521001816,1
train_2309.png,1,4,0.9960344940423965,1
train_2317.png,1,4,0.8945461988449097,1
train_2319.png,1,3,0.994585281610489,1
train_2320.png,1,0,0.9825147688388824,1
train_2326.png,1,2,0.9952108770608902,1
train_2330.png,1,1,0.9977584779262543,1
train_2334.png,1,4,0.9968502432107925,1
train_2335.png,1,4,0.9977003097534181,1
train_2361.png,1,1,0.7399623930454254,1
train_2373.png,1,3,0.9829268574714661,1
train_2376.png,1,1,0.9965928316116334,1
train_2377.png,1,3,0.9854084312915803,1
train_2383.png,1,3,0.9927946478128433,1
train_2401.png,1,3,0.9743636667728424,1
train_2410.png,1,4,0.9911818504333496,1
train_2412.png,1,0,0.9886757105588914,1
train_2415.png,1,3,0.9910741478204727,1
train_2423.png,1,1,0.9737410962581634,1
train_2426.png,1,4,0.9870090991258622,1
train_2431.png,1,3,0.991996055841446,1
train_2434.png,1,0,0.9910665869712829,1
train_2437.png,1,1,0.992329490184784,1
train_2452.png,1,1,0.9656228691339492,1
train_2473.png,1,1,0.9784798920154572,1
train_2474.png,1,4,0.9487513422966003,1
train_2477.png,1,2,0.9943392932415008,1
train_2484.png,1,0,0.9720512866973877,1
train_2487.png,1,2,0.9089964896440506,1
train_2491.png,1,3,0.9916539609432221,1
train_2496.png,1,0,0.9869774222373963,1
train_2497.png,1,4,0.9887952268123628,1
train_2499.png,1,0,0.9822789758443833,1
train_2503.png,1,1,0.9911622077226638,1
train_2504.png,1,4,0.922598585486412,1
train_2510.png,1,4,0.9669049054384231,1
train_2512.png,1,1,0.997196626663208,1
train_2525.png,1,0,0.9817419350147247,1
train_2542.png,1,3,0.982844853401184,1
train_2545.png,1,0,0.9931119382381439,1
train_2552.png,1,4,0.9916656255722046,1
train_2565.png,1,3,0.9970826953649521,1
train_2566.png,1,0,0.9929510235786437,1
train_2570.png,1,1,0.993215662240982,1
train_2578.png,1,2,0.9785801649093627,1
train_2579.png,1,3,0.9809553891420365,1
train_2580.png,1,0,0.9910002142190933,1
train_2586.png,1,4,0.9912054419517518,1
train_2590.png,1,2,0.9935140371322633,1
train_2591.png,1,3,0.9786756992340089,1
train_2596.png,1,1,0.9898162007331848,1
train_2617.png,1,2,0.97514568567276,1
train_2621.png,1,0,0.9831223100423813,1
train_2624.png,1,4,0.9689684391021728,1
train_2638.png,1,3,0.9936344653367997,1
train_2644.png,1,3,0.9903523713350295,1
train_2645.png,1,0,0.9959829330444336,1
train_2655.png,1,1,0.9950513392686844,1
train_2670.png,1,1,0.9804891765117646,1
train_2672.png,1,2,0.9979612350463868,1
train_2698.png,1,0,0.9895481467247009,1
train_2707.png,1,4,0.991287910938263,1
train_2717.png,1,0,0.9953052133321763,1
train_2722.png,1,3,0.9900464683771133,1
train_2725.png,1,1,0.9926847040653229,1
train_2731.png,1,2,0.9949934154748916,1
train_2736.png,1,3,0.9917699694633484,1
train_2740.png,1,0,0.9899712026119233,1
train_2741.png,1,1,0.957328087091446,1
train_2748.png,1,2,0.9778229296207428,1
train_2767.png,1,4,0.993424141407013,1
train_2781.png,1,0,0.9938625901937485,1
train_2784.png,1,4,0.9972977966070176,1
train_2785.png,1,1,0.9867280066013336,1
train_2786.png,1,2,0.9797603815793992,1
train_2796.png,1,4,0.9733142226934433,1
train_2802.png,1,2,0.9925893068313598,1
train_2809.png,1,4,0.9847969174385071,1
train_2821.png,1,1,0.9922887712717057,1
train_2826.png,1,2,0.993284460902214,1
train_2832.png,1,3,0.9955715358257293,1
train_2836.png,1,1,0.9937968581914902,1
train_2854.png,1,2,0.9905407130718231,1
train_2862.png,1,4,0.9897525668144226,1
train_2865.png,1,0,0.9910856127738953,1
train_2878.png,1,1,0.577521163225174,1
train_2890.png,1,4,0.9866794615983963,1
train_2901.png,1,3,0.9737786114215852,1
train_2906.png,1,0,0.9717204511165618,1
train_2907.png,1,1,0.9984116584062577,1
train_2908.png,1,2,0.9774532973766327,1
train_2909.png,1,4,0.9729611486196519,1
train_2913.png,1,0,0.9879932641983032,1
train_2917.png,1,4,0.9952588200569152,1
train_2918.png,1,1,0.8969546169042588,1
train_2920.png,1,2,0.9919470399618149,1
train_2926.png,1,3,0.9906967014074326,1
train_2928.png,1,0,0.986273130774498,1
train_2929.png,1,4,0.9837118357419967,1
train_2932.png,1,0,0.9793114900588988,1
train_2935.png,1,1,0.9848906934261322,1
train_2936.png,1,2,0.8811997830867767,1
train_2943.png,1,3,0.9706039011478425,1
train_2959.png,1,1,0.9953970074653625,1
train_2973.png,1,2,0.9588256925344467,1
train_3000.png,1,2,0.9944575667381287,1
train_3005.png,1,3,0.9956921368837357,1
train_3008.png,1,2,0.9909799039363861,1
train_3009.png,1,4,0.9833226770162582,1
train_3014.png,1,0,0.9691118210554123,1
train_3015.png,1,1,0.9923872828483582,1
train_3018.png,1,3,0.9843676298856736,1
train_3024.png,1,0,0.9874883890151978,1
train_3034.png,1,2,0.9877850115299225,1
train_3036.png,1,4,0.9933523297309875,1
train_3051.png,1,1,0.9929538249969483,1
train_3067.png,1,3,0.9953102052211762,1
train_3068.png,1,0,0.9852022081613541,1
train_3070.png,1,2,0.9086885452270508,1
train_3077.png,1,4,0.9970761120319366,1
train_3078.png,1,1,0.9979523837566375,1
train_3082.png,1,1,0.9877697348594665,1
train_3084.png,1,3,0.9412431627511978,1
train_3085.png,1,0,0.9844988822937012,1
train_3094.png,1,2,0.9948842763900757,1
train_3097.png,1,4,0.9855225086212158,1
train_3110.png,1,3,0.9959206253290177,1
train_3112.png,1,1,0.9983807176351548,1
train_3115.png,1,2,0.9924178957939148,1
train_3120.png,1,4,0.7767791658639908,1
train_3125.png,1,0,0.9301580429077149,1
train_3133.png,1,3,0.9797479808330536,1
train_3137.png,1,0,0.9943556368350983,1
train_3138.png,1,1,0.9962602525949478,1
train_3146.png,1,2,0.994945776462555,1
train_3151.png,1,0,0.9953375160694122,1
train_3163.png,1,2,0.8206674844026566,1
train_3166.png,1,1,0.9886306196451188,1
train_3174.png,1,2,0.9882673799991607,1
train_3179.png,1,3,0.991091650724411,1
train_3182.png,1,4,0.9803055465221405,1
train_3203.png,1,0,0.9961458772420884,1
train_3211.png,1,1,0.9225277006626129,1
train_3232.png,1,4,0.9798915266990662,1
train_3236.png,1,2,0.9843781679868698,1
train_3240.png,1,3,0.9156565874814987,1
train_3243.png,1,0,0.9738067001104355,1
train_3247.png,1,1,0.7777493894100189,1
train_3268.png,1,4,0.9865056395530701,1
train_3270.png,1,3,0.9852868527173996,1
train_3272.png,1,0,0.9719348579645156,1
train_3279.png,1,1,0.9907062023878098,1
train_3283.png,1,2,0.9843031108379363,1
train_3295.png,1,3,0.9725720643997192,1
train_3299.png,1,3,0.9430654972791672,1
train_3310.png,1,0,0.9899047672748567,1
train_3338.png,1,1,0.987247771024704,1
train_3341.png,1,2,0.9225256383419036,1
train_3343.png,1,4,0.9674455255270005,1
train_3344.png,1,0,0.976676869392395,1
train_3349.png,1,3,0.9791088044643401,1
train_3351.png,1,1,0.996891462802887,1
train_3370.png,1,3,0.9791555225849151,1
train_3379.png,1,2,0.9934229105710983,1
train_3387.png,1,4,0.9901157557964325,1
train_3388.png,1,0,0.99200699031353,1
train_3389.png,1,1,0.9920718312263489,1
train_3403.png,1,4,0.7711168438196182,1
train_3444.png,1,4,0.9713015019893646,1
train_3447.png,1,2,0.9969508767127991,1
train_3448.png,1,4,0.9560904204845428,1
train_3452.png,1,4,0.9972958832979202,1
train_3455.png,1,3,0.9491315513849259,1
train_3456.png,1,1,0.936190539598465,1
train_3465.png,1,3,0.981106436252594,1
train_3468.png,1,0,0.988542827963829,1
train_3487.png,1,2,0.9874927490949631,1
train_3491.png,1,1,0.9604184418916701,1
train_3518.png,1,4,0.9937742948532104,1
train_3529.png,1,4,0.9810261547565461,1
train_3530.png,1,0,0.9965040981769562,1
train_3542.png,1,2,0.998239466547966,1
train_3558.png,1,4,0.9874019920825958,1
train_3559.png,1,0,0.9961630046367645,1
train_3572.png,1,1,0.9955640494823457,1
train_3575.png,1,2,0.9659699320793151,1
train_3576.png,1,3,0.9817389667034149,1
train_3578.png,1,4,0.9776847392320633,1
train_3596.png,1,1,0.9868750303983689,1
train_3606.png,1,2,0.9965488821268081,1
train_3608.png,1,3,0.9609824895858765,1
train_3612.png,1,2,0.9795213341712952,1
train_3617.png,1,0,0.9929294586181641,1
train_3620.png,1,3,0.9969761073589325,1
train_3623.png,1,1,0.9850162744522094,1
train_3630.png,1,4,0.9272283554077149,1
train_3637.png,1,0,0.9872475922107697,1
train_3649.png,1,1,0.9610924631357193,1
train_3663.png,1,4,0.9600505948066711,1
train_3670.png,1,0,0.9932482004165649,1
train_3678.png,1,2,0.9887702584266662,1
train_3707.png,1,4,0.9611024022102356,1
train_3715.png,1,0,0.949958798289299,1
train_3732.png,1,2,0.9901291787624359,1
train_3746.png,1,1,0.9649958819150926,1
train_3750.png,1,3,0.973584419488907,1
train_3756.png,1,4,0.9914287954568862,1
train_3768.png,1,0,0.9587545573711396,1
train_3770.png,1,1,0.2851817414164543,0
train_3778.png,1,2,0.9937703877687454,1
train_3785.png,1,3,0.9918282777070999,1
train_3789.png,1,3,0.9849866271018982,1
train_3790.png,1,0,0.9932387739419937,1
train_3797.png,1,1,0.9700716555118561,1
train_3809.png,1,2,0.9915924072265625,1
train_3810.png,1,4,0.9948508918285369,1
train_3811.png,1,2,0.9922261238098145,1
train_3812.png,1,3,0.9854914993047714,1
train_3816.png,1,0,0.860754331946373,1
train_3820.png,1,4,0.992022168636322,1
train_3826.png,1,2,0.9986297369003296,1
train_3842.png,1,4,0.9658242344856263,1
train_3844.png,1,1,0.9958048403263092,1
train_3847.png,1,4,0.9855205178260803,1
train_3851.png,1,1,0.9713779568672181,1
train_3854.png,1,0,0.992070996761322,1
train_3865.png,1,2,0.46854068636894225,1
train_3869.png,1,3,0.9875851631164552,1
train_3877.png,1,1,0.9974019467830658,1
train_3890.png,1,0,0.944034656882286,1
train_3892.png,1,1,0.9745928704738618,1
train_3893.png,1,2,0.9957964599132538,1
train_3894.png,1,3,0.985345122218132,1
train_3895.png,1,4,0.9970608234405518,1
train_3907.png,1,0,0.9811041414737701,1
train_3941.png,1,2,0.962764909863472,1
train_3955.png,1,4,0.9948663532733917,1
train_3956.png,1,2,0.9959284007549286,1
train_3959.png,1,3,0.8629537761211395,1
train_3963.png,1,4,0.9855447620153427,1
train_3970.png,1,1,0.9919978022575379,1
train_3973.png,1,4,0.9802502810955047,1
train_3978.png,1,0,0.994833105802536,1
train_3979.png,1,2,0.9950583577156067,1
train_3991.png,1,3,0.9869226872920991,1
train_3993.png,1,4,0.9828968405723573,1
train_3998.png,1,1,0.9928918898105622,1
train_4001.png,1,2,0.9825257241725922,1
train_4006.png,1,0,0.9732891142368316,1
train_4014.png,1,3,0.9681613862514495,1
train_4016.png,1,4,0.9809058010578156,1
train_4023.png,1,1,0.9906753301620483,1
train_4026.png,1,3,0.9389446586370468,1
train_4029.png,1,3,0.9210751175880433,1
train_4030.png,1,2,0.9929671466350556,1
train_4036.png,1,0,0.9904312521219254,1
train_4043.png,1,4,0.9828642129898072,1
train_4046.png,1,1,0.9729147762060166,1
train_4051.png,1,0,0.9904181063175201,1
train_4058.png,1,2,0.9888937383890153,1
train_4062.png,1,0,0.9924428582191467,1
train_4064.png,1,3,0.9501942157745361,1
train_4067.png,1,4,0.9968160778284073,1
train_4083.png,1,0,0.9812079161405564,1
train_4086.png,1,3,0.9823600083589554,1
train_4090.png,1,1,0.958723396062851,1
train_4104.png,1,2,0.8291054129600525,1
train_4105.png,1,3,0.992916676402092,1
train_4111.png,1,4,0.980041167140007,1
train_4117.png,1,1,0.9944057881832122,1
train_4125.png,1,3,0.7723552763462067,1
train_4132.png,1,2,0.9633518517017364,1
train_4145.png,1,4,0.9959974110126495,1
train_4146.png,1,1,0.9633460402488709,1
train_4147.png,1,4,0.9807329833507539,1
train_4153.png,1,0,0.9906353682279587,1
train_4157.png,1,2,0.9506565064191819,1
train_4158.png,1,3,0.9941860020160675,1
train_4160.png,1,4,0.9854108721017838,1
train_4162.png,1,4,0.984127989411354,1
train_4170.png,1,0,0.8423118710517884,1
train_4171.png,1,1,0.9875544846057892,1
train_4182.png,1,3,0.9691424995660781,1
train_4192.png,1,3,0.8301975965499878,1
train_4194.png,1,3,0.9777918457984924,1
train_4212.png,1,4,0.9922313749790191,1
train_4218.png,1,0,0.9969318270683288,1
train_4243.png,1,3,0.9383525252342224,1
train_4245.png,1,1,0.9329940736293793,1
train_4249.png,1,2,0.9855009496212006,1
train_4262.png,1,3,0.9826797366142273,1
train_4266.png,1,4,0.9442856132984162,1
train_4269.png,1,1,0.9843481361865997,1
train_4276.png,1,2,0.9894899189472198,1
train_4294.png,1,1,0.991389274597168,1
train_4297.png,1,4,0.9806734889745712,1
train_4301.png,1,3,0.9595639050006867,1
train_4304.png,1,0,0.9917469084262848,1
train_4312.png,1,1,0.9807995140552521,1
train_4321.png,1,4,0.9897374957799911,1
train_4328.png,1,1,0.9959096193313598,1
train_4335.png,1,4,0.9733061194419861,1
train_4340.png,1,0,0.9728392660617828,1
train_4346.png,1,2,0.9816976249217987,1
train_4347.png,1,3,0.984309384226799,1
train_4349.png,1,1,0.9718650072813034,1
train_4354.png,1,2,0.9972707033157349,1
train_4357.png,1,4,0.9509823501110076,1
train_4358.png,1,0,0.9904419302940368,1
train_4366.png,1,3,0.9882045030593872,1
train_4372.png,1,1,0.9748177170753479,1
train_4381.png,1,2,0.9946997106075287,1
train_4382.png,1,2,0.9918612897396087,1
train_4383.png,1,0,0.973275426030159,1
train_4386.png,1,4,0.9846315622329711,1
train_4395.png,1,0,0.9966706335544586,1
train_4406.png,1,1,0.9738473832607268,1
train_4407.png,1,2,0.9816864877939224,1
train_4416.png,1,3,0.990727099776268,1
train_4431.png,1,3,0.9852376461029053,1
train_4432.png,1,4,0.6694452732801437,1
train_4440.png,1,3,0.9901463896036149,1
train_4441.png,1,3,0.9954165428876877,1
train_4443.png,1,0,0.9920924156904221,1
train_4447.png,1,0,0.9929300844669342,1
train_4451.png,1,2,0.9904750347137452,1
train_4452.png,1,4,0.9808722972869873,1
train_4465.png,1,3,0.9926164180040359,1
train_4476.png,1,0,0.9796410858631134,1
train_4482.png,1,1,0.9451367110013962,1
train_4494.png,1,4,0.9766783386468888,1
train_4496.png,1,1,0.9331891179084778,1
train_4501.png,1,3,0.9834170639514923,1
train_4503.png,1,0,0.9879550218582154,1
train_4512.png,1,2,0.955815002322197,1
train_4517.png,1,4,0.8173487275838852,1
train_4523.png,1,4,0.9855273723602295,1
train_4529.png,1,0,0.9606283128261567,1
train_4533.png,1,1,0.9965201944112778,1
train_4539.png,1,3,0.9909677028656007,1
train_4545.png,1,4,0.9813037484884262,1
train_4551.png,1,2,0.9864612817764282,1
train_4560.png,1,1,0.9947072207927704,1
train_4565.png,1,0,0.9902396947145462,1
train_4567.png,1,3,0.9831743597984315,1
train_4573.png,1,4,0.9660157024860382,1
train_4580.png,1,2,0.6677441626787186,1
train_4591.png,1,0,0.9934274584054947,1
train_4593.png,1,3,0.9668153107166291,1
train_4594.png,1,4,0.9614729702472687,1
train_4595.png,1,0,0.9884263008832932,1
train_4602.png,1,2,0.9951553583145142,1
train_4604.png,1,3,0.986903202533722,1
train_4609.png,1,4,0.9775149911642075,1
train_4614.png,1,0,0.9925852686166763,1
train_4622.png,1,3,0.986626386642456,1
train_4624.png,1,1,0.9914941489696503,1
train_4626.png,1,2,0.9955687701702118,1
train_4631.png,1,0,0.9805719941854477,1
train_4638.png,1,4,0.9956152558326722,1
train_4648.png,1,0,0.9963920950889588,1
train_4653.png,1,0,0.9952027082443238,1
train_4655.png,1,1,0.9802478551864624,1
train_4664.png,1,2,0.9306741386651993,1
train_4681.png,1,2,0.9570584416389466,1
train_4692.png,1,4,0.1302902154624462,0
train_4694.png,1,0,0.6717689722776413,1
train_4699.png,1,1,0.9962250351905823,1
train_4724.png,1,3,0.984260356426239,1
train_4726.png,1,2,0.9759665131568909,1
train_4728.png,1,4,0.6936076939105987,1
train_4729.png,1,0,0.991397687792778,1
train_4730.png,1,1,0.9735382020473481,1
train_4731.png,1,3,0.9955079972743988,1
train_4736.png,1,2,0.9974353224039078,1
train_4750.png,1,4,0.1891729399561882,0
train_4762.png,1,2,0.992843434214592,1
train_4768.png,1,1,0.9898508995771408,1
train_4771.png,1,0,0.977378785610199,1
train_4776.png,1,4,0.9887552052736283,1
train_4799.png,1,3,0.989076054096222,1
train_4810.png,1,4,0.9912348777055741,1
train_4815.png,1,3,0.9860004305839538,1
train_4817.png,1,0,0.6009436964988708,1
train_4819.png,1,1,0.9942034274339676,1
train_4820.png,1,2,0.9973792403936387,1
train_4822.png,1,2,0.996763962507248,1
train_4826.png,1,2,0.9256690919399262,1
train_4832.png,1,2,0.9958901971578599,1
train_4834.png,1,0,0.9716580986976624,1
train_4845.png,1,3,0.9919569969177245,1
train_4868.png,1,1,0.4588708057999611,1
train_4889.png,1,0,0.9701733261346817,1
train_4893.png,1,1,0.7815844476222992,1
train_4906.png,1,3,0.8114011079072952,1
train_4910.png,1,2,0.998466432094574,1
train_4915.png,1,3,0.986356782913208,1
train_4923.png,1,4,0.9934729367494584,1
train_4924.png,1,0,0.9966233044862747,1
train_4928.png,1,3,0.9933155655860901,1
train_4936.png,1,2,0.9964558869600296,1
train_4939.png,1,3,0.9319993257522583,1
train_4945.png,1,4,0.5719692185521126,1
train_4947.png,1,0,0.9938652515411377,1
train_4952.png,1,1,0.9856770694255829,1
train_4953.png,1,2,0.997927388548851,1
train_4954.png,1,3,0.9923103213310241,1
train_4957.png,1,4,0.9716403037309647,1
train_4971.png,1,0,0.9861871868371963,1
train_4975.png,1,1,0.9471956908702851,1
train_4976.png,1,4,0.9772243320941925,1
train_4982.png,1,2,0.9792044430971145,1
train_4983.png,1,3,0.896882051229477,1
train_4985.png,1,0,0.9721019357442856,1
train_4991.png,1,1,0.976802009344101,1
train_4998.png,1,2,0.9633114457130432,1
train_5024.png,1,3,0.965479177236557,1
train_5040.png,1,1,0.9854884147644043,1
train_5051.png,1,4,0.9633078753948211,1
train_5055.png,1,3,0.9904598742723465,1
train_5056.png,1,0,0.9726480662822724,1
train_5057.png,1,4,0.9764066070318222,1
train_5059.png,1,0,0.9937036305665969,1
train_5063.png,1,1,0.9798123717308044,1
train_5072.png,1,1,0.9115968525409698,1
train_5076.png,1,3,0.9750332534313202,1
train_5084.png,1,0,0.9500313848257065,1
train_5088.png,1,3,0.9673232883214951,1
train_5090.png,1,4,0.9974420875310898,1
train_5092.png,1,1,0.9819314897060395,1
train_5100.png,1,0,0.9784957051277161,1
train_5107.png,1,1,0.9734643995761871,1
train_5113.png,1,3,0.993941006064415,1
train_5119.png,1,4,0.9982706397771836,1
train_5120.png,1,4,0.9881825864315034,1
train_5122.png,1,2,0.9946554750204086,1
train_5126.png,1,0,0.9784341037273407,1
train_5128.png,1,1,0.9836352348327637,1
train_5133.png,1,3,0.9742523789405823,1
train_5151.png,1,0,0.9811481624841689,1
train_5154.png,1,2,0.9817715167999268,1
train_5159.png,1,2,0.9822398483753205,1
train_5164.png,1,2,0.9265242010354996,1
train_5165.png,1,3,0.9935288459062577,1
train_5173.png,1,1,0.9828681498765945,1
train_5179.png,1,0,0.9943384617567063,1
train_5183.png,1,1,0.9930351078510284,1
train_5190.png,1,1,0.9807731449604034,1
train_5191.png,1,3,0.9671976834535598,1
train_5192.png,1,4,0.98030646443367,1
train_5200.png,1,0,0.986757716536522,1
train_5207.png,1,1,0.9964835673570633,1
train_5208.png,1,2,0.9952644169330597,1
train_5215.png,1,3,0.9752273887395859,1
train_0014.png,0,4,0.021016533463262023,0
train_0019.png,0,3,0.04547030236572027,0
train_0024.png,0,0,0.029550429526716472,0
train_0029.png,0,0,0.0910443477332592,0
train_0038.png,0,2,0.049173076078295706,0
train_0039.png,0,4,0.09642277918756008,0
train_0045.png,0,4,0.007483032252639532,0
train_0047.png,0,1,0.0739399278536439,0
train_0053.png,0,4,0.09450560659170151,0
train_0055.png,0,1,0.041865087626501915,0
train_0056.png,0,2,0.0445529542863369,0
train_0064.png,0,1,0.043985713645815855,0
train_0088.png,0,4,0.05180759504437447,0
train_0101.png,0,0,0.025670611672103404,0
train_0104.png,0,0,0.03719445988535881,0
train_0119.png,0,1,0.038064826466143134,0
train_0138.png,0,0,0.03835840253159403,0
train_0139.png,0,0,0.02652477454394102,0
train_0148.png,0,2,0.07154971323907376,0
train_0150.png,0,0,0.02217260301113129,0
train_0155.png,0,0,0.03500452917069197,0
train_0166.png,0,3,0.10958946347236634,0
train_0177.png,0,1,0.10200024247169495,0
train_0193.png,0,4,0.026997358351945874,0
train_0208.png,0,2,0.027239764481782912,0
train_0216.png,0,1,0.02424311116337776,0
train_0220.png,0,2,0.013321682345122099,0
train_0228.png,0,1,0.06869130935519933,0
train_0229.png,0,2,0.09838032871484756,0
train_0235.png,0,2,0.06672179959714412,0
train_0239.png,0,4,0.016929108742624523,0
train_0246.png,0,4,0.045801115408539775,0
train_0247.png,0,0,0.02894529411569238,0
train_0259.png,0,4,0.0365230755880475,0
train_0260.png,0,3,0.0650848200544715,0
train_0265.png,0,4,0.034977242536842826,0
train_0270.png,0,3,0.032069912552833556,0
train_0275.png,0,4,0.01542615881189704,0
train_0277.png,0,2,0.016006317874416708,0
train_0281.png,0,4,0.04722524583339691,0
train_0287.png,0,1,0.02257202761247754,0
train_0296.png,0,4,0.029389807023108006,0
train_0299.png,0,0,0.04441652577370405,0
train_0319.png,0,0,0.08142485730350019,0
train_0325.png,0,4,0.01811579689383507,0
train_0338.png,0,2,0.021677295630797743,0
train_0339.png,0,4,0.09383874814957381,0
train_0341.png,0,0,0.18897527307271958,0
train_0355.png,0,3,0.03526173643767834,0
train_0356.png,0,0,0.04645556844770909,0
train_0361.png,0,3,0.04011597018688917,0
train_0362.png,0,4,0.03193279430270195,0
train_0366.png,0,4,0.020654584700241688,0
train_0369.png,0,0,0.06527975089848041,0
train_0370.png,0,2,0.03468023594468832,0
train_0372.png,0,4,0.016767846816219387,0
train_0377.png,0,2,0.03770317789167166,0
train_0379.png,0,3,0.05314532238990068,0
train_0386.png,0,1,0.025058212596923115,0
train_0396.png,0,0,0.043595686182379724,0
train_0400.png,0,3,0.04873548559844494,0
train_0403.png,0,0,0.04095369763672352,0
train_0409.png,0,1,0.021477924194186926,0
train_0420.png,0,4,0.028022086480632424,0
train_0425.png,0,4,0.0390603362582624,0
train_0435.png,0,4,0.028467182442545893,0
train_0448.png,0,3,0.020764994993805887,0
train_0473.png,0,1,0.025171415647491813,0
train_0474.png,0,4,0.05173475258052349,0
train_0494.png,0,2,0.061103037744760516,0
train_0496.png,0,3,0.03926589880138636,0
train_0500.png,0,2,0.022206571232527495,0
train_0503.png,0,1,0.0228473711758852,0
train_0508.png,0,0,0.03794779554009438,0
train_0519.png,0,0,0.042477027699351314,0
train_0520.png,0,1,0.032245634496212004,0
train_0521.png,0,0,0.045657049492001535,0
train_0524.png,0,1,0.20102260634303093,0
train_0534.png,0,2,0.2261262834072113,0
train_0555.png,0,1,0.026010867021977902,0
train_0556.png,0,1,0.052316902391612526,0
train_0559.png,0,4,0.00849281067494303,0
train_0562.png,0,3,0.06224406659603118,0
train_0586.png,0,4,0.06876259632408618,0
train_0588.png,0,0,0.05057999733835459,0
train_0589.png,0,0,0.026455279672518373,0
train_0592.png,0,2,0.015700624184682967,0
train_0594.png,0,4,0.0456431551836431,0
train_0596.png,0,0,0.056834373809397216,0
train_0601.png,0,0,0.10123535953462123,0
train_0602.png,0,0,0.04127260819077492,0
train_0613.png,0,1,0.04105724859982729,0
train_0614.png,0,3,0.04189914623275399,0
train_0616.png,0,4,0.029041701648384332,0
train_0633.png,0,3,0.1272752322256565,0
train_0634.png,0,1,0.055963804759085176,0
train_0636.png,0,4,0.05315050110220909,0
train_0649.png,0,4,0.08539221566170455,0
train_0657.png,0,1,0.04410581570118666,0
train_0660.png,0,1,0.08031550571322442,0
train_0680.png,0,2,0.030198686011135574,0
train_0695.png,0,1,0.041888510808348656,0
train_0701.png,0,4,0.0811612268909812,0
train_0704.png,0,4,0.023747342545539143,0
train_0706.png,0,3,0.028637507185339927,0
train_0718.png,0,4,0.08376251477748156,0
train_0721.png,0,1,0.023858331004157664,0
train_0722.png,0,2,0.03623986225575209,0
train_0733.png,0,0,0.023098859563469885,0
train_0740.png,0,1,0.044158107787370685,0
train_0749.png,0,4,0.05260926652699709,0
train_0768.png,0,4,0.027968220342881978,0
train_0779.png,0,4,0.02299649976193905,0
train_0812.png,0,3,0.03473419630900025,0
train_0818.png,0,1,0.03827999196946621,0
train_0824.png,0,4,0.01606181692332029,0
train_0833.png,0,4,0.028478026995435356,0
train_0835.png,0,3,0.08606635518372059,0
train_0840.png,0,0,0.29646660983562473,0
train_0841.png,0,4,0.25392794236540794,0
train_0843.png,0,4,0.07788330577313901,0
train_0852.png,0,0,0.3516292661428452,0
train_0857.png,0,4,0.06254453174769878,0
train_0860.png,0,1,0.070393069088459,0
train_0863.png,0,4,0.041997988987714056,0
train_0867.png,0,4,0.10348789729177951,0
train_0868.png,0,4,0.022746733389794827,0
train_0871.png,0,1,0.022162199672311547,0
train_0873.png,0,2,0.11803137343376874,0
train_0888.png,0,0,0.07039450705051423,0
train_0889.png,0,1,0.13424843437969683,0
train_0891.png,0,3,0.06227919310331345,0
train_0900.png,0,0,0.01759366476908326,0
train_0914.png,0,2,0.026228008978068828,0
train_0916.png,0,0,0.6968882128596305,1
train_0919.png,0,2,0.012408869713544846,0
train_0920.png,0,3,0.08463634587824344,0
train_0925.png,0,3,0.053706607222557066,0
train_0926.png,0,3,0.1011775739490986,0
train_0944.png,0,4,0.04302118243649602,0
train_0946.png,0,1,0.1695829950273037,0
train_0948.png,0,4,0.02192148454487324,0
train_0962.png,0,0,0.03455752339214087,0
train_0963.png,0,1,0.09541529230773449,0
train_0966.png,0,4,0.020775734260678292,0
train_0970.png,0,2,0.028387035941705108,0
train_0992.png,0,2,0.024907198222354054,0
train_0993.png,0,0,0.07869468592107295,0
train_0994.png,0,4,0.032617497351020576,0
train_0996.png,0,4,0.041351604368537666,0
train_1012.png,0,0,0.06143378745764494,0
train_1015.png,0,4,0.02026708638295531,0
train_1020.png,0,0,0.1252550020813942,0
train_1026.png,0,4,0.01564395425375551,0
train_1036.png,0,3,0.1833210751414299,0
train_1038.png,0,0,0.030486174300312995,0
train_1052.png,0,1,0.07751997355371713,0
train_1053.png,0,2,0.027791118063032624,0
train_1054.png,0,1,0.03008235599845648,0
train_1055.png,0,4,0.08429091982543468,0
train_1056.png,0,3,0.03193631386384368,0
train_1059.png,0,0,0.027943226601928474,0
train_1061.png,0,2,0.021010351832956076,0
train_1064.png,0,4,0.06647353954613208,0
train_1065.png,0,4,0.04672045912593603,0
train_1069.png,0,2,0.019340867456048728,0
train_1071.png,0,3,0.024681123718619347,0
train_1072.png,0,3,0.03180481195449829,0
train_1080.png,0,1,0.14548096805810928,0
train_1082.png,0,4,0.16636500284075736,0
train_1084.png,0,3,0.07946576960384846,0
train_1093.png,0,4,0.09934024326503277,0
train_1098.png,0,4,0.029937156778760257,0
train_1105.png,0,0,0.08245957400649785,0
train_1108.png,0,4,0.19614030588418244,0
train_1110.png,0,1,0.023466866370290516,0
train_1116.png,0,1,0.03176142908632755,0
train_1122.png,0,2,0.027864137850701808,0
train_1124.png,0,4,0.018963764142245054,0
train_1134.png,0,4,0.01626956961117685,0
train_1138.png,0,3,0.06908492296934128,0
train_1142.png,0,0,0.03356296718120575,0
train_1146.png,0,0,0.033136983122676614,0
train_1152.png,0,0,0.06201491430401802,0
train_1153.png,0,1,0.03667779061943292,0
train_1154.png,0,2,0.02346292370930314,0
train_1156.png,0,3,0.031082652509212494,0
train_1166.png,0,4,0.02510737315751612,0
train_1176.png,0,0,0.038765521906316276,0
train_1183.png,0,2,0.03562524383887648,0
train_1185.png,0,1,0.04258825052529574,0
train_1190.png,0,0,0.0612310566008091,0
train_1211.png,0,4,0.06896075271070004,0
train_1215.png,0,1,0.043762185238301755,0
train_1216.png,0,2,0.03371877931058407,0
train_1217.png,0,3,0.025111876800656317,0
train_1220.png,0,0,0.04059345005080104,0
train_1225.png,0,3,0.0349549962207675,0
train_1243.png,0,4,0.05203035324811935,0
train_1246.png,0,3,0.04537769258022308,0
train_1260.png,0,0,0.042682779021561146,0
train_1261.png,0,0,0.06360364072024823,0
train_1263.png,0,4,0.03984709456562996,0
train_1271.png,0,0,0.037946528382599355,0
train_1277.png,0,4,0.13243546932935715,0
train_1285.png,0,3,0.0639708673581481,0
train_1289.png,0,0,0.034674471803009504,0
train_1299.png,0,4,0.016227165702730417,0
train_1303.png,0,4,0.02202863283455372,0
train_1314.png,0,0,0.022984278760850428,0
train_1318.png,0,3,0.02834947919473052,0
train_1322.png,0,1,0.07719152010977268,0
train_1327.png,0,3,0.12342484518885612,0
train_1328.png,0,4,0.06155455894768238,0
train_1334.png,0,3,0.2766625374555588,0
train_1336.png,0,1,0.1683374933898449,0
train_1347.png,1,1,0.987617802619934,1
train_1358.png,1,3,0.98926100730896,1
train_1359.png,1,0,0.9561136245727538,1
train_1364.png,1,2,0.9939637869596482,1
train_1374.png,1,3,0.9508333891630173,1
train_1389.png,1,1,0.9944992959499359,1
train_1393.png,1,4,0.994905811548233,1
train_1395.png,1,0,0.7986794859170914,1
train_1400.png,1,1,0.9516755700111389,1
train_1403.png,1,3,0.990485692024231,1
train_1413.png,1,1,0.9482232809066772,1
train_1427.png,1,3,0.9959536671638489,1
train_1435.png,1,1,0.9480461329221725,1
train_1438.png,1,0,0.992133691906929,1
train_1443.png,1,4,0.9674464702606201,1
train_1463.png,1,2,0.9969611048698426,1
train_1468.png,1,0,0.9529660671949387,1
train_1483.png,1,1,0.9924510180950166,1
train_1486.png,1,3,0.9905640363693238,1
train_1501.png,1,0,0.9684766471385956,1
train_1506.png,1,3,0.9948392987251282,1
train_1509.png,1,1,0.9918005943298339,1
train_1524.png,1,3,0.9834851801395417,1
train_1537.png,1,0,0.9754765897989273,1
train_1544.png,1,4,0.9712852925062179,1
train_1552.png,1,4,0.9515118151903152,1
train_1553.png,1,3,0.974621856212616,1
train_1554.png,1,3,0.9629007667303086,1
train_1565.png,1,1,0.9259405434131622,1
train_1567.png,1,4,0.9919684112071991,1
train_1571.png,1,3,0.9701955258846283,1
train_1578.png,1,3,0.9865768909454347,1
train_1581.png,1,2,0.9575701296329499,1
train_1587.png,1,1,0.980592080950737,1
train_1590.png,1,2,0.9939332872629165,1
train_1603.png,1,4,0.9929359376430512,1
train_1608.png,1,2,0.9935576915740967,1
train_1611.png,1,4,0.8694787174463272,1
train_1615.png,1,3,0.5746852576732636,1
train_1617.png,1,0,0.9779008239507675,1
train_1622.png,1,0,0.9952729344367981,1
train_1625.png,1,2,0.9720390379428863,1
train_1627.png,1,3,0.9447699189186096,1
train_1632.png,1,2,0.9966742873191833,1
train_1635.png,1,4,0.9705690860748291,1
train_1638.png,1,3,0.9878009557723999,1
train_1647.png,1,2,0.993330043554306,1
train_1648.png,1,3,0.9723080098628998,1
train_1651.png,1,4,0.50694819688797,1
train_1656.png,1,4,0.9974160045385361,1
train_1668.png,1,4,0.9675409853458405,1
train_1671.png,1,1,0.9707835584878921,1
train_1675.png,1,4,0.9932765573263169,1
train_1686.png,1,0,0.9951048612594605,1
train_1695.png,1,0,0.9757946819067002,1
train_1698.png,1,2,0.6799551367759705,1
train_1707.png,1,0,0.9853734374046326,1
train_1730.png,1,3,0.992259070277214,1
train_1744.png,1,1,0.9465599954128265,1
train_1755.png,1,0,0.9559116095304488,1
train_1757.png,1,2,0.9740616410970688,1
train_1769.png,1,4,0.4819806128740311,1
train_1777.png,1,3,0.9333214521408082,1
train_1786.png,1,1,0.9971683979034424,1
train_1796.png,1,1,0.9952377110719681,1
train_1811.png,1,2,0.9588444232940674,1
train_1821.png,1,1,0.9984344601631164,1
train_1834.png,1,0,0.9933704555034637,1
train_1848.png,1,2,0.9741765618324281,1
train_1860.png,1,0,0.9853596746921539,1
train_1869.png,1,1,0.9558300673961639,1
train_1874.png,1,0,0.8991996884346009,1
train_1878.png,1,3,0.9745498418807983,1
train_1881.png,1,0,0.9798074096441269,1
train_1895.png,1,3,0.9886733382940291,1
train_1896.png,1,4,0.6365907937288284,1
train_1898.png,1,3,0.9542874544858932,1
train_1899.png,1,2,0.9746042758226395,1
train_1904.png,1,3,0.9696512222290039,1
train_1909.png,1,3,0.9880049318075179,1
train_1914.png,1,3,0.9940200626850128,1
train_1918.png,1,0,0.9382704347372055,1
train_1926.png,1,0,0.9705229043960572,1
train_1933.png,1,1,0.9769304871559144,1
train_1956.png,1,3,0.9800262302160263,1
train_1959.png,1,0,0.9803373008966446,1
train_1963.png,1,3,0.9825072705745698,1
train_1964.png,1,4,0.9837469220161438,1
train_1966.png,1,4,0.9868404150009156,1
train_1973.png,1,0,0.9285514116287231,1
train_1975.png,1,1,0.8634018123149871,1
train_1989.png,1,1,0.992160850763321,1
train_2007.png,1,0,0.9968481838703156,1
train_2011.png,1,3,0.9806572496891022,1
train_2021.png,1,3,0.9870653748512268,1
train_2026.png,1,4,0.987234926223755,1
train_2036.png,1,3,0.7935150057077408,1
train_2040.png,1,4,0.9874686837196349,1
train_2042.png,1,3,0.9824062943458557,1
train_2045.png,1,1,0.9730094909667969,1
train_2047.png,1,4,0.9935051947832108,1
train_2055.png,1,3,0.9915087938308715,1
train_2063.png,1,3,0.9570954203605653,1
train_2064.png,1,4,0.9299989342689514,1
train_2086.png,1,2,0.862680047750473,1
train_2092.png,1,4,0.9508682668209075,1
train_2097.png,1,2,0.9874070167541504,1
train_2098.png,1,3,0.9430782645940781,1
train_2107.png,1,2,0.9821955293416976,1
train_2111.png,1,0,0.9834346532821655,1
train_2112.png,1,3,0.9855365455150604,1
train_2117.png,1,3,0.9885720580816268,1
train_2125.png,1,4,0.9686474591493606,1
train_2151.png,1,3,0.9487609744071961,1
train_2154.png,1,4,0.9841117441654206,1
train_2163.png,1,4,0.9050768852233887,1
train_2167.png,1,3,0.820875409245491,1
train_2173.png,1,3,0.9843449920415878,1
train_2179.png,1,3,0.9166897594928741,1
train_2180.png,1,0,0.9843577325344086,1
train_2184.png,1,2,0.9936061412096024,1
train_2186.png,1,4,0.9298229962587357,1
train_2197.png,1,1,0.9774668455123902,1
train_2204.png,1,3,0.974444180727005,1
train_2205.png,1,1,0.9622114330530167,1
train_2221.png,1,3,0.9695028901100159,1
train_2222.png,1,3,0.7834082841873169,1
train_2223.png,1,4,0.8748470127582549,1
train_2233.png,1,1,0.5034116253256797,1
train_2252.png,1,1,0.688051736354828,1
train_2256.png,1,2,0.9850934267044067,1
train_2259.png,1,4,0.8816893994808197,1
train_2260.png,1,0,0.9838478296995163,1
train_2266.png,1,2,0.9087906330823898,1
train_2268.png,1,3,0.9654522895812988,1
train_2269.png,1,1,0.9019891291856766,1
train_2271.png,1,0,0.9529416620731354,1
train_2272.png,1,2,0.9613869994878769,1
train_2275.png,1,1,0.9050276279449463,1
train_2276.png,1,2,0.9758105158805848,1
train_2285.png,1,1,0.9480163574218751,1
train_2290.png,1,0,0.9912107825279236,1
train_2299.png,1,0,0.9681027352809906,1
train_2327.png,1,1,0.9887533992528915,1
train_2333.png,1,3,0.9719470232725144,1
train_2336.png,1,0,0.9794874429702759,1
train_2340.png,1,1,0.7101117014884949,1
train_2343.png,1,4,0.7358077436685562,1
train_2346.png,1,1,0.982439625263214,1
train_2348.png,1,3,0.9779232144355774,1
train_2349.png,1,2,0.9934690713882446,1
train_2352.png,1,3,0.9883427232503891,1
train_2358.png,1,2,0.969571390748024,1
train_2363.png,1,3,0.9838547170162202,1
train_2364.png,1,1,0.9912107557058334,1
train_2375.png,1,0,0.7993893980979919,1
train_2379.png,1,2,0.9938014417886735,1
train_2380.png,1,1,0.9757100254297256,1
train_2382.png,1,2,0.9618603259325027,1
train_2399.png,1,2,0.9919875651597977,1
train_2400.png,1,4,0.5931676045060158,1
train_2407.png,1,2,0.9846883594989776,1
train_2419.png,1,4,0.9857749581336975,1
train_2429.png,1,4,0.9758253157138824,1
train_2446.png,1,1,0.9684149146080017,1
train_2465.png,1,2,0.9943446844816207,1
train_2471.png,1,2,0.9978258341550827,1
train_2472.png,1,0,0.9600511133670806,1
train_2485.png,1,4,0.9804588377475738,1
train_2486.png,1,1,0.9585416913032532,1
train_2490.png,1,0,0.9836170762777329,1
train_2500.png,1,4,0.9267304658889771,1
train_2508.png,1,1,0.9631792217493057,1
train_2517.png,1,1,0.995051321387291,1
train_2547.png,1,3,0.9680844843387604,1
train_2549.png,1,0,0.9725403785705566,1
train_2561.png,1,1,0.9863818645477296,1
train_2562.png,1,0,0.9875101238489151,1
train_2567.png,1,4,0.9886686235666274,1
train_2571.png,1,1,0.8260078251361848,1
train_2582.png,1,1,0.986715516448021,1
train_2585.png,1,4,0.9915021985769272,1
train_2587.png,1,3,0.9941523849964142,1
train_2594.png,1,1,0.9214485168457031,1
train_2600.png,1,0,0.9972066909074784,1
train_2605.png,1,1,0.9883185446262359,1
train_2606.png,1,2,0.9834214210510254,1
train_2612.png,1,2,0.9950475305318832,1
train_2613.png,1,3,0.9310349315404892,1
train_2623.png,1,0,0.9689919799566269,1
train_2628.png,1,4,0.9829127997159958,1
train_2631.png,1,2,0.9569018691778183,1
train_2632.png,1,3,0.9928162127733231,1
train_2636.png,1,2,0.9769366711378098,1
train_2652.png,1,4,0.9919871032238007,1
train_2656.png,1,1,0.9862358659505844,1
train_2659.png,1,3,0.97059645652771,1
train_2669.png,1,2,0.9946069061756133,1
train_2671.png,1,2,0.9952512085437775,1
train_2683.png,1,2,0.9287244796752929,1
train_2689.png,1,4,0.9794347405433655,1
train_2692.png,1,3,0.9203987747430802,1
train_2693.png,1,3,0.8935805112123489,1
train_2694.png,1,0,0.9621811151504517,1
train_2703.png,1,4,0.9304253935813904,1
train_2705.png,1,1,0.9831967622041702,1
train_2706.png,1,2,0.9681382715702057,1
train_2708.png,1,3,0.990242201089859,1
train_2715.png,1,3,0.9927018105983734,1
train_2733.png,1,1,0.9837117731571198,1
train_2738.png,1,1,0.9978711038827897,1
train_2742.png,1,3,0.9924049556255341,1
train_2746.png,1,3,0.9961824119091034,1
train_2749.png,1,0,0.9956758409738541,1
train_2758.png,1,1,0.8834200441837311,1
train_2760.png,1,2,0.981448233127594,1
train_2764.png,1,2,0.9949950933456421,1
train_2765.png,1,0,0.9910906553268433,1
train_2775.png,1,3,0.9733759552240372,1
train_2779.png,1,2,0.9932700812816619,1
train_2790.png,1,1,0.9584419786930085,1
train_2794.png,1,4,0.988497006893158,1
train_2795.png,1,1,0.9965480595827103,1
train_2797.png,1,1,0.9942412734031678,1
train_2799.png,1,0,0.979686176776886,1
train_2800.png,1,2,0.993957245349884,1
train_2806.png,1,0,0.9290105551481247,1
train_2814.png,1,2,0.9545001268386841,1
train_2838.png,1,2,0.9451854467391968,1
train_2840.png,1,3,0.9845554411411286,1
train_2846.png,1,3,0.9932181179523468,1
train_2852.png,1,4,0.9832510411739349,1
train_2864.png,1,0,0.99157355427742,1
train_2869.png,1,1,0.9936594933271408,1
train_2881.png,1,0,0.9758241325616837,1
train_2882.png,1,1,0.9219583332538605,1
train_2888.png,1,1,0.9892382472753525,1
train_2895.png,1,2,0.9821143329143525,1
train_2897.png,1,3,0.9849206626415252,1
train_2898.png,1,2,0.9714465230703354,1
train_2902.png,1,1,0.9682566940784454,1
train_2911.png,1,4,0.9652876555919647,1
train_2916.png,1,2,0.9937695592641831,1
train_2924.png,1,0,0.9880195558071136,1
train_2930.png,1,2,0.9949940919876098,1
train_2933.png,1,0,0.9643060445785523,1
train_2937.png,1,4,0.988344293832779,1
train_2939.png,1,4,0.9971157968044281,1
train_2942.png,1,3,0.9527831226587296,1
train_2949.png,1,1,0.9781586140394211,1
train_2970.png,1,2,0.9765686184167862,1
train_2979.png,1,4,0.9615210354328155,1
train_2985.png,1,0,0.9875286549329758,1
train_3013.png,1,1,0.9578823804855348,1
train_3019.png,1,3,0.9952203303575515,1
train_3021.png,1,1,0.9473989725112915,1
train_3028.png,1,4,0.8152092158794403,1
train_3032.png,1,4,0.9981520384550095,1
train_3046.png,1,3,0.9835759550333023,1
train_3047.png,1,0,0.9896152079105378,1
train_3057.png,1,2,0.9856530189514161,1
train_3061.png,1,0,0.9938524276018144,1
train_3065.png,1,2,0.9941839426755905,1
train_3075.png,1,2,0.9837444186210632,1
train_3088.png,1,4,0.9929208040237426,1
train_3092.png,1,4,0.9901690125465392,1
train_3098.png,1,2,0.9538245171308517,1
train_3100.png,1,0,0.9913215845823288,1
train_3106.png,1,3,0.9876136064529418,1
train_3107.png,1,4,0.9481787621974945,1
train_3113.png,1,0,0.9945176869630814,1
train_3118.png,1,2,0.8195356160402298,1
train_3122.png,1,3,0.9568352311849595,1
train_3123.png,1,1,0.6522716790437698,1
train_3130.png,1,0,0.9911501377820968,1
train_3143.png,1,0,0.4207506090402603,1
train_3153.png,1,1,0.5726985290646553,1
train_3155.png,1,3,0.9883094877004623,1
train_3156.png,1,4,0.984444773197174,1
train_3162.png,1,3,0.9487274199724198,1
train_3164.png,1,0,0.9898622512817383,1
train_3181.png,1,4,0.8710509151220323,1
train_3192.png,1,4,0.9802932977676392,1
train_3199.png,1,0,0.970905739068985,1
train_3201.png,1,3,0.9967886686325073,1
train_3202.png,1,3,0.9939174830913544,1
train_3206.png,1,0,0.9942940175533295,1
train_3208.png,1,4,0.9930053412914277,1
train_3217.png,1,1,0.9960003018379212,1
train_3224.png,1,3,0.9824827551841736,1
train_3230.png,1,4,0.9667202830314636,1
train_3235.png,1,3,0.9896495223045348,1
train_3244.png,1,2,0.984861946105957,1
train_3246.png,1,3,0.9681535363197327,1
train_3250.png,1,4,0.9940843611955643,1
train_3256.png,1,3,0.9702443212270737,1
train_3258.png,1,1,0.9550874054431915,1
train_3265.png,1,2,0.9859224885702133,1
train_3276.png,1,4,0.9835889399051666,1
train_3290.png,1,0,0.9886058807373047,1
train_3292.png,1,3,0.9888517439365387,1
train_3300.png,1,2,0.962224218249321,1
train_3307.png,1,3,0.9741161108016967,1
train_3309.png,1,2,0.9838590294122697,1
train_3315.png,1,3,0.9888490855693818,1
train_3316.png,1,1,0.9875331044197082,1
train_3318.png,1,3,0.9657146543264389,1
train_3321.png,1,0,0.9815729767084123,1
train_3322.png,1,2,0.9861304938793183,1
train_3326.png,1,3,0.9714083999395371,1
train_3329.png,1,4,0.9961922287940979,1
train_3330.png,1,0,0.9923089057207107,1
train_3339.png,1,4,0.988726481795311,1
train_3352.png,1,0,0.9856034457683562,1
train_3354.png,1,2,0.9876943558454513,1
train_3355.png,1,3,0.9947511553764343,1
train_3360.png,1,3,0.9817842185497284,1
train_3385.png,1,1,0.9886159658432008,1
train_3386.png,1,4,0.9694296002388001,1
train_3391.png,1,1,0.9752956360578537,1
train_3397.png,1,0,0.758574938774109,1
train_3402.png,1,2,0.9633214116096497,1
train_3404.png,1,3,0.9832497388124466,1
train_3407.png,1,0,0.9836356252431869,1
train_3416.png,1,0,0.9965104937553406,1
train_3423.png,1,0,0.9905017882585526,1
train_3429.png,1,3,0.9652829647064208,1
train_3433.png,1,4,0.5175408542156219,1
train_3435.png,1,1,0.9748331189155579,1
train_3436.png,1,2,0.9890858441591263,1
train_3439.png,1,2,0.9786925554275513,1
train_3445.png,1,4,0.9843984544277191,1
train_3449.png,1,0,0.9796428263187409,1
train_3459.png,1,3,0.9581683069467545,1
train_3462.png,1,2,0.9701891660690308,1
train_3466.png,1,2,0.9958824574947357,1
train_3470.png,1,1,0.9886855959892273,1
train_3472.png,1,2,0.9921872496604919,1
train_3474.png,1,0,0.980082231760025,1
train_3475.png,1,3,0.989292135834694,1
train_3476.png,1,1,0.9905557692050935,1
train_3489.png,1,2,0.9985199064016341,1
train_3493.png,1,0,0.9239122748374939,1
train_3500.png,1,3,0.9445298194885254,1
train_3506.png,1,2,0.9873242914676665,1
train_3507.png,1,1,0.9857093274593353,1
train_3508.png,1,4,0.8914130568504334,1
train_3517.png,1,3,0.9268723130226135,1
train_3544.png,1,4,0.98331498503685,1
train_3545.png,1,0,0.9897539198398589,1
train_3552.png,1,3,0.9843435078859328,1
train_3553.png,1,4,0.9897772192955017,1
train_3562.png,1,3,0.962788212299347,1
train_3577.png,1,1,0.9894527614116669,1
train_3579.png,1,0,0.9895767509937285,1
train_3581.png,1,3,0.9873017191886901,1
train_3588.png,1,0,0.9612728238105774,1
train_3592.png,1,1,0.9842828333377838,1
train_3593.png,1,3,0.9900955706834793,1
train_3594.png,1,4,0.9887950599193573,1
train_3601.png,1,2,0.9983257591724396,1
train_3633.png,1,4,0.9974225759506226,1
train_3638.png,1,4,0.9797683149576187,1
train_3644.png,1,1,0.8777375996112824,1
train_3646.png,1,1,0.5504910200834274,1
train_3665.png,1,3,0.9818069756031037,1
train_3673.png,1,2,0.9196359336376191,1
train_3677.png,1,1,0.881134232878685,1
train_3679.png,1,4,0.969403862953186,1
train_3684.png,1,3,0.9907697200775146,1
train_3691.png,1,1,0.9728849828243256,1
train_3701.png,1,3,0.9841676622629165,1
train_3714.png,1,4,0.9693289458751678,1
train_3718.png,1,2,0.899959796667099,1
train_3722.png,1,0,0.9880594789981842,1
train_3726.png,1,1,0.9455700665712357,1
train_3731.png,1,0,0.9953396737575531,1
train_3742.png,1,3,0.986833181977272,1
train_3744.png,1,3,0.9930087625980377,1
train_3745.png,1,0,0.993561527132988,1
train_3752.png,1,0,0.9538661777973175,1
train_3776.png,1,3,0.9862957328557969,1
train_3777.png,1,1,0.8868854492902756,1
train_3780.png,1,4,0.9272068858146667,1
train_3793.png,1,4,0.9709284335374833,1
train_3796.png,1,0,0.9165480971336365,1
train_3802.png,1,3,0.9712702751159668,1
train_3805.png,1,3,0.984202453494072,1
train_3806.png,1,1,0.974793541431427,1
train_3813.png,1,2,0.9633563995361328,1
train_3818.png,1,4,0.9794408291578293,1
train_3824.png,1,2,0.9965485692024231,1
train_3827.png,1,4,0.9918701589107514,1
train_3830.png,1,0,0.9672884464263917,1
train_3836.png,1,0,0.98711978495121,1
train_3855.png,1,0,0.9835496187210083,1
train_3861.png,1,3,0.9840744525194168,1
train_3863.png,1,1,0.666265994310379,1
train_3867.png,1,3,0.9676427662372589,1
train_3872.png,1,1,0.9506982207298279,1
train_3874.png,1,4,0.93941231071949,1
train_3876.png,1,3,0.9929000467061996,1
train_3879.png,1,3,0.9952086120843888,1
train_3881.png,1,1,0.9970592588186264,1
train_3884.png,1,3,0.8855337351560593,1
train_3888.png,1,4,0.9833298474550247,1
train_3891.png,1,1,0.9555951744318009,1
train_3900.png,1,0,0.9824825167655944,1
train_3902.png,1,4,0.9969250708818436,1
train_3906.png,1,3,0.8896804928779602,1
train_3908.png,1,1,0.975853756070137,1
train_3910.png,1,3,0.9964628159999848,1
train_3915.png,1,3,0.9944530844688415,1
train_3916.png,1,4,0.9736878842115403,1
train_3919.png,1,1,0.9957579672336578,1
train_3935.png,1,3,0.9755714386701584,1
train_3947.png,1,2,0.9981674641370772,1
train_3950.png,1,2,0.9944658368825913,1
train_3951.png,1,0,0.8183222353458405,1
train_3952.png,1,4,0.9935781240463256,1
train_3962.png,1,2,0.9924580276012421,1
train_3964.png,1,1,0.6042439907789231,1
train_3968.png,1,3,0.9580345302820206,1
train_3981.png,1,2,0.8819277107715606,1
train_3983.png,1,4,0.9667962342500687,1
train_3986.png,1,2,0.9908488750457763,1
train_3999.png,1,4,0.9850629210472107,1
train_4021.png,1,4,0.9794873178005219,1
train_4035.png,1,3,0.9912679970264435,1
train_4039.png,1,4,0.9657567143440247,1
train_4040.png,1,3,0.40555155724287034,1
train_4041.png,1,2,0.36203280389308934,1
train_4050.png,1,1,0.9906748235225677,1
train_4052.png,1,0,0.9921636313199997,1
train_4059.png,1,1,0.9655943274497987,1
train_4079.png,1,4,0.986836302280426,1
train_4081.png,1,2,0.9798270642757416,1
train_4087.png,1,3,0.9803340852260589,1
train_4097.png,1,1,0.9766310691833496,1
train_4101.png,1,4,0.9499454855918884,1
train_4109.png,1,1,0.9974185109138489,1
train_4116.png,1,3,0.9923730850219727,1
train_4123.png,1,2,0.9908346891403198,1
train_4124.png,1,3,0.9942251354455948,1
train_4130.png,1,2,0.9842395097017289,1
train_4140.png,1,0,0.9865009725093842,1
train_4148.png,1,3,0.9764607191085815,1
train_4150.png,1,4,0.9792690008878708,1
train_4156.png,1,1,0.9846370339393615,1
train_4159.png,1,3,0.9881767570972442,1
train_4163.png,1,3,0.9896011531352997,1
train_4168.png,1,4,0.9822789132595062,1
train_4173.png,1,1,0.9566385418176651,1
train_4184.png,1,4,0.9938445210456848,1
train_4196.png,1,1,0.9782875418663025,1
train_4202.png,1,0,0.9948030173778534,1
train_4213.png,1,2,0.9690040290355683,1
train_4221.png,1,3,0.9863270103931427,1
train_4224.png,1,2,0.9841451287269593,1
train_4232.png,1,1,0.8166183233261108,1
train_4234.png,1,2,0.9716512471437454,1
train_4248.png,1,3,0.9796371340751647,1
train_4250.png,1,2,0.9846581429243088,1
train_4257.png,1,3,0.9537742525339127,1
train_4263.png,1,3,0.9884985625743866,1
train_4267.png,1,0,0.9658745050430297,1
train_4275.png,1,2,0.9755181849002837,1
train_4280.png,1,2,0.904009211063385,1
train_4281.png,1,1,0.815735837817192,1
train_4289.png,1,2,0.3017939791083336,0
train_4316.png,1,1,0.9890383839607239,1
train_4323.png,1,0,0.985860013961792,1
train_4325.png,1,2,0.9925216674804687,1
train_4327.png,1,0,0.9948002815246582,1
train_4344.png,1,2,0.9955430716276169,1
train_4348.png,1,2,0.9735889315605164,1
train_4355.png,1,4,0.9690459668636322,1
train_4362.png,1,1,0.8770353615283967,1
train_4375.png,1,3,0.9751201868057251,1
train_4379.png,1,4,0.986568796634674,1
train_4388.png,1,3,0.9936957001686095,1
train_4392.png,1,4,0.9897784113883972,1
train_4405.png,1,0,0.9858151078224182,1
train_4408.png,1,4,0.9628343433141708,1
train_4417.png,1,0,0.9801057487726211,1
train_4419.png,1,1,0.9175838172435761,1
train_4424.png,1,4,0.9838177025318146,1
train_4425.png,1,0,0.982203033566475,1
train_4430.png,1,3,0.9919567167758941,1
train_4435.png,1,2,0.9485893726348877,1
train_4438.png,1,4,0.9484708905220032,1
train_4446.png,1,2,0.9555103152990342,1
train_4448.png,1,4,0.9983864009380341,1
train_4456.png,1,1,0.964146438241005,1
train_4459.png,1,3,0.9917701661586762,1
train_4463.png,1,3,0.9936427801847458,1
train_4487.png,1,4,0.9363263994455338,1
train_4489.png,1,1,0.9919253647327424,1
train_4498.png,1,4,0.9772338211536408,1
train_4499.png,1,4,0.9641743361949922,1
train_4506.png,1,3,0.9849128186702728,1
train_4518.png,1,4,0.9711528539657592,1
train_4521.png,1,1,0.9889452338218688,1
train_4525.png,1,3,0.9879227459430694,1
train_4531.png,1,4,0.9809050977230072,1
train_4542.png,1,4,0.9895208954811097,1
train_4547.png,1,4,0.9717602908611297,1
train_4549.png,1,2,0.9130976170301438,1
train_4556.png,1,4,0.46971040368080136,1
train_4566.png,1,3,0.723577219247818,1
train_4569.png,1,0,0.9954151779413223,1
train_4577.png,1,3,0.9765498697757721,1
train_4578.png,1,4,0.9350553691387177,1
train_4585.png,1,2,0.9935656279325484,1
train_4597.png,1,4,0.9738390922546387,1
train_4598.png,1,0,0.9670408308506012,1
train_4610.png,1,0,0.9938841342926026,1
train_4619.png,1,2,0.9972237020730972,1
train_4623.png,1,1,0.9515191912651062,1
train_4633.png,1,3,0.9946340739727021,1
train_4637.png,1,0,0.9864084661006927,1
train_4639.png,1,0,0.9927450835704803,1
train_4641.png,1,3,0.9931494235992432,1
train_4642.png,1,0,0.9919447958469392,1
train_4643.png,1,2,0.989532881975174,1
train_4647.png,1,0,0.9912489026784896,1
train_4651.png,1,4,0.9973349511623383,1
train_4659.png,1,0,0.9892032325267792,1
train_4666.png,1,3,0.9883780419826508,1
train_4676.png,1,2,0.9867261409759522,1
train_4678.png,1,3,0.9843229174613952,1
train_4701.png,1,0,0.9766672760248184,1
train_4703.png,1,4,0.9917926490306854,1
train_4707.png,1,3,0.9927546560764313,1
train_4708.png,1,0,0.9911286920309067,1
train_4715.png,1,1,0.982729509472847,1
train_4727.png,1,4,0.9947787135839462,1
train_4735.png,1,3,0.7564371883869171,1
train_4737.png,1,0,0.9887597829103469,1
train_4741.png,1,3,0.3758805736899376,1
train_4745.png,1,4,0.9513071358203888,1
train_4751.png,1,1,0.9881403654813766,1
train_4752.png,1,2,0.984123632311821,1
train_4753.png,1,3,0.9959754019975662,1
train_4769.png,1,2,0.9957886695861816,1
train_4772.png,1,4,0.9675793915987014,1
train_4773.png,1,0,0.8844316333532334,1
train_4787.png,1,4,0.9964635610580445,1
train_4792.png,1,3,0.9375066608190536,1
train_4803.png,1,2,0.9848749995231628,1
train_4824.png,1,0,0.9805823326110841,1
train_4825.png,1,1,0.9383078515529633,1
train_4831.png,1,0,0.9774823009967804,1
train_4835.png,1,3,0.9821920752525329,1
train_4837.png,1,2,0.993429645895958,1
train_4838.png,1,3,0.9427203774452209,1
train_4844.png,1,3,0.965730145573616,1
train_4849.png,1,1,0.9872612297534942,1
train_4850.png,1,4,0.4902278691530228,1
train_4853.png,1,3,0.9882887303829193,1
train_4856.png,1,1,0.9660375833511352,1
train_4873.png,1,2,0.9948262184858322,1
train_4874.png,1,0,0.9858216792345047,1
train_4876.png,1,4,0.9511555761098861,1
train_4879.png,1,3,0.7913850605487823,1
train_4883.png,1,0,0.9750630140304565,1
train_4886.png,1,3,0.9148268699645996,1
train_4917.png,1,1,0.9885401189327241,1
train_4918.png,1,2,0.9931232690811157,1
train_4920.png,1,3,0.9951057285070419,1
train_4925.png,1,2,0.9925514429807664,1
train_4926.png,1,2,0.9945411503314971,1
train_4927.png,1,4,0.9892467200756073,1
train_4930.png,1,3,0.970653909444809,1
train_4932.png,1,1,0.9943191349506377,1
train_4941.png,1,4,0.9751031786203384,1
train_4943.png,1,4,0.9832424372434616,1
train_4949.png,1,1,0.9500697255134583,1
train_4951.png,1,2,0.9939815133810043,1
train_4956.png,1,2,0.997176918387413,1
train_4961.png,1,1,0.9906239956617355,1
train_4962.png,1,3,0.9475179314613342,1
train_4963.png,1,4,0.9743818759918212,1
train_4964.png,1,0,0.989519202709198,1
train_4968.png,1,4,0.9873633503913879,1
train_4978.png,1,0,0.9652339071035385,1
train_4996.png,1,4,0.9891288727521896,1
train_4997.png,1,0,0.9916050970554351,1
train_5010.png,1,4,0.9934413194656372,1
train_5016.png,1,2,0.9144432276487351,1
train_5026.png,1,1,0.9888578534126281,1
train_5036.png,1,1,0.9852024614810944,1
train_5037.png,1,3,0.993353420495987,1
train_5043.png,1,0,0.9945190906524658,1
train_5045.png,1,1,0.9911517560482025,1
train_5047.png,1,3,0.9891813576221467,1
train_5065.png,1,4,0.986937752366066,1
train_5066.png,1,2,0.9968393087387085,1
train_5069.png,1,3,0.9928881078958511,1
train_5087.png,1,2,0.8957967340946198,1
train_5094.png,1,4,0.9704253137111664,1
train_5097.png,1,4,0.9894917875528336,1
train_5104.png,1,0,0.982396823167801,1
train_5112.png,1,4,0.9341400802135468,1
train_5116.png,1,3,0.9598167926073073,1
train_5121.png,1,1,0.9931799709796906,1
train_5123.png,1,4,0.9894549608230591,1
train_5125.png,1,3,0.807664978504181,1
train_5129.png,1,0,0.9921168267726899,1
train_5143.png,1,0,0.9893115192651749,1
train_5145.png,1,4,0.9689347177743912,1
train_5157.png,1,4,0.9863032668828964,1
train_5166.png,1,0,0.9906902104616164,1
train_5170.png,1,4,0.9898635983467101,1
train_5174.png,1,0,0.9915363103151321,1
train_5182.png,1,1,0.9985741257667542,1
train_5193.png,1,4,0.9783861219882966,1
train_5194.png,1,0,0.9875405788421632,1
train_5195.png,1,1,0.9924925774335861,1
train_5201.png,1,3,0.9762459337711334,1
train_5204.png,1,4,0.9642526865005493,1
train_5216.png,1,2,0.9659628808498382,1
train_0033.png,0,3,0.6480845600366593,1
train_0041.png,0,1,0.03615831113420427,0
train_0051.png,0,2,0.03314534593373537,0
train_0105.png,0,4,0.024547805450856688,0
train_0136.png,0,4,0.014270349266007544,0
train_0163.png,0,0,0.1768516968935728,0
train_0167.png,0,4,0.02888004807755351,0
train_0170.png,0,1,0.038068810012191534,0
train_0184.png,0,3,0.027396514918655156,0
train_0238.png,0,0,0.03473818190395832,0
train_0276.png,0,0,0.05758039150387049,0
train_0284.png,0,1,0.05132570331916213,0
train_0288.png,0,2,0.06435605771839618,0
train_0295.png,0,4,0.015236129378899933,0
train_0329.png,0,3,0.08236603271216154,0
train_0342.png,0,1,0.030831580515950918,0
train_0354.png,0,1,0.04790025129914284,0
train_0422.png,0,0,0.03281533550471068,0
train_0433.png,0,3,0.05042990818619728,0
train_0452.png,0,1,0.09636361822485924,0
train_0464.png,0,0,0.10000158660113811,0
train_0466.png,0,1,0.0422606123611331,0
train_0510.png,0,1,0.03901408109813929,0
train_0517.png,0,4,0.01554091409780085,0
train_0635.png,0,2,0.013680628314614297,0
train_0643.png,0,4,0.032919435761868954,0
train_0647.png,0,0,0.046347865089774135,0
train_0652.png,0,2,0.021251473203301428,0
train_0666.png,0,2,0.07328542321920395,0
train_0689.png,0,3,0.031387719511985775,0
train_0720.png,0,3,0.04145717825740576,0
train_0726.png,0,3,0.0499700577929616,0
train_0727.png,0,4,0.11526118628680705,0
train_0735.png,0,1,0.07212104201316832,0
train_0753.png,0,1,0.041563778184354305,0
train_0760.png,0,2,0.04985167123377323,0
train_0877.png,0,2,0.0760627631098032,0
train_0929.png,0,2,0.049065596982836725,0
train_0986.png,0,1,0.03395342314615846,0
train_1031.png,0,4,0.0393338792026043,0
train_1041.png,0,2,0.04827278982847929,0
train_1078.png,0,3,0.10588061213493347,0
train_1091.png,0,0,0.11235447786748409,0
train_1112.png,0,2,0.05111454743891954,0
train_1131.png,0,0,0.028609539475291965,0
train_1192.png,0,4,0.05397684928029776,0
train_1231.png,0,0,0.03752199001610279,0
train_1259.png,0,1,0.05923430901020765,0
train_1301.png,0,0,0.03942491617053747,0
train_1302.png,0,2,0.6583653539419174,1
train_1310.png,0,1,0.05551408305764198,0
train_1332.png,0,0,0.35996592938899996,0
train_1367.png,1,0,0.9865150272846221,1
train_1406.png,1,1,0.9598412930965423,1
train_1442.png,1,2,0.9944791138172149,1
train_1446.png,1,0,0.9743505090475082,1
train_1456.png,1,4,0.9899678170681,1
train_1460.png,1,0,0.9461933732032776,1
train_1470.png,1,2,0.9915048718452453,1
train_1480.png,1,1,0.9977382719516754,1
train_1485.png,1,2,0.9726700037717819,1
train_1487.png,1,3,0.977014923095703,1
train_1489.png,1,4,0.9554008811712265,1
train_1516.png,1,3,0.9950889676809311,1
train_1551.png,1,0,0.970483911037445,1
train_1568.png,1,0,0.9737252771854401,1
train_1574.png,1,1,0.9939625948667525,1
train_1577.png,1,2,0.994162666797638,1
train_1593.png,1,0,0.989471423625946,1
train_1690.png,1,1,0.9868518173694611,1
train_1697.png,1,0,0.9940310060977936,1
train_1729.png,1,0,0.9946793466806412,1
train_1753.png,1,4,0.9909252375364304,1
train_1799.png,1,4,0.9801104009151459,1
train_1800.png,1,0,0.9930099964141845,1
train_1805.png,1,2,0.99277623295784,1
train_1858.png,1,4,0.9909774720668794,1
train_1906.png,1,0,0.9532075822353363,1
train_1952.png,1,3,0.9887475669384003,1
train_1965.png,1,0,0.9875163048505783,1
train_1971.png,1,2,0.9828092247247696,1
train_2004.png,1,4,0.9645488560199738,1
train_2008.png,1,3,0.9846370279788972,1
train_2052.png,1,0,0.9740125954151153,1
train_2066.png,1,2,0.9880642890930176,1
train_2088.png,1,3,0.9269024014472962,1
train_2093.png,1,4,0.9929111421108245,1
train_2129.png,1,3,0.9963863492012024,1
train_2135.png,1,1,0.917590606212616,1
train_2136.png,1,4,0.954607942700386,1
train_2144.png,1,0,0.9896201074123383,1
train_2188.png,1,1,0.9838881909847259,1
train_2208.png,1,3,0.9737826824188233,1
train_2262.png,1,3,0.9912743210792542,1
train_2304.png,1,2,0.9956790834665299,1
train_2341.png,1,0,0.9788301318883896,1
train_2366.png,1,2,0.9943887233734131,1
train_2385.png,1,0,0.988338953256607,1
train_2409.png,1,2,0.9767055630683898,1
train_2430.png,1,2,0.9825820982456207,1
train_2436.png,1,2,0.9925912648439408,1
train_2468.png,1,4,0.9764931321144104,1
train_2475.png,1,0,0.9918307900428772,1
train_2495.png,1,3,0.7975744128227233,1
train_2498.png,1,3,0.9842404216527939,1
train_2501.png,1,2,0.9977808207273483,1
train_2505.png,1,0,0.9715399384498596,1
train_2518.png,1,4,0.9765577465295792,1
train_2519.png,1,2,0.9905346810817719,1
train_2520.png,1,3,0.9849879920482636,1
train_2537.png,1,1,0.9967189341783524,1
train_2563.png,1,2,0.9954385817050935,1
train_2569.png,1,4,0.9761101841926575,1
train_2589.png,1,1,0.9693466007709504,1
train_2680.png,1,4,0.9916726678609848,1
train_2690.png,1,1,0.9841236799955367,1
train_2699.png,1,2,0.9706798404455185,1
train_2701.png,1,3,0.9798409253358841,1
train_2720.png,1,3,0.9916218757629395,1
train_2730.png,1,4,0.9677432656288147,1
train_2769.png,1,3,0.9132834911346436,1
train_2791.png,1,4,0.9408964216709137,1
train_2811.png,1,0,0.9616428673267364,1
train_2815.png,1,0,0.9931750565767289,1
train_2833.png,1,1,0.9916138470172882,1
train_2851.png,1,3,0.9838241636753082,1
train_2859.png,1,3,0.9920855343341828,1
train_2884.png,1,2,0.9869241297245026,1
train_2891.png,1,0,0.9938824474811554,1
train_2894.png,1,3,0.9809291541576386,1
train_2927.png,1,3,0.988699534535408,1
train_2944.png,1,0,0.9814134418964386,1
train_2948.png,1,2,0.9986028909683228,1
train_2994.png,1,4,0.9757893264293671,1
train_3095.png,1,1,0.9972786247730254,1
train_3102.png,1,3,0.9935729801654816,1
train_3111.png,1,0,0.9893778622150422,1
train_3117.png,1,1,0.9815797686576844,1
train_3145.png,1,0,0.9832452058792114,1
train_3149.png,1,4,0.9892205536365508,1
train_3251.png,1,2,0.9945787727832794,1
train_3284.png,1,4,0.9939852178096772,1
train_3346.png,1,4,0.9806133270263672,1
train_3396.png,1,3,0.9952891767024994,1
train_3432.png,1,2,0.9951356291770935,1
train_3446.png,1,0,0.9920264780521393,1
train_3521.png,1,3,0.9837133288383484,1
train_3546.png,1,4,0.9945880889892578,1
train_3555.png,1,3,0.9890975415706634,1
train_3582.png,1,4,0.9887077391147613,1
train_3586.png,1,0,0.9641448080539703,1
train_3642.png,1,2,0.9864659428596496,1
train_3647.png,1,3,0.9646807193756104,1
train_3681.png,1,3,0.9866248100996017,1
train_3696.png,1,1,0.9907783001661301,1
train_3781.png,1,4,0.9843186229467392,1
train_3783.png,1,3,0.9834583461284637,1
train_3873.png,1,4,0.9576613068580627,1
train_3898.png,1,1,0.9225340217351914,1
train_4054.png,1,4,0.9922712802886963,1
train_4056.png,1,2,0.9947530686855316,1
train_4057.png,1,3,0.9744199156761169,1
train_4060.png,1,2,0.9358192563056945,1
train_4063.png,1,1,0.7361471652984619,1
train_4077.png,1,0,0.9798476159572602,1
train_4094.png,1,4,0.9772100269794465,1
train_4127.png,1,0,0.9805645108222962,1
train_4164.png,1,2,0.9668185204267502,1
train_4216.png,1,1,0.982502830028534,1
train_4264.png,1,0,0.8087478905916214,1
train_4270.png,1,0,0.9888033777475358,1
train_4319.png,1,2,0.8403456509113312,1
train_4368.png,1,1,0.9956246167421341,1
train_4374.png,1,0,0.9650620877742767,1
train_4394.png,1,3,0.8853753924369813,1
train_4449.png,1,1,0.9929972469806672,1
train_4491.png,1,2,0.9827208489179611,1
train_4492.png,1,3,0.9836663335561753,1
train_4553.png,1,3,0.9604871481657028,1
train_4564.png,1,2,0.979154422879219,1
train_4579.png,1,1,0.9682597875595094,1
train_4601.png,1,1,0.988933652639389,1
train_4617.png,1,2,0.9005642890930177,1
train_4645.png,1,1,0.9260788261890411,1
train_4652.png,1,3,0.9903009742498398,1
train_4688.png,1,0,0.9925833076238632,1
train_4723.png,1,0,0.9954388678073883,1
train_4765.png,1,0,0.9948723703622818,1
train_4829.png,1,4,0.9879292696714401,1
train_4840.png,1,1,0.9886811763048172,1
train_4858.png,1,4,0.9976680338382722,1
train_4935.png,1,1,0.9787816435098647,1
train_4981.png,1,2,0.9946579992771148,1
train_4984.png,1,1,0.9880022287368775,1
train_5023.png,1,4,0.9878109365701675,1
train_5025.png,1,0,0.9751051127910614,1
train_5033.png,1,3,0.1161259926855564,0
train_5044.png,1,2,0.9904212892055511,1
train_5062.png,1,3,0.9369563043117524,1
train_5071.png,1,2,0.9900906473398209,1
train_5099.png,1,2,0.9896104484796524,1
train_5141.png,1,4,0.9810397535562516,1
train_5142.png,1,3,0.9870507955551148,1
train_5209.png,1,3,0.9941231548786164,1
train_5210.png,1,4,0.9881749153137207,1
