duplicate_type,hash,count,splits,generated_splits,file_names,paths,train_val_leakage_risk,train_test_leakage_risk
exact_sha256,2b461a62f2bf5c5e3dcada4bc1bc2de15492172975f02a49231fc82d4639459d,2,train,generated_train,train_3086.png|train_3087.png,data/images/train/train_3086.png|data/images/train/train_3087.png,False,False
exact_sha256,5efdbe9187b11c6f8e8dccb4a5fd7c55d15acce3377c7bd317f11245dcd19985,2,test,test,test_0104.png|test_0410.png,data/images/test/test_0104.png|data/images/test/test_0410.png,False,False
exact_sha256,783fa849285abe7db3b2aafbbca0ab4b69341d74eef4d258aef9a6aaab2b2903,2,test,test,test_0135.png|test_0179.png,data/images/test/test_0135.png|data/images/test/test_0179.png,False,False
exact_sha256,7eccaba465dbf22ba143ee42ef2bbb91598cf20ecefe585c204dd952616d3308,2,train,generated_train,train_0754.png|train_0755.png,data/images/train/train_0754.png|data/images/train/train_0755.png,False,False
exact_sha256,9f29b45fcdc93d6fef1dcfcf0e2d223040f18a65ac3c1cb850a9f94f24d18fab,2,train,generated_train,train_2250.png|train_2251.png,data/images/train/train_2250.png|data/images/train/train_2251.png,False,False
exact_sha256,aead3c48c4cd7863567fbad9b366f72f63cdbaccbef0fab9e3621d69a404b1c5,2,test,test,test_0088.png|test_0213.png,data/images/test/test_0088.png|data/images/test/test_0213.png,False,False
exact_sha256,af975403703e21e0ef503a078fcf269777900a353be300da80057c75aba082f2,2,test,test,test_0173.png|test_0482.png,data/images/test/test_0173.png|data/images/test/test_0482.png,False,False
exact_sha256,cd48800e773d1d1667bc9766c59fab944ed4ac146d5fcc452331315d44a7446f,2,test,test,test_0275.png|test_0441.png,data/images/test/test_0275.png|data/images/test/test_0441.png,False,False
exact_sha256,ef1b66b198edf4bed002ac3b11b18334fa75ac80eee1f4c6482b6bdf5800307d,2,test,test,test_0590.png|test_0611.png,data/images/test/test_0590.png|data/images/test/test_0611.png,False,False
near_identical_ahash,00007c7c7c7e0000,2,train,generated_train,train_2107.png|train_4643.png,data/images/train/train_2107.png|data/images/train/train_4643.png,False,False
near_identical_ahash,00007c7c7e7e0000,4,train,generated_train|generated_val,train_1527.png|train_1944.png|train_3511.png|train_5199.png,data/images/train/train_1527.png|data/images/train/train_1944.png|data/images/train/train_3511.png|data/images/train/train_5199.png,True,False
near_identical_ahash,00007c7e7e7e0000,2,train,generated_train|generated_val,train_4968.png|train_5145.png,data/images/train/train_4968.png|data/images/train/train_5145.png,True,False
near_identical_ahash,00007e7e7e7e0000,141,train,generated_train|generated_val,train_0043.png|train_1349.png|train_1377.png|train_1382.png|train_1390.png|train_1409.png|train_1458.png|train_1460.png|train_1485.png|train_1487.png|train_1503.png|train_1505.png|train_1516.png|train_1547.png|train_1557.png|train_1566.png|train_1585.png|train_1588.png|train_1709.png|train_1767.png|train_1780.png|train_1791.png|train_1799.png|train_1800.png|train_1835.png|train_1841.png|train_1852.png|train_1877.png|train_1889.png|train_1891.png|train_1934.png|train_1947.png|train_1995.png|train_2012.png|train_2031.png|train_2038.png|train_2054.png|train_2093.png|train_2094.png|train_2132.png|train_2139.png|train_2147.png|train_2150.png|train_2217.png|train_2236.png|train_2237.png|train_2265.png|train_2307.png|train_2319.png|train_2412.png|train_2426.png|train_2436.png|train_2437.png|train_2512.png|train_2518.png|train_2519.png|train_2537.png|train_2542.png|train_2569.png|train_2580.png|train_2590.png|train_2591.png|train_2617.png|train_2624.png|train_2638.png|train_2698.png|train_2701.png|train_2731.png|train_2736.png|train_2786.png|train_2802.png|train_2821.png|train_2862.png|train_2891.png|train_2920.png|train_2926.png|train_2929.png|train_2959.png|train_3067.png|train_3068.png|train_3097.png|train_3102.png|train_3146.png|train_3240.png|train_3268.png|train_3351.png|train_3379.png|train_3387.png|train_3396.png|train_3446.png|train_3468.png|train_3530.png|train_3558.png|train_3572.png|train_3617.png|train_3647.png|train_3732.png|train_3847.png|train_3873.png|train_3991.png|train_3998.png|train_4023.png|train_4029.png|train_4030.png|train_4036.png|train_4043.png|train_4086.png|train_4105.png|train_4127.png|train_4158.png|train_4162.png|train_4270.png|train_4321.png|train_4335.png|train_4347.png|train_4382.png|train_4407.png|train_4494.png|train_4496.png|train_4565.png|train_4567.png|train_4591.png|train_4602.png|train_4626.png|train_4652.png|train_4731.png|train_4736.png|train_4776.png|train_4840.png|train_4935.png|train_4952.png|train_4954.png|train_4984.png|train_4991.png|train_5044.png|train_5056.png|train_5071.png|train_5122.png|train_5154.png|train_5192.png|train_5209.png,data/images/train/train_0043.png|data/images/train/train_1349.png|data/images/train/train_1377.png|data/images/train/train_1382.png|data/images/train/train_1390.png|data/images/train/train_1409.png|data/images/train/train_1458.png|data/images/train/train_1460.png|data/images/train/train_1485.png|data/images/train/train_1487.png|data/images/train/train_1503.png|data/images/train/train_1505.png|data/images/train/train_1516.png|data/images/train/train_1547.png|data/images/train/train_1557.png|data/images/train/train_1566.png|data/images/train/train_1585.png|data/images/train/train_1588.png|data/images/train/train_1709.png|data/images/train/train_1767.png|data/images/train/train_1780.png|data/images/train/train_1791.png|data/images/train/train_1799.png|data/images/train/train_1800.png|data/images/train/train_1835.png|data/images/train/train_1841.png|data/images/train/train_1852.png|data/images/train/train_1877.png|data/images/train/train_1889.png|data/images/train/train_1891.png|data/images/train/train_1934.png|data/images/train/train_1947.png|data/images/train/train_1995.png|data/images/train/train_2012.png|data/images/train/train_2031.png|data/images/train/train_2038.png|data/images/train/train_2054.png|data/images/train/train_2093.png|data/images/train/train_2094.png|data/images/train/train_2132.png|data/images/train/train_2139.png|data/images/train/train_2147.png|data/images/train/train_2150.png|data/images/train/train_2217.png|data/images/train/train_2236.png|data/images/train/train_2237.png|data/images/train/train_2265.png|data/images/train/train_2307.png|data/images/train/train_2319.png|data/images/train/train_2412.png|data/images/train/train_2426.png|data/images/train/train_2436.png|data/images/train/train_2437.png|data/images/train/train_2512.png|data/images/train/train_2518.png|data/images/train/train_2519.png|data/images/train/train_2537.png|data/images/train/train_2542.png|data/images/train/train_2569.png|data/images/train/train_2580.png|data/images/train/train_2590.png|data/images/train/train_2591.png|data/images/train/train_2617.png|data/images/train/train_2624.png|data/images/train/train_2638.png|data/images/train/train_2698.png|data/images/train/train_2701.png|data/images/train/train_2731.png|data/images/train/train_2736.png|data/images/train/train_2786.png|data/images/train/train_2802.png|data/images/train/train_2821.png|data/images/train/train_2862.png|data/images/train/train_2891.png|data/images/train/train_2920.png|data/images/train/train_2926.png|data/images/train/train_2929.png|data/images/train/train_2959.png|data/images/train/train_3067.png|data/images/train/train_3068.png|data/images/train/train_3097.png|data/images/train/train_3102.png|data/images/train/train_3146.png|data/images/train/train_3240.png|data/images/train/train_3268.png|data/images/train/train_3351.png|data/images/train/train_3379.png|data/images/train/train_3387.png|data/images/train/train_3396.png|data/images/train/train_3446.png|data/images/train/train_3468.png|data/images/train/train_3530.png|data/images/train/train_3558.png|data/images/train/train_3572.png|data/images/train/train_3617.png|data/images/train/train_3647.png|data/images/train/train_3732.png|data/images/train/train_3847.png|data/images/train/train_3873.png|data/images/train/train_3991.png|data/images/train/train_3998.png|data/images/train/train_4023.png|data/images/train/train_4029.png|data/images/train/train_4030.png|data/images/train/train_4036.png|data/images/train/train_4043.png|data/images/train/train_4086.png|data/images/train/train_4105.png|data/images/train/train_4127.png|data/images/train/train_4158.png|data/images/train/train_4162.png|data/images/train/train_4270.png|data/images/train/train_4321.png|data/images/train/train_4335.png|data/images/train/train_4347.png|data/images/train/train_4382.png|data/images/train/train_4407.png|data/images/train/train_4494.png|data/images/train/train_4496.png|data/images/train/train_4565.png|data/images/train/train_4567.png|data/images/train/train_4591.png|data/images/train/train_4602.png|data/images/train/train_4626.png|data/images/train/train_4652.png|data/images/train/train_4731.png|data/images/train/train_4736.png|data/images/train/train_4776.png|data/images/train/train_4840.png|data/images/train/train_4935.png|data/images/train/train_4952.png|data/images/train/train_4954.png|data/images/train/train_4984.png|data/images/train/train_4991.png|data/images/train/train_5044.png|data/images/train/train_5056.png|data/images/train/train_5071.png|data/images/train/train_5122.png|data/images/train/train_5154.png|data/images/train/train_5192.png|data/images/train/train_5209.png,True,False
near_identical_ahash,00007e7e7e7e0400,2,train,generated_train,train_1966.png|train_2154.png,data/images/train/train_1966.png|data/images/train/train_2154.png,False,False
near_identical_ahash,00007e7e7e7e0c00,2,train,generated_train,train_3633.png|train_4498.png,data/images/train/train_3633.png|data/images/train/train_4498.png,False,False
near_identical_ahash,00007e7e7e7e1000,2,train,generated_train|generated_val,train_2281.png|train_2875.png,data/images/train/train_2281.png|data/images/train/train_2875.png,True,False
near_identical_ahash,00007e7e7e7e2000,3,train,generated_train,train_1756.png|train_1764.png|train_3769.png,data/images/train/train_1756.png|data/images/train/train_1764.png|data/images/train/train_3769.png,False,False
near_identical_ahash,00007e7e7e7e3000,4,train,generated_train|generated_val,train_2603.png|train_3682.png|train_5118.png|train_5184.png,data/images/train/train_2603.png|data/images/train/train_3682.png|data/images/train/train_5118.png|data/images/train/train_5184.png,True,False
near_identical_ahash,00007e7e7e7e3800,6,train,generated_train|generated_val,train_2652.png|train_3032.png|train_3793.png|train_3827.png|train_3888.png|train_4184.png,data/images/train/train_2652.png|data/images/train/train_3032.png|data/images/train/train_3793.png|data/images/train/train_3827.png|data/images/train/train_3888.png|data/images/train/train_4184.png,True,False
near_identical_ahash,00007e7e7e7e3c00,10,train,generated_train|generated_val,train_1476.png|train_1531.png|train_1843.png|train_2008.png|train_2309.png|train_2781.png|train_3270.png|train_4262.png|train_4501.png|train_4893.png,data/images/train/train_1476.png|data/images/train/train_1531.png|data/images/train/train_1843.png|data/images/train/train_2008.png|data/images/train/train_2309.png|data/images/train/train_2781.png|data/images/train/train_3270.png|data/images/train/train_4262.png|data/images/train/train_4501.png|data/images/train/train_4893.png,True,False
near_identical_ahash,00007e7e7e7e3e00,6,train,generated_train,train_1646.png|train_1766.png|train_3542.png|train_3586.png|train_3892.png|train_4529.png,data/images/train/train_1646.png|data/images/train/train_1766.png|data/images/train/train_3542.png|data/images/train/train_3586.png|data/images/train/train_3892.png|data/images/train/train_4529.png,False,False
near_identical_ahash,00007e7e7e7e6000,3,train,generated_train|generated_val,train_2291.png|train_2658.png|train_4049.png,data/images/train/train_2291.png|data/images/train/train_2658.png|data/images/train/train_4049.png,True,False
near_identical_ahash,00007e7e7e7e7800,2,train,generated_train,train_1771.png|train_2128.png,data/images/train/train_1771.png|data/images/train/train_2128.png,False,False
near_identical_ahash,00007e7e7e7e7c00,10,train,generated_train|generated_val,train_1357.png|train_1411.png|train_1511.png|train_1512.png|train_2294.png|train_2311.png|train_3038.png|train_3170.png|train_4188.png|train_4682.png,data/images/train/train_1357.png|data/images/train/train_1411.png|data/images/train/train_1511.png|data/images/train/train_1512.png|data/images/train/train_2294.png|data/images/train/train_2311.png|data/images/train/train_3038.png|data/images/train/train_3170.png|data/images/train/train_4188.png|data/images/train/train_4682.png,True,False
near_identical_ahash,00007e7e7e7e7e00,12,train,generated_train|generated_val,train_0936.png|train_1954.png|train_2076.png|train_2406.png|train_2522.png|train_3275.png|train_3735.png|train_3825.png|train_3839.png|train_4092.png|train_4126.png|train_4590.png,data/images/train/train_0936.png|data/images/train/train_1954.png|data/images/train/train_2076.png|data/images/train/train_2406.png|data/images/train/train_2522.png|data/images/train/train_3275.png|data/images/train/train_3735.png|data/images/train/train_3825.png|data/images/train/train_3839.png|data/images/train/train_4092.png|data/images/train/train_4126.png|data/images/train/train_4590.png,True,False
near_identical_ahash,00007e7e7e7f0000,6,train,generated_train|generated_val,train_1523.png|train_2654.png|train_2768.png|train_4089.png|train_4209.png|train_4937.png,data/images/train/train_1523.png|data/images/train/train_2654.png|data/images/train/train_2768.png|data/images/train/train_4089.png|data/images/train/train_4209.png|data/images/train/train_4937.png,True,False
near_identical_ahash,00007e7e7efe0000,12,train,generated_train|generated_val,train_1940.png|train_2050.png|train_2267.png|train_2461.png|train_2536.png|train_2827.png|train_2988.png|train_3226.png|train_3556.png|train_3760.png|train_4632.png|train_4955.png,data/images/train/train_1940.png|data/images/train/train_2050.png|data/images/train/train_2267.png|data/images/train/train_2461.png|data/images/train/train_2536.png|data/images/train/train_2827.png|data/images/train/train_2988.png|data/images/train/train_3226.png|data/images/train/train_3556.png|data/images/train/train_3760.png|data/images/train/train_4632.png|data/images/train/train_4955.png,True,False
near_identical_ahash,00007e7e7efefe00,2,train,generated_train,train_2342.png|train_3690.png,data/images/train/train_2342.png|data/images/train/train_3690.png,False,False
near_identical_ahash,00007e7e7eff7e00,2,train,generated_train,train_1535.png|train_3524.png,data/images/train/train_1535.png|data/images/train/train_3524.png,False,False
near_identical_ahash,00007e7e7f7e0000,2,train,generated_train|generated_val,train_2232.png|train_2427.png,data/images/train/train_2232.png|data/images/train/train_2427.png,True,False
near_identical_ahash,00007e7e7fff0000,2,train,generated_train,train_2716.png|train_3364.png,data/images/train/train_2716.png|data/images/train/train_3364.png,False,False
near_identical_ahash,00007e7efe7e0000,4,train,generated_train|generated_val,train_1143.png|train_1789.png|train_1974.png|train_2829.png,data/images/train/train_1143.png|data/images/train/train_1789.png|data/images/train/train_1974.png|data/images/train/train_2829.png,True,False
near_identical_ahash,00007e7efefe0000,6,train,generated_train|generated_val,train_1785.png|train_2113.png|train_2551.png|train_2857.png|train_2923.png|train_3610.png,data/images/train/train_1785.png|data/images/train/train_2113.png|data/images/train/train_2551.png|data/images/train/train_2857.png|data/images/train/train_2923.png|data/images/train/train_3610.png,True,False
near_identical_ahash,00007e7f7e7e0000,2,train,generated_train|generated_val,train_2463.png|train_3668.png,data/images/train/train_2463.png|data/images/train/train_3668.png,True,False
near_identical_ahash,00007e7fff7f0000,2,train,generated_train,train_2712.png|train_3709.png,data/images/train/train_2712.png|data/images/train/train_3709.png,False,False
near_identical_ahash,00007efefe7e0000,4,train,generated_train|generated_val,train_2392.png|train_2755.png|train_3609.png|train_5181.png,data/images/train/train_2392.png|data/images/train/train_2755.png|data/images/train/train_3609.png|data/images/train/train_5181.png,True,False
near_identical_ahash,00007efefefe0000,2,train,generated_train,train_2876.png|train_4225.png,data/images/train/train_2876.png|data/images/train/train_4225.png,False,False
near_identical_ahash,00007efffffe0000,3,train,generated_train,train_1943.png|train_3739.png|train_4830.png,data/images/train/train_1943.png|data/images/train/train_3739.png|data/images/train/train_4830.png,False,False
near_identical_ahash,00007f7e7e7e0000,19,train,generated_train|generated_val,train_1442.png|train_2003.png|train_2023.png|train_2129.png|train_2148.png|train_2330.png|train_2570.png|train_3015.png|train_3756.png|train_3778.png|train_3826.png|train_4111.png|train_4153.png|train_4304.png|train_4820.png|train_4953.png|train_5040.png|train_5090.png|train_5113.png,data/images/train/train_1442.png|data/images/train/train_2003.png|data/images/train/train_2023.png|data/images/train/train_2129.png|data/images/train/train_2148.png|data/images/train/train_2330.png|data/images/train/train_2570.png|data/images/train/train_3015.png|data/images/train/train_3756.png|data/images/train/train_3778.png|data/images/train/train_3826.png|data/images/train/train_4111.png|data/images/train/train_4153.png|data/images/train/train_4304.png|data/images/train/train_4820.png|data/images/train/train_4953.png|data/images/train/train_5040.png|data/images/train/train_5090.png|data/images/train/train_5113.png,True,False
near_identical_ahash,00007f7e7e7e1c00,2,train,generated_train,train_1735.png|train_4034.png,data/images/train/train_1735.png|data/images/train/train_4034.png,False,False
near_identical_ahash,00007f7e7e7e2000,2,train,generated_train,train_1840.png|train_3312.png,data/images/train/train_1840.png|data/images/train/train_3312.png,False,False
near_identical_ahash,00007f7e7e7e3c00,9,train,generated_train|generated_val,train_1914.png|train_2042.png|train_3155.png|train_3429.png|train_3805.png|train_4124.png|train_4430.png|train_4463.png|train_4678.png,data/images/train/train_1914.png|data/images/train/train_2042.png|data/images/train/train_3155.png|data/images/train/train_3429.png|data/images/train/train_3805.png|data/images/train/train_4124.png|data/images/train/train_4430.png|data/images/train/train_4463.png|data/images/train/train_4678.png,True,False
near_identical_ahash,00007f7e7e7e7c00,2,train,generated_train,train_3171.png|train_3737.png,data/images/train/train_3171.png|data/images/train/train_3737.png,False,False
near_identical_ahash,00007f7e7e7f0000,2,train,generated_train,train_2775.png|train_4753.png,data/images/train/train_2775.png|data/images/train/train_4753.png,False,False
near_identical_ahash,00007f7e7efe0000,8,train,generated_train|generated_val,train_1459.png|train_2413.png|train_3909.png|train_4308.png|train_4697.png|train_4766.png|train_4898.png|train_4960.png,data/images/train/train_1459.png|data/images/train/train_2413.png|data/images/train/train_3909.png|data/images/train/train_4308.png|data/images/train/train_4697.png|data/images/train/train_4766.png|data/images/train/train_4898.png|data/images/train/train_4960.png,True,False
near_identical_ahash,00007f7f7efe7c00,2,train,generated_train|generated_val,train_3293.png|train_4796.png,data/images/train/train_3293.png|data/images/train/train_4796.png,True,False
near_identical_ahash,00007f7f7f7e0000,2,train,generated_train,train_2765.png|train_4647.png,data/images/train/train_2765.png|data/images/train/train_4647.png,False,False
near_identical_ahash,00007f7f7f7f0000,7,train,generated_train|generated_val,train_1528.png|train_2737.png|train_3193.png|train_3356.png|train_3850.png|train_4895.png|train_5008.png,data/images/train/train_1528.png|data/images/train/train_2737.png|data/images/train/train_3193.png|data/images/train/train_3356.png|data/images/train/train_3850.png|data/images/train/train_4895.png|data/images/train/train_5008.png,True,False
near_identical_ahash,00007f7f7f7f7e00,2,train,generated_train,train_4199.png|train_4615.png,data/images/train/train_4199.png|data/images/train/train_4615.png,False,False
near_identical_ahash,00007f7f7fff0000,10,train,generated_train,train_1576.png|train_2793.png|train_3711.png|train_3914.png|train_4073.png|train_4151.png|train_4675.png|train_4809.png|train_4878.png|train_5000.png,data/images/train/train_1576.png|data/images/train/train_2793.png|data/images/train/train_3711.png|data/images/train/train_3914.png|data/images/train/train_4073.png|data/images/train/train_4151.png|data/images/train/train_4675.png|data/images/train/train_4809.png|data/images/train/train_4878.png|data/images/train/train_5000.png,False,False
near_identical_ahash,00007f7fffff0000,9,train,generated_train|generated_val,train_2021.png|train_3224.png|train_3355.png|train_3404.png|train_3742.png|train_4163.png|train_4248.png|train_5047.png|train_5069.png,data/images/train/train_2021.png|data/images/train/train_3224.png|data/images/train/train_3355.png|data/images/train/train_3404.png|data/images/train/train_3742.png|data/images/train/train_4163.png|data/images/train/train_4248.png|data/images/train/train_5047.png|data/images/train/train_5069.png,True,False
near_identical_ahash,00007ffe7e7e0000,4,train,generated_train|generated_val,train_1929.png|train_3772.png|train_4473.png|train_4636.png,data/images/train/train_1929.png|data/images/train/train_3772.png|data/images/train/train_4473.png|data/images/train/train_4636.png,True,False
near_identical_ahash,00007ffefefe0000,2,train,generated_train|generated_val,train_1810.png|train_4403.png,data/images/train/train_1810.png|data/images/train/train_4403.png,True,False
near_identical_ahash,00007fff7e7e0000,4,train,generated_train|generated_val,train_2180.png|train_3113.png|train_4327.png|train_4997.png,data/images/train/train_2180.png|data/images/train/train_3113.png|data/images/train/train_4327.png|data/images/train/train_4997.png,True,False
near_identical_ahash,00007ffffefe0000,2,train,generated_val,train_3676.png|train_4698.png,data/images/train/train_3676.png|data/images/train/train_4698.png,False,False
near_identical_ahash,00007fffff7f0000,2,train,generated_train,train_2801.png|train_3490.png,data/images/train/train_2801.png|data/images/train/train_3490.png,False,False
near_identical_ahash,00007fffffff0000,5,train,generated_train,train_2363.png|train_2846.png|train_3201.png|train_3315.png|train_4035.png,data/images/train/train_2363.png|data/images/train/train_2846.png|data/images/train/train_3201.png|data/images/train/train_3315.png|data/images/train/train_4035.png,False,False
near_identical_ahash,0000fe7c7c7e0000,2,train,generated_train|generated_val,train_2104.png|train_3550.png,data/images/train/train_2104.png|data/images/train/train_3550.png,True,False
near_identical_ahash,0000fe7e5e7e0000,2,train,generated_train|generated_val,train_3003.png|train_4484.png,data/images/train/train_3003.png|data/images/train/train_4484.png,True,False
near_identical_ahash,0000fe7e7e7e0000,38,train,generated_train|generated_val,train_1499.png|train_1546.png|train_1574.png|train_1844.png|train_1932.png|train_2144.png|train_2176.png|train_2477.png|train_2563.png|train_2579.png|train_2596.png|train_2717.png|train_2725.png|train_2741.png|train_2767.png|train_2815.png|train_2890.png|train_2927.png|train_2943.png|train_3018.png|train_3094.png|train_3559.png|train_3578.png|train_3715.png|train_3820.png|train_3895.png|train_3898.png|train_4182.png|train_4354.png|train_4381.png|train_4395.png|train_4440.png|train_4533.png|train_4601.png|train_4799.png|train_4819.png|train_4924.png|train_5151.png,data/images/train/train_1499.png|data/images/train/train_1546.png|data/images/train/train_1574.png|data/images/train/train_1844.png|data/images/train/train_1932.png|data/images/train/train_2144.png|data/images/train/train_2176.png|data/images/train/train_2477.png|data/images/train/train_2563.png|data/images/train/train_2579.png|data/images/train/train_2596.png|data/images/train/train_2717.png|data/images/train/train_2725.png|data/images/train/train_2741.png|data/images/train/train_2767.png|data/images/train/train_2815.png|data/images/train/train_2890.png|data/images/train/train_2927.png|data/images/train/train_2943.png|data/images/train/train_3018.png|data/images/train/train_3094.png|data/images/train/train_3559.png|data/images/train/train_3578.png|data/images/train/train_3715.png|data/images/train/train_3820.png|data/images/train/train_3895.png|data/images/train/train_3898.png|data/images/train/train_4182.png|data/images/train/train_4354.png|data/images/train/train_4381.png|data/images/train/train_4395.png|data/images/train/train_4440.png|data/images/train/train_4533.png|data/images/train/train_4601.png|data/images/train/train_4799.png|data/images/train/train_4819.png|data/images/train/train_4924.png|data/images/train/train_5151.png,True,False
near_identical_ahash,0000fe7e7e7e0c00,2,train,generated_train,train_2834.png|train_4055.png,data/images/train/train_2834.png|data/images/train/train_4055.png,False,False
near_identical_ahash,0000fe7e7e7e2000,4,train,generated_train,train_2085.png|train_2773.png|train_3431.png|train_3464.png,data/images/train/train_2085.png|data/images/train/train_2773.png|data/images/train/train_3431.png|data/images/train/train_3464.png,False,False
near_identical_ahash,0000fe7e7e7e3000,2,train,generated_train,train_2020.png|train_3333.png,data/images/train/train_2020.png|data/images/train/train_3333.png,False,False
near_identical_ahash,0000fe7e7e7e3800,4,train,generated_train|generated_val,train_3004.png|train_3340.png|train_3426.png|train_4404.png,data/images/train/train_3004.png|data/images/train/train_3340.png|data/images/train/train_3426.png|data/images/train/train_4404.png,True,False
near_identical_ahash,0000fe7e7e7e3c00,7,train,generated_train|generated_val,train_2310.png|train_4085.png|train_4258.png|train_4331.png|train_4608.png|train_5111.png|train_5162.png,data/images/train/train_2310.png|data/images/train/train_4085.png|data/images/train/train_4258.png|data/images/train/train_4331.png|data/images/train/train_4608.png|data/images/train/train_5111.png|data/images/train/train_5162.png,True,False
near_identical_ahash,0000fe7e7e7e3e00,3,train,generated_train,train_1548.png|train_2238.png|train_2873.png,data/images/train/train_1548.png|data/images/train/train_2238.png|data/images/train/train_2873.png,False,False
near_identical_ahash,0000fe7e7e7e7c00,7,train,generated_train|generated_val,train_2344.png|train_2957.png|train_3096.png|train_4121.png|train_4229.png|train_4674.png|train_4989.png,data/images/train/train_2344.png|data/images/train/train_2957.png|data/images/train/train_3096.png|data/images/train/train_4121.png|data/images/train/train_4229.png|data/images/train/train_4674.png|data/images/train/train_4989.png,True,False
near_identical_ahash,0000fe7e7efe0000,8,train,generated_train|generated_val,train_1639.png|train_3016.png|train_3089.png|train_3531.png|train_3672.png|train_4625.png|train_4865.png|train_5213.png,data/images/train/train_1639.png|data/images/train/train_3016.png|data/images/train/train_3089.png|data/images/train/train_3531.png|data/images/train/train_3672.png|data/images/train/train_4625.png|data/images/train/train_4865.png|data/images/train/train_5213.png,True,False
near_identical_ahash,0000fe7efefe0000,2,train,generated_train,train_2441.png|train_3214.png,data/images/train/train_2441.png|data/images/train/train_3214.png,False,False
near_identical_ahash,0000fe7efefe7800,2,train,generated_train|generated_val,train_4513.png|train_4514.png,data/images/train/train_4513.png|data/images/train/train_4514.png,True,False
near_identical_ahash,0000fe7f7e7e0000,4,train,generated_train|generated_val,train_2361.png|train_2680.png|train_3024.png|train_4832.png,data/images/train/train_2361.png|data/images/train/train_2680.png|data/images/train/train_3024.png|data/images/train/train_4832.png,True,False
near_identical_ahash,0000fe7f7efe0000,2,train,generated_train,train_1855.png|train_3093.png,data/images/train/train_1855.png|data/images/train/train_3093.png,False,False
near_identical_ahash,0000fefe7e7e0000,8,train,generated_train|generated_val,train_1456.png|train_2326.png|train_2341.png|train_2552.png|train_2865.png|train_4923.png|train_5059.png|train_5063.png,data/images/train/train_1456.png|data/images/train/train_2326.png|data/images/train/train_2341.png|data/images/train/train_2552.png|data/images/train/train_2865.png|data/images/train/train_4923.png|data/images/train/train_5059.png|data/images/train/train_5063.png,True,False
near_identical_ahash,0000fefe7e7e3000,2,train,generated_train,train_2287.png|train_4524.png,data/images/train/train_2287.png|data/images/train/train_4524.png,False,False
near_identical_ahash,0000fefe7e7f0000,2,train,generated_train|generated_val,train_2962.png|train_3614.png,data/images/train/train_2962.png|data/images/train/train_3614.png,True,False
near_identical_ahash,0000fefe7efe0000,3,train,generated_train,train_1758.png|train_1952.png|train_3785.png,data/images/train/train_1758.png|data/images/train/train_1952.png|data/images/train/train_3785.png,False,False
near_identical_ahash,0000fefe7eff0000,2,train,generated_train|generated_val,train_1347.png|train_4050.png,data/images/train/train_1347.png|data/images/train/train_4050.png,True,False
near_identical_ahash,0000fefe7f7f0000,2,train,generated_train|generated_val,train_1830.png|train_3843.png,data/images/train/train_1830.png|data/images/train/train_3843.png,True,False
near_identical_ahash,0000fefefe7e0000,5,train,generated_train,train_2304.png|train_3182.png|train_3869.png|train_4212.png|train_5207.png,data/images/train/train_2304.png|data/images/train/train_3182.png|data/images/train/train_3869.png|data/images/train/train_4212.png|data/images/train/train_5207.png,False,False
near_identical_ahash,0000fefefe7e2000,2,train,generated_train,train_2125.png|train_2937.png,data/images/train/train_2125.png|data/images/train/train_2937.png,False,False
near_identical_ahash,0000fefefefe0000,16,train,generated_train|generated_val,train_1590.png|train_2399.png|train_2407.png|train_2760.png|train_2764.png|train_2895.png|train_2930.png|train_3322.png|train_3489.png|train_3947.png|train_3950.png|train_4130.png|train_4280.png|train_4769.png|train_4925.png|train_5066.png,data/images/train/train_1590.png|data/images/train/train_2399.png|data/images/train/train_2407.png|data/images/train/train_2760.png|data/images/train/train_2764.png|data/images/train/train_2895.png|data/images/train/train_2930.png|data/images/train/train_3322.png|data/images/train/train_3489.png|data/images/train/train_3947.png|data/images/train/train_3950.png|data/images/train/train_4130.png|data/images/train/train_4280.png|data/images/train/train_4769.png|data/images/train/train_4925.png|data/images/train/train_5066.png,True,False
near_identical_ahash,0000fefefefe7c00,3,train,generated_train,train_1793.png|train_2931.png|train_3023.png,data/images/train/train_1793.png|data/images/train/train_2931.png|data/images/train/train_3023.png,False,False
near_identical_ahash,0000fefefeff0000,9,train,generated_train,train_1403.png|train_1578.png|train_2112.png|train_2715.png|train_3910.png|train_4263.png|train_4633.png|train_4641.png|train_5125.png,data/images/train/train_1403.png|data/images/train/train_1578.png|data/images/train/train_2112.png|data/images/train/train_2715.png|data/images/train/train_3910.png|data/images/train/train_4263.png|data/images/train/train_4633.png|data/images/train/train_4641.png|data/images/train/train_5125.png,False,False
near_identical_ahash,0000fefeff7e0000,2,train,generated_train,train_2761.png|train_3134.png,data/images/train/train_2761.png|data/images/train/train_3134.png,False,False
near_identical_ahash,0000fefeff7f0000,2,train,generated_train,train_2719.png|train_4764.png,data/images/train/train_2719.png|data/images/train/train_4764.png,False,False
near_identical_ahash,0000fefeffff0000,9,train,generated_train|generated_val,train_1893.png|train_2805.png|train_2845.png|train_3442.png|train_3618.png|train_4154.png|train_4302.png|train_4798.png|train_5038.png,data/images/train/train_1893.png|data/images/train/train_2805.png|data/images/train/train_2845.png|data/images/train/train_3442.png|data/images/train/train_3618.png|data/images/train/train_4154.png|data/images/train/train_4302.png|data/images/train/train_4798.png|data/images/train/train_5038.png,True,False
near_identical_ahash,0000feff7e7e0000,2,train,generated_train,train_2114.png|train_2856.png,data/images/train/train_2114.png|data/images/train/train_2856.png,False,False
near_identical_ahash,0000fefffefe0000,3,train,generated_train|generated_val,train_1717.png|train_1806.png|train_1911.png,data/images/train/train_1717.png|data/images/train/train_1806.png|data/images/train/train_1911.png,True,False
near_identical_ahash,0000feffff7e0000,3,train,generated_train|generated_val,train_2872.png|train_4909.png|train_5058.png,data/images/train/train_2872.png|data/images/train/train_4909.png|data/images/train/train_5058.png,True,False
near_identical_ahash,0000fefffffe0000,2,train,generated_train|generated_val,train_2346.png|train_2795.png,data/images/train/train_2346.png|data/images/train/train_2795.png,True,False
near_identical_ahash,0000feffffff0000,8,train,generated_train|generated_val,train_2800.png|train_3265.png|train_3439.png|train_4123.png|train_4224.png|train_4344.png|train_4585.png|train_4951.png,data/images/train/train_2800.png|data/images/train/train_3265.png|data/images/train/train_3439.png|data/images/train/train_4123.png|data/images/train/train_4224.png|data/images/train/train_4344.png|data/images/train/train_4585.png|data/images/train/train_4951.png,True,False
near_identical_ahash,0000ff7e5e7e3c00,2,train,generated_train,train_3834.png|train_4277.png,data/images/train/train_3834.png|data/images/train/train_4277.png,False,False
near_identical_ahash,0000ff7e5e7e7e00,2,train,generated_train,train_1754.png|train_4222.png,data/images/train/train_1754.png|data/images/train/train_4222.png,False,False
near_identical_ahash,0000ff7e7e7e0000,39,train,generated_train|generated_val,train_1856.png|train_1915.png|train_1999.png|train_2068.png|train_2305.png|train_2396.png|train_2533.png|train_2595.png|train_2663.png|train_2860.png|train_2951.png|train_2967.png|train_2974.png|train_2982.png|train_2989.png|train_3194.png|train_3266.png|train_3302.png|train_3335.png|train_3400.png|train_3584.png|train_3641.png|train_3651.png|train_3686.png|train_3773.png|train_3939.png|train_4004.png|train_4028.png|train_4119.png|train_4227.png|train_4252.png|train_4265.png|train_4445.png|train_4562.png|train_4896.png|train_4934.png|train_5002.png|train_5004.png|train_5075.png,data/images/train/train_1856.png|data/images/train/train_1915.png|data/images/train/train_1999.png|data/images/train/train_2068.png|data/images/train/train_2305.png|data/images/train/train_2396.png|data/images/train/train_2533.png|data/images/train/train_2595.png|data/images/train/train_2663.png|data/images/train/train_2860.png|data/images/train/train_2951.png|data/images/train/train_2967.png|data/images/train/train_2974.png|data/images/train/train_2982.png|data/images/train/train_2989.png|data/images/train/train_3194.png|data/images/train/train_3266.png|data/images/train/train_3302.png|data/images/train/train_3335.png|data/images/train/train_3400.png|data/images/train/train_3584.png|data/images/train/train_3641.png|data/images/train/train_3651.png|data/images/train/train_3686.png|data/images/train/train_3773.png|data/images/train/train_3939.png|data/images/train/train_4004.png|data/images/train/train_4028.png|data/images/train/train_4119.png|data/images/train/train_4227.png|data/images/train/train_4252.png|data/images/train/train_4265.png|data/images/train/train_4445.png|data/images/train/train_4562.png|data/images/train/train_4896.png|data/images/train/train_4934.png|data/images/train/train_5002.png|data/images/train/train_5004.png|data/images/train/train_5075.png,True,False
near_identical_ahash,0000ff7e7e7e2000,2,train,generated_train,train_4489.png|train_5182.png,data/images/train/train_4489.png|data/images/train/train_5182.png,False,False
near_identical_ahash,0000ff7e7e7e3000,3,train,generated_train,train_2022.png|train_2442.png|train_2987.png,data/images/train/train_2022.png|data/images/train/train_2442.png|data/images/train/train_2987.png,False,False
near_identical_ahash,0000ff7e7e7e3800,2,train,generated_train|generated_val,train_1760.png|train_4260.png,data/images/train/train_1760.png|data/images/train/train_4260.png,True,False
near_identical_ahash,0000ff7e7e7e3c00,3,train,generated_train,train_1876.png|train_4169.png|train_4508.png,data/images/train/train_1876.png|data/images/train/train_4169.png|data/images/train/train_4508.png,False,False
near_identical_ahash,0000ff7e7e7e3e00,2,train,generated_train|generated_val,train_2041.png|train_4353.png,data/images/train/train_2041.png|data/images/train/train_4353.png,True,False
near_identical_ahash,0000ff7e7e7e7800,2,train,generated_train|generated_val,train_1642.png|train_1782.png,data/images/train/train_1642.png|data/images/train/train_1782.png,True,False
near_identical_ahash,0000ff7e7e7e7c00,4,train,generated_train|generated_val,train_1389.png|train_1509.png|train_2561.png|train_3592.png,data/images/train/train_1389.png|data/images/train/train_1509.png|data/images/train/train_2561.png|data/images/train/train_3592.png,True,False
near_identical_ahash,0000ff7e7e7e7e00,4,train,generated_train,train_1608.png|train_1647.png|train_2669.png|train_3824.png,data/images/train/train_1608.png|data/images/train/train_1647.png|data/images/train/train_2669.png|data/images/train/train_3824.png,False,False
near_identical_ahash,0000ff7e7e7f0000,4,train,generated_train|generated_val,train_2133.png|train_2662.png|train_2965.png|train_4570.png,data/images/train/train_2133.png|data/images/train/train_2662.png|data/images/train/train_2965.png|data/images/train/train_4570.png,True,False
near_identical_ahash,0000ff7e7efe0000,10,train,generated_train|generated_val,train_2061.png|train_2410.png|train_3095.png|train_3284.png|train_3844.png|train_3979.png|train_4624.png|train_4768.png|train_4829.png|train_4910.png,data/images/train/train_2061.png|data/images/train/train_2410.png|data/images/train/train_3095.png|data/images/train/train_3284.png|data/images/train/train_3844.png|data/images/train/train_3979.png|data/images/train/train_4624.png|data/images/train/train_4768.png|data/images/train/train_4829.png|data/images/train/train_4910.png,True,False
near_identical_ahash,0000ff7e7efe7c00,3,train,generated_train|generated_val,train_3217.png|train_3316.png|train_4917.png,data/images/train/train_3217.png|data/images/train/train_3316.png|data/images/train/train_4917.png,True,False
near_identical_ahash,0000ff7efefe0000,3,train,generated_train,train_1688.png|train_2718.png|train_3222.png,data/images/train/train_1688.png|data/images/train/train_2718.png|data/images/train/train_3222.png,False,False
near_identical_ahash,0000ff7f7e7e0000,15,train,generated_train|generated_val,train_1928.png|train_1941.png|train_2016.png|train_2337.png|train_2572.png|train_2863.png|train_2921.png|train_3187.png|train_3331.png|train_3761.png|train_4437.png|train_4646.png|train_4867.png|train_5005.png|train_5029.png,data/images/train/train_1928.png|data/images/train/train_1941.png|data/images/train/train_2016.png|data/images/train/train_2337.png|data/images/train/train_2572.png|data/images/train/train_2863.png|data/images/train/train_2921.png|data/images/train/train_3187.png|data/images/train/train_3331.png|data/images/train/train_3761.png|data/images/train/train_4437.png|data/images/train/train_4646.png|data/images/train/train_4867.png|data/images/train/train_5005.png|data/images/train/train_5029.png,True,False
near_identical_ahash,0000ff7f7e7e7c00,2,train,generated_train|generated_val,train_3479.png|train_3597.png,data/images/train/train_3479.png|data/images/train/train_3597.png,True,False
near_identical_ahash,0000ff7f7efe0000,5,train,generated_train|generated_val,train_1745.png|train_2077.png|train_2991.png|train_4326.png|train_4662.png,data/images/train/train_1745.png|data/images/train/train_2077.png|data/images/train/train_2991.png|data/images/train/train_4326.png|data/images/train/train_4662.png,True,False
near_identical_ahash,0000ff7f7f7f0000,4,train,generated_train|generated_val,train_1879.png|train_4336.png|train_4464.png|train_4571.png,data/images/train/train_1879.png|data/images/train/train_4336.png|data/images/train/train_4464.png|data/images/train/train_4571.png,True,False
near_identical_ahash,0000ff7f7fff0000,4,train,generated_train,train_1482.png|train_2378.png|train_3486.png|train_3640.png,data/images/train/train_1482.png|data/images/train/train_2378.png|data/images/train/train_3486.png|data/images/train/train_3640.png,False,False
near_identical_ahash,0000ff7fffff0000,3,train,generated_train,train_1575.png|train_4777.png|train_5198.png,data/images/train/train_1575.png|data/images/train/train_4777.png|data/images/train/train_5198.png,False,False
near_identical_ahash,0000fffe7e7e0000,30,train,generated_train|generated_val,train_1446.png|train_1577.png|train_1593.png|train_1594.png|train_1753.png|train_1805.png|train_1897.png|train_2058.png|train_2501.png|train_2785.png|train_2836.png|train_2917.png|train_3051.png|train_3078.png|train_3137.png|train_3232.png|train_3236.png|train_3670.png|train_3790.png|train_3797.png|train_4328.png|train_4358.png|train_4443.png|train_4560.png|train_4648.png|train_4699.png|train_4765.png|train_4845.png|train_4928.png|train_5215.png,data/images/train/train_1446.png|data/images/train/train_1577.png|data/images/train/train_1593.png|data/images/train/train_1594.png|data/images/train/train_1753.png|data/images/train/train_1805.png|data/images/train/train_1897.png|data/images/train/train_2058.png|data/images/train/train_2501.png|data/images/train/train_2785.png|data/images/train/train_2836.png|data/images/train/train_2917.png|data/images/train/train_3051.png|data/images/train/train_3078.png|data/images/train/train_3137.png|data/images/train/train_3232.png|data/images/train/train_3236.png|data/images/train/train_3670.png|data/images/train/train_3790.png|data/images/train/train_3797.png|data/images/train/train_4328.png|data/images/train/train_4358.png|data/images/train/train_4443.png|data/images/train/train_4560.png|data/images/train/train_4648.png|data/images/train/train_4699.png|data/images/train/train_4765.png|data/images/train/train_4845.png|data/images/train/train_4928.png|data/images/train/train_5215.png,True,False
near_identical_ahash,0000fffe7e7e1000,2,train,generated_train,train_1851.png|train_3532.png,data/images/train/train_1851.png|data/images/train/train_3532.png,False,False
near_identical_ahash,0000fffe7e7f0000,2,train,generated_train|generated_val,train_3948.png|train_4583.png,data/images/train/train_3948.png|data/images/train/train_4583.png,True,False
near_identical_ahash,0000fffe7efe0000,6,train,generated_train|generated_val,train_2424.png|train_3565.png|train_3615.png|train_4003.png|train_4704.png|train_4986.png,data/images/train/train_2424.png|data/images/train/train_3565.png|data/images/train/train_3615.png|data/images/train/train_4003.png|data/images/train/train_4704.png|data/images/train/train_4986.png,True,False
near_identical_ahash,0000fffefe7e0000,3,train,generated_train,train_1721.png|train_2212.png|train_3488.png,data/images/train/train_1721.png|data/images/train/train_2212.png|data/images/train/train_3488.png,False,False
near_identical_ahash,0000fffefefe0000,13,train,generated_train|generated_val,train_1677.png|train_1776.png|train_2263.png|train_2667.png|train_2744.png|train_2870.png|train_3817.png|train_4099.png|train_4444.png|train_4559.png|train_4584.png|train_4671.png|train_5021.png,data/images/train/train_1677.png|data/images/train/train_1776.png|data/images/train/train_2263.png|data/images/train/train_2667.png|data/images/train/train_2744.png|data/images/train/train_2870.png|data/images/train/train_3817.png|data/images/train/train_4099.png|data/images/train/train_4444.png|data/images/train/train_4559.png|data/images/train/train_4584.png|data/images/train/train_4671.png|data/images/train/train_5021.png,True,False
near_identical_ahash,0000fffefefe2000,2,train,generated_train,train_4025.png|train_4660.png,data/images/train/train_4025.png|data/images/train/train_4660.png,False,False
near_identical_ahash,0000fffefefe3800,2,train,generated_train,train_4710.png|train_5046.png,data/images/train/train_4710.png|data/images/train/train_5046.png,False,False
near_identical_ahash,0000fffefeff0000,3,train,generated_train|generated_val,train_1388.png|train_4008.png|train_4433.png,data/images/train/train_1388.png|data/images/train/train_4008.png|data/images/train/train_4433.png,True,False
near_identical_ahash,0000fffeffff0000,2,train,generated_train,train_3124.png|train_4122.png,data/images/train/train_3124.png|data/images/train/train_4122.png,False,False
near_identical_ahash,0000ffff7e7e0000,18,train,generated_train|generated_val,train_1480.png|train_1492.png|train_1495.png|train_1609.png|train_1761.png|train_1828.png|train_1968.png|train_1969.png|train_2033.png|train_2707.png|train_3077.png|train_3112.png|train_3432.png|train_4117.png|train_4269.png|train_4947.png|train_5088.png|train_5119.png,data/images/train/train_1480.png|data/images/train/train_1492.png|data/images/train/train_1495.png|data/images/train/train_1609.png|data/images/train/train_1761.png|data/images/train/train_1828.png|data/images/train/train_1968.png|data/images/train/train_1969.png|data/images/train/train_2033.png|data/images/train/train_2707.png|data/images/train/train_3077.png|data/images/train/train_3112.png|data/images/train/train_3432.png|data/images/train/train_4117.png|data/images/train/train_4269.png|data/images/train/train_4947.png|data/images/train/train_5088.png|data/images/train/train_5119.png,True,False
near_identical_ahash,0000ffff7e7e3c00,2,train,generated_train,train_3202.png|train_4835.png,data/images/train/train_3202.png|data/images/train/train_4835.png,False,False
near_identical_ahash,0000ffff7efe0000,3,train,generated_train|generated_val,train_1701.png|train_2211.png|train_4450.png,data/images/train/train_1701.png|data/images/train/train_2211.png|data/images/train/train_4450.png,True,False
near_identical_ahash,0000ffff7f7e0000,5,train,generated_train,train_1994.png|train_2847.png|train_3135.png|train_4228.png|train_5098.png,data/images/train/train_1994.png|data/images/train/train_2847.png|data/images/train/train_3135.png|data/images/train/train_4228.png|data/images/train/train_5098.png,False,False
near_identical_ahash,0000fffffdff0000,2,train,generated_train,train_1430.png|train_3535.png,data/images/train/train_1430.png|data/images/train/train_3535.png,False,False
near_identical_ahash,0000fffffe7e0000,6,train,generated_train|generated_val,train_1470.png|train_2215.png|train_3179.png|train_4858.png|train_4936.png|train_5055.png,data/images/train/train_1470.png|data/images/train/train_2215.png|data/images/train/train_3179.png|data/images/train/train_4858.png|data/images/train/train_4936.png|data/images/train/train_5055.png,True,False
near_identical_ahash,0000fffffefe0000,10,train,generated_train|generated_val,train_1681.png|train_1905.png|train_1950.png|train_2886.png|train_2966.png|train_3368.png|train_4278.png|train_4343.png|train_4650.png|train_4821.png,data/images/train/train_1681.png|data/images/train/train_1905.png|data/images/train/train_1950.png|data/images/train/train_2886.png|data/images/train/train_2966.png|data/images/train/train_3368.png|data/images/train/train_4278.png|data/images/train/train_4343.png|data/images/train/train_4650.png|data/images/train/train_4821.png,True,False
near_identical_ahash,0000fffffeff0000,2,train,generated_train,train_1662.png|train_3438.png,data/images/train/train_1662.png|data/images/train/train_3438.png,False,False
near_identical_ahash,0000ffffff7e0000,5,train,generated_train,train_2482.png|train_2819.png|train_2893.png|train_3136.png|train_5081.png,data/images/train/train_2482.png|data/images/train/train_2819.png|data/images/train/train_2893.png|data/images/train/train_3136.png|data/images/train/train_5081.png,False,False
near_identical_ahash,0000ffffffff0000,38,train,generated_train|generated_val,train_1361.png|train_1543.png|train_1601.png|train_1644.png|train_1680.png|train_1732.png|train_1925.png|train_2210.png|train_2745.png|train_2759.png|train_2808.png|train_2820.png|train_2940.png|train_3175.png|train_3176.png|train_3188.png|train_3334.png|train_3424.png|train_3484.png|train_3741.png|train_3832.png|train_3974.png|train_4246.png|train_4271.png|train_4373.png|train_4413.png|train_4527.png|train_4557.png|train_4586.png|train_4587.png|train_4607.png|train_4816.png|train_4904.png|train_4912.png|train_5039.png|train_5061.png|train_5144.png|train_5148.png,data/images/train/train_1361.png|data/images/train/train_1543.png|data/images/train/train_1601.png|data/images/train/train_1644.png|data/images/train/train_1680.png|data/images/train/train_1732.png|data/images/train/train_1925.png|data/images/train/train_2210.png|data/images/train/train_2745.png|data/images/train/train_2759.png|data/images/train/train_2808.png|data/images/train/train_2820.png|data/images/train/train_2940.png|data/images/train/train_3175.png|data/images/train/train_3176.png|data/images/train/train_3188.png|data/images/train/train_3334.png|data/images/train/train_3424.png|data/images/train/train_3484.png|data/images/train/train_3741.png|data/images/train/train_3832.png|data/images/train/train_3974.png|data/images/train/train_4246.png|data/images/train/train_4271.png|data/images/train/train_4373.png|data/images/train/train_4413.png|data/images/train/train_4527.png|data/images/train/train_4557.png|data/images/train/train_4586.png|data/images/train/train_4587.png|data/images/train/train_4607.png|data/images/train/train_4816.png|data/images/train/train_4904.png|data/images/train/train_4912.png|data/images/train/train_5039.png|data/images/train/train_5061.png|data/images/train/train_5144.png|data/images/train/train_5148.png,True,False
near_identical_ahash,00087f7e7e7e7e00,4,train,generated_train,train_1434.png|train_3666.png|train_3667.png|train_3857.png,data/images/train/train_1434.png|data/images/train/train_3666.png|data/images/train/train_3667.png|data/images/train/train_3857.png,False,False
near_identical_ahash,0008ff7e7e7e3c00,2,train,generated_train,train_3571.png|train_3652.png,data/images/train/train_3571.png|data/images/train/train_3652.png,False,False
near_identical_ahash,000c7e7e7e7e3000,2,train,generated_train,train_2497.png|train_2928.png,data/images/train/train_2497.png|data/images/train/train_2928.png,False,False
near_identical_ahash,000cff7e7e7e7c00,2,train,generated_train,train_2357.png|train_3569.png,data/images/train/train_2357.png|data/images/train/train_3569.png,False,False
near_identical_ahash,000e7e7e7e7e7c00,2,train,generated_train|generated_val,train_1586.png|train_1734.png,data/images/train/train_1586.png|data/images/train/train_1734.png,True,False
near_identical_ahash,00107e7e7e7e7e00,3,train,generated_train,train_2366.png|train_2913.png|train_5100.png,data/images/train/train_2366.png|data/images/train/train_2913.png|data/images/train/train_5100.png,False,False
near_identical_ahash,0010fe7e7e7e3c00,2,train,generated_train,train_4658.png|train_5018.png,data/images/train/train_4658.png|data/images/train/train_5018.png,False,False
near_identical_ahash,0010fe7e7e7e7e00,5,train,generated_train|generated_val,train_2655.png|train_2720.png|train_3283.png|train_4062.png|train_4723.png,data/images/train/train_2655.png|data/images/train/train_2720.png|data/images/train/train_3283.png|data/images/train/train_4062.png|data/images/train/train_4723.png,True,False
near_identical_ahash,0010fefefefe7e00,3,train,generated_train|generated_val,train_3099.png|train_4053.png|train_4722.png,data/images/train/train_3099.png|data/images/train/train_4053.png|data/images/train/train_4722.png,True,False
near_identical_ahash,00187e3e7e7e7e00,2,train,generated_train,train_4673.png|train_4783.png,data/images/train/train_4673.png|data/images/train/train_4783.png,False,False
near_identical_ahash,00187e7e3e7e7e00,2,train,generated_train|generated_val,train_1362.png|train_4203.png,data/images/train/train_1362.png|data/images/train/train_4203.png,True,False
near_identical_ahash,00187e7e5e7e7c00,2,train,generated_train,train_1885.png|train_3649.png,data/images/train/train_1885.png|data/images/train/train_3649.png,False,False
near_identical_ahash,00187e7e5e7e7e00,2,train,generated_train|generated_val,train_0207.png|train_2673.png,data/images/train/train_0207.png|data/images/train/train_2673.png,True,False
near_identical_ahash,00187e7e7c7e7e00,2,train,generated_train,train_2947.png|train_3218.png,data/images/train/train_2947.png|data/images/train/train_3218.png,False,False
near_identical_ahash,00187e7e7e7c7e00,2,train,generated_train|generated_val,train_2019.png|train_2356.png,data/images/train/train_2019.png|data/images/train/train_2356.png,True,False
near_identical_ahash,00187e7e7e7e0000,2,train,generated_train,train_1640.png|train_2721.png,data/images/train/train_1640.png|data/images/train/train_2721.png,False,False
near_identical_ahash,00187e7e7e7e3800,4,train,generated_train,train_3699.png|train_3912.png|train_4352.png|train_5019.png,data/images/train/train_3699.png|data/images/train/train_3912.png|data/images/train/train_4352.png|data/images/train/train_5019.png,False,False
near_identical_ahash,00187e7e7e7e3c00,5,train,generated_train|generated_val,train_1783.png|train_3392.png|train_4068.png|train_5009.png|train_5027.png,data/images/train/train_1783.png|data/images/train/train_3392.png|data/images/train/train_4068.png|data/images/train/train_5009.png|data/images/train/train_5027.png,True,False
near_identical_ahash,00187e7e7e7e3e00,2,train,generated_val,train_1801.png|train_4982.png,data/images/train/train_1801.png|data/images/train/train_4982.png,False,False
near_identical_ahash,00187e7e7e7e7c00,14,train,generated_train|generated_val,train_1370.png|train_1392.png|train_1504.png|train_1685.png|train_2240.png|train_2335.png|train_2884.png|train_2948.png|train_3000.png|train_3008.png|train_3310.png|train_4054.png|train_4346.png|train_4447.png,data/images/train/train_1370.png|data/images/train/train_1392.png|data/images/train/train_1504.png|data/images/train/train_1685.png|data/images/train/train_2240.png|data/images/train/train_2335.png|data/images/train/train_2884.png|data/images/train/train_2948.png|data/images/train/train_3000.png|data/images/train/train_3008.png|data/images/train/train_3310.png|data/images/train/train_4054.png|data/images/train/train_4346.png|data/images/train/train_4447.png,True,False
near_identical_ahash,00187e7e7e7e7e00,24,train,generated_train|generated_val,train_1342.png|train_1387.png|train_1720.png|train_1816.png|train_2136.png|train_2182.png|train_2565.png|train_2645.png|train_2672.png|train_2699.png|train_2809.png|train_3145.png|train_3243.png|train_3452.png|train_3465.png|train_3620.png|train_3810.png|train_3851.png|train_3955.png|train_3956.png|train_3963.png|train_4051.png|train_4064.png|train_5133.png,data/images/train/train_1342.png|data/images/train/train_1387.png|data/images/train/train_1720.png|data/images/train/train_1816.png|data/images/train/train_2136.png|data/images/train/train_2182.png|data/images/train/train_2565.png|data/images/train/train_2645.png|data/images/train/train_2672.png|data/images/train/train_2699.png|data/images/train/train_2809.png|data/images/train/train_3145.png|data/images/train/train_3243.png|data/images/train/train_3452.png|data/images/train/train_3465.png|data/images/train/train_3620.png|data/images/train/train_3810.png|data/images/train/train_3851.png|data/images/train/train_3955.png|data/images/train/train_3956.png|data/images/train/train_3963.png|data/images/train/train_4051.png|data/images/train/train_4064.png|data/images/train/train_5133.png,True,False
near_identical_ahash,00187e7e7efe7e00,2,train,generated_train,train_1938.png|train_3961.png,data/images/train/train_1938.png|data/images/train/train_3961.png,False,False
near_identical_ahash,00187e7e7efefe00,3,train,generated_train|generated_val,train_1329.png|train_2849.png|train_3710.png,data/images/train/train_1329.png|data/images/train/train_2849.png|data/images/train/train_3710.png,True,False
near_identical_ahash,00187f7e7e7e3e00,3,train,generated_train|generated_val,train_1517.png|train_3281.png|train_3528.png,data/images/train/train_1517.png|data/images/train/train_3281.png|data/images/train/train_3528.png,True,False
near_identical_ahash,00187f7e7e7e7c00,2,train,generated_train|generated_val,train_1786.png|train_3123.png,data/images/train/train_1786.png|data/images/train/train_3123.png,True,False
near_identical_ahash,00187f7e7e7e7e00,5,train,generated_train|generated_val,train_1823.png|train_2059.png|train_2185.png|train_3324.png|train_3994.png,data/images/train/train_1823.png|data/images/train/train_2059.png|data/images/train/train_2185.png|data/images/train/train_3324.png|data/images/train/train_3994.png,True,False
near_identical_ahash,00187f7e7efe7e00,2,train,generated_train,train_2637.png|train_4785.png,data/images/train/train_2637.png|data/images/train/train_4785.png,False,False
near_identical_ahash,00187f7f7e7e7e00,2,train,generated_train,train_1538.png|train_4100.png,data/images/train/train_1538.png|data/images/train/train_4100.png,False,False
near_identical_ahash,0018fe7e7c7e7e00,3,train,generated_train|generated_val,train_2687.png|train_4061.png|train_4078.png,data/images/train/train_2687.png|data/images/train/train_4061.png|data/images/train/train_4078.png,True,False
near_identical_ahash,0018fe7e7e7e3c00,4,train,generated_train,train_1638.png|train_3562.png|train_3593.png|train_4221.png,data/images/train/train_1638.png|data/images/train/train_3562.png|data/images/train/train_3593.png|data/images/train/train_4221.png,False,False
near_identical_ahash,0018fe7e7e7e3e00,3,train,generated_train,train_1520.png|train_1710.png|train_4066.png,data/images/train/train_1520.png|data/images/train/train_1710.png|data/images/train/train_4066.png,False,False
near_identical_ahash,0018fe7e7e7e7c00,5,train,generated_train|generated_val,train_2700.png|train_2831.png|train_3413.png|train_4178.png|train_4720.png,data/images/train/train_2700.png|data/images/train/train_2831.png|data/images/train/train_3413.png|data/images/train/train_4178.png|data/images/train/train_4720.png,True,False
near_identical_ahash,0018fe7e7e7e7e00,11,train,generated_train|generated_val,train_1393.png|train_1656.png|train_2092.png|train_3092.png|train_3208.png|train_3553.png|train_4168.png|train_4392.png|train_4727.png|train_5123.png|train_5193.png,data/images/train/train_1393.png|data/images/train/train_1656.png|data/images/train/train_2092.png|data/images/train/train_3092.png|data/images/train/train_3208.png|data/images/train/train_3553.png|data/images/train/train_4168.png|data/images/train/train_4392.png|data/images/train/train_4727.png|data/images/train/train_5123.png|data/images/train/train_5193.png,True,False
near_identical_ahash,0018fefe7e7e7e00,3,train,generated_train,train_1407.png|train_3822.png|train_4013.png,data/images/train/train_1407.png|data/images/train/train_3822.png|data/images/train/train_4013.png,False,False
near_identical_ahash,0018ff5e5e7e7e00,3,train,generated_train|generated_val,train_2618.png|train_4129.png|train_4233.png,data/images/train/train_2618.png|data/images/train/train_4129.png|data/images/train/train_4233.png,True,False
near_identical_ahash,0018ff7e5e7e7e00,2,train,generated_train,train_0582.png|train_1139.png,data/images/train/train_0582.png|data/images/train/train_1139.png,False,False
near_identical_ahash,0018ff7e7e7e3c00,3,train,generated_train|generated_val,train_1652.png|train_3656.png|train_4630.png,data/images/train/train_1652.png|data/images/train/train_3656.png|data/images/train/train_4630.png,True,False
near_identical_ahash,0018ff7e7e7e7c00,3,train,generated_train,train_3278.png|train_3457.png|train_4474.png,data/images/train/train_3278.png|data/images/train/train_3457.png|data/images/train/train_4474.png,False,False
near_identical_ahash,0018ff7e7e7e7e00,14,train,generated_train|generated_val,train_0482.png|train_0815.png|train_1539.png|train_1602.png|train_1634.png|train_2289.png|train_2298.png|train_3272.png|train_3596.png|train_4160.png|train_4482.png|train_4638.png|train_4750.png|train_4762.png,data/images/train/train_0482.png|data/images/train/train_0815.png|data/images/train/train_1539.png|data/images/train/train_1602.png|data/images/train/train_1634.png|data/images/train/train_2289.png|data/images/train/train_2298.png|data/images/train/train_3272.png|data/images/train/train_3596.png|data/images/train/train_4160.png|data/images/train/train_4482.png|data/images/train/train_4638.png|data/images/train/train_4750.png|data/images/train/train_4762.png,True,False
near_identical_ahash,0018fffe7e7e7e00,5,train,generated_train|generated_val,train_2456.png|train_2676.png|train_3336.png|train_3359.png|train_3954.png,data/images/train/train_2456.png|data/images/train/train_2676.png|data/images/train/train_3336.png|data/images/train/train_3359.png|data/images/train/train_3954.png,True,False
near_identical_ahash,0019ff7e7e7e7e00,2,train,generated_train,train_0118.png|train_3011.png,data/images/train/train_0118.png|data/images/train/train_3011.png,False,False
near_identical_ahash,001a7e7e7e7e7c00,2,train,generated_train,train_0862.png|train_1466.png,data/images/train/train_0862.png|data/images/train/train_1466.png,False,False
near_identical_ahash,001c3e7e7e7e7e00,2,train,generated_train,train_3519.png|train_4377.png,data/images/train/train_3519.png|data/images/train/train_4377.png,False,False
near_identical_ahash,001c7e7c7c7e7e00,2,train,generated_train,train_4597.png|train_5094.png,data/images/train/train_4597.png|data/images/train/train_5094.png,False,False
near_identical_ahash,001c7e7e3e7e7e00,2,train,generated_train,train_3744.png|train_4666.png,data/images/train/train_3744.png|data/images/train/train_4666.png,False,False
near_identical_ahash,001c7e7e5e7e7e00,6,train,generated_train|generated_val,train_0005.png|train_0071.png|train_0074.png|train_0302.png|train_2557.png|train_4305.png,data/images/train/train_0005.png|data/images/train/train_0071.png|data/images/train/train_0074.png|data/images/train/train_0302.png|data/images/train/train_2557.png|data/images/train/train_4305.png,True,False
near_identical_ahash,001c7e7e7e7e3c00,6,train,generated_train|generated_val,train_1441.png|train_2004.png|train_3811.png|train_4016.png|train_4057.png|train_4551.png,data/images/train/train_1441.png|data/images/train/train_2004.png|data/images/train/train_3811.png|data/images/train/train_4016.png|data/images/train/train_4057.png|data/images/train/train_4551.png,True,False
near_identical_ahash,001c7e7e7e7e3e00,2,train,generated_train|generated_val,train_4081.png|train_4325.png,data/images/train/train_4081.png|data/images/train/train_4325.png,True,False
near_identical_ahash,001c7e7e7e7e7c00,4,train,generated_train|generated_val,train_1521.png|train_2142.png|train_2526.png|train_4457.png,data/images/train/train_1521.png|data/images/train/train_2142.png|data/images/train/train_2526.png|data/images/train/train_4457.png,True,False
near_identical_ahash,001c7e7e7e7e7e00,18,train,generated_train|generated_val,train_0086.png|train_0533.png|train_0662.png|train_1484.png|train_1676.png|train_1726.png|train_1774.png|train_1942.png|train_2090.png|train_3002.png|train_3308.png|train_3662.png|train_3664.png|train_3765.png|train_3852.png|train_4334.png|train_4401.png|train_4965.png,data/images/train/train_0086.png|data/images/train/train_0533.png|data/images/train/train_0662.png|data/images/train/train_1484.png|data/images/train/train_1676.png|data/images/train/train_1726.png|data/images/train/train_1774.png|data/images/train/train_1942.png|data/images/train/train_2090.png|data/images/train/train_3002.png|data/images/train/train_3308.png|data/images/train/train_3662.png|data/images/train/train_3664.png|data/images/train/train_3765.png|data/images/train/train_3852.png|data/images/train/train_4334.png|data/images/train/train_4401.png|data/images/train/train_4965.png,True,False
near_identical_ahash,001c7f7e7e7e7e00,4,train,generated_train,train_1545.png|train_1687.png|train_4534.png|train_4535.png,data/images/train/train_1545.png|data/images/train/train_1687.png|data/images/train/train_4534.png|data/images/train/train_4535.png,False,False
near_identical_ahash,001cfe7e7e7e7800,2,train,generated_train,train_3020.png|train_5085.png,data/images/train/train_3020.png|data/images/train/train_5085.png,False,False
near_identical_ahash,001cfe7e7e7e7c00,4,train,generated_train,train_2097.png|train_3098.png|train_3309.png|train_5216.png,data/images/train/train_2097.png|data/images/train/train_3098.png|data/images/train/train_3309.png|data/images/train/train_5216.png,False,False
near_identical_ahash,001cfe7e7e7e7e00,7,train,generated_train|generated_val,train_1541.png|train_3005.png|train_3151.png|train_3555.png|train_4294.png|train_4724.png|train_4983.png,data/images/train/train_1541.png|data/images/train/train_3005.png|data/images/train/train_3151.png|data/images/train/train_3555.png|data/images/train/train_4294.png|data/images/train/train_4724.png|data/images/train/train_4983.png,True,False
near_identical_ahash,001cff7e7e7e7e00,5,train,generated_train,train_2067.png|train_2339.png|train_3010.png|train_3161.png|train_4469.png,data/images/train/train_2067.png|data/images/train/train_2339.png|data/images/train/train_3010.png|data/images/train/train_3161.png|data/images/train/train_4469.png,False,False
near_identical_ahash,001cffff7e7e7e00,2,train,generated_train|generated_val,train_2280.png|train_4800.png,data/images/train/train_2280.png|data/images/train/train_4800.png,True,False
near_identical_ahash,001e7e7e5e7e7e00,3,train,generated_train|generated_val,train_0055.png|train_1322.png|train_2285.png,data/images/train/train_0055.png|data/images/train/train_1322.png|data/images/train/train_2285.png,True,False
near_identical_ahash,001e7e7e7e7e7800,2,train,generated_train,train_1354.png|train_1859.png,data/images/train/train_1354.png|data/images/train/train_1859.png,False,False
near_identical_ahash,001e7e7e7e7e7c00,2,train,generated_train,train_0902.png|train_1462.png,data/images/train/train_0902.png|data/images/train/train_1462.png,False,False
near_identical_ahash,001e7e7e7e7e7e00,6,train,generated_train|generated_val,train_0175.png|train_0653.png|train_1018.png|train_3378.png|train_4471.png|train_4969.png,data/images/train/train_0175.png|data/images/train/train_0653.png|data/images/train/train_1018.png|data/images/train/train_3378.png|data/images/train/train_4471.png|data/images/train/train_4969.png,True,False
near_identical_ahash,001e7f7e7e7e7e00,2,train,generated_train,train_2313.png|train_3289.png,data/images/train/train_2313.png|data/images/train/train_3289.png,False,False
near_identical_ahash,001efe7e7e7e7c00,2,train,generated_train|generated_val,train_2034.png|train_4705.png,data/images/train/train_2034.png|data/images/train/train_4705.png,True,False
near_identical_ahash,001efe7e7e7e7e00,4,train,generated_train,train_0029.png|train_2562.png|train_3836.png|train_4569.png,data/images/train/train_0029.png|data/images/train/train_2562.png|data/images/train/train_3836.png|data/images/train/train_4569.png,False,False
near_identical_ahash,0030fefefefe7e00,3,train,generated_train,train_1622.png|train_3061.png|train_5174.png,data/images/train/train_1622.png|data/images/train/train_3061.png|data/images/train/train_5174.png,False,False
near_identical_ahash,00387c7e7e7e7e00,2,train,generated_train,train_1328.png|train_3339.png,data/images/train/train_1328.png|data/images/train/train_3339.png,False,False
near_identical_ahash,00387e7c7c7e7e00,2,train,generated_train|generated_val,train_3589.png|train_3786.png,data/images/train/train_3589.png|data/images/train/train_3786.png,True,False
near_identical_ahash,00387e7e7e7e0000,2,train,generated_train,train_1483.png|train_2364.png,data/images/train/train_1483.png|data/images/train/train_2364.png,False,False
near_identical_ahash,00387e7e7e7e1800,2,train,generated_train,train_2623.png|train_3423.png,data/images/train/train_2623.png|data/images/train/train_3423.png,False,False
near_identical_ahash,00387e7e7e7e3800,2,train,generated_train|generated_val,train_1765.png|train_4110.png,data/images/train/train_1765.png|data/images/train/train_4110.png,True,False
near_identical_ahash,00387e7e7e7e3e00,3,train,generated_train|generated_val,train_2074.png|train_4186.png|train_4356.png,data/images/train/train_2074.png|data/images/train/train_4186.png|data/images/train/train_4356.png,True,False
near_identical_ahash,00387e7e7e7e7e00,25,train,generated_train|generated_val,train_0016.png|train_0081.png|train_0276.png|train_0376.png|train_0885.png|train_1338.png|train_1348.png|train_1378.png|train_1655.png|train_1737.png|train_1854.png|train_2409.png|train_2498.png|train_2505.png|train_2878.png|train_3251.png|train_3338.png|train_3521.png|train_3893.png|train_3993.png|train_4056.png|train_4386.png|train_4729.png|train_4815.png|train_5200.png,data/images/train/train_0016.png|data/images/train/train_0081.png|data/images/train/train_0276.png|data/images/train/train_0376.png|data/images/train/train_0885.png|data/images/train/train_1338.png|data/images/train/train_1348.png|data/images/train/train_1378.png|data/images/train/train_1655.png|data/images/train/train_1737.png|data/images/train/train_1854.png|data/images/train/train_2409.png|data/images/train/train_2498.png|data/images/train/train_2505.png|data/images/train/train_2878.png|data/images/train/train_3251.png|data/images/train/train_3338.png|data/images/train/train_3521.png|data/images/train/train_3893.png|data/images/train/train_3993.png|data/images/train/train_4056.png|data/images/train/train_4386.png|data/images/train/train_4729.png|data/images/train/train_4815.png|data/images/train/train_5200.png,True,False
near_identical_ahash,00387e7e7efe7e00,4,train,generated_train,train_1371.png|train_1729.png|train_2586.png|train_4366.png,data/images/train/train_1371.png|data/images/train/train_1729.png|data/images/train/train_2586.png|data/images/train/train_4366.png,False,False
near_identical_ahash,00387f7e7e7e3e00,2,train,generated_train,train_2405.png|train_2879.png,data/images/train/train_2405.png|data/images/train/train_2879.png,False,False
near_identical_ahash,00387f7e7e7e7e00,4,train,generated_train,train_1579.png|train_3212.png|train_4291.png|train_4628.png,data/images/train/train_1579.png|data/images/train/train_3212.png|data/images/train/train_4291.png|data/images/train/train_4628.png,False,False
near_identical_ahash,0038fe7e5e7e7e00,3,train,generated_train|generated_val,train_0460.png|train_0728.png|train_0827.png,data/images/train/train_0460.png|data/images/train/train_0728.png|data/images/train/train_0827.png,True,False
near_identical_ahash,0038fe7e7e7e7c00,4,train,generated_train|generated_val,train_1778.png|train_3167.png|train_3541.png|train_4385.png,data/images/train/train_1778.png|data/images/train/train_3167.png|data/images/train/train_3541.png|data/images/train/train_4385.png,True,False
near_identical_ahash,0038fe7e7e7e7e00,6,train,generated_train,train_1931.png|train_2509.png|train_2925.png|train_3365.png|train_4071.png|train_4942.png,data/images/train/train_1931.png|data/images/train/train_2509.png|data/images/train/train_2925.png|data/images/train/train_3365.png|data/images/train/train_4071.png|data/images/train/train_4942.png,False,False
near_identical_ahash,0038fe7e7efe7e00,3,train,generated_train|generated_val,train_0770.png|train_2264.png|train_2365.png,data/images/train/train_0770.png|data/images/train/train_2264.png|data/images/train/train_2365.png,True,False
near_identical_ahash,0038fefe7e7e7e00,4,train,generated_train,train_1340.png|train_2955.png|train_4044.png|train_4756.png,data/images/train/train_1340.png|data/images/train/train_2955.png|data/images/train/train_4044.png|data/images/train/train_4756.png,False,False
near_identical_ahash,0038fefefe7e7e00,3,train,generated_train|generated_val,train_4380.png|train_4940.png|train_5041.png,data/images/train/train_4380.png|data/images/train/train_4940.png|data/images/train/train_5041.png,True,False
near_identical_ahash,0038ff7e7e7e3000,2,train,generated_val,train_2045.png|train_3385.png,data/images/train/train_2045.png|data/images/train/train_3385.png,False,False
near_identical_ahash,0038ff7e7e7e3e00,2,train,generated_train|generated_val,train_3138.png|train_5190.png,data/images/train/train_3138.png|data/images/train/train_5190.png,True,False
near_identical_ahash,0038ff7e7e7e7c00,3,train,generated_train,train_3430.png|train_4198.png|train_4806.png,data/images/train/train_3430.png|data/images/train/train_4198.png|data/images/train/train_4806.png,False,False
near_identical_ahash,0038ff7e7e7e7e00,4,train,generated_train,train_1920.png|train_3551.png|train_3918.png|train_4900.png,data/images/train/train_1920.png|data/images/train/train_3551.png|data/images/train/train_3918.png|data/images/train/train_4900.png,False,False
near_identical_ahash,0038ff7e7efe7e00,2,train,generated_train|generated_val,train_3323.png|train_3899.png,data/images/train/train_3323.png|data/images/train/train_3899.png,True,False
near_identical_ahash,0038fffe7e7e7c00,2,train,generated_train,train_2686.png|train_4240.png,data/images/train/train_2686.png|data/images/train/train_4240.png,False,False
near_identical_ahash,0038fffe7e7e7e00,3,train,generated_train|generated_val,train_1659.png|train_1960.png|train_2450.png,data/images/train/train_1659.png|data/images/train/train_1960.png|data/images/train/train_2450.png,True,False
near_identical_ahash,0038fffffffe7e00,2,train,generated_val,train_1730.png|train_2632.png,data/images/train/train_1730.png|data/images/train/train_2632.png,False,False
near_identical_ahash,003a7e7e7e7e7e00,2,train,generated_train,train_0353.png|train_4147.png,data/images/train/train_0353.png|data/images/train/train_4147.png,False,False
near_identical_ahash,003c3e7e7e7e7e00,3,train,generated_train|generated_val,train_3600.png|train_3794.png|train_3808.png,data/images/train/train_3600.png|data/images/train/train_3794.png|data/images/train/train_3808.png,True,False
near_identical_ahash,003c7a7e7e7e7e00,2,train,generated_train,train_2583.png|train_3473.png,data/images/train/train_2583.png|data/images/train/train_3473.png,False,False
near_identical_ahash,003c7c7e7e7e7e00,4,train,generated_train|generated_val,train_0197.png|train_1728.png|train_3775.png|train_5134.png,data/images/train/train_0197.png|data/images/train/train_1728.png|data/images/train/train_3775.png|data/images/train/train_5134.png,True,False
near_identical_ahash,003c7e5e1c7e7e00,2,train,generated_train,train_0073.png|train_0165.png,data/images/train/train_0073.png|data/images/train/train_0165.png,False,False
near_identical_ahash,003c7e5e1e7efe00,2,train,generated_train,train_1334.png|train_4844.png,data/images/train/train_1334.png|data/images/train/train_4844.png,False,False
near_identical_ahash,003c7e5e5e7e7e00,8,train,generated_train|generated_val,train_0115.png|train_1284.png|train_1317.png|train_1862.png|train_3453.png|train_3764.png|train_4313.png|train_4455.png,data/images/train/train_0115.png|data/images/train/train_1284.png|data/images/train/train_1317.png|data/images/train/train_1862.png|data/images/train/train_3453.png|data/images/train/train_3764.png|data/images/train/train_4313.png|data/images/train/train_4455.png,True,False
near_identical_ahash,003c7e5e7e7e7e00,4,train,generated_train|generated_val,train_1825.png|train_2318.png|train_3165.png|train_5014.png,data/images/train/train_1825.png|data/images/train/train_2318.png|data/images/train/train_3165.png|data/images/train/train_5014.png,True,False
near_identical_ahash,003c7e7c7c7e7e00,2,train,generated_train|generated_val,train_2053.png|train_2675.png,data/images/train/train_2053.png|data/images/train/train_2675.png,True,False
near_identical_ahash,003c7e7e1e7e7e00,2,train,generated_train,train_3879.png|train_4040.png,data/images/train/train_3879.png|data/images/train/train_4040.png,False,False
near_identical_ahash,003c7e7e3e7e7e00,5,train,generated_train|generated_val,train_2029.png|train_2722.png|train_4171.png|train_4476.png|train_4976.png,data/images/train/train_2029.png|data/images/train/train_2722.png|data/images/train/train_4171.png|data/images/train/train_4476.png|data/images/train/train_4976.png,True,False
near_identical_ahash,003c7e7e5c7e7e00,3,train,generated_train|generated_val,train_0127.png|train_0643.png|train_2578.png,data/images/train/train_0127.png|data/images/train/train_0643.png|data/images/train/train_2578.png,True,False
near_identical_ahash,003c7e7e5e7e7e00,6,train,generated_train|generated_val,train_0089.png|train_0307.png|train_0525.png|train_0979.png|train_2234.png|train_4564.png,data/images/train/train_0089.png|data/images/train/train_0307.png|data/images/train/train_0525.png|data/images/train/train_0979.png|data/images/train/train_2234.png|data/images/train/train_4564.png,True,False
near_identical_ahash,003c7e7e7c7e7e00,7,train,generated_train|generated_val,train_1327.png|train_1898.png|train_2011.png|train_2036.png|train_2055.png|train_2098.png|train_3884.png,data/images/train/train_1327.png|data/images/train/train_1898.png|data/images/train/train_2011.png|data/images/train/train_2036.png|data/images/train/train_2055.png|data/images/train/train_2098.png|data/images/train/train_3884.png,True,False
near_identical_ahash,003c7e7e7cfe7e00,2,train,generated_train|generated_val,train_1807.png|train_2350.png,data/images/train/train_1807.png|data/images/train/train_2350.png,True,False
near_identical_ahash,003c7e7e7e3e7e00,2,train,generated_train,train_3547.png|train_4791.png,data/images/train/train_3547.png|data/images/train/train_4791.png,False,False
near_identical_ahash,003c7e7e7e7e0000,2,train,generated_train,train_4405.png|train_4637.png,data/images/train/train_4405.png|data/images/train/train_4637.png,False,False
near_identical_ahash,003c7e7e7e7e3800,2,train,generated_train,train_0574.png|train_1794.png,data/images/train/train_0574.png|data/images/train/train_1794.png,False,False
near_identical_ahash,003c7e7e7e7e3c00,7,train,generated_train|generated_val,train_2138.png|train_2535.png|train_3180.png|train_3655.png|train_4015.png|train_4337.png|train_4370.png,data/images/train/train_2138.png|data/images/train/train_2535.png|data/images/train/train_3180.png|data/images/train/train_3655.png|data/images/train/train_4015.png|data/images/train/train_4337.png|data/images/train/train_4370.png,True,False
near_identical_ahash,003c7e7e7e7e3e00,14,train,generated_train|generated_val,train_0168.png|train_1384.png|train_1559.png|train_1645.png|train_2220.png|train_2545.png|train_2973.png|train_3014.png|train_3070.png|train_3203.png|train_3343.png|train_3630.png|train_3781.png|train_5141.png,data/images/train/train_0168.png|data/images/train/train_1384.png|data/images/train/train_1559.png|data/images/train/train_1645.png|data/images/train/train_2220.png|data/images/train/train_2545.png|data/images/train/train_2973.png|data/images/train/train_3014.png|data/images/train/train_3070.png|data/images/train/train_3203.png|data/images/train/train_3343.png|data/images/train/train_3630.png|data/images/train/train_3781.png|data/images/train/train_5141.png,True,False
near_identical_ahash,003c7e7e7e7e7800,3,train,generated_train|generated_val,train_1617.png|train_2924.png|train_4701.png,data/images/train/train_1617.png|data/images/train/train_2924.png|data/images/train/train_4701.png,True,False
near_identical_ahash,003c7e7e7e7e7c00,18,train,generated_train|generated_val,train_0329.png|train_1481.png|train_1824.png|train_1871.png|train_2208.png|train_2320.png|train_2499.png|train_2503.png|train_3009.png|train_3133.png|train_3865.png|train_4006.png|train_4058.png|train_4406.png|train_4491.png|train_4553.png|train_4593.png|train_4594.png,data/images/train/train_0329.png|data/images/train/train_1481.png|data/images/train/train_1824.png|data/images/train/train_1871.png|data/images/train/train_2208.png|data/images/train/train_2320.png|data/images/train/train_2499.png|data/images/train/train_2503.png|data/images/train/train_3009.png|data/images/train/train_3133.png|data/images/train/train_3865.png|data/images/train/train_4006.png|data/images/train/train_4058.png|data/images/train/train_4406.png|data/images/train/train_4491.png|data/images/train/train_4553.png|data/images/train/train_4593.png|data/images/train/train_4594.png,True,False
near_identical_ahash,003c7e7e7e7e7e00,65,train,generated_train|generated_val,train_0360.png|train_1352.png|train_1423.png|train_1452.png|train_1606.png|train_1673.png|train_1923.png|train_1976.png|train_1982.png|train_1983.png|train_2102.png|train_2108.png|train_2334.png|train_2415.png|train_2468.png|train_2589.png|train_2621.png|train_2644.png|train_2748.png|train_2784.png|train_2791.png|train_2851.png|train_2918.png|train_3036.png|train_3110.png|train_3117.png|train_3149.png|train_3166.png|train_3211.png|train_3341.png|train_3388.png|train_3403.png|train_3447.png|train_3546.png|train_3576.png|train_3582.png|train_3642.png|train_3663.png|train_3678.png|train_3696.png|train_3707.png|train_3812.png|train_3854.png|train_4067.png|train_4083.png|train_4145.png|train_4146.png|train_4157.png|train_4319.png|train_4357.png|train_4394.png|train_4431.png|train_4451.png|train_4503.png|train_4614.png|train_4726.png|train_4810.png|train_4939.png|train_4945.png|train_4971.png|train_4985.png|train_5051.png|train_5099.png|train_5128.png|train_5210.png,data/images/train/train_0360.png|data/images/train/train_1352.png|data/images/train/train_1423.png|data/images/train/train_1452.png|data/images/train/train_1606.png|data/images/train/train_1673.png|data/images/train/train_1923.png|data/images/train/train_1976.png|data/images/train/train_1982.png|data/images/train/train_1983.png|data/images/train/train_2102.png|data/images/train/train_2108.png|data/images/train/train_2334.png|data/images/train/train_2415.png|data/images/train/train_2468.png|data/images/train/train_2589.png|data/images/train/train_2621.png|data/images/train/train_2644.png|data/images/train/train_2748.png|data/images/train/train_2784.png|data/images/train/train_2791.png|data/images/train/train_2851.png|data/images/train/train_2918.png|data/images/train/train_3036.png|data/images/train/train_3110.png|data/images/train/train_3117.png|data/images/train/train_3149.png|data/images/train/train_3166.png|data/images/train/train_3211.png|data/images/train/train_3341.png|data/images/train/train_3388.png|data/images/train/train_3403.png|data/images/train/train_3447.png|data/images/train/train_3546.png|data/images/train/train_3576.png|data/images/train/train_3582.png|data/images/train/train_3642.png|data/images/train/train_3663.png|data/images/train/train_3678.png|data/images/train/train_3696.png|data/images/train/train_3707.png|data/images/train/train_3812.png|data/images/train/train_3854.png|data/images/train/train_4067.png|data/images/train/train_4083.png|data/images/train/train_4145.png|data/images/train/train_4146.png|data/images/train/train_4157.png|data/images/train/train_4319.png|data/images/train/train_4357.png|data/images/train/train_4394.png|data/images/train/train_4431.png|data/images/train/train_4451.png|data/images/train/train_4503.png|data/images/train/train_4614.png|data/images/train/train_4726.png|data/images/train/train_4810.png|data/images/train/train_4939.png|data/images/train/train_4945.png|data/images/train/train_4971.png|data/images/train/train_4985.png|data/images/train/train_5051.png|data/images/train/train_5099.png|data/images/train/train_5128.png|data/images/train/train_5210.png,True,False
near_identical_ahash,003c7e7e7e7e7f00,3,train,generated_val,train_2949.png|train_3677.png|train_4715.png,data/images/train/train_2949.png|data/images/train/train_3677.png|data/images/train/train_4715.png,False,False
near_identical_ahash,003c7e7e7e7efe00,3,train,generated_train,train_3691.png|train_3891.png|train_4419.png,data/images/train/train_3691.png|data/images/train/train_3891.png|data/images/train/train_4419.png,False,False
near_identical_ahash,003c7e7e7e7f7e00,4,train,generated_train|generated_val,train_0279.png|train_4223.png|train_4295.png|train_4881.png,data/images/train/train_0279.png|data/images/train/train_4223.png|data/images/train/train_4295.png|data/images/train/train_4881.png,True,False
near_identical_ahash,003c7e7e7efe7e00,4,train,generated_train,train_1790.png|train_2414.png|train_3513.png|train_4306.png,data/images/train/train_1790.png|data/images/train/train_2414.png|data/images/train/train_3513.png|data/images/train/train_4306.png,False,False
near_identical_ahash,003c7e7e7efefe00,2,train,generated_train|generated_val,train_2587.png|train_3122.png,data/images/train/train_2587.png|data/images/train/train_3122.png,True,False
near_identical_ahash,003c7f5e5e7e7e00,2,train,generated_train,train_0890.png|train_1205.png,data/images/train/train_0890.png|data/images/train/train_1205.png,False,False
near_identical_ahash,003c7f7e5e7e7e00,3,train,generated_train,train_1437.png|train_1836.png|train_4167.png,data/images/train/train_1437.png|data/images/train/train_1836.png|data/images/train/train_4167.png,False,False
near_identical_ahash,003c7f7e7e7e7c00,3,train,generated_train|generated_val,train_1493.png|train_1633.png|train_4732.png,data/images/train/train_1493.png|data/images/train/train_1633.png|data/images/train/train_4732.png,True,False
near_identical_ahash,003c7f7e7e7e7e00,12,train,generated_train|generated_val,train_2060.png|train_2994.png|train_3034.png|train_3111.png|train_3623.png|train_3783.png|train_3970.png|train_4579.png|train_4834.png|train_5084.png|train_5126.png|train_5208.png,data/images/train/train_2060.png|data/images/train/train_2994.png|data/images/train/train_3034.png|data/images/train/train_3111.png|data/images/train/train_3623.png|data/images/train/train_3783.png|data/images/train/train_3970.png|data/images/train/train_4579.png|data/images/train/train_4834.png|data/images/train/train_5084.png|data/images/train/train_5126.png|data/images/train/train_5208.png,True,False
near_identical_ahash,003c7f7f7e7e7e00,4,train,generated_train|generated_val,train_2069.png|train_3757.png|train_4365.png|train_4493.png,data/images/train/train_2069.png|data/images/train/train_3757.png|data/images/train/train_4365.png|data/images/train/train_4493.png,True,False
near_identical_ahash,003c7f7f7f7f7f00,2,train,generated_train,train_0807.png|train_2035.png,data/images/train/train_0807.png|data/images/train/train_2035.png,False,False
near_identical_ahash,003cfe7e5e7e7e00,2,train,generated_train|generated_val,train_1472.png|train_5064.png,data/images/train/train_1472.png|data/images/train/train_5064.png,True,False
near_identical_ahash,003cfe7e7e3e7e00,2,train,generated_val,train_0388.png|train_4543.png,data/images/train/train_0388.png|data/images/train/train_4543.png,False,False
near_identical_ahash,003cfe7e7e7e7c00,5,train,generated_train|generated_val,train_2909.png|train_3959.png|train_4368.png|train_4416.png|train_4452.png,data/images/train/train_2909.png|data/images/train/train_3959.png|data/images/train/train_4368.png|data/images/train/train_4416.png|data/images/train/train_4452.png,True,False
near_identical_ahash,003cfe7e7e7e7e00,13,train,generated_train|generated_val,train_0805.png|train_1447.png|train_1478.png|train_1731.png|train_1990.png|train_2368.png|train_2868.png|train_3282.png|train_4032.png|train_4070.png|train_4195.png|train_4284.png|train_4427.png,data/images/train/train_0805.png|data/images/train/train_1447.png|data/images/train/train_1478.png|data/images/train/train_1731.png|data/images/train/train_1990.png|data/images/train/train_2368.png|data/images/train/train_2868.png|data/images/train/train_3282.png|data/images/train/train_4032.png|data/images/train/train_4070.png|data/images/train/train_4195.png|data/images/train/train_4284.png|data/images/train/train_4427.png,True,False
near_identical_ahash,003cfefe7e7e7e00,3,train,generated_train,train_3502.png|train_3523.png|train_4197.png,data/images/train/train_3502.png|data/images/train/train_3523.png|data/images/train/train_4197.png,False,False
near_identical_ahash,003cff7e7e7e7e00,9,train,generated_train|generated_val,train_3277.png|train_3374.png|train_4286.png|train_4298.png|train_4841.png|train_4914.png|train_5082.png|train_5156.png|train_5187.png,data/images/train/train_3277.png|data/images/train/train_3374.png|data/images/train/train_4286.png|data/images/train/train_4298.png|data/images/train/train_4841.png|data/images/train/train_4914.png|data/images/train/train_5082.png|data/images/train/train_5156.png|data/images/train/train_5187.png,True,False
near_identical_ahash,003cff7f7e7e7e00,3,train,generated_train|generated_val,train_2814.png|train_3506.png|train_5087.png,data/images/train/train_2814.png|data/images/train/train_3506.png|data/images/train/train_5087.png,True,False
near_identical_ahash,003cfffe7e7e7e00,3,train,generated_train,train_1985.png|train_1987.png|train_4823.png,data/images/train/train_1985.png|data/images/train/train_1987.png|data/images/train/train_4823.png,False,False
near_identical_ahash,003cfffefefe7e00,3,train,generated_train|generated_val,train_2078.png|train_2850.png|train_4314.png,data/images/train/train_2078.png|data/images/train/train_2850.png|data/images/train/train_4314.png,True,False
near_identical_ahash,003cffff7e7e7e00,3,train,generated_train|generated_val,train_2096.png|train_4519.png|train_4793.png,data/images/train/train_2096.png|data/images/train/train_4519.png|data/images/train/train_4793.png,True,False
near_identical_ahash,003d7e7e7e7e7e00,2,train,generated_train|generated_val,train_0786.png|train_4372.png,data/images/train/train_0786.png|data/images/train/train_4372.png,True,False
near_identical_ahash,003dfe7e7e7e7e00,3,train,generated_train,train_0581.png|train_2306.png|train_3007.png,data/images/train/train_0581.png|data/images/train/train_2306.png|data/images/train/train_3007.png,False,False
near_identical_ahash,003e3e3e3e3e7e00,3,train,generated_train,train_1798.png|train_4848.png|train_5169.png,data/images/train/train_1798.png|data/images/train/train_4848.png|data/images/train/train_5169.png,False,False
near_identical_ahash,003e7e5a5c1c7e00,2,train,generated_train|generated_val,train_0268.png|train_0687.png,data/images/train/train_0268.png|data/images/train/train_0687.png,True,False
near_identical_ahash,003e7e5e1e7e7e00,3,train,generated_train,train_0373.png|train_0763.png|train_2619.png,data/images/train/train_0373.png|data/images/train/train_0763.png|data/images/train/train_2619.png,False,False
near_identical_ahash,003e7e5e3e3e7e00,2,train,generated_train,train_4187.png|train_4690.png,data/images/train/train_4187.png|data/images/train/train_4690.png,False,False
near_identical_ahash,003e7e5e5e3e7e00,2,train,generated_train|generated_val,train_1060.png|train_3303.png,data/images/train/train_1060.png|data/images/train/train_3303.png,True,False
near_identical_ahash,003e7e5e5e7e7e00,5,train,generated_train,train_0275.png|train_0701.png|train_0833.png|train_3192.png|train_4355.png,data/images/train/train_0275.png|data/images/train/train_0701.png|data/images/train/train_0833.png|data/images/train/train_3192.png|data/images/train/train_4355.png,False,False
near_identical_ahash,003e7e5e7e7e7e00,2,train,generated_train|generated_val,train_1008.png|train_4530.png,data/images/train/train_1008.png|data/images/train/train_4530.png,True,False
near_identical_ahash,003e7e7e1e7e7e00,2,train,generated_train|generated_val,train_0929.png|train_4164.png,data/images/train/train_0929.png|data/images/train/train_4164.png,True,False
near_identical_ahash,003e7e7e3e3e7e00,3,train,generated_train|generated_val,train_3864.png|train_4009.png|train_4683.png,data/images/train/train_3864.png|data/images/train/train_4009.png|data/images/train/train_4683.png,True,False
near_identical_ahash,003e7e7e3e7e7e00,2,train,generated_train,train_3106.png|train_3665.png,data/images/train/train_3106.png|data/images/train/train_3665.png,False,False
near_identical_ahash,003e7e7e5e7e7e00,11,train,generated_train|generated_val,train_0050.png|train_1192.png|train_1868.png|train_1967.png|train_2262.png|train_2273.png|train_2317.png|train_2936.png|train_3247.png|train_3890.png|train_4264.png,data/images/train/train_0050.png|data/images/train/train_1192.png|data/images/train/train_1868.png|data/images/train/train_1967.png|data/images/train/train_2262.png|data/images/train/train_2273.png|data/images/train/train_2317.png|data/images/train/train_2936.png|data/images/train/train_3247.png|data/images/train/train_3890.png|data/images/train/train_4264.png,True,False
near_identical_ahash,003e7e7e7e7e3c00,2,train,generated_train,train_3264.png|train_3271.png,data/images/train/train_3264.png|data/images/train/train_3271.png,False,False
near_identical_ahash,003e7e7e7e7e3e00,4,train,generated_train|generated_val,train_0578.png|train_1996.png|train_2143.png|train_4728.png,data/images/train/train_0578.png|data/images/train/train_1996.png|data/images/train/train_2143.png|data/images/train/train_4728.png,True,False
near_identical_ahash,003e7e7e7e7e7800,3,train,generated_train|generated_val,train_2297.png|train_2892.png|train_5035.png,data/images/train/train_2297.png|data/images/train/train_2892.png|data/images/train/train_5035.png,True,False
near_identical_ahash,003e7e7e7e7e7c00,7,train,generated_train,train_1351.png|train_1469.png|train_2428.png|train_2661.png|train_3807.png|train_4005.png|train_5135.png,data/images/train/train_1351.png|data/images/train/train_1469.png|data/images/train/train_2428.png|data/images/train/train_2661.png|data/images/train/train_3807.png|data/images/train/train_4005.png|data/images/train/train_5135.png,False,False
near_identical_ahash,003e7e7e7e7e7e00,26,train,generated_train|generated_val,train_0133.png|train_0162.png|train_0204.png|train_0572.png|train_0788.png|train_0842.png|train_0887.png|train_1006.png|train_1214.png|train_1449.png|train_1742.png|train_1971.png|train_2164.png|train_2525.png|train_2769.png|train_3491.png|train_3575.png|train_3809.png|train_4218.png|train_4245.png|train_4297.png|train_4312.png|train_4349.png|train_4517.png|train_5024.png|train_5120.png,data/images/train/train_0133.png|data/images/train/train_0162.png|data/images/train/train_0204.png|data/images/train/train_0572.png|data/images/train/train_0788.png|data/images/train/train_0842.png|data/images/train/train_0887.png|data/images/train/train_1006.png|data/images/train/train_1214.png|data/images/train/train_1449.png|data/images/train/train_1742.png|data/images/train/train_1971.png|data/images/train/train_2164.png|data/images/train/train_2525.png|data/images/train/train_2769.png|data/images/train/train_3491.png|data/images/train/train_3575.png|data/images/train/train_3809.png|data/images/train/train_4218.png|data/images/train/train_4245.png|data/images/train/train_4297.png|data/images/train/train_4312.png|data/images/train/train_4349.png|data/images/train/train_4517.png|data/images/train/train_5024.png|data/images/train/train_5120.png,True,False
near_identical_ahash,003e7e7e7efe7e00,3,train,generated_train|generated_val,train_2757.png|train_3086.png|train_3087.png,data/images/train/train_2757.png|data/images/train/train_3086.png|data/images/train/train_3087.png,True,False
near_identical_ahash,003e7f7e7e7e7e00,5,train,generated_train|generated_val,train_1686.png|train_2933.png|train_2985.png|train_3321.png|train_5194.png,data/images/train/train_1686.png|data/images/train/train_2933.png|data/images/train/train_2985.png|data/images/train/train_3321.png|data/images/train/train_5194.png,True,False
near_identical_ahash,003efe7e5e7e7e00,2,train,generated_train|generated_val,train_1253.png|train_4868.png,data/images/train/train_1253.png|data/images/train/train_4868.png,True,False
near_identical_ahash,003efe7e7e7e7e00,9,train,generated_train|generated_val,train_0319.png|train_0602.png|train_0916.png|train_0993.png|train_1105.png|train_1755.png|train_3100.png|train_3579.png|train_4824.png,data/images/train/train_0319.png|data/images/train/train_0602.png|data/images/train/train_0916.png|data/images/train/train_0993.png|data/images/train/train_1105.png|data/images/train/train_1755.png|data/images/train/train_3100.png|data/images/train/train_3579.png|data/images/train/train_4824.png,True,False
near_identical_ahash,003efe7e7e7f7e00,2,train,generated_train,train_1298.png|train_1589.png,data/images/train/train_1298.png|data/images/train/train_1589.png,False,False
near_identical_ahash,003efefe7e7e7e00,5,train,generated_train|generated_val,train_1573.png|train_1863.png|train_2137.png|train_2540.png|train_5132.png,data/images/train/train_1573.png|data/images/train/train_1863.png|data/images/train/train_2137.png|data/images/train/train_2540.png|data/images/train/train_5132.png,True,False
near_identical_ahash,003eff5e7e7e7f00,2,train,generated_val,train_2119.png|train_2120.png,data/images/train/train_2119.png|data/images/train/train_2120.png,False,False
near_identical_ahash,003efffe7e7e7e00,3,train,generated_train,train_1432.png|train_1993.png|train_3845.png,data/images/train/train_1432.png|data/images/train/train_1993.png|data/images/train/train_3845.png,False,False
near_identical_ahash,003f7e7e7e7e7e00,3,train,generated_train,train_2447.png|train_3598.png|train_4846.png,data/images/train/train_2447.png|data/images/train/train_3598.png|data/images/train/train_4846.png,False,False
near_identical_ahash,003f7f7e7e7e7e00,3,train,generated_train,train_1962.png|train_2981.png|train_2983.png,data/images/train/train_1962.png|data/images/train/train_2981.png|data/images/train/train_2983.png,False,False
near_identical_ahash,003ffe7e7e7e7e00,3,train,generated_train,train_1963.png|train_2151.png|train_3360.png,data/images/train/train_1963.png|data/images/train/train_2151.png|data/images/train/train_3360.png,False,False
near_identical_ahash,003ffede5e5e7e00,2,train,generated_train,train_0383.png|train_0490.png,data/images/train/train_0383.png|data/images/train/train_0490.png,False,False
near_identical_ahash,003ffffe7e7e7e00,3,train,generated_train,train_2118.png|train_4242.png|train_4654.png,data/images/train/train_2118.png|data/images/train/train_4242.png|data/images/train/train_4654.png,False,False
near_identical_ahash,005c7e7e5e7e7e00,2,train,generated_train,train_0461.png|train_1023.png,data/images/train/train_0461.png|data/images/train/train_1023.png,False,False
near_identical_ahash,005e7e7e5e7e7e00,2,train,generated_train,train_0457.png|train_1135.png,data/images/train/train_0457.png|data/images/train/train_1135.png,False,False
near_identical_ahash,00787e7e5e7e7e00,2,train,generated_train,train_0283.png|train_0909.png,data/images/train/train_0283.png|data/images/train/train_0909.png,False,False
near_identical_ahash,00787e7e7e7e3e00,2,train,generated_train,train_2544.png|train_4905.png,data/images/train/train_2544.png|data/images/train/train_4905.png,False,False
near_identical_ahash,0078fe7e7e7e7e00,2,train,generated_train,train_0599.png|train_2576.png,data/images/train/train_0599.png|data/images/train/train_2576.png,False,False
near_identical_ahash,0078ff7e7e7e7e00,2,train,generated_train|generated_val,train_4202.png|train_4639.png,data/images/train/train_4202.png|data/images/train/train_4639.png,True,False
near_identical_ahash,007a7e7e7e7e7e00,2,train,generated_train,train_2457.png|train_2660.png,data/images/train/train_2457.png|data/images/train/train_2660.png,False,False
near_identical_ahash,007c7c7c7c7c7c00,2,train,generated_train|generated_val,train_1052.png|train_4856.png,data/images/train/train_1052.png|data/images/train/train_4856.png,True,False
near_identical_ahash,007c7c7c7c7e7e00,3,train,generated_train|generated_val,train_0056.png|train_1364.png|train_2349.png,data/images/train/train_0056.png|data/images/train/train_1364.png|data/images/train/train_2349.png,True,False
near_identical_ahash,007c7c7e7e7e7e00,4,train,generated_train,train_0174.png|train_0337.png|train_1510.png|train_1998.png,data/images/train/train_0174.png|data/images/train/train_0337.png|data/images/train/train_1510.png|data/images/train/train_1998.png,False,False
near_identical_ahash,007c7e5e1e7e7e00,2,train,generated_train|generated_val,train_0961.png|train_4861.png,data/images/train/train_0961.png|data/images/train/train_4861.png,True,False
near_identical_ahash,007c7e7e3c7e7e00,2,train,generated_train,train_2506.png|train_4479.png,data/images/train/train_2506.png|data/images/train/train_4479.png,False,False
near_identical_ahash,007c7e7e3e7e7e00,2,train,generated_val,train_2659.png|train_4087.png,data/images/train/train_2659.png|data/images/train/train_4087.png,False,False
near_identical_ahash,007c7e7e5e7e7e00,8,train,generated_train,train_0023.png|train_0106.png|train_0437.png|train_0459.png|train_0584.png|train_1003.png|train_2030.png|train_2123.png,data/images/train/train_0023.png|data/images/train/train_0106.png|data/images/train/train_0437.png|data/images/train/train_0459.png|data/images/train/train_0584.png|data/images/train/train_1003.png|data/images/train/train_2030.png|data/images/train/train_2123.png,False,False
near_identical_ahash,007c7e7e7c7e7e00,6,train,generated_train,train_1424.png|train_2027.png|train_3399.png|train_3526.png|train_4342.png|train_4916.png,data/images/train/train_1424.png|data/images/train/train_2027.png|data/images/train/train_3399.png|data/images/train/train_3526.png|data/images/train/train_4342.png|data/images/train/train_4916.png,False,False
near_identical_ahash,007c7e7e7e7c7c00,2,train,generated_train|generated_val,train_0200.png|train_2889.png,data/images/train/train_0200.png|data/images/train/train_2889.png,True,False
near_identical_ahash,007c7e7e7e7e3e00,6,train,generated_train,train_1981.png|train_2462.png|train_2635.png|train_4207.png|train_4290.png|train_5205.png,data/images/train/train_1981.png|data/images/train/train_2462.png|data/images/train/train_2635.png|data/images/train/train_4207.png|data/images/train/train_4290.png|data/images/train/train_5205.png,False,False
near_identical_ahash,007c7e7e7e7e7c00,6,train,generated_train|generated_val,train_3444.png|train_3529.png|train_4194.png|train_4301.png|train_4915.png|train_4998.png,data/images/train/train_3444.png|data/images/train/train_3529.png|data/images/train/train_4194.png|data/images/train/train_4301.png|data/images/train/train_4915.png|data/images/train/train_4998.png,True,False
near_identical_ahash,007c7e7e7e7e7e00,38,train,generated_train|generated_val,train_0010.png|train_0033.png|train_0107.png|train_0321.png|train_0526.png|train_0757.png|train_0819.png|train_0932.png|train_1224.png|train_1230.png|train_1514.png|train_1568.png|train_1693.png|train_1773.png|train_1864.png|train_1965.png|train_2052.png|train_2088.png|train_2216.png|train_2475.png|train_2566.png|train_2730.png|train_2901.png|train_3299.png|train_3346.png|train_3681.png|train_3750.png|train_3768.png|train_3877.png|train_4014.png|train_4449.png|train_4692.png|train_4730.png|train_4817.png|train_4889.png|train_4957.png|train_5023.png|train_5159.png,data/images/train/train_0010.png|data/images/train/train_0033.png|data/images/train/train_0107.png|data/images/train/train_0321.png|data/images/train/train_0526.png|data/images/train/train_0757.png|data/images/train/train_0819.png|data/images/train/train_0932.png|data/images/train/train_1224.png|data/images/train/train_1230.png|data/images/train/train_1514.png|data/images/train/train_1568.png|data/images/train/train_1693.png|data/images/train/train_1773.png|data/images/train/train_1864.png|data/images/train/train_1965.png|data/images/train/train_2052.png|data/images/train/train_2088.png|data/images/train/train_2216.png|data/images/train/train_2475.png|data/images/train/train_2566.png|data/images/train/train_2730.png|data/images/train/train_2901.png|data/images/train/train_3299.png|data/images/train/train_3346.png|data/images/train/train_3681.png|data/images/train/train_3750.png|data/images/train/train_3768.png|data/images/train/train_3877.png|data/images/train/train_4014.png|data/images/train/train_4449.png|data/images/train/train_4692.png|data/images/train/train_4730.png|data/images/train/train_4817.png|data/images/train/train_4889.png|data/images/train/train_4957.png|data/images/train/train_5023.png|data/images/train/train_5159.png,True,False
near_identical_ahash,007c7e7e7efe7e00,2,train,generated_val,train_1148.png|train_2484.png,data/images/train/train_1148.png|data/images/train/train_2484.png,False,False
near_identical_ahash,007c7e7e7efefe00,5,train,generated_train|generated_val,train_1694.png|train_3721.png|train_4576.png|train_4672.png|train_4778.png,data/images/train/train_1694.png|data/images/train/train_3721.png|data/images/train/train_4576.png|data/images/train/train_4672.png|data/images/train/train_4778.png,True,False
near_identical_ahash,007c7f5e5e7e7e00,3,train,generated_train,train_0741.png|train_1700.png|train_3370.png,data/images/train/train_0741.png|data/images/train/train_1700.png|data/images/train/train_3370.png,False,False
near_identical_ahash,007c7f7e5e7c7e00,2,train,generated_val,train_0710.png|train_2080.png,data/images/train/train_0710.png|data/images/train/train_2080.png,False,False
near_identical_ahash,007c7f7e5e7e7e00,3,train,generated_train,train_0394.png|train_0702.png|train_0874.png,data/images/train/train_0394.png|data/images/train/train_0702.png|data/images/train/train_0874.png,False,False
near_identical_ahash,007c7f7e7e7e7e00,8,train,generated_train|generated_val,train_0140.png|train_1194.png|train_1861.png|train_2219.png|train_2546.png|train_2848.png|train_3512.png|train_3996.png,data/images/train/train_0140.png|data/images/train/train_1194.png|data/images/train/train_1861.png|data/images/train/train_2219.png|data/images/train/train_2546.png|data/images/train/train_2848.png|data/images/train/train_3512.png|data/images/train/train_3996.png,True,False
near_identical_ahash,007cfe7e7e7e7e00,9,train,generated_train|generated_val,train_2165.png|train_2369.png|train_2550.png|train_2592.png|train_3197.png|train_3229.png|train_3367.png|train_3965.png|train_5160.png,data/images/train/train_2165.png|data/images/train/train_2369.png|data/images/train/train_2550.png|data/images/train/train_2592.png|data/images/train/train_3197.png|data/images/train/train_3229.png|data/images/train/train_3367.png|data/images/train/train_3965.png|data/images/train/train_5160.png,True,False
near_identical_ahash,007cff7e5e7e7e00,3,train,generated_train|generated_val,train_0948.png|train_2419.png|train_4150.png,data/images/train/train_0948.png|data/images/train/train_2419.png|data/images/train/train_4150.png,True,False
near_identical_ahash,007cff7e7e7e7e00,3,train,generated_train|generated_val,train_0485.png|train_2010.png|train_2416.png,data/images/train/train_0485.png|data/images/train/train_2010.png|data/images/train/train_2416.png,True,False
near_identical_ahash,007cff7e7efe7e00,3,train,generated_train|generated_val,train_1847.png|train_3624.png|train_4929.png,data/images/train/train_1847.png|data/images/train/train_3624.png|data/images/train/train_4929.png,True,False
near_identical_ahash,007cff7f7efefe00,2,train,generated_train,train_3463.png|train_4422.png,data/images/train/train_3463.png|data/images/train/train_4422.png,False,False
near_identical_ahash,007d7e5e5e7e7e00,2,train,generated_train,train_0142.png|train_0426.png,data/images/train/train_0142.png|data/images/train/train_0426.png,False,False
near_identical_ahash,007d7e7e7e7e7e00,2,train,generated_train,train_0261.png|train_4075.png,data/images/train/train_0261.png|data/images/train/train_4075.png,False,False
near_identical_ahash,007d7f7e7e7e7e00,3,train,generated_train,train_1587.png|train_4173.png|train_4521.png,data/images/train/train_1587.png|data/images/train/train_4173.png|data/images/train/train_4521.png,False,False
near_identical_ahash,007e5a5a181c7e7e,2,train,generated_train|generated_val,train_0036.png|train_0092.png,data/images/train/train_0036.png|data/images/train/train_0092.png,True,False
near_identical_ahash,007e5a5a1c3c7e00,2,train,generated_train,train_0549.png|train_1200.png,data/images/train/train_0549.png|data/images/train/train_1200.png,False,False
near_identical_ahash,007e5e1e1e7efe00,2,train,generated_train,train_2692.png|train_2693.png,data/images/train/train_2692.png|data/images/train/train_2693.png,False,False
near_identical_ahash,007e5e5a1c1c7e00,3,train,generated_train,train_0282.png|train_0745.png|train_2362.png,data/images/train/train_0282.png|data/images/train/train_0745.png|data/images/train/train_2362.png,False,False
near_identical_ahash,007e7a5e1c3c7e00,2,train,generated_train|generated_val,train_0128.png|train_0982.png,data/images/train/train_0128.png|data/images/train/train_0982.png,True,False
near_identical_ahash,007e7e5a181c7e00,2,train,generated_train,train_0465.png|train_1254.png,data/images/train/train_0465.png|data/images/train/train_1254.png,False,False
near_identical_ahash,007e7e5a1c1c7e00,8,train,generated_train|generated_val,train_0008.png|train_0065.png|train_0475.png|train_0477.png|train_0632.png|train_0693.png|train_0856.png|train_1282.png,data/images/train/train_0008.png|data/images/train/train_0065.png|data/images/train/train_0475.png|data/images/train/train_0477.png|data/images/train/train_0632.png|data/images/train/train_0693.png|data/images/train/train_0856.png|data/images/train/train_1282.png,True,False
near_identical_ahash,007e7e5a1c3c7e00,3,train,generated_train,train_0444.png|train_1109.png|train_1179.png,data/images/train/train_0444.png|data/images/train/train_1109.png|data/images/train/train_1179.png,False,False
near_identical_ahash,007e7e5a1c7c7e00,7,train,generated_train|generated_val,train_0512.png|train_0558.png|train_0799.png|train_0968.png|train_1145.png|train_1222.png|train_2005.png,data/images/train/train_0512.png|data/images/train/train_0558.png|data/images/train/train_0799.png|data/images/train/train_0968.png|data/images/train/train_1145.png|data/images/train/train_1222.png|data/images/train/train_2005.png,True,False
near_identical_ahash,007e7e5a1c7e7e00,2,train,generated_train|generated_val,train_0192.png|train_0563.png,data/images/train/train_0192.png|data/images/train/train_0563.png,True,False
near_identical_ahash,007e7e5a1e3c7e00,3,train,generated_train,train_0768.png|train_0868.png|train_1263.png,data/images/train/train_0768.png|data/images/train/train_0868.png|data/images/train/train_1263.png,False,False
near_identical_ahash,007e7e5a1e7c7e00,2,train,generated_train,train_0121.png|train_1075.png,data/images/train/train_0121.png|data/images/train/train_1075.png,False,False
near_identical_ahash,007e7e5a5c1c7e00,5,train,generated_train,train_0291.png|train_0959.png|train_1169.png|train_1196.png|train_1206.png,data/images/train/train_0291.png|data/images/train/train_0959.png|data/images/train/train_1169.png|data/images/train/train_1196.png|data/images/train/train_1206.png,False,False
near_identical_ahash,007e7e5a5c3c7e00,3,train,generated_train|generated_val,train_0575.png|train_1171.png|train_1425.png,data/images/train/train_0575.png|data/images/train/train_1171.png|data/images/train/train_1425.png,True,False
near_identical_ahash,007e7e5a5c7c7e00,2,train,generated_val,train_0104.png|train_1261.png,data/images/train/train_0104.png|data/images/train/train_1261.png,False,False
near_identical_ahash,007e7e5a5e1c7e00,7,train,generated_train|generated_val,train_0560.png|train_0568.png|train_0656.png|train_0876.png|train_0896.png|train_0941.png|train_0955.png,data/images/train/train_0560.png|data/images/train/train_0568.png|data/images/train/train_0656.png|data/images/train/train_0876.png|data/images/train/train_0896.png|data/images/train/train_0941.png|data/images/train/train_0955.png,True,False
near_identical_ahash,007e7e5a5e3c7e00,3,train,generated_train,train_0164.png|train_1004.png|train_1842.png,data/images/train/train_0164.png|data/images/train/train_1004.png|data/images/train/train_1842.png,False,False
near_identical_ahash,007e7e5a5e7e7e00,3,train,generated_train|generated_val,train_1158.png|train_1894.png|train_4980.png,data/images/train/train_1158.png|data/images/train/train_1894.png|data/images/train/train_4980.png,True,False
near_identical_ahash,007e7e5e1c1c7e00,2,train,generated_train,train_0098.png|train_0671.png,data/images/train/train_0098.png|data/images/train/train_0671.png,False,False
near_identical_ahash,007e7e5e1c3c7e00,2,train,generated_train,train_0779.png|train_4518.png,data/images/train/train_0779.png|data/images/train/train_4518.png,False,False
near_identical_ahash,007e7e5e1c7c7e00,5,train,generated_train|generated_val,train_0240.png|train_0758.png|train_0923.png|train_1021.png|train_1286.png,data/images/train/train_0240.png|data/images/train/train_0758.png|data/images/train/train_0923.png|data/images/train/train_1021.png|data/images/train/train_1286.png,True,False
near_identical_ahash,007e7e5e1c7e7e00,3,train,generated_train,train_0018.png|train_0623.png|train_0910.png,data/images/train/train_0018.png|data/images/train/train_0623.png|data/images/train/train_0910.png,False,False
near_identical_ahash,007e7e5e1e1c7e00,2,train,generated_train|generated_val,train_1395.png|train_2472.png,data/images/train/train_1395.png|data/images/train/train_2472.png,True,False
near_identical_ahash,007e7e5e1e3c7e00,4,train,generated_train,train_0343.png|train_1278.png|train_3050.png|train_4045.png,data/images/train/train_0343.png|data/images/train/train_1278.png|data/images/train/train_3050.png|data/images/train/train_4045.png,False,False
near_identical_ahash,007e7e5e1e3e7e00,5,train,generated_train|generated_val,train_0553.png|train_1339.png|train_3455.png|train_4026.png|train_4192.png,data/images/train/train_0553.png|data/images/train/train_1339.png|data/images/train/train_3455.png|data/images/train/train_4026.png|data/images/train/train_4192.png,True,False
near_identical_ahash,007e7e5e1e7c7e00,4,train,generated_train|generated_val,train_0458.png|train_0694.png|train_1137.png|train_1204.png,data/images/train/train_0458.png|data/images/train/train_0694.png|data/images/train/train_1137.png|data/images/train/train_1204.png,True,False
near_identical_ahash,007e7e5e1e7e7e00,13,train,generated_train|generated_val,train_0037.png|train_0117.png|train_0390.png|train_0395.png|train_0505.png|train_0511.png|train_0851.png|train_1067.png|train_1809.png|train_2051.png|train_2190.png|train_3253.png|train_4193.png,data/images/train/train_0037.png|data/images/train/train_0117.png|data/images/train/train_0390.png|data/images/train/train_0395.png|data/images/train/train_0505.png|data/images/train/train_0511.png|data/images/train/train_0851.png|data/images/train/train_1067.png|data/images/train/train_1809.png|data/images/train/train_2051.png|data/images/train/train_2190.png|data/images/train/train_3253.png|data/images/train/train_4193.png,True,False
near_identical_ahash,007e7e5e3c3c7e00,2,train,generated_train,train_2073.png|train_3660.png,data/images/train/train_2073.png|data/images/train/train_3660.png,False,False
near_identical_ahash,007e7e5e5c1c7e00,2,train,generated_train,train_0997.png|train_1161.png,data/images/train/train_0997.png|data/images/train/train_1161.png,False,False
near_identical_ahash,007e7e5e5c7c7e00,2,train,generated_train|generated_val,train_0825.png|train_2134.png,data/images/train/train_0825.png|data/images/train/train_2134.png,True,False
near_identical_ahash,007e7e5e5c7e7e00,2,train,generated_train,train_0178.png|train_1582.png,data/images/train/train_0178.png|data/images/train/train_1582.png,False,False
near_identical_ahash,007e7e5e5e1c7e00,4,train,generated_train,train_0492.png|train_0651.png|train_1141.png|train_1241.png,data/images/train/train_0492.png|data/images/train/train_0651.png|data/images/train/train_1141.png|data/images/train/train_1241.png,False,False
near_identical_ahash,007e7e5e5e3c7e00,4,train,generated_train|generated_val,train_0155.png|train_1020.png|train_1146.png|train_1289.png,data/images/train/train_0155.png|data/images/train/train_1020.png|data/images/train/train_1146.png|data/images/train/train_1289.png,True,False
near_identical_ahash,007e7e5e5e7c7e00,8,train,generated_train|generated_val,train_0124.png|train_0493.png|train_0737.png|train_0865.png|train_0899.png|train_1044.png|train_2226.png|train_3428.png,data/images/train/train_0124.png|data/images/train/train_0493.png|data/images/train/train_0737.png|data/images/train/train_0865.png|data/images/train/train_0899.png|data/images/train/train_1044.png|data/images/train/train_2226.png|data/images/train/train_3428.png,True,False
near_identical_ahash,007e7e5e5e7e7e00,17,train,generated_train|generated_val,train_0088.png|train_0265.png|train_0281.png|train_0296.png|train_0616.png|train_0636.png|train_0704.png|train_0841.png|train_0863.png|train_0944.png|train_1093.png|train_1277.png|train_1299.png|train_1769.png|train_2343.png|train_2400.png|train_3181.png,data/images/train/train_0088.png|data/images/train/train_0265.png|data/images/train/train_0281.png|data/images/train/train_0296.png|data/images/train/train_0616.png|data/images/train/train_0636.png|data/images/train/train_0704.png|data/images/train/train_0841.png|data/images/train/train_0863.png|data/images/train/train_0944.png|data/images/train/train_1093.png|data/images/train/train_1277.png|data/images/train/train_1299.png|data/images/train/train_1769.png|data/images/train/train_2343.png|data/images/train/train_2400.png|data/images/train/train_3181.png,True,False
near_identical_ahash,007e7e5e7e3e7e00,2,train,generated_train|generated_val,train_1630.png|train_5117.png,data/images/train/train_1630.png|data/images/train/train_5117.png,True,False
near_identical_ahash,007e7e5e7e7e7e00,2,train,generated_train,train_1738.png|train_4972.png,data/images/train/train_1738.png|data/images/train/train_4972.png,False,False
near_identical_ahash,007e7e5f1c7e7e00,2,train,generated_train,train_0039.png|train_0425.png,data/images/train/train_0039.png|data/images/train/train_0425.png,False,False
near_identical_ahash,007e7e7a5e1c7e00,3,train,generated_train|generated_val,train_0996.png|train_1134.png|train_1211.png,data/images/train/train_0996.png|data/images/train/train_1134.png|data/images/train/train_1211.png,True,False
near_identical_ahash,007e7e7e1c7e7e00,2,train,generated_train|generated_val,train_1126.png|train_1867.png,data/images/train/train_1126.png|data/images/train/train_1867.png,True,False
near_identical_ahash,007e7e7e1e3e7e00,2,train,generated_train,train_1628.png|train_2682.png,data/images/train/train_1628.png|data/images/train/train_2682.png,False,False
near_identical_ahash,007e7e7e1e7e7e00,9,train,generated_train|generated_val,train_0688.png|train_0998.png|train_1097.png|train_1186.png|train_1641.png|train_1787.png|train_2445.png|train_2724.png|train_4973.png,data/images/train/train_0688.png|data/images/train/train_0998.png|data/images/train/train_1097.png|data/images/train/train_1186.png|data/images/train/train_1641.png|data/images/train/train_1787.png|data/images/train/train_2445.png|data/images/train/train_2724.png|data/images/train/train_4973.png,True,False
near_identical_ahash,007e7e7e3c7e7e00,2,train,generated_train,train_3178.png|train_4526.png,data/images/train/train_3178.png|data/images/train/train_4526.png,False,False
near_identical_ahash,007e7e7e3e3c3c00,2,train,generated_train|generated_val,train_2347.png|train_2666.png,data/images/train/train_2347.png|data/images/train/train_2666.png,True,False
near_identical_ahash,007e7e7e3e3c7e00,4,train,generated_train|generated_val,train_2159.png|train_2651.png|train_3931.png|train_4133.png,data/images/train/train_2159.png|data/images/train/train_2651.png|data/images/train/train_3931.png|data/images/train/train_4133.png,True,False
near_identical_ahash,007e7e7e3e7c7e00,2,train,generated_train,train_4156.png|train_4623.png,data/images/train/train_4156.png|data/images/train/train_4623.png,False,False
near_identical_ahash,007e7e7e3e7e7e00,13,train,generated_train|generated_val,train_1325.png|train_1439.png|train_2253.png|train_2770.png|train_2874.png|train_2912.png|train_3382.png|train_3418.png|train_3719.png|train_4131.png|train_4317.png|train_4414.png|train_4481.png,data/images/train/train_1325.png|data/images/train/train_1439.png|data/images/train/train_2253.png|data/images/train/train_2770.png|data/images/train/train_2874.png|data/images/train/train_2912.png|data/images/train/train_3382.png|data/images/train/train_3418.png|data/images/train/train_3719.png|data/images/train/train_4131.png|data/images/train/train_4317.png|data/images/train/train_4414.png|data/images/train/train_4481.png,True,False
near_identical_ahash,007e7e7e5c7e7e00,2,train,generated_train,train_0327.png|train_0927.png,data/images/train/train_0327.png|data/images/train/train_0927.png,False,False
near_identical_ahash,007e7e7e5e3c7e00,2,train,generated_train,train_0448.png|train_0812.png,data/images/train/train_0448.png|data/images/train/train_0812.png,False,False
near_identical_ahash,007e7e7e5e3e7e00,4,train,generated_train|generated_val,train_0310.png|train_1083.png|train_2487.png|train_3941.png,data/images/train/train_0310.png|data/images/train/train_1083.png|data/images/train/train_2487.png|data/images/train/train_3941.png,True,False
near_identical_ahash,007e7e7e5e5e7e00,3,train,generated_train,train_0454.png|train_0486.png|train_0667.png,data/images/train/train_0454.png|data/images/train/train_0486.png|data/images/train/train_0667.png,False,False
near_identical_ahash,007e7e7e5e7c7e00,16,train,generated_train|generated_val,train_0060.png|train_0087.png|train_0116.png|train_0188.png|train_0366.png|train_0611.png|train_0695.png|train_1019.png|train_1216.png|train_1220.png|train_1715.png|train_2254.png|train_2403.png|train_2464.png|train_3492.png|train_4287.png,data/images/train/train_0060.png|data/images/train/train_0087.png|data/images/train/train_0116.png|data/images/train/train_0188.png|data/images/train/train_0366.png|data/images/train/train_0611.png|data/images/train/train_0695.png|data/images/train/train_1019.png|data/images/train/train_1216.png|data/images/train/train_1220.png|data/images/train/train_1715.png|data/images/train/train_2254.png|data/images/train/train_2403.png|data/images/train/train_2464.png|data/images/train/train_3492.png|data/images/train/train_4287.png,True,False
near_identical_ahash,007e7e7e5e7e3e00,2,train,generated_train|generated_val,train_0347.png|train_2241.png,data/images/train/train_0347.png|data/images/train/train_2241.png,True,False
near_identical_ahash,007e7e7e5e7e7e00,72,train,generated_train|generated_val,train_0003.png|train_0004.png|train_0006.png|train_0019.png|train_0021.png|train_0049.png|train_0129.png|train_0138.png|train_0173.png|train_0177.png|train_0179.png|train_0193.png|train_0243.png|train_0249.png|train_0250.png|train_0259.png|train_0264.png|train_0306.png|train_0328.png|train_0344.png|train_0348.png|train_0358.png|train_0369.png|train_0380.png|train_0398.png|train_0401.png|train_0410.png|train_0417.png|train_0453.png|train_0496.png|train_0519.png|train_0521.png|train_0524.png|train_0527.png|train_0530.png|train_0551.png|train_0552.png|train_0562.png|train_0564.png|train_0580.png|train_0585.png|train_0663.png|train_0685.png|train_0738.png|train_0795.png|train_0872.png|train_0934.png|train_0950.png|train_0969.png|train_0972.png|train_0976.png|train_1051.png|train_1058.png|train_1072.png|train_1102.png|train_1142.png|train_1184.png|train_1193.png|train_1199.png|train_1217.png|train_1243.png|train_1252.png|train_1321.png|train_1391.png|train_1958.png|train_2081.png|train_2083.png|train_2158.png|train_2866.png|train_3540.png|train_3748.png|train_3951.png,data/images/train/train_0003.png|data/images/train/train_0004.png|data/images/train/train_0006.png|data/images/train/train_0019.png|data/images/train/train_0021.png|data/images/train/train_0049.png|data/images/train/train_0129.png|data/images/train/train_0138.png|data/images/train/train_0173.png|data/images/train/train_0177.png|data/images/train/train_0179.png|data/images/train/train_0193.png|data/images/train/train_0243.png|data/images/train/train_0249.png|data/images/train/train_0250.png|data/images/train/train_0259.png|data/images/train/train_0264.png|data/images/train/train_0306.png|data/images/train/train_0328.png|data/images/train/train_0344.png|data/images/train/train_0348.png|data/images/train/train_0358.png|data/images/train/train_0369.png|data/images/train/train_0380.png|data/images/train/train_0398.png|data/images/train/train_0401.png|data/images/train/train_0410.png|data/images/train/train_0417.png|data/images/train/train_0453.png|data/images/train/train_0496.png|data/images/train/train_0519.png|data/images/train/train_0521.png|data/images/train/train_0524.png|data/images/train/train_0527.png|data/images/train/train_0530.png|data/images/train/train_0551.png|data/images/train/train_0552.png|data/images/train/train_0562.png|data/images/train/train_0564.png|data/images/train/train_0580.png|data/images/train/train_0585.png|data/images/train/train_0663.png|data/images/train/train_0685.png|data/images/train/train_0738.png|data/images/train/train_0795.png|data/images/train/train_0872.png|data/images/train/train_0934.png|data/images/train/train_0950.png|data/images/train/train_0969.png|data/images/train/train_0972.png|data/images/train/train_0976.png|data/images/train/train_1051.png|data/images/train/train_1058.png|data/images/train/train_1072.png|data/images/train/train_1102.png|data/images/train/train_1142.png|data/images/train/train_1184.png|data/images/train/train_1193.png|data/images/train/train_1199.png|data/images/train/train_1217.png|data/images/train/train_1243.png|data/images/train/train_1252.png|data/images/train/train_1321.png|data/images/train/train_1391.png|data/images/train/train_1958.png|data/images/train/train_2081.png|data/images/train/train_2083.png|data/images/train/train_2158.png|data/images/train/train_2866.png|data/images/train/train_3540.png|data/images/train/train_3748.png|data/images/train/train_3951.png,True,False
near_identical_ahash,007e7e7e5e7e7f00,2,train,generated_train,train_0341.png|train_0589.png,data/images/train/train_0341.png|data/images/train/train_0589.png,False,False
near_identical_ahash,007e7e7e7c7c7e00,4,train,generated_train,train_1248.png|train_2056.png|train_2539.png|train_3661.png,data/images/train/train_1248.png|data/images/train/train_2056.png|data/images/train/train_2539.png|data/images/train/train_3661.png,False,False
near_identical_ahash,007e7e7e7c7e7e00,2,train,generated_train,train_0199.png|train_1900.png,data/images/train/train_0199.png|data/images/train/train_1900.png,False,False
near_identical_ahash,007e7e7e7e3c7e00,4,train,generated_train,train_0590.png|train_1474.png|train_2534.png|train_4378.png,data/images/train/train_0590.png|data/images/train/train_1474.png|data/images/train/train_2534.png|data/images/train/train_4378.png,False,False
near_identical_ahash,007e7e7e7e3e3e00,3,train,generated_train|generated_val,train_0609.png|train_1326.png|train_3631.png,data/images/train/train_0609.png|data/images/train/train_1326.png|data/images/train/train_3631.png,True,False
near_identical_ahash,007e7e7e7e3e7e00,3,train,generated_train|generated_val,train_2500.png|train_3916.png|train_4499.png,data/images/train/train_2500.png|data/images/train/train_3916.png|data/images/train/train_4499.png,True,False
near_identical_ahash,007e7e7e7e7c7e00,9,train,generated_train|generated_val,train_0423.png|train_0432.png|train_1330.png|train_2459.png|train_2952.png|train_3119.png|train_3437.png|train_3478.png|train_4743.png,data/images/train/train_0423.png|data/images/train/train_0432.png|data/images/train/train_1330.png|data/images/train/train_2459.png|data/images/train/train_2952.png|data/images/train/train_3119.png|data/images/train/train_3437.png|data/images/train/train_3478.png|data/images/train/train_4743.png,True,False
near_identical_ahash,007e7e7e7e7e3c00,2,train,generated_train|generated_val,train_1043.png|train_4622.png,data/images/train/train_1043.png|data/images/train/train_4622.png,True,False
near_identical_ahash,007e7e7e7e7e3e00,6,train,generated_train|generated_val,train_0046.png|train_0659.png|train_1426.png|train_3536.png|train_4842.png|train_5105.png,data/images/train/train_0046.png|data/images/train/train_0659.png|data/images/train/train_1426.png|data/images/train/train_3536.png|data/images/train/train_4842.png|data/images/train/train_5105.png,True,False
near_identical_ahash,007e7e7e7e7e7c00,11,train,generated_train|generated_val,train_1009.png|train_1155.png|train_1882.png|train_2496.png|train_2520.png|train_2740.png|train_3084.png|train_3174.png|train_3608.png|train_3978.png|train_4266.png,data/images/train/train_1009.png|data/images/train/train_1155.png|data/images/train/train_1882.png|data/images/train/train_2496.png|data/images/train/train_2520.png|data/images/train/train_2740.png|data/images/train/train_3084.png|data/images/train/train_3174.png|data/images/train/train_3608.png|data/images/train/train_3978.png|data/images/train/train_4266.png,True,False
near_identical_ahash,007e7e7e7e7e7e00,105,train,generated_train|generated_val,train_0020.png|train_0051.png|train_0134.png|train_0145.png|train_0154.png|train_0167.png|train_0181.png|train_0219.png|train_0234.png|train_0284.png|train_0288.png|train_0318.png|train_0326.png|train_0354.png|train_0392.png|train_0430.png|train_0433.png|train_0471.png|train_0480.png|train_0484.png|train_0543.png|train_0573.png|train_0608.png|train_0617.png|train_0650.png|train_0666.png|train_0726.png|train_0727.png|train_0735.png|train_0798.png|train_0877.png|train_0938.png|train_0942.png|train_0965.png|train_1094.png|train_1162.png|train_1213.png|train_1232.png|train_1244.png|train_1259.png|train_1337.png|train_1343.png|train_1402.png|train_1416.png|train_1418.png|train_1422.png|train_1489.png|train_1530.png|train_1551.png|train_1561.png|train_1772.png|train_1802.png|train_1858.png|train_1906.png|train_1936.png|train_2141.png|train_2188.png|train_2385.png|train_2401.png|train_2423.png|train_2430.png|train_2473.png|train_2495.png|train_2504.png|train_2510.png|train_2690.png|train_2894.png|train_2906.png|train_2908.png|train_3085.png|train_3295.png|train_3344.png|train_3456.png|train_3487.png|train_3606.png|train_3612.png|train_3637.png|train_3770.png|train_3816.png|train_4001.png|train_4046.png|train_4063.png|train_4077.png|train_4104.png|train_4125.png|train_4132.png|train_4170.png|train_4249.png|train_4276.png|train_4432.png|train_4512.png|train_4580.png|train_4604.png|train_4609.png|train_4645.png|train_4681.png|train_4694.png|train_4975.png|train_5025.png|train_5033.png|train_5057.png|train_5076.png|train_5092.png|train_5179.png|train_5191.png,data/images/train/train_0020.png|data/images/train/train_0051.png|data/images/train/train_0134.png|data/images/train/train_0145.png|data/images/train/train_0154.png|data/images/train/train_0167.png|data/images/train/train_0181.png|data/images/train/train_0219.png|data/images/train/train_0234.png|data/images/train/train_0284.png|data/images/train/train_0288.png|data/images/train/train_0318.png|data/images/train/train_0326.png|data/images/train/train_0354.png|data/images/train/train_0392.png|data/images/train/train_0430.png|data/images/train/train_0433.png|data/images/train/train_0471.png|data/images/train/train_0480.png|data/images/train/train_0484.png|data/images/train/train_0543.png|data/images/train/train_0573.png|data/images/train/train_0608.png|data/images/train/train_0617.png|data/images/train/train_0650.png|data/images/train/train_0666.png|data/images/train/train_0726.png|data/images/train/train_0727.png|data/images/train/train_0735.png|data/images/train/train_0798.png|data/images/train/train_0877.png|data/images/train/train_0938.png|data/images/train/train_0942.png|data/images/train/train_0965.png|data/images/train/train_1094.png|data/images/train/train_1162.png|data/images/train/train_1213.png|data/images/train/train_1232.png|data/images/train/train_1244.png|data/images/train/train_1259.png|data/images/train/train_1337.png|data/images/train/train_1343.png|data/images/train/train_1402.png|data/images/train/train_1416.png|data/images/train/train_1418.png|data/images/train/train_1422.png|data/images/train/train_1489.png|data/images/train/train_1530.png|data/images/train/train_1551.png|data/images/train/train_1561.png|data/images/train/train_1772.png|data/images/train/train_1802.png|data/images/train/train_1858.png|data/images/train/train_1906.png|data/images/train/train_1936.png|data/images/train/train_2141.png|data/images/train/train_2188.png|data/images/train/train_2385.png|data/images/train/train_2401.png|data/images/train/train_2423.png|data/images/train/train_2430.png|data/images/train/train_2473.png|data/images/train/train_2495.png|data/images/train/train_2504.png|data/images/train/train_2510.png|data/images/train/train_2690.png|data/images/train/train_2894.png|data/images/train/train_2906.png|data/images/train/train_2908.png|data/images/train/train_3085.png|data/images/train/train_3295.png|data/images/train/train_3344.png|data/images/train/train_3456.png|data/images/train/train_3487.png|data/images/train/train_3606.png|data/images/train/train_3612.png|data/images/train/train_3637.png|data/images/train/train_3770.png|data/images/train/train_3816.png|data/images/train/train_4001.png|data/images/train/train_4046.png|data/images/train/train_4063.png|data/images/train/train_4077.png|data/images/train/train_4104.png|data/images/train/train_4125.png|data/images/train/train_4132.png|data/images/train/train_4170.png|data/images/train/train_4249.png|data/images/train/train_4276.png|data/images/train/train_4432.png|data/images/train/train_4512.png|data/images/train/train_4580.png|data/images/train/train_4604.png|data/images/train/train_4609.png|data/images/train/train_4645.png|data/images/train/train_4681.png|data/images/train/train_4694.png|data/images/train/train_4975.png|data/images/train/train_5025.png|data/images/train/train_5033.png|data/images/train/train_5057.png|data/images/train/train_5076.png|data/images/train/train_5092.png|data/images/train/train_5179.png|data/images/train/train_5191.png,True,False
near_identical_ahash,007e7e7e7e7efe00,2,train,generated_train,train_1412.png|train_1572.png,data/images/train/train_1412.png|data/images/train/train_1572.png,False,False
near_identical_ahash,007e7e7e7efefe00,2,train,generated_train,train_1565.png|train_3470.png,data/images/train/train_1565.png|data/images/train/train_3470.png,False,False
near_identical_ahash,007e7efe7e7e7e00,2,train,generated_train,train_0299.png|train_2749.png,data/images/train/train_0299.png|data/images/train/train_2749.png,False,False
near_identical_ahash,007e7f5e5e7e7e00,2,train,generated_train,train_2942.png|train_3235.png,data/images/train/train_2942.png|data/images/train/train_3235.png,False,False
near_identical_ahash,007efe7e7e7e7e00,2,train,generated_train,train_2214.png|train_4538.png,data/images/train/train_2214.png|data/images/train/train_4538.png,False,False
near_identical_ahash,007efe7e7efe7e00,2,train,generated_train,train_3897.png|train_5074.png,data/images/train/train_3897.png|data/images/train/train_5074.png,False,False
near_identical_ahash,007efefe7e7e7e00,3,train,generated_train,train_1367.png|train_1448.png|train_5107.png,data/images/train/train_1367.png|data/images/train/train_1448.png|data/images/train/train_5107.png,False,False
near_identical_ahash,007eff7f7e7e7e00,2,train,generated_train,train_2101.png|train_2146.png,data/images/train/train_2101.png|data/images/train/train_2146.png,False,False
near_identical_ahash,007f5a5a18187c7e,2,train,generated_train|generated_val,train_0017.png|train_0935.png,data/images/train/train_0017.png|data/images/train/train_0935.png,True,False
near_identical_ahash,007f5a5a18187e7c,2,train,generated_train|generated_val,train_0231.png|train_0413.png,data/images/train/train_0231.png|data/images/train/train_0413.png,True,False
near_identical_ahash,007f5a5a1c1c7e7e,2,train,generated_train,train_0451.png|train_1236.png,data/images/train/train_0451.png|data/images/train/train_1236.png,False,False
near_identical_ahash,007f7e5a1c1c7e00,3,train,generated_train,train_0479.png|train_0645.png|train_1227.png,data/images/train/train_0479.png|data/images/train/train_0645.png|data/images/train/train_1227.png,False,False
near_identical_ahash,007f7e5a1e3c7e00,5,train,generated_train,train_0095.png|train_0297.png|train_0658.png|train_1048.png|train_1258.png,data/images/train/train_0095.png|data/images/train/train_0297.png|data/images/train/train_0658.png|data/images/train/train_1048.png|data/images/train/train_1258.png,False,False
near_identical_ahash,007f7e5a1e7c7e00,2,train,generated_train,train_0698.png|train_1063.png,data/images/train/train_0698.png|data/images/train/train_1063.png,False,False
near_identical_ahash,007f7e5a5c1c7e00,2,train,generated_train,train_0657.png|train_1054.png,data/images/train/train_0657.png|data/images/train/train_1054.png,False,False
near_identical_ahash,007f7e5a5e1c7e00,4,train,generated_train,train_0300.png|train_0371.png|train_0405.png|train_0429.png,data/images/train/train_0300.png|data/images/train/train_0371.png|data/images/train/train_0405.png|data/images/train/train_0429.png,False,False
near_identical_ahash,007f7e5a5e7c7e00,4,train,generated_train|generated_val,train_0260.png|train_0270.png|train_0355.png|train_0706.png,data/images/train/train_0260.png|data/images/train/train_0270.png|data/images/train/train_0355.png|data/images/train/train_0706.png,True,False
near_identical_ahash,007f7e5a5e7e7e00,2,train,generated_train,train_0239.png|train_0435.png,data/images/train/train_0239.png|data/images/train/train_0435.png,False,False
near_identical_ahash,007f7e5e1c7c7e00,3,train,generated_train|generated_val,train_0514.png|train_1304.png|train_4288.png,data/images/train/train_0514.png|data/images/train/train_1304.png|data/images/train/train_4288.png,True,False
near_identical_ahash,007f7e5e1e3c7e00,3,train,generated_train,train_0838.png|train_1100.png|train_2207.png,data/images/train/train_0838.png|data/images/train/train_1100.png|data/images/train/train_2207.png,False,False
near_identical_ahash,007f7e5e1e7e7e00,2,train,generated_train|generated_val,train_0363.png|train_0832.png,data/images/train/train_0363.png|data/images/train/train_0832.png,True,False
near_identical_ahash,007f7e5e5e1c7e00,2,train,generated_train,train_0053.png|train_4039.png,data/images/train/train_0053.png|data/images/train/train_4039.png,False,False
near_identical_ahash,007f7e5e5e3e7e00,3,train,generated_train,train_0984.png|train_1010.png|train_5176.png,data/images/train/train_0984.png|data/images/train/train_1010.png|data/images/train/train_5176.png,False,False
near_identical_ahash,007f7e7a5e3c7e00,2,train,generated_train|generated_val,train_0620.png|train_0884.png,data/images/train/train_0620.png|data/images/train/train_0884.png,True,False
near_identical_ahash,007f7e7e5e7e7e00,8,train,generated_train|generated_val,train_0221.png|train_0314.png|train_0470.png|train_0488.png|train_0569.png|train_0949.png|train_0956.png|train_1047.png,data/images/train/train_0221.png|data/images/train/train_0314.png|data/images/train/train_0470.png|data/images/train/train_0488.png|data/images/train/train_0569.png|data/images/train/train_0949.png|data/images/train/train_0956.png|data/images/train/train_1047.png,True,False
near_identical_ahash,007f7e7e7e7e7e00,10,train,generated_train|generated_val,train_0385.png|train_0714.png|train_1251.png|train_2127.png|train_2476.png|train_2679.png|train_3116.png|train_3930.png|train_4082.png|train_4894.png,data/images/train/train_0385.png|data/images/train/train_0714.png|data/images/train/train_1251.png|data/images/train/train_2127.png|data/images/train/train_2476.png|data/images/train/train_2679.png|data/images/train/train_3116.png|data/images/train/train_3930.png|data/images/train/train_4082.png|data/images/train/train_4894.png,True,False
near_identical_ahash,007f7f7e3e7e7e00,2,train,generated_train|generated_val,train_1475.png|train_1507.png,data/images/train/train_1475.png|data/images/train/train_1507.png,True,False
near_identical_ahash,007f7f7e5e7e7e00,3,train,generated_train,train_0661.png|train_0866.png|train_1147.png,data/images/train/train_0661.png|data/images/train/train_0866.png|data/images/train/train_1147.png,False,False
near_identical_ahash,007f7f7e7e7e7e00,5,train,generated_train|generated_val,train_1443.png|train_1964.png|train_4531.png|train_4963.png|train_5157.png,data/images/train/train_1443.png|data/images/train/train_1964.png|data/images/train/train_4531.png|data/images/train/train_4963.png|data/images/train/train_5157.png,True,False
near_identical_ahash,007f7f7f7f7e7e00,2,train,generated_train,train_2747.png|train_4420.png,data/images/train/train_2747.png|data/images/train/train_4420.png,False,False
near_identical_ahash,007fff7e5e7e7e00,2,train,generated_train,train_2486.png|train_3863.png,data/images/train/train_2486.png|data/images/train/train_3863.png,False,False
near_identical_ahash,007fff7e7e7e7e00,3,train,generated_train|generated_val,train_2199.png|train_2203.png|train_2322.png,data/images/train/train_2199.png|data/images/train/train_2203.png|data/images/train/train_2322.png,True,False
near_identical_ahash,007fff7f7e7e7e00,2,train,generated_train,train_2025.png|train_2106.png,data/images/train/train_2025.png|data/images/train/train_2106.png,False,False
near_identical_ahash,0098ff7e7e7e7c00,2,train,generated_train,train_1560.png|train_3534.png,data/images/train/train_1560.png|data/images/train/train_3534.png,False,False
near_identical_ahash,009bfe7e7e7e7e00,2,train,generated_train|generated_val,train_0226.png|train_2756.png,data/images/train/train_0226.png|data/images/train/train_2756.png,True,False
near_identical_ahash,009cfe7e7e7e7e00,3,train,generated_train,train_3129.png|train_4802.png|train_4813.png,data/images/train/train_3129.png|data/images/train/train_4802.png|data/images/train/train_4813.png,False,False
near_identical_ahash,00ba7a7e7e3c7c00,2,train,generated_train|generated_val,train_3042.png|train_3043.png,data/images/train/train_3042.png|data/images/train/train_3043.png,True,False
near_identical_ahash,00be7e7e5e7e7e00,2,train,generated_train,train_0196.png|train_0708.png,data/images/train/train_0196.png|data/images/train/train_0708.png,False,False
near_identical_ahash,00be7e7e7e7e7e00,4,train,generated_train|generated_val,train_0731.png|train_0881.png|train_3037.png|train_3052.png,data/images/train/train_0731.png|data/images/train/train_0881.png|data/images/train/train_3037.png|data/images/train/train_3052.png,True,False
near_identical_ahash,00befe7e7e7e7e00,2,train,generated_train,train_2514.png|train_4600.png,data/images/train/train_2514.png|data/images/train/train_4600.png,False,False
near_identical_ahash,00bffe7e7e7e7e00,3,train,generated_train,train_1463.png|train_1811.png|train_3057.png,data/images/train/train_1463.png|data/images/train/train_1811.png|data/images/train/train_3057.png,False,False
near_identical_ahash,00fc7e7e7e7e7e00,2,train,generated_train,train_0494.png|train_3065.png,data/images/train/train_0494.png|data/images/train/train_3065.png,False,False
near_identical_ahash,00fc7f7e7e7e7e00,2,train,generated_train|generated_val,train_2449.png|train_3357.png,data/images/train/train_2449.png|data/images/train/train_3357.png,True,False
near_identical_ahash,00fc7f7e7e7efe00,2,train,generated_train,train_1903.png|train_2170.png,data/images/train/train_1903.png|data/images/train/train_2170.png,False,False
near_identical_ahash,00fc7f7e7efefe00,2,train,generated_train,train_1866.png|train_5052.png,data/images/train/train_1866.png|data/images/train/train_5052.png,False,False
near_identical_ahash,00fcff7e7e7e7e00,2,train,generated_train,train_2231.png|train_4485.png,data/images/train/train_2231.png|data/images/train/train_4485.png,False,False
near_identical_ahash,00fd7f5a5e7e7e00,2,train,generated_train,train_0286.png|train_0618.png,data/images/train/train_0286.png|data/images/train/train_0618.png,False,False
near_identical_ahash,00fd7f7e7e7e7e00,2,train,generated_train,train_2250.png|train_2251.png,data/images/train/train_2250.png|data/images/train/train_2251.png,False,False
near_identical_ahash,00fe5a5a1c1c7e7e,2,train,generated_train,train_0399.png|train_1292.png,data/images/train/train_0399.png|data/images/train/train_1292.png,False,False
near_identical_ahash,00fe7a5a5c1c7e00,2,train,generated_train|generated_val,train_0767.png|train_1290.png,data/images/train/train_0767.png|data/images/train/train_1290.png,True,False
near_identical_ahash,00fe7e5a5c1c7f00,2,train,generated_train|generated_val,train_0246.png|train_1124.png,data/images/train/train_0246.png|data/images/train/train_1124.png,True,False
near_identical_ahash,00fe7e5a5e1c7e00,3,train,generated_train|generated_val,train_0014.png|train_0649.png|train_1064.png,data/images/train/train_0014.png|data/images/train/train_0649.png|data/images/train/train_1064.png,True,False
near_identical_ahash,00fe7e5a5e7c7e00,2,train,generated_train|generated_val,train_0587.png|train_1150.png,data/images/train/train_0587.png|data/images/train/train_1150.png,True,False
near_identical_ahash,00fe7e5e5c1c7e00,2,train,generated_train,train_0840.png|train_1874.png,data/images/train/train_0840.png|data/images/train/train_1874.png,False,False
near_identical_ahash,00fe7e5e5e3c7e00,2,train,generated_train|generated_val,train_0660.png|train_0818.png,data/images/train/train_0660.png|data/images/train/train_0818.png,True,False
near_identical_ahash,00fe7e7e5e3e7e00,2,train,generated_train,train_0545.png|train_3497.png,data/images/train/train_0545.png|data/images/train/train_3497.png,False,False
near_identical_ahash,00fe7e7e5e7e7e00,4,train,generated_train|generated_val,train_0849.png|train_0861.png|train_1257.png|train_1323.png,data/images/train/train_0849.png|data/images/train/train_0861.png|data/images/train/train_1257.png|data/images/train/train_1323.png,True,False
near_identical_ahash,00fe7e7e7e7e7e00,13,train,generated_train|generated_val,train_0144.png|train_0152.png|train_0469.png|train_0472.png|train_0844.png|train_1000.png|train_1210.png|train_1839.png|train_2095.png|train_2103.png|train_2229.png|train_3639.png|train_4667.png,data/images/train/train_0144.png|data/images/train/train_0152.png|data/images/train/train_0469.png|data/images/train/train_0472.png|data/images/train/train_0844.png|data/images/train/train_1000.png|data/images/train/train_1210.png|data/images/train/train_1839.png|data/images/train/train_2095.png|data/images/train/train_2103.png|data/images/train/train_2229.png|data/images/train/train_3639.png|data/images/train/train_4667.png,True,False
near_identical_ahash,00fefe7e7e7e7e00,3,train,generated_train|generated_val,train_0035.png|train_0236.png|train_4977.png,data/images/train/train_0035.png|data/images/train/train_0236.png|data/images/train/train_4977.png,True,False
near_identical_ahash,00fefe7efe7e7e00,2,train,generated_train,train_4374.png|train_4492.png,data/images/train/train_4374.png|data/images/train/train_4492.png,False,False
near_identical_ahash,00fefffe7e7e7e00,2,train,generated_train|generated_val,train_1611.png|train_2703.png,data/images/train/train_1611.png|data/images/train/train_2703.png,True,False
near_identical_ahash,00ff5a5a1e1c7e00,2,train,generated_train,train_0229.png|train_0970.png,data/images/train/train_0229.png|data/images/train/train_0970.png,False,False
near_identical_ahash,00ff5b5a1e7c7e00,2,train,generated_train,train_1218.png|train_1262.png,data/images/train/train_1218.png|data/images/train/train_1262.png,False,False
near_identical_ahash,00ff7e5a5c1c7e00,2,train,generated_train,train_0109.png|train_1294.png,data/images/train/train_0109.png|data/images/train/train_1294.png,False,False
near_identical_ahash,00ff7e5a5e1c7e00,4,train,generated_train|generated_val,train_0147.png|train_0248.png|train_0309.png|train_4042.png,data/images/train/train_0147.png|data/images/train/train_0248.png|data/images/train/train_0309.png|data/images/train/train_4042.png,True,False
near_identical_ahash,00ff7e5a5e1e7e00,2,train,generated_train,train_2274.png|train_2398.png,data/images/train/train_2274.png|data/images/train/train_2398.png,False,False
near_identical_ahash,00ff7e5a5e5e7e00,3,train,generated_train,train_0362.png|train_0843.png|train_1651.png,data/images/train/train_0362.png|data/images/train/train_0843.png|data/images/train/train_1651.png,False,False
near_identical_ahash,00ff7e5a5e7c7e00,2,train,generated_train,train_0409.png|train_0555.png,data/images/train/train_0409.png|data/images/train/train_0555.png,False,False
near_identical_ahash,00ff7e5e5e1e7e00,2,train,generated_train,train_0040.png|train_0414.png,data/images/train/train_0040.png|data/images/train/train_0414.png,False,False
near_identical_ahash,00ff7e5e5e7e7e00,3,train,generated_train|generated_val,train_0273.png|train_0481.png|train_1229.png,data/images/train/train_0273.png|data/images/train/train_0481.png|data/images/train/train_1229.png,True,False
near_identical_ahash,00ff7e7e7e7e7e00,2,train,generated_train,train_2117.png|train_2547.png,data/images/train/train_2117.png|data/images/train/train_2547.png,False,False
near_identical_ahash,00ff7f5e5e7e7e00,2,train,generated_train,train_2082.png|train_4235.png,data/images/train/train_2082.png|data/images/train/train_4235.png,False,False
near_identical_ahash,00ff7f7e5e7efe00,2,train,generated_train,train_2421.png|train_2422.png,data/images/train/train_2421.png|data/images/train/train_2422.png,False,False
near_identical_ahash,00ffda5a1c1c7e00,2,train,generated_train|generated_val,train_0404.png|train_0802.png,data/images/train/train_0404.png|data/images/train/train_0802.png,True,False
near_identical_ahash,00fffefe7e7e7e00,2,train,generated_train|generated_val,train_1739.png|train_2541.png,data/images/train/train_1739.png|data/images/train/train_2541.png,True,False
near_identical_ahash,00ffff7e7e7e7e00,2,train,generated_train|generated_val,train_2543.png|train_4238.png,data/images/train/train_2543.png|data/images/train/train_4238.png,True,False
near_identical_ahash,087e5a5a1c1c7e3e,2,train,generated_train,train_0166.png|train_0614.png,data/images/train/train_0166.png|data/images/train/train_0614.png,False,False
near_identical_ahash,107e7e5a5a1c7e00,2,train,generated_train,train_0130.png|train_1237.png,data/images/train/train_0130.png|data/images/train/train_1237.png,False,False
near_identical_ahash,1818ff6b7f3e3e3e,2,test,test,test_0590.png|test_0611.png,data/images/test/test_0590.png|data/images/test/test_0611.png,False,False
near_identical_ahash,187e5a5a1c1c7e7e,2,train,generated_train,train_0334.png|train_0713.png,data/images/train/train_0334.png|data/images/train/train_0713.png,False,False
near_identical_ahash,18dac39bfe7e7e7e,2,train,generated_train,train_0754.png|train_0755.png,data/images/train/train_0754.png|data/images/train/train_0755.png,False,False
near_identical_ahash,1a7e5a5a5c1c3c7e,2,test,test,test_0428.png|test_0451.png,data/images/test/test_0428.png|data/images/test/test_0451.png,False,False
near_identical_ahash,1c3e3e3e1e1e3e7e,2,test,test,test_0282.png|test_0467.png,data/images/test/test_0282.png|data/images/test/test_0467.png,False,False
near_identical_ahash,383818387c7c7c7e,2,test,test,test_0135.png|test_0179.png,data/images/test/test_0135.png|data/images/test/test_0179.png,False,False
near_identical_ahash,385858181e1c7efe,2,test,test,test_0275.png|test_0441.png,data/images/test/test_0275.png|data/images/test/test_0441.png,False,False
near_identical_ahash,3c3c1e1e1e1e3e7e,2,test,test,test_0140.png|test_0243.png,data/images/test/test_0140.png|data/images/test/test_0243.png,False,False
near_identical_ahash,3c3c3c3c3c3c3c7c,2,test,test,test_0109.png|test_0142.png,data/images/test/test_0109.png|data/images/test/test_0142.png,False,False
near_identical_ahash,3c5e5a181c1c7cfe,2,test,test,test_0104.png|test_0410.png,data/images/test/test_0104.png|data/images/test/test_0410.png,False,False
near_identical_ahash,3e5e5a1a1818387e,2,test,test,test_0088.png|test_0213.png,data/images/test/test_0088.png|data/images/test/test_0213.png,False,False
near_identical_ahash,3e7e5e1e1c3c7c7e,2,test,test,test_0043.png|test_0556.png,data/images/test/test_0043.png|data/images/test/test_0556.png,False,False
near_identical_ahash,7c7c5a5a18187c7e,2,test,test,test_0105.png|test_0278.png,data/images/test/test_0105.png|data/images/test/test_0278.png,False,False
near_identical_ahash,7c7e5a5a1818187e,2,test,test,test_0367.png|test_0414.png,data/images/test/test_0367.png|data/images/test/test_0414.png,False,False
near_identical_ahash,7e7e5a581c1c3c7e,2,test,test,test_0265.png|test_0501.png,data/images/test/test_0265.png|data/images/test/test_0501.png,False,False
near_identical_ahash,7e7e5a5a181c3c7e,2,test,test,test_0360.png|test_0402.png,data/images/test/test_0360.png|data/images/test/test_0402.png,False,False
near_identical_ahash,7e7e5a5a1c1c1c7e,2,test,test,test_0264.png|test_0620.png,data/images/test/test_0264.png|data/images/test/test_0620.png,False,False
near_identical_ahash,98bcbc1c3c3c3c3c,2,test,test,test_0173.png|test_0482.png,data/images/test/test_0173.png|data/images/test/test_0482.png,False,False
near_identical_dhash,0060f0f0f0f0d000,2,train,generated_train,train_4595.png|train_5200.png,data/images/train/train_4595.png|data/images/train/train_5200.png,False,False
near_identical_dhash,0060f0f0f0f0f000,2,train,generated_train,train_2875.png|train_3096.png,data/images/train/train_2875.png|data/images/train/train_3096.png,False,False
near_identical_dhash,0060f4b0b0f0f400,2,train,generated_train|generated_val,train_2135.png|train_4386.png,data/images/train/train_2135.png|data/images/train/train_4386.png,True,False
near_identical_dhash,0068e4b4b0f0f000,2,train,generated_train,train_1770.png|train_2477.png,data/images/train/train_1770.png|data/images/train/train_2477.png,False,False
near_identical_dhash,0070f0b0b0b0f000,2,train,generated_train,train_2980.png|train_4066.png,data/images/train/train_2980.png|data/images/train/train_4066.png,False,False
near_identical_dhash,0070f0b0b0f0f000,2,train,generated_train|generated_val,train_3895.png|train_3955.png,data/images/train/train_3895.png|data/images/train/train_3955.png,True,False
near_identical_dhash,0070f0f0f0f0f000,2,train,generated_train,train_4463.png|train_4753.png,data/images/train/train_4463.png|data/images/train/train_4753.png,False,False
near_identical_dhash,0070f4b0b0f0d000,2,train,generated_val,train_2310.png|train_4423.png,data/images/train/train_2310.png|data/images/train/train_4423.png,False,False
near_identical_dhash,007192b2b2b0f000,2,train,generated_train|generated_val,train_3010.png|train_3583.png,data/images/train/train_3010.png|data/images/train/train_3583.png,True,False
near_identical_dhash,0071f0b0b0f0f000,2,train,generated_train,train_1729.png|train_4443.png,data/images/train/train_1729.png|data/images/train/train_4443.png,False,False
near_identical_dhash,0071f4b0b0f0e000,2,train,generated_train|generated_val,train_2605.png|train_3217.png,data/images/train/train_2605.png|data/images/train/train_3217.png,True,False
near_identical_dhash,0072f0f0b0f0c000,2,train,generated_train|generated_val,train_1939.png|train_3426.png,data/images/train/train_1939.png|data/images/train/train_3426.png,True,False
near_identical_dhash,0079d0d4f0f0d400,2,train,generated_train,train_2250.png|train_2251.png,data/images/train/train_2250.png|data/images/train/train_2251.png,False,False
near_identical_dhash,0092b2b0f0f0f000,2,train,generated_train,train_3224.png|train_4035.png,data/images/train/train_3224.png|data/images/train/train_4035.png,False,False
near_identical_dhash,00b0b0f0f0f0f000,2,train,generated_train|generated_val,train_2886.png|train_4114.png,data/images/train/train_2886.png|data/images/train/train_4114.png,True,False
near_identical_dhash,00b2b2f0f0f0f000,2,train,generated_train|generated_val,train_1795.png|train_3787.png,data/images/train/train_1795.png|data/images/train/train_3787.png,True,False
near_identical_dhash,00b8d0f2b0f0f000,2,train,generated_train,train_0007.png|train_4725.png,data/images/train/train_0007.png|data/images/train/train_4725.png,False,False
near_identical_dhash,00d092b2b0f0c000,2,train,generated_train,train_4428.png|train_5074.png,data/images/train/train_4428.png|data/images/train/train_5074.png,False,False
near_identical_dhash,00d092b2b0f0f000,2,train,generated_train,train_3370.png|train_4975.png,data/images/train/train_3370.png|data/images/train/train_4975.png,False,False
near_identical_dhash,00e0a4b0b0f0c000,2,train,generated_train|generated_val,train_4254.png|train_5031.png,data/images/train/train_4254.png|data/images/train/train_5031.png,True,False
near_identical_dhash,00e0b4b0b0f0c000,3,train,generated_train|generated_val,train_1626.png|train_1765.png|train_3621.png,data/images/train/train_1626.png|data/images/train/train_1765.png|data/images/train/train_3621.png,True,False
near_identical_dhash,00e0b4b0b0f0d400,2,train,generated_train,train_2303.png|train_2868.png,data/images/train/train_2303.png|data/images/train/train_2868.png,False,False
near_identical_dhash,00e0b4b2b0f0f000,2,train,generated_train|generated_val,train_2592.png|train_4550.png,data/images/train/train_2592.png|data/images/train/train_4550.png,True,False
near_identical_dhash,00e0d4b0b0f0d000,2,train,generated_train,train_2098.png|train_2352.png,data/images/train/train_2098.png|data/images/train/train_2352.png,False,False
near_identical_dhash,00e0d4b0b0f0fc00,4,train,generated_train|generated_val,train_3082.png|train_3138.png|train_4086.png|train_5051.png,data/images/train/train_3082.png|data/images/train/train_3138.png|data/images/train/train_4086.png|data/images/train/train_5051.png,True,False
near_identical_dhash,00e0d4b2b0f0d000,3,train,generated_train|generated_val,train_1337.png|train_1452.png|train_4622.png,data/images/train/train_1337.png|data/images/train/train_1452.png|data/images/train/train_4622.png,True,False
near_identical_dhash,00e0d4b2b0f0f000,2,train,generated_train|generated_val,train_2621.png|train_3612.png,data/images/train/train_2621.png|data/images/train/train_3612.png,True,False
near_identical_dhash,00e0d4b2b2f0f000,3,train,generated_train|generated_val,train_1378.png|train_4301.png|train_4523.png,data/images/train/train_1378.png|data/images/train/train_4301.png|data/images/train/train_4523.png,True,False
near_identical_dhash,00e0d4f0b0f0fc00,2,train,generated_train|generated_val,train_2498.png|train_4829.png,data/images/train/train_2498.png|data/images/train/train_4829.png,True,False
near_identical_dhash,00e0f0b0f0f0c000,2,train,generated_val,train_1701.png|train_2277.png,data/images/train/train_1701.png|data/images/train/train_2277.png,False,False
near_identical_dhash,00e0f4b0b0f0c000,3,train,generated_train,train_1955.png|train_2304.png|train_4319.png,data/images/train/train_1955.png|data/images/train/train_2304.png|data/images/train/train_4319.png,False,False
near_identical_dhash,00e0f4b0b0f0d400,2,train,generated_train|generated_val,train_1413.png|train_2364.png,data/images/train/train_1413.png|data/images/train/train_2364.png,True,False
near_identical_dhash,00e0f4b0b0f0e000,2,train,generated_train,train_1384.png|train_4043.png,data/images/train/train_1384.png|data/images/train/train_4043.png,False,False
near_identical_dhash,00e0f4b0b0f0f000,3,train,generated_train|generated_val,train_2402.png|train_2889.png|train_4337.png,data/images/train/train_2402.png|data/images/train/train_2889.png|data/images/train/train_4337.png,True,False
near_identical_dhash,00e0f4b4b0f0c400,2,train,generated_train,train_2144.png|train_4416.png,data/images/train/train_2144.png|data/images/train/train_4416.png,False,False
near_identical_dhash,00e0f4b4b0f0e000,2,train,generated_train,train_1491.png|train_3959.png,data/images/train/train_1491.png|data/images/train/train_3959.png,False,False
near_identical_dhash,00e0f4f0b0f0f000,3,train,generated_train,train_1646.png|train_1737.png|train_4366.png,data/images/train/train_1646.png|data/images/train/train_1737.png|data/images/train/train_4366.png,False,False
near_identical_dhash,00e8b4b0b0f0e000,2,train,generated_train,train_1638.png|train_3326.png,data/images/train/train_1638.png|data/images/train/train_3326.png,False,False
near_identical_dhash,00e8b4b2b0f0f000,2,train,generated_train,train_0360.png|train_4726.png,data/images/train/train_0360.png|data/images/train/train_4726.png,False,False
near_identical_dhash,00e8d0b0b0f0c000,2,train,generated_train,train_2319.png|train_3247.png,data/images/train/train_2319.png|data/images/train/train_3247.png,False,False
near_identical_dhash,00e8d0d2f0f0c000,2,train,generated_train,train_1841.png|train_3558.png,data/images/train/train_1841.png|data/images/train/train_3558.png,False,False
near_identical_dhash,00e8d4b0b0f0c000,3,train,generated_train|generated_val,train_1889.png|train_4270.png|train_4952.png,data/images/train/train_1889.png|data/images/train/train_4270.png|data/images/train/train_4952.png,True,False
near_identical_dhash,00e8d4b0b0f0c400,2,train,generated_train,train_1485.png|train_4776.png,data/images/train/train_1485.png|data/images/train/train_4776.png,False,False
near_identical_dhash,00e8d4b0b0f0d000,2,train,generated_train,train_4406.png|train_5044.png,data/images/train/train_4406.png|data/images/train/train_5044.png,False,False
near_identical_dhash,00e8d4b2b0f0c000,3,train,generated_train|generated_val,train_1459.png|train_2427.png|train_2551.png,data/images/train/train_1459.png|data/images/train/train_2427.png|data/images/train/train_2551.png,True,False
near_identical_dhash,00e8d4d2b0f0c000,2,train,generated_train,train_1780.png|train_1891.png,data/images/train/train_1780.png|data/images/train/train_1891.png,False,False
near_identical_dhash,00e8f4b0b0f0c000,2,train,generated_train,train_4090.png|train_4347.png,data/images/train/train_4090.png|data/images/train/train_4347.png,False,False
near_identical_dhash,00e8f4b2b0f0f000,3,train,generated_train|generated_val,train_3115.png|train_3270.png|train_3388.png,data/images/train/train_3115.png|data/images/train/train_3270.png|data/images/train/train_3388.png,True,False
near_identical_dhash,00e9f0b0b0f0c000,2,train,generated_train|generated_val,train_3266.png|train_5127.png,data/images/train/train_3266.png|data/images/train/train_5127.png,True,False
near_identical_dhash,00e9f5b0b0f0f000,2,train,generated_train|generated_val,train_3772.png|train_4222.png,data/images/train/train_3772.png|data/images/train/train_4222.png,True,False
near_identical_dhash,00f0b0b0b0f0e000,2,train,generated_train,train_1494.png|train_2423.png,data/images/train/train_1494.png|data/images/train/train_2423.png,False,False
near_identical_dhash,00f0b2b2f0f0f000,3,train,generated_train,train_4292.png|train_4295.png|train_4759.png,data/images/train/train_4292.png|data/images/train/train_4295.png|data/images/train/train_4759.png,False,False
near_identical_dhash,00f0b4b0b0f0f000,3,train,generated_train,train_2383.png|train_2913.png|train_3894.png,data/images/train/train_2383.png|data/images/train/train_2913.png|data/images/train/train_3894.png,False,False
near_identical_dhash,00f0b4b2b0f0d000,2,train,generated_train,train_3346.png|train_4374.png,data/images/train/train_3346.png|data/images/train/train_4374.png,False,False
near_identical_dhash,00f0b4b2b0f0f000,3,train,generated_train,train_1448.png|train_2434.png|train_4957.png,data/images/train/train_1448.png|data/images/train/train_2434.png|data/images/train/train_4957.png,False,False
near_identical_dhash,00f0d0f0b0f0c000,2,train,generated_val,train_1786.png|train_3881.png,data/images/train/train_1786.png|data/images/train/train_3881.png,False,False
near_identical_dhash,00f0d0f0b0f0e000,2,train,generated_train,train_4597.png|train_4727.png,data/images/train/train_4597.png|data/images/train/train_4727.png,False,False
near_identical_dhash,00f0d0f0f0f0f000,2,train,generated_train,train_2925.png|train_4548.png,data/images/train/train_2925.png|data/images/train/train_4548.png,False,False
near_identical_dhash,00f0d2b0b0f0d000,2,train,generated_train,train_3279.png|train_4056.png,data/images/train/train_3279.png|data/images/train/train_4056.png,False,False
near_identical_dhash,00f0d2f0f0f0d000,2,train,generated_train,train_1434.png|train_1731.png,data/images/train/train_1434.png|data/images/train/train_1731.png,False,False
near_identical_dhash,00f0d4b0b0f0d000,2,train,generated_train,train_4083.png|train_4476.png,data/images/train/train_4083.png|data/images/train/train_4476.png,False,False
near_identical_dhash,00f0d4b2b0f0f200,2,train,generated_train,train_1514.png|train_1667.png,data/images/train/train_1514.png|data/images/train/train_1667.png,False,False
near_identical_dhash,00f0d4b2b2f0f000,2,train,generated_train,train_2496.png|train_4609.png,data/images/train/train_2496.png|data/images/train/train_4609.png,False,False
near_identical_dhash,00f0d4b4b2f0c400,2,train,generated_train,train_0020.png|train_1338.png,data/images/train/train_0020.png|data/images/train/train_1338.png,False,False
near_identical_dhash,00f0d4d0f0f0e000,2,train,generated_train,train_2008.png|train_4728.png,data/images/train/train_2008.png|data/images/train/train_4728.png,False,False
near_identical_dhash,00f0d4d2b2f0f000,2,train,generated_train,train_2623.png|train_4637.png,data/images/train/train_2623.png|data/images/train/train_4637.png,False,False
near_identical_dhash,00f0d4f0b0f0c000,2,train,generated_train,train_0902.png|train_4593.png,data/images/train/train_0902.png|data/images/train/train_4593.png,False,False
near_identical_dhash,00f0d4f0b0f0d000,3,train,generated_train|generated_val,train_1885.png|train_1971.png|train_3642.png,data/images/train/train_1885.png|data/images/train/train_1971.png|data/images/train/train_3642.png,True,False
near_identical_dhash,00f0d4f0f0f0c000,2,train,generated_train,train_1986.png|train_4368.png,data/images/train/train_1986.png|data/images/train/train_4368.png,False,False
near_identical_dhash,00f0f0b0b0f0c000,3,train,generated_train|generated_val,train_4134.png|train_4625.png|train_5015.png,data/images/train/train_4134.png|data/images/train/train_4625.png|data/images/train/train_5015.png,True,False
near_identical_dhash,00f0f0b0b0f0f400,2,train,generated_train|generated_val,train_2941.png|train_3886.png,data/images/train/train_2941.png|data/images/train/train_3886.png,True,False
near_identical_dhash,00f0f0d0f0f0f000,2,train,generated_train|generated_val,train_1697.png|train_2004.png,data/images/train/train_1697.png|data/images/train/train_2004.png,True,False
near_identical_dhash,00f0f0f0b0f0f000,2,train,generated_train,train_1606.png|train_3555.png,data/images/train/train_1606.png|data/images/train/train_3555.png,False,False
near_identical_dhash,00f0f0f0f0f0c000,3,train,generated_train|generated_val,train_2463.png|train_2773.png|train_3213.png,data/images/train/train_2463.png|data/images/train/train_2773.png|data/images/train/train_3213.png,True,False
near_identical_dhash,00f0f0f0f0f0e000,3,train,generated_train,train_2334.png|train_2769.png|train_3310.png,data/images/train/train_2334.png|data/images/train/train_2769.png|data/images/train/train_3310.png,False,False
near_identical_dhash,00f0f0f0f0f0f000,14,train,generated_train|generated_val,train_1801.png|train_1838.png|train_2832.png|train_2833.png|train_2918.png|train_2944.png|train_3111.png|train_3811.png|train_4145.png|train_4451.png|train_4638.png|train_4723.png|train_5141.png|train_5173.png,data/images/train/train_1801.png|data/images/train/train_1838.png|data/images/train/train_2832.png|data/images/train/train_2833.png|data/images/train/train_2918.png|data/images/train/train_2944.png|data/images/train/train_3111.png|data/images/train/train_3811.png|data/images/train/train_4145.png|data/images/train/train_4451.png|data/images/train/train_4638.png|data/images/train/train_4723.png|data/images/train/train_5141.png|data/images/train/train_5173.png,True,False
near_identical_dhash,00f0f0f0f0f0f400,3,train,generated_train,train_1908.png|train_2748.png|train_3810.png,data/images/train/train_1908.png|data/images/train/train_2748.png|data/images/train/train_3810.png,False,False
near_identical_dhash,00f0f0f0f0f0f800,3,train,generated_train|generated_val,train_1924.png|train_2680.png|train_3620.png,data/images/train/train_1924.png|data/images/train/train_2680.png|data/images/train/train_3620.png,True,False
near_identical_dhash,00f0f2f0f0f0f000,2,train,generated_train,train_5100.png|train_5208.png,data/images/train/train_5100.png|data/images/train/train_5208.png,False,False
near_identical_dhash,00f0f4b0b0f0c000,2,train,generated_train|generated_val,train_1685.png|train_2052.png,data/images/train/train_1685.png|data/images/train/train_2052.png,True,False
near_identical_dhash,00f0f4b0b0f0c400,5,train,generated_train|generated_val,train_1767.png|train_1952.png|train_2884.png|train_2935.png|train_3120.png,data/images/train/train_1767.png|data/images/train/train_1952.png|data/images/train/train_2884.png|data/images/train/train_2935.png|data/images/train/train_3120.png,True,False
near_identical_dhash,00f0f4b0b0f0f000,2,train,generated_train,train_3389.png|train_4054.png,data/images/train/train_3389.png|data/images/train/train_4054.png,False,False
near_identical_dhash,00f0f4b0f0f0f000,2,train,generated_train,train_1689.png|train_4188.png,data/images/train/train_1689.png|data/images/train/train_4188.png,False,False
near_identical_dhash,00f0f4f0b0f0d000,2,train,generated_train|generated_val,train_2939.png|train_3032.png,data/images/train/train_2939.png|data/images/train/train_3032.png,True,False
near_identical_dhash,00f0f4f0f0f0c000,2,train,generated_train,train_1406.png|train_4551.png,data/images/train/train_1406.png|data/images/train/train_4551.png,False,False
near_identical_dhash,00f0f4f0f0f0f000,2,train,generated_train,train_4144.png|train_4207.png,data/images/train/train_4144.png|data/images/train/train_4207.png,False,False
near_identical_dhash,00f1f0f0f0f0f000,2,train,generated_train,train_1914.png|train_3155.png,data/images/train/train_1914.png|data/images/train/train_3155.png,False,False
near_identical_dhash,00f4b4b0b0f0c000,2,train,generated_train,train_3020.png|train_5035.png,data/images/train/train_3020.png|data/images/train/train_5035.png,False,False
near_identical_dhash,00f4b4b2b0f0c000,2,train,generated_train|generated_val,train_2752.png|train_3103.png,data/images/train/train_2752.png|data/images/train/train_3103.png,True,False
near_identical_dhash,00f8d0b2b0f0e400,2,train,generated_train|generated_val,train_2234.png|train_2525.png,data/images/train/train_2234.png|data/images/train/train_2525.png,True,False
near_identical_dhash,00f8d0d0f0f0f000,2,train,generated_train|generated_val,train_3327.png|train_5027.png,data/images/train/train_3327.png|data/images/train/train_5027.png,True,False
near_identical_dhash,00f8d4b0b0f0c000,4,train,generated_train,train_1859.png|train_2578.png|train_4573.png|train_4594.png,data/images/train/train_1859.png|data/images/train/train_2578.png|data/images/train/train_4573.png|data/images/train/train_4594.png,False,False
near_identical_dhash,00f8d4b4b0f0c000,2,train,generated_train,train_2553.png|train_5197.png,data/images/train/train_2553.png|data/images/train/train_5197.png,False,False
near_identical_dhash,00f8d4d2b0f0c000,2,train,generated_train,train_1462.png|train_1492.png,data/images/train/train_1462.png|data/images/train/train_1492.png,False,False
near_identical_dhash,00f8d4d2f0f0e000,2,train,generated_train|generated_val,train_2661.png|train_2685.png,data/images/train/train_2661.png|data/images/train/train_2685.png,True,False
near_identical_dhash,00f8f0f0f0f0c000,3,train,generated_train,train_1533.png|train_2176.png|train_2552.png,data/images/train/train_1533.png|data/images/train/train_2176.png|data/images/train/train_2552.png,False,False
near_identical_dhash,00f8f0f0f0f0f000,2,train,generated_train|generated_val,train_2305.png|train_4827.png,data/images/train/train_2305.png|data/images/train/train_4827.png,True,False
near_identical_dhash,00f8f4b0b0f0c000,2,train,generated_train,train_3268.png|train_4340.png,data/images/train/train_3268.png|data/images/train/train_4340.png,False,False
near_identical_dhash,00f8f4b4b0f0c000,2,train,generated_train,train_1505.png|train_4998.png,data/images/train/train_1505.png|data/images/train/train_4998.png,False,False
near_identical_dhash,00f8f4f0b0f0c000,3,train,generated_train,train_2497.png|train_2907.png|train_3387.png,data/images/train/train_2497.png|data/images/train/train_2907.png|data/images/train/train_3387.png,False,False
near_identical_dhash,00f8f4f0f0f0f000,2,train,generated_train|generated_val,train_1872.png|train_2155.png,data/images/train/train_1872.png|data/images/train/train_2155.png,True,False
near_identical_dhash,00f9f0f0f0f0c000,3,train,generated_train,train_2854.png|train_4699.png|train_4820.png,data/images/train/train_2854.png|data/images/train/train_4699.png|data/images/train/train_4820.png,False,False
near_identical_dhash,00fcf4b0b0f0c000,2,train,generated_train|generated_val,train_2296.png|train_3835.png,data/images/train/train_2296.png|data/images/train/train_3835.png,True,False
near_identical_dhash,00fcf4f0f0f0c000,3,train,generated_train,train_1799.png|train_3559.png|train_4858.png,data/images/train/train_1799.png|data/images/train/train_3559.png|data/images/train/train_4858.png,False,False
near_identical_dhash,29f0f2b2b0f0f086,2,train,generated_train,train_3086.png|train_3087.png,data/images/train/train_3086.png|data/images/train/train_3087.png,False,False
near_identical_dhash,333296b2b2b0f0c0,2,train,generated_train|generated_val,train_0040.png|train_0836.png,data/images/train/train_0040.png|data/images/train/train_0836.png,True,False
near_identical_dhash,70d2b2b2b2b0c4a0,2,test,test,test_0275.png|test_0441.png,data/images/test/test_0275.png|data/images/test/test_0441.png,False,False
near_identical_dhash,72747070707070f0,2,test,test,test_0173.png|test_0482.png,data/images/test/test_0173.png|data/images/test/test_0482.png,False,False
near_identical_dhash,80e0d4b4b0f0fc02,2,train,generated_train|generated_val,train_1230.png|train_2066.png,data/images/train/train_1230.png|data/images/train/train_2066.png,True,False
near_identical_dhash,b0b2b2b2b2b2d0d0,2,train,generated_train,train_0754.png|train_0755.png,data/images/train/train_0754.png|data/images/train/train_0755.png,False,False
near_identical_dhash,b1f09292d2daf0e4,2,test,test,test_0590.png|test_0611.png,data/images/test/test_0590.png|data/images/test/test_0611.png,False,False
near_identical_dhash,b3d692b2b2b0f0f0,2,train,generated_train,train_0765.png|train_0947.png,data/images/train/train_0765.png|data/images/train/train_0947.png,False,False
near_identical_dhash,b9d992b2b2b0f0f0,2,train,generated_train,train_0030.png|train_0378.png,data/images/train/train_0030.png|data/images/train/train_0378.png,False,False
near_identical_dhash,e0d494b0b0b0f0d0,2,test,test,test_0221.png|test_0593.png,data/images/test/test_0221.png|data/images/test/test_0593.png,False,False
near_identical_dhash,e0d4d0f0f0f0f0f0,2,test,test,test_0135.png|test_0179.png,data/images/test/test_0135.png|data/images/test/test_0179.png,False,False
near_identical_dhash,f092b2b2b0b0f0f0,2,test,test,test_0182.png|test_0337.png,data/images/test/test_0182.png|data/images/test/test_0337.png,False,False
near_identical_dhash,f094b6b2b232f0e0,2,test,test,test_0088.png|test_0213.png,data/images/test/test_0088.png|data/images/test/test_0213.png,False,False
near_identical_dhash,f0d0f0f0f0f0f0f0,2,test,test,test_0133.png|test_0397.png,data/images/test/test_0133.png|data/images/test/test_0397.png,False,False
near_identical_dhash,f0d292b2b0b0f0f0,2,test,test,test_0199.png|test_0265.png,data/images/test/test_0199.png|data/images/test/test_0265.png,False,False
near_identical_dhash,f0d492b2b0b0f0f0,2,test,test,test_0104.png|test_0410.png,data/images/test/test_0104.png|data/images/test/test_0410.png,False,False
near_identical_dhash,f0d4b2b2b0b0f0f0,2,test,test,test_0064.png|test_0398.png,data/images/test/test_0064.png|data/images/test/test_0398.png,False,False
near_identical_dhash,f0d4b4b0b0b0f0f0,2,test,test,test_0385.png|test_0434.png,data/images/test/test_0385.png|data/images/test/test_0434.png,False,False
near_identical_dhash,f0d4d0f0f0f0f0e0,2,test,test,test_0313.png|test_0614.png,data/images/test/test_0313.png|data/images/test/test_0614.png,False,False
near_identical_dhash,f0d4d4b2b0f0f0f0,2,test,test,test_0043.png|test_0536.png,data/images/test/test_0043.png|data/images/test/test_0536.png,False,False
near_identical_dhash,f0f0d4b2b0f0f0f0,2,train,generated_train,train_0552.png|train_0611.png,data/images/train/train_0552.png|data/images/train/train_0611.png,False,False
near_identical_dhash,f0f4b0b0f0b0f0f0,2,test,test,test_0042.png|test_0298.png,data/images/test/test_0042.png|data/images/test/test_0298.png,False,False
near_identical_dhash,f0f4b4b2b0b0f0f0,2,test|train,generated_train|test,train_0781.png|test_0066.png,data/images/train/train_0781.png|data/images/test/test_0066.png,False,True
