split,row_index,file_name,label,resolved_path,exists,readable,duplicated_file_name,error
train,0,train_0001.png,0.0,data/images/train/train_0001.png,True,True,False,
train,1,train_0002.png,0.0,data/images/train/train_0002.png,True,True,False,
train,2,train_0003.png,0.0,data/images/train/train_0003.png,True,True,False,
train,3,train_0004.png,0.0,data/images/train/train_0004.png,True,True,False,
train,4,train_0005.png,0.0,data/images/train/train_0005.png,True,True,False,
train,5,train_0006.png,0.0,data/images/train/train_0006.png,True,True,False,
train,6,train_0007.png,0.0,data/images/train/train_0007.png,True,True,False,
train,7,train_0008.png,0.0,data/images/train/train_0008.png,True,True,False,
train,8,train_0009.png,0.0,data/images/train/train_0009.png,True,True,False,
train,9,train_0010.png,0.0,data/images/train/train_0010.png,True,True,False,
train,10,train_0011.png,0.0,data/images/train/train_0011.png,True,True,False,
train,11,train_0012.png,0.0,data/images/train/train_0012.png,True,True,False,
train,12,train_0013.png,0.0,data/images/train/train_0013.png,True,True,False,
train,13,train_0014.png,0.0,data/images/train/train_0014.png,True,True,False,
train,14,train_0015.png,0.0,data/images/train/train_0015.png,True,True,False,
train,15,train_0016.png,0.0,data/images/train/train_0016.png,True,True,False,
train,16,train_0017.png,0.0,data/images/train/train_0017.png,True,True,False,
train,17,train_0018.png,0.0,data/images/train/train_0018.png,True,True,False,
train,18,train_0019.png,0.0,data/images/train/train_0019.png,True,True,False,
train,19,train_0020.png,0.0,data/images/train/train_0020.png,True,True,False,
train,20,train_0021.png,0.0,data/images/train/train_0021.png,True,True,False,
train,21,train_0022.png,0.0,data/images/train/train_0022.png,True,True,False,
train,22,train_0023.png,0.0,data/images/train/train_0023.png,True,True,False,
train,23,train_0024.png,0.0,data/images/train/train_0024.png,True,True,False,
train,24,train_0025.png,0.0,data/images/train/train_0025.png,True,True,False,
train,25,train_0026.png,0.0,data/images/train/train_0026.png,True,True,False,
train,26,train_0027.png,0.0,data/images/train/train_0027.png,True,True,False,
train,27,train_0028.png,0.0,data/images/train/train_0028.png,True,True,False,
train,28,train_0029.png,0.0,data/images/train/train_0029.png,True,True,False,
train,29,train_0030.png,0.0,data/images/train/train_0030.png,True,True,False,
train,30,train_0031.png,0.0,data/images/train/train_0031.png,True,True,False,
train,31,train_0032.png,0.0,data/images/train/train_0032.png,True,True,False,
train,32,train_0033.png,0.0,data/images/train/train_0033.png,True,True,False,
train,33,train_0034.png,0.0,data/images/train/train_0034.png,True,True,False,
train,34,train_0035.png,0.0,data/images/train/train_0035.png,True,True,False,
train,35,train_0036.png,0.0,data/images/train/train_0036.png,True,True,False,
train,36,train_0037.png,0.0,data/images/train/train_0037.png,True,True,False,
train,37,train_0038.png,0.0,data/images/train/train_0038.png,True,True,False,
train,38,train_0039.png,0.0,data/images/train/train_0039.png,True,True,False,
train,39,train_0040.png,0.0,data/images/train/train_0040.png,True,True,False,
train,40,train_0041.png,0.0,data/images/train/train_0041.png,True,True,False,
train,41,train_0042.png,0.0,data/images/train/train_0042.png,True,True,False,
train,42,train_0043.png,0.0,data/images/train/train_0043.png,True,True,False,
train,43,train_0044.png,0.0,data/images/train/train_0044.png,True,True,False,
train,44,train_0045.png,0.0,data/images/train/train_0045.png,True,True,False,
train,45,train_0046.png,0.0,data/images/train/train_0046.png,True,True,False,
train,46,train_0047.png,0.0,data/images/train/train_0047.png,True,True,False,
train,47,train_0048.png,0.0,data/images/train/train_0048.png,True,True,False,
train,48,train_0049.png,0.0,data/images/train/train_0049.png,True,True,False,
train,49,train_0050.png,0.0,data/images/train/train_0050.png,True,True,False,
train,50,train_0051.png,0.0,data/images/train/train_0051.png,True,True,False,
train,51,train_0052.png,0.0,data/images/train/train_0052.png,True,True,False,
train,52,train_0053.png,0.0,data/images/train/train_0053.png,True,True,False,
train,53,train_0054.png,0.0,data/images/train/train_0054.png,True,True,False,
train,54,train_0055.png,0.0,data/images/train/train_0055.png,True,True,False,
train,55,train_0056.png,0.0,data/images/train/train_0056.png,True,True,False,
train,56,train_0057.png,0.0,data/images/train/train_0057.png,True,True,False,
train,57,train_0058.png,0.0,data/images/train/train_0058.png,True,True,False,
train,58,train_0059.png,0.0,data/images/train/train_0059.png,True,True,False,
train,59,train_0060.png,0.0,data/images/train/train_0060.png,True,True,False,
train,60,train_0061.png,0.0,data/images/train/train_0061.png,True,True,False,
train,61,train_0062.png,0.0,data/images/train/train_0062.png,True,True,False,
train,62,train_0063.png,0.0,data/images/train/train_0063.png,True,True,False,
train,63,train_0064.png,0.0,data/images/train/train_0064.png,True,True,False,
train,64,train_0065.png,0.0,data/images/train/train_0065.png,True,True,False,
train,65,train_0066.png,0.0,data/images/train/train_0066.png,True,True,False,
train,66,train_0067.png,0.0,data/images/train/train_0067.png,True,True,False,
train,67,train_0068.png,0.0,data/images/train/train_0068.png,True,True,False,
train,68,train_0069.png,0.0,data/images/train/train_0069.png,True,True,False,
train,69,train_0070.png,0.0,data/images/train/train_0070.png,True,True,False,
train,70,train_0071.png,0.0,data/images/train/train_0071.png,True,True,False,
train,71,train_0072.png,0.0,data/images/train/train_0072.png,True,True,False,
train,72,train_0073.png,0.0,data/images/train/train_0073.png,True,True,False,
train,73,train_0074.png,0.0,data/images/train/train_0074.png,True,True,False,
train,74,train_0075.png,0.0,data/images/train/train_0075.png,True,True,False,
train,75,train_0076.png,0.0,data/images/train/train_0076.png,True,True,False,
train,76,train_0077.png,0.0,data/images/train/train_0077.png,True,True,False,
train,77,train_0078.png,0.0,data/images/train/train_0078.png,True,True,False,
train,78,train_0079.png,0.0,data/images/train/train_0079.png,True,True,False,
train,79,train_0080.png,0.0,data/images/train/train_0080.png,True,True,False,
train,80,train_0081.png,0.0,data/images/train/train_0081.png,True,True,False,
train,81,train_0082.png,0.0,data/images/train/train_0082.png,True,True,False,
train,82,train_0083.png,0.0,data/images/train/train_0083.png,True,True,False,
train,83,train_0084.png,0.0,data/images/train/train_0084.png,True,True,False,
train,84,train_0085.png,0.0,data/images/train/train_0085.png,True,True,False,
train,85,train_0086.png,0.0,data/images/train/train_0086.png,True,True,False,
train,86,train_0087.png,0.0,data/images/train/train_0087.png,True,True,False,
train,87,train_0088.png,0.0,data/images/train/train_0088.png,True,True,False,
train,88,train_0089.png,0.0,data/images/train/train_0089.png,True,True,False,
train,89,train_0090.png,0.0,data/images/train/train_0090.png,True,True,False,
train,90,train_0091.png,0.0,data/images/train/train_0091.png,True,True,False,
train,91,train_0092.png,0.0,data/images/train/train_0092.png,True,True,False,
train,92,train_0093.png,0.0,data/images/train/train_0093.png,True,True,False,
train,93,train_0094.png,0.0,data/images/train/train_0094.png,True,True,False,
train,94,train_0095.png,0.0,data/images/train/train_0095.png,True,True,False,
train,95,train_0096.png,0.0,data/images/train/train_0096.png,True,True,False,
train,96,train_0097.png,0.0,data/images/train/train_0097.png,True,True,False,
train,97,train_0098.png,0.0,data/images/train/train_0098.png,True,True,False,
train,98,train_0099.png,0.0,data/images/train/train_0099.png,True,True,False,
train,99,train_0100.png,0.0,data/images/train/train_0100.png,True,True,False,
train,100,train_0101.png,0.0,data/images/train/train_0101.png,True,True,False,
train,101,train_0102.png,0.0,data/images/train/train_0102.png,True,True,False,
train,102,train_0103.png,0.0,data/images/train/train_0103.png,True,True,False,
train,103,train_0104.png,0.0,data/images/train/train_0104.png,True,True,False,
train,104,train_0105.png,0.0,data/images/train/train_0105.png,True,True,False,
train,105,train_0106.png,0.0,data/images/train/train_0106.png,True,True,False,
train,106,train_0107.png,0.0,data/images/train/train_0107.png,True,True,False,
train,107,train_0108.png,0.0,data/images/train/train_0108.png,True,True,False,
train,108,train_0109.png,0.0,data/images/train/train_0109.png,True,True,False,
train,109,train_0110.png,0.0,data/images/train/train_0110.png,True,True,False,
train,110,train_0111.png,0.0,data/images/train/train_0111.png,True,True,False,
train,111,train_0112.png,0.0,data/images/train/train_0112.png,True,True,False,
train,112,train_0113.png,0.0,data/images/train/train_0113.png,True,True,False,
train,113,train_0114.png,0.0,data/images/train/train_0114.png,True,True,False,
train,114,train_0115.png,0.0,data/images/train/train_0115.png,True,True,False,
train,115,train_0116.png,0.0,data/images/train/train_0116.png,True,True,False,
train,116,train_0117.png,0.0,data/images/train/train_0117.png,True,True,False,
train,117,train_0118.png,0.0,data/images/train/train_0118.png,True,True,False,
train,118,train_0119.png,0.0,data/images/train/train_0119.png,True,True,False,
train,119,train_0120.png,0.0,data/images/train/train_0120.png,True,True,False,
train,120,train_0121.png,0.0,data/images/train/train_0121.png,True,True,False,
train,121,train_0122.png,0.0,data/images/train/train_0122.png,True,True,False,
train,122,train_0123.png,0.0,data/images/train/train_0123.png,True,True,False,
train,123,train_0124.png,0.0,data/images/train/train_0124.png,True,True,False,
train,124,train_0125.png,0.0,data/images/train/train_0125.png,True,True,False,
train,125,train_0126.png,0.0,data/images/train/train_0126.png,True,True,False,
train,126,train_0127.png,0.0,data/images/train/train_0127.png,True,True,False,
train,127,train_0128.png,0.0,data/images/train/train_0128.png,True,True,False,
train,128,train_0129.png,0.0,data/images/train/train_0129.png,True,True,False,
train,129,train_0130.png,0.0,data/images/train/train_0130.png,True,True,False,
train,130,train_0131.png,0.0,data/images/train/train_0131.png,True,True,False,
train,131,train_0132.png,0.0,data/images/train/train_0132.png,True,True,False,
train,132,train_0133.png,0.0,data/images/train/train_0133.png,True,True,False,
train,133,train_0134.png,0.0,data/images/train/train_0134.png,True,True,False,
train,134,train_0135.png,0.0,data/images/train/train_0135.png,True,True,False,
train,135,train_0136.png,0.0,data/images/train/train_0136.png,True,True,False,
train,136,train_0137.png,0.0,data/images/train/train_0137.png,True,True,False,
train,137,train_0138.png,0.0,data/images/train/train_0138.png,True,True,False,
train,138,train_0139.png,0.0,data/images/train/train_0139.png,True,True,False,
train,139,train_0140.png,0.0,data/images/train/train_0140.png,True,True,False,
train,140,train_0141.png,0.0,data/images/train/train_0141.png,True,True,False,
train,141,train_0142.png,0.0,data/images/train/train_0142.png,True,True,False,
train,142,train_0143.png,0.0,data/images/train/train_0143.png,True,True,False,
train,143,train_0144.png,0.0,data/images/train/train_0144.png,True,True,False,
train,144,train_0145.png,0.0,data/images/train/train_0145.png,True,True,False,
train,145,train_0146.png,0.0,data/images/train/train_0146.png,True,True,False,
train,146,train_0147.png,0.0,data/images/train/train_0147.png,True,True,False,
train,147,train_0148.png,0.0,data/images/train/train_0148.png,True,True,False,
train,148,train_0149.png,0.0,data/images/train/train_0149.png,True,True,False,
train,149,train_0150.png,0.0,data/images/train/train_0150.png,True,True,False,
train,150,train_0151.png,0.0,data/images/train/train_0151.png,True,True,False,
train,151,train_0152.png,0.0,data/images/train/train_0152.png,True,True,False,
train,152,train_0153.png,0.0,data/images/train/train_0153.png,True,True,False,
train,153,train_0154.png,0.0,data/images/train/train_0154.png,True,True,False,
train,154,train_0155.png,0.0,data/images/train/train_0155.png,True,True,False,
train,155,train_0156.png,0.0,data/images/train/train_0156.png,True,True,False,
train,156,train_0157.png,0.0,data/images/train/train_0157.png,True,True,False,
train,157,train_0158.png,0.0,data/images/train/train_0158.png,True,True,False,
train,158,train_0159.png,0.0,data/images/train/train_0159.png,True,True,False,
train,159,train_0160.png,0.0,data/images/train/train_0160.png,True,True,False,
train,160,train_0161.png,0.0,data/images/train/train_0161.png,True,True,False,
train,161,train_0162.png,0.0,data/images/train/train_0162.png,True,True,False,
train,162,train_0163.png,0.0,data/images/train/train_0163.png,True,True,False,
train,163,train_0164.png,0.0,data/images/train/train_0164.png,True,True,False,
train,164,train_0165.png,0.0,data/images/train/train_0165.png,True,True,False,
train,165,train_0166.png,0.0,data/images/train/train_0166.png,True,True,False,
train,166,train_0167.png,0.0,data/images/train/train_0167.png,True,True,False,
train,167,train_0168.png,0.0,data/images/train/train_0168.png,True,True,False,
train,168,train_0169.png,0.0,data/images/train/train_0169.png,True,True,False,
train,169,train_0170.png,0.0,data/images/train/train_0170.png,True,True,False,
train,170,train_0171.png,0.0,data/images/train/train_0171.png,True,True,False,
train,171,train_0172.png,0.0,data/images/train/train_0172.png,True,True,False,
train,172,train_0173.png,0.0,data/images/train/train_0173.png,True,True,False,
train,173,train_0174.png,0.0,data/images/train/train_0174.png,True,True,False,
train,174,train_0175.png,0.0,data/images/train/train_0175.png,True,True,False,
train,175,train_0176.png,0.0,data/images/train/train_0176.png,True,True,False,
train,176,train_0177.png,0.0,data/images/train/train_0177.png,True,True,False,
train,177,train_0178.png,0.0,data/images/train/train_0178.png,True,True,False,
train,178,train_0179.png,0.0,data/images/train/train_0179.png,True,True,False,
train,179,train_0180.png,0.0,data/images/train/train_0180.png,True,True,False,
train,180,train_0181.png,0.0,data/images/train/train_0181.png,True,True,False,
train,181,train_0182.png,0.0,data/images/train/train_0182.png,True,True,False,
train,182,train_0183.png,0.0,data/images/train/train_0183.png,True,True,False,
train,183,train_0184.png,0.0,data/images/train/train_0184.png,True,True,False,
train,184,train_0185.png,0.0,data/images/train/train_0185.png,True,True,False,
train,185,train_0186.png,0.0,data/images/train/train_0186.png,True,True,False,
train,186,train_0187.png,0.0,data/images/train/train_0187.png,True,True,False,
train,187,train_0188.png,0.0,data/images/train/train_0188.png,True,True,False,
train,188,train_0189.png,0.0,data/images/train/train_0189.png,True,True,False,
train,189,train_0190.png,0.0,data/images/train/train_0190.png,True,True,False,
train,190,train_0191.png,0.0,data/images/train/train_0191.png,True,True,False,
train,191,train_0192.png,0.0,data/images/train/train_0192.png,True,True,False,
train,192,train_0193.png,0.0,data/images/train/train_0193.png,True,True,False,
train,193,train_0194.png,0.0,data/images/train/train_0194.png,True,True,False,
train,194,train_0195.png,0.0,data/images/train/train_0195.png,True,True,False,
train,195,train_0196.png,0.0,data/images/train/train_0196.png,True,True,False,
train,196,train_0197.png,0.0,data/images/train/train_0197.png,True,True,False,
train,197,train_0198.png,0.0,data/images/train/train_0198.png,True,True,False,
train,198,train_0199.png,0.0,data/images/train/train_0199.png,True,True,False,
train,199,train_0200.png,0.0,data/images/train/train_0200.png,True,True,False,
train,200,train_0201.png,0.0,data/images/train/train_0201.png,True,True,False,
train,201,train_0202.png,0.0,data/images/train/train_0202.png,True,True,False,
train,202,train_0203.png,0.0,data/images/train/train_0203.png,True,True,False,
train,203,train_0204.png,0.0,data/images/train/train_0204.png,True,True,False,
train,204,train_0205.png,0.0,data/images/train/train_0205.png,True,True,False,
train,205,train_0206.png,0.0,data/images/train/train_0206.png,True,True,False,
train,206,train_0207.png,0.0,data/images/train/train_0207.png,True,True,False,
train,207,train_0208.png,0.0,data/images/train/train_0208.png,True,True,False,
train,208,train_0209.png,0.0,data/images/train/train_0209.png,True,True,False,
train,209,train_0210.png,0.0,data/images/train/train_0210.png,True,True,False,
train,210,train_0211.png,0.0,data/images/train/train_0211.png,True,True,False,
train,211,train_0212.png,0.0,data/images/train/train_0212.png,True,True,False,
train,212,train_0213.png,0.0,data/images/train/train_0213.png,True,True,False,
train,213,train_0214.png,0.0,data/images/train/train_0214.png,True,True,False,
train,214,train_0215.png,0.0,data/images/train/train_0215.png,True,True,False,
train,215,train_0216.png,0.0,data/images/train/train_0216.png,True,True,False,
train,216,train_0217.png,0.0,data/images/train/train_0217.png,True,True,False,
train,217,train_0218.png,0.0,data/images/train/train_0218.png,True,True,False,
train,218,train_0219.png,0.0,data/images/train/train_0219.png,True,True,False,
train,219,train_0220.png,0.0,data/images/train/train_0220.png,True,True,False,
train,220,train_0221.png,0.0,data/images/train/train_0221.png,True,True,False,
train,221,train_0222.png,0.0,data/images/train/train_0222.png,True,True,False,
train,222,train_0223.png,0.0,data/images/train/train_0223.png,True,True,False,
train,223,train_0224.png,0.0,data/images/train/train_0224.png,True,True,False,
train,224,train_0225.png,0.0,data/images/train/train_0225.png,True,True,False,
train,225,train_0226.png,0.0,data/images/train/train_0226.png,True,True,False,
train,226,train_0227.png,0.0,data/images/train/train_0227.png,True,True,False,
train,227,train_0228.png,0.0,data/images/train/train_0228.png,True,True,False,
train,228,train_0229.png,0.0,data/images/train/train_0229.png,True,True,False,
train,229,train_0230.png,0.0,data/images/train/train_0230.png,True,True,False,
train,230,train_0231.png,0.0,data/images/train/train_0231.png,True,True,False,
train,231,train_0232.png,0.0,data/images/train/train_0232.png,True,True,False,
train,232,train_0233.png,0.0,data/images/train/train_0233.png,True,True,False,
train,233,train_0234.png,0.0,data/images/train/train_0234.png,True,True,False,
train,234,train_0235.png,0.0,data/images/train/train_0235.png,True,True,False,
train,235,train_0236.png,0.0,data/images/train/train_0236.png,True,True,False,
train,236,train_0237.png,0.0,data/images/train/train_0237.png,True,True,False,
train,237,train_0238.png,0.0,data/images/train/train_0238.png,True,True,False,
train,238,train_0239.png,0.0,data/images/train/train_0239.png,True,True,False,
train,239,train_0240.png,0.0,data/images/train/train_0240.png,True,True,False,
train,240,train_0241.png,0.0,data/images/train/train_0241.png,True,True,False,
train,241,train_0242.png,0.0,data/images/train/train_0242.png,True,True,False,
train,242,train_0243.png,0.0,data/images/train/train_0243.png,True,True,False,
train,243,train_0244.png,0.0,data/images/train/train_0244.png,True,True,False,
train,244,train_0245.png,0.0,data/images/train/train_0245.png,True,True,False,
train,245,train_0246.png,0.0,data/images/train/train_0246.png,True,True,False,
train,246,train_0247.png,0.0,data/images/train/train_0247.png,True,True,False,
train,247,train_0248.png,0.0,data/images/train/train_0248.png,True,True,False,
train,248,train_0249.png,0.0,data/images/train/train_0249.png,True,True,False,
train,249,train_0250.png,0.0,data/images/train/train_0250.png,True,True,False,
train,250,train_0251.png,0.0,data/images/train/train_0251.png,True,True,False,
train,251,train_0252.png,0.0,data/images/train/train_0252.png,True,True,False,
train,252,train_0253.png,0.0,data/images/train/train_0253.png,True,True,False,
train,253,train_0254.png,0.0,data/images/train/train_0254.png,True,True,False,
train,254,train_0255.png,0.0,data/images/train/train_0255.png,True,True,False,
train,255,train_0256.png,0.0,data/images/train/train_0256.png,True,True,False,
train,256,train_0257.png,0.0,data/images/train/train_0257.png,True,True,False,
train,257,train_0258.png,0.0,data/images/train/train_0258.png,True,True,False,
train,258,train_0259.png,0.0,data/images/train/train_0259.png,True,True,False,
train,259,train_0260.png,0.0,data/images/train/train_0260.png,True,True,False,
train,260,train_0261.png,0.0,data/images/train/train_0261.png,True,True,False,
train,261,train_0262.png,0.0,data/images/train/train_0262.png,True,True,False,
train,262,train_0263.png,0.0,data/images/train/train_0263.png,True,True,False,
train,263,train_0264.png,0.0,data/images/train/train_0264.png,True,True,False,
train,264,train_0265.png,0.0,data/images/train/train_0265.png,True,True,False,
train,265,train_0266.png,0.0,data/images/train/train_0266.png,True,True,False,
train,266,train_0267.png,0.0,data/images/train/train_0267.png,True,True,False,
train,267,train_0268.png,0.0,data/images/train/train_0268.png,True,True,False,
train,268,train_0269.png,0.0,data/images/train/train_0269.png,True,True,False,
train,269,train_0270.png,0.0,data/images/train/train_0270.png,True,True,False,
train,270,train_0271.png,0.0,data/images/train/train_0271.png,True,True,False,
train,271,train_0272.png,0.0,data/images/train/train_0272.png,True,True,False,
train,272,train_0273.png,0.0,data/images/train/train_0273.png,True,True,False,
train,273,train_0274.png,0.0,data/images/train/train_0274.png,True,True,False,
train,274,train_0275.png,0.0,data/images/train/train_0275.png,True,True,False,
train,275,train_0276.png,0.0,data/images/train/train_0276.png,True,True,False,
train,276,train_0277.png,0.0,data/images/train/train_0277.png,True,True,False,
train,277,train_0278.png,0.0,data/images/train/train_0278.png,True,True,False,
train,278,train_0279.png,0.0,data/images/train/train_0279.png,True,True,False,
train,279,train_0280.png,0.0,data/images/train/train_0280.png,True,True,False,
train,280,train_0281.png,0.0,data/images/train/train_0281.png,True,True,False,
train,281,train_0282.png,0.0,data/images/train/train_0282.png,True,True,False,
train,282,train_0283.png,0.0,data/images/train/train_0283.png,True,True,False,
train,283,train_0284.png,0.0,data/images/train/train_0284.png,True,True,False,
train,284,train_0285.png,0.0,data/images/train/train_0285.png,True,True,False,
train,285,train_0286.png,0.0,data/images/train/train_0286.png,True,True,False,
train,286,train_0287.png,0.0,data/images/train/train_0287.png,True,True,False,
train,287,train_0288.png,0.0,data/images/train/train_0288.png,True,True,False,
train,288,train_0289.png,0.0,data/images/train/train_0289.png,True,True,False,
train,289,train_0290.png,0.0,data/images/train/train_0290.png,True,True,False,
train,290,train_0291.png,0.0,data/images/train/train_0291.png,True,True,False,
train,291,train_0292.png,0.0,data/images/train/train_0292.png,True,True,False,
train,292,train_0293.png,0.0,data/images/train/train_0293.png,True,True,False,
train,293,train_0294.png,0.0,data/images/train/train_0294.png,True,True,False,
train,294,train_0295.png,0.0,data/images/train/train_0295.png,True,True,False,
train,295,train_0296.png,0.0,data/images/train/train_0296.png,True,True,False,
train,296,train_0297.png,0.0,data/images/train/train_0297.png,True,True,False,
train,297,train_0298.png,0.0,data/images/train/train_0298.png,True,True,False,
train,298,train_0299.png,0.0,data/images/train/train_0299.png,True,True,False,
train,299,train_0300.png,0.0,data/images/train/train_0300.png,True,True,False,
train,300,train_0301.png,0.0,data/images/train/train_0301.png,True,True,False,
train,301,train_0302.png,0.0,data/images/train/train_0302.png,True,True,False,
train,302,train_0303.png,0.0,data/images/train/train_0303.png,True,True,False,
train,303,train_0304.png,0.0,data/images/train/train_0304.png,True,True,False,
train,304,train_0305.png,0.0,data/images/train/train_0305.png,True,True,False,
train,305,train_0306.png,0.0,data/images/train/train_0306.png,True,True,False,
train,306,train_0307.png,0.0,data/images/train/train_0307.png,True,True,False,
train,307,train_0308.png,0.0,data/images/train/train_0308.png,True,True,False,
train,308,train_0309.png,0.0,data/images/train/train_0309.png,True,True,False,
train,309,train_0310.png,0.0,data/images/train/train_0310.png,True,True,False,
train,310,train_0311.png,0.0,data/images/train/train_0311.png,True,True,False,
train,311,train_0312.png,0.0,data/images/train/train_0312.png,True,True,False,
train,312,train_0313.png,0.0,data/images/train/train_0313.png,True,True,False,
train,313,train_0314.png,0.0,data/images/train/train_0314.png,True,True,False,
train,314,train_0315.png,0.0,data/images/train/train_0315.png,True,True,False,
train,315,train_0316.png,0.0,data/images/train/train_0316.png,True,True,False,
train,316,train_0317.png,0.0,data/images/train/train_0317.png,True,True,False,
train,317,train_0318.png,0.0,data/images/train/train_0318.png,True,True,False,
train,318,train_0319.png,0.0,data/images/train/train_0319.png,True,True,False,
train,319,train_0320.png,0.0,data/images/train/train_0320.png,True,True,False,
train,320,train_0321.png,0.0,data/images/train/train_0321.png,True,True,False,
train,321,train_0322.png,0.0,data/images/train/train_0322.png,True,True,False,
train,322,train_0323.png,0.0,data/images/train/train_0323.png,True,True,False,
train,323,train_0324.png,0.0,data/images/train/train_0324.png,True,True,False,
train,324,train_0325.png,0.0,data/images/train/train_0325.png,True,True,False,
train,325,train_0326.png,0.0,data/images/train/train_0326.png,True,True,False,
train,326,train_0327.png,0.0,data/images/train/train_0327.png,True,True,False,
train,327,train_0328.png,0.0,data/images/train/train_0328.png,True,True,False,
train,328,train_0329.png,0.0,data/images/train/train_0329.png,True,True,False,
train,329,train_0330.png,0.0,data/images/train/train_0330.png,True,True,False,
train,330,train_0331.png,0.0,data/images/train/train_0331.png,True,True,False,
train,331,train_0332.png,0.0,data/images/train/train_0332.png,True,True,False,
train,332,train_0333.png,0.0,data/images/train/train_0333.png,True,True,False,
train,333,train_0334.png,0.0,data/images/train/train_0334.png,True,True,False,
train,334,train_0335.png,0.0,data/images/train/train_0335.png,True,True,False,
train,335,train_0336.png,0.0,data/images/train/train_0336.png,True,True,False,
train,336,train_0337.png,0.0,data/images/train/train_0337.png,True,True,False,
train,337,train_0338.png,0.0,data/images/train/train_0338.png,True,True,False,
train,338,train_0339.png,0.0,data/images/train/train_0339.png,True,True,False,
train,339,train_0340.png,0.0,data/images/train/train_0340.png,True,True,False,
train,340,train_0341.png,0.0,data/images/train/train_0341.png,True,True,False,
train,341,train_0342.png,0.0,data/images/train/train_0342.png,True,True,False,
train,342,train_0343.png,0.0,data/images/train/train_0343.png,True,True,False,
train,343,train_0344.png,0.0,data/images/train/train_0344.png,True,True,False,
train,344,train_0345.png,0.0,data/images/train/train_0345.png,True,True,False,
train,345,train_0346.png,0.0,data/images/train/train_0346.png,True,True,False,
train,346,train_0347.png,0.0,data/images/train/train_0347.png,True,True,False,
train,347,train_0348.png,0.0,data/images/train/train_0348.png,True,True,False,
train,348,train_0349.png,0.0,data/images/train/train_0349.png,True,True,False,
train,349,train_0350.png,0.0,data/images/train/train_0350.png,True,True,False,
train,350,train_0351.png,0.0,data/images/train/train_0351.png,True,True,False,
train,351,train_0352.png,0.0,data/images/train/train_0352.png,True,True,False,
train,352,train_0353.png,0.0,data/images/train/train_0353.png,True,True,False,
train,353,train_0354.png,0.0,data/images/train/train_0354.png,True,True,False,
train,354,train_0355.png,0.0,data/images/train/train_0355.png,True,True,False,
train,355,train_0356.png,0.0,data/images/train/train_0356.png,True,True,False,
train,356,train_0357.png,0.0,data/images/train/train_0357.png,True,True,False,
train,357,train_0358.png,0.0,data/images/train/train_0358.png,True,True,False,
train,358,train_0359.png,0.0,data/images/train/train_0359.png,True,True,False,
train,359,train_0360.png,0.0,data/images/train/train_0360.png,True,True,False,
train,360,train_0361.png,0.0,data/images/train/train_0361.png,True,True,False,
train,361,train_0362.png,0.0,data/images/train/train_0362.png,True,True,False,
train,362,train_0363.png,0.0,data/images/train/train_0363.png,True,True,False,
train,363,train_0364.png,0.0,data/images/train/train_0364.png,True,True,False,
train,364,train_0365.png,0.0,data/images/train/train_0365.png,True,True,False,
train,365,train_0366.png,0.0,data/images/train/train_0366.png,True,True,False,
train,366,train_0367.png,0.0,data/images/train/train_0367.png,True,True,False,
train,367,train_0368.png,0.0,data/images/train/train_0368.png,True,True,False,
train,368,train_0369.png,0.0,data/images/train/train_0369.png,True,True,False,
train,369,train_0370.png,0.0,data/images/train/train_0370.png,True,True,False,
train,370,train_0371.png,0.0,data/images/train/train_0371.png,True,True,False,
train,371,train_0372.png,0.0,data/images/train/train_0372.png,True,True,False,
train,372,train_0373.png,0.0,data/images/train/train_0373.png,True,True,False,
train,373,train_0374.png,0.0,data/images/train/train_0374.png,True,True,False,
train,374,train_0375.png,0.0,data/images/train/train_0375.png,True,True,False,
train,375,train_0376.png,0.0,data/images/train/train_0376.png,True,True,False,
train,376,train_0377.png,0.0,data/images/train/train_0377.png,True,True,False,
train,377,train_0378.png,0.0,data/images/train/train_0378.png,True,True,False,
train,378,train_0379.png,0.0,data/images/train/train_0379.png,True,True,False,
train,379,train_0380.png,0.0,data/images/train/train_0380.png,True,True,False,
train,380,train_0381.png,0.0,data/images/train/train_0381.png,True,True,False,
train,381,train_0382.png,0.0,data/images/train/train_0382.png,True,True,False,
train,382,train_0383.png,0.0,data/images/train/train_0383.png,True,True,False,
train,383,train_0384.png,0.0,data/images/train/train_0384.png,True,True,False,
train,384,train_0385.png,0.0,data/images/train/train_0385.png,True,True,False,
train,385,train_0386.png,0.0,data/images/train/train_0386.png,True,True,False,
train,386,train_0387.png,0.0,data/images/train/train_0387.png,True,True,False,
train,387,train_0388.png,0.0,data/images/train/train_0388.png,True,True,False,
train,388,train_0389.png,0.0,data/images/train/train_0389.png,True,True,False,
train,389,train_0390.png,0.0,data/images/train/train_0390.png,True,True,False,
train,390,train_0391.png,0.0,data/images/train/train_0391.png,True,True,False,
train,391,train_0392.png,0.0,data/images/train/train_0392.png,True,True,False,
train,392,train_0393.png,0.0,data/images/train/train_0393.png,True,True,False,
train,393,train_0394.png,0.0,data/images/train/train_0394.png,True,True,False,
train,394,train_0395.png,0.0,data/images/train/train_0395.png,True,True,False,
train,395,train_0396.png,0.0,data/images/train/train_0396.png,True,True,False,
train,396,train_0397.png,0.0,data/images/train/train_0397.png,True,True,False,
train,397,train_0398.png,0.0,data/images/train/train_0398.png,True,True,False,
train,398,train_0399.png,0.0,data/images/train/train_0399.png,True,True,False,
train,399,train_0400.png,0.0,data/images/train/train_0400.png,True,True,False,
train,400,train_0401.png,0.0,data/images/train/train_0401.png,True,True,False,
train,401,train_0402.png,0.0,data/images/train/train_0402.png,True,True,False,
train,402,train_0403.png,0.0,data/images/train/train_0403.png,True,True,False,
train,403,train_0404.png,0.0,data/images/train/train_0404.png,True,True,False,
train,404,train_0405.png,0.0,data/images/train/train_0405.png,True,True,False,
train,405,train_0406.png,0.0,data/images/train/train_0406.png,True,True,False,
train,406,train_0407.png,0.0,data/images/train/train_0407.png,True,True,False,
train,407,train_0408.png,0.0,data/images/train/train_0408.png,True,True,False,
train,408,train_0409.png,0.0,data/images/train/train_0409.png,True,True,False,
train,409,train_0410.png,0.0,data/images/train/train_0410.png,True,True,False,
train,410,train_0411.png,0.0,data/images/train/train_0411.png,True,True,False,
train,411,train_0412.png,0.0,data/images/train/train_0412.png,True,True,False,
train,412,train_0413.png,0.0,data/images/train/train_0413.png,True,True,False,
train,413,train_0414.png,0.0,data/images/train/train_0414.png,True,True,False,
train,414,train_0415.png,0.0,data/images/train/train_0415.png,True,True,False,
train,415,train_0416.png,0.0,data/images/train/train_0416.png,True,True,False,
train,416,train_0417.png,0.0,data/images/train/train_0417.png,True,True,False,
train,417,train_0418.png,0.0,data/images/train/train_0418.png,True,True,False,
train,418,train_0419.png,0.0,data/images/train/train_0419.png,True,True,False,
train,419,train_0420.png,0.0,data/images/train/train_0420.png,True,True,False,
train,420,train_0421.png,0.0,data/images/train/train_0421.png,True,True,False,
train,421,train_0422.png,0.0,data/images/train/train_0422.png,True,True,False,
train,422,train_0423.png,0.0,data/images/train/train_0423.png,True,True,False,
train,423,train_0424.png,0.0,data/images/train/train_0424.png,True,True,False,
train,424,train_0425.png,0.0,data/images/train/train_0425.png,True,True,False,
train,425,train_0426.png,0.0,data/images/train/train_0426.png,True,True,False,
train,426,train_0427.png,0.0,data/images/train/train_0427.png,True,True,False,
train,427,train_0428.png,0.0,data/images/train/train_0428.png,True,True,False,
train,428,train_0429.png,0.0,data/images/train/train_0429.png,True,True,False,
train,429,train_0430.png,0.0,data/images/train/train_0430.png,True,True,False,
train,430,train_0431.png,0.0,data/images/train/train_0431.png,True,True,False,
train,431,train_0432.png,0.0,data/images/train/train_0432.png,True,True,False,
train,432,train_0433.png,0.0,data/images/train/train_0433.png,True,True,False,
train,433,train_0434.png,0.0,data/images/train/train_0434.png,True,True,False,
train,434,train_0435.png,0.0,data/images/train/train_0435.png,True,True,False,
train,435,train_0436.png,0.0,data/images/train/train_0436.png,True,True,False,
train,436,train_0437.png,0.0,data/images/train/train_0437.png,True,True,False,
train,437,train_0438.png,0.0,data/images/train/train_0438.png,True,True,False,
train,438,train_0439.png,0.0,data/images/train/train_0439.png,True,True,False,
train,439,train_0440.png,0.0,data/images/train/train_0440.png,True,True,False,
train,440,train_0441.png,0.0,data/images/train/train_0441.png,True,True,False,
train,441,train_0442.png,0.0,data/images/train/train_0442.png,True,True,False,
train,442,train_0443.png,0.0,data/images/train/train_0443.png,True,True,False,
train,443,train_0444.png,0.0,data/images/train/train_0444.png,True,True,False,
train,444,train_0445.png,0.0,data/images/train/train_0445.png,True,True,False,
train,445,train_0446.png,0.0,data/images/train/train_0446.png,True,True,False,
train,446,train_0447.png,0.0,data/images/train/train_0447.png,True,True,False,
train,447,train_0448.png,0.0,data/images/train/train_0448.png,True,True,False,
train,448,train_0449.png,0.0,data/images/train/train_0449.png,True,True,False,
train,449,train_0450.png,0.0,data/images/train/train_0450.png,True,True,False,
train,450,train_0451.png,0.0,data/images/train/train_0451.png,True,True,False,
train,451,train_0452.png,0.0,data/images/train/train_0452.png,True,True,False,
train,452,train_0453.png,0.0,data/images/train/train_0453.png,True,True,False,
train,453,train_0454.png,0.0,data/images/train/train_0454.png,True,True,False,
train,454,train_0455.png,0.0,data/images/train/train_0455.png,True,True,False,
train,455,train_0456.png,0.0,data/images/train/train_0456.png,True,True,False,
train,456,train_0457.png,0.0,data/images/train/train_0457.png,True,True,False,
train,457,train_0458.png,0.0,data/images/train/train_0458.png,True,True,False,
train,458,train_0459.png,0.0,data/images/train/train_0459.png,True,True,False,
train,459,train_0460.png,0.0,data/images/train/train_0460.png,True,True,False,
train,460,train_0461.png,0.0,data/images/train/train_0461.png,True,True,False,
train,461,train_0462.png,0.0,data/images/train/train_0462.png,True,True,False,
train,462,train_0463.png,0.0,data/images/train/train_0463.png,True,True,False,
train,463,train_0464.png,0.0,data/images/train/train_0464.png,True,True,False,
train,464,train_0465.png,0.0,data/images/train/train_0465.png,True,True,False,
train,465,train_0466.png,0.0,data/images/train/train_0466.png,True,True,False,
train,466,train_0467.png,0.0,data/images/train/train_0467.png,True,True,False,
train,467,train_0468.png,0.0,data/images/train/train_0468.png,True,True,False,
train,468,train_0469.png,0.0,data/images/train/train_0469.png,True,True,False,
train,469,train_0470.png,0.0,data/images/train/train_0470.png,True,True,False,
train,470,train_0471.png,0.0,data/images/train/train_0471.png,True,True,False,
train,471,train_0472.png,0.0,data/images/train/train_0472.png,True,True,False,
train,472,train_0473.png,0.0,data/images/train/train_0473.png,True,True,False,
train,473,train_0474.png,0.0,data/images/train/train_0474.png,True,True,False,
train,474,train_0475.png,0.0,data/images/train/train_0475.png,True,True,False,
train,475,train_0476.png,0.0,data/images/train/train_0476.png,True,True,False,
train,476,train_0477.png,0.0,data/images/train/train_0477.png,True,True,False,
train,477,train_0478.png,0.0,data/images/train/train_0478.png,True,True,False,
train,478,train_0479.png,0.0,data/images/train/train_0479.png,True,True,False,
train,479,train_0480.png,0.0,data/images/train/train_0480.png,True,True,False,
train,480,train_0481.png,0.0,data/images/train/train_0481.png,True,True,False,
train,481,train_0482.png,0.0,data/images/train/train_0482.png,True,True,False,
train,482,train_0483.png,0.0,data/images/train/train_0483.png,True,True,False,
train,483,train_0484.png,0.0,data/images/train/train_0484.png,True,True,False,
train,484,train_0485.png,0.0,data/images/train/train_0485.png,True,True,False,
train,485,train_0486.png,0.0,data/images/train/train_0486.png,True,True,False,
train,486,train_0487.png,0.0,data/images/train/train_0487.png,True,True,False,
train,487,train_0488.png,0.0,data/images/train/train_0488.png,True,True,False,
train,488,train_0489.png,0.0,data/images/train/train_0489.png,True,True,False,
train,489,train_0490.png,0.0,data/images/train/train_0490.png,True,True,False,
train,490,train_0491.png,0.0,data/images/train/train_0491.png,True,True,False,
train,491,train_0492.png,0.0,data/images/train/train_0492.png,True,True,False,
train,492,train_0493.png,0.0,data/images/train/train_0493.png,True,True,False,
train,493,train_0494.png,0.0,data/images/train/train_0494.png,True,True,False,
train,494,train_0495.png,0.0,data/images/train/train_0495.png,True,True,False,
train,495,train_0496.png,0.0,data/images/train/train_0496.png,True,True,False,
train,496,train_0497.png,0.0,data/images/train/train_0497.png,True,True,False,
train,497,train_0498.png,0.0,data/images/train/train_0498.png,True,True,False,
train,498,train_0499.png,0.0,data/images/train/train_0499.png,True,True,False,
train,499,train_0500.png,0.0,data/images/train/train_0500.png,True,True,False,
train,500,train_0501.png,0.0,data/images/train/train_0501.png,True,True,False,
train,501,train_0502.png,0.0,data/images/train/train_0502.png,True,True,False,
train,502,train_0503.png,0.0,data/images/train/train_0503.png,True,True,False,
train,503,train_0504.png,0.0,data/images/train/train_0504.png,True,True,False,
train,504,train_0505.png,0.0,data/images/train/train_0505.png,True,True,False,
train,505,train_0506.png,0.0,data/images/train/train_0506.png,True,True,False,
train,506,train_0507.png,0.0,data/images/train/train_0507.png,True,True,False,
train,507,train_0508.png,0.0,data/images/train/train_0508.png,True,True,False,
train,508,train_0509.png,0.0,data/images/train/train_0509.png,True,True,False,
train,509,train_0510.png,0.0,data/images/train/train_0510.png,True,True,False,
train,510,train_0511.png,0.0,data/images/train/train_0511.png,True,True,False,
train,511,train_0512.png,0.0,data/images/train/train_0512.png,True,True,False,
train,512,train_0513.png,0.0,data/images/train/train_0513.png,True,True,False,
train,513,train_0514.png,0.0,data/images/train/train_0514.png,True,True,False,
train,514,train_0515.png,0.0,data/images/train/train_0515.png,True,True,False,
train,515,train_0516.png,0.0,data/images/train/train_0516.png,True,True,False,
train,516,train_0517.png,0.0,data/images/train/train_0517.png,True,True,False,
train,517,train_0518.png,0.0,data/images/train/train_0518.png,True,True,False,
train,518,train_0519.png,0.0,data/images/train/train_0519.png,True,True,False,
train,519,train_0520.png,0.0,data/images/train/train_0520.png,True,True,False,
train,520,train_0521.png,0.0,data/images/train/train_0521.png,True,True,False,
train,521,train_0522.png,0.0,data/images/train/train_0522.png,True,True,False,
train,522,train_0523.png,0.0,data/images/train/train_0523.png,True,True,False,
train,523,train_0524.png,0.0,data/images/train/train_0524.png,True,True,False,
train,524,train_0525.png,0.0,data/images/train/train_0525.png,True,True,False,
train,525,train_0526.png,0.0,data/images/train/train_0526.png,True,True,False,
train,526,train_0527.png,0.0,data/images/train/train_0527.png,True,True,False,
train,527,train_0528.png,0.0,data/images/train/train_0528.png,True,True,False,
train,528,train_0529.png,0.0,data/images/train/train_0529.png,True,True,False,
train,529,train_0530.png,0.0,data/images/train/train_0530.png,True,True,False,
train,530,train_0531.png,0.0,data/images/train/train_0531.png,True,True,False,
train,531,train_0532.png,0.0,data/images/train/train_0532.png,True,True,False,
train,532,train_0533.png,0.0,data/images/train/train_0533.png,True,True,False,
train,533,train_0534.png,0.0,data/images/train/train_0534.png,True,True,False,
train,534,train_0535.png,0.0,data/images/train/train_0535.png,True,True,False,
train,535,train_0536.png,0.0,data/images/train/train_0536.png,True,True,False,
train,536,train_0537.png,0.0,data/images/train/train_0537.png,True,True,False,
train,537,train_0538.png,0.0,data/images/train/train_0538.png,True,True,False,
train,538,train_0539.png,0.0,data/images/train/train_0539.png,True,True,False,
train,539,train_0540.png,0.0,data/images/train/train_0540.png,True,True,False,
train,540,train_0541.png,0.0,data/images/train/train_0541.png,True,True,False,
train,541,train_0542.png,0.0,data/images/train/train_0542.png,True,True,False,
train,542,train_0543.png,0.0,data/images/train/train_0543.png,True,True,False,
train,543,train_0544.png,0.0,data/images/train/train_0544.png,True,True,False,
train,544,train_0545.png,0.0,data/images/train/train_0545.png,True,True,False,
train,545,train_0546.png,0.0,data/images/train/train_0546.png,True,True,False,
train,546,train_0547.png,0.0,data/images/train/train_0547.png,True,True,False,
train,547,train_0548.png,0.0,data/images/train/train_0548.png,True,True,False,
train,548,train_0549.png,0.0,data/images/train/train_0549.png,True,True,False,
train,549,train_0550.png,0.0,data/images/train/train_0550.png,True,True,False,
train,550,train_0551.png,0.0,data/images/train/train_0551.png,True,True,False,
train,551,train_0552.png,0.0,data/images/train/train_0552.png,True,True,False,
train,552,train_0553.png,0.0,data/images/train/train_0553.png,True,True,False,
train,553,train_0554.png,0.0,data/images/train/train_0554.png,True,True,False,
train,554,train_0555.png,0.0,data/images/train/train_0555.png,True,True,False,
train,555,train_0556.png,0.0,data/images/train/train_0556.png,True,True,False,
train,556,train_0557.png,0.0,data/images/train/train_0557.png,True,True,False,
train,557,train_0558.png,0.0,data/images/train/train_0558.png,True,True,False,
train,558,train_0559.png,0.0,data/images/train/train_0559.png,True,True,False,
train,559,train_0560.png,0.0,data/images/train/train_0560.png,True,True,False,
train,560,train_0561.png,0.0,data/images/train/train_0561.png,True,True,False,
train,561,train_0562.png,0.0,data/images/train/train_0562.png,True,True,False,
train,562,train_0563.png,0.0,data/images/train/train_0563.png,True,True,False,
train,563,train_0564.png,0.0,data/images/train/train_0564.png,True,True,False,
train,564,train_0565.png,0.0,data/images/train/train_0565.png,True,True,False,
train,565,train_0566.png,0.0,data/images/train/train_0566.png,True,True,False,
train,566,train_0567.png,0.0,data/images/train/train_0567.png,True,True,False,
train,567,train_0568.png,0.0,data/images/train/train_0568.png,True,True,False,
train,568,train_0569.png,0.0,data/images/train/train_0569.png,True,True,False,
train,569,train_0570.png,0.0,data/images/train/train_0570.png,True,True,False,
train,570,train_0571.png,0.0,data/images/train/train_0571.png,True,True,False,
train,571,train_0572.png,0.0,data/images/train/train_0572.png,True,True,False,
train,572,train_0573.png,0.0,data/images/train/train_0573.png,True,True,False,
train,573,train_0574.png,0.0,data/images/train/train_0574.png,True,True,False,
train,574,train_0575.png,0.0,data/images/train/train_0575.png,True,True,False,
train,575,train_0576.png,0.0,data/images/train/train_0576.png,True,True,False,
train,576,train_0577.png,0.0,data/images/train/train_0577.png,True,True,False,
train,577,train_0578.png,0.0,data/images/train/train_0578.png,True,True,False,
train,578,train_0579.png,0.0,data/images/train/train_0579.png,True,True,False,
train,579,train_0580.png,0.0,data/images/train/train_0580.png,True,True,False,
train,580,train_0581.png,0.0,data/images/train/train_0581.png,True,True,False,
train,581,train_0582.png,0.0,data/images/train/train_0582.png,True,True,False,
train,582,train_0583.png,0.0,data/images/train/train_0583.png,True,True,False,
train,583,train_0584.png,0.0,data/images/train/train_0584.png,True,True,False,
train,584,train_0585.png,0.0,data/images/train/train_0585.png,True,True,False,
train,585,train_0586.png,0.0,data/images/train/train_0586.png,True,True,False,
train,586,train_0587.png,0.0,data/images/train/train_0587.png,True,True,False,
train,587,train_0588.png,0.0,data/images/train/train_0588.png,True,True,False,
train,588,train_0589.png,0.0,data/images/train/train_0589.png,True,True,False,
train,589,train_0590.png,0.0,data/images/train/train_0590.png,True,True,False,
train,590,train_0591.png,0.0,data/images/train/train_0591.png,True,True,False,
train,591,train_0592.png,0.0,data/images/train/train_0592.png,True,True,False,
train,592,train_0593.png,0.0,data/images/train/train_0593.png,True,True,False,
train,593,train_0594.png,0.0,data/images/train/train_0594.png,True,True,False,
train,594,train_0595.png,0.0,data/images/train/train_0595.png,True,True,False,
train,595,train_0596.png,0.0,data/images/train/train_0596.png,True,True,False,
train,596,train_0597.png,0.0,data/images/train/train_0597.png,True,True,False,
train,597,train_0598.png,0.0,data/images/train/train_0598.png,True,True,False,
train,598,train_0599.png,0.0,data/images/train/train_0599.png,True,True,False,
train,599,train_0600.png,0.0,data/images/train/train_0600.png,True,True,False,
train,600,train_0601.png,0.0,data/images/train/train_0601.png,True,True,False,
train,601,train_0602.png,0.0,data/images/train/train_0602.png,True,True,False,
train,602,train_0603.png,0.0,data/images/train/train_0603.png,True,True,False,
train,603,train_0604.png,0.0,data/images/train/train_0604.png,True,True,False,
train,604,train_0605.png,0.0,data/images/train/train_0605.png,True,True,False,
train,605,train_0606.png,0.0,data/images/train/train_0606.png,True,True,False,
train,606,train_0607.png,0.0,data/images/train/train_0607.png,True,True,False,
train,607,train_0608.png,0.0,data/images/train/train_0608.png,True,True,False,
train,608,train_0609.png,0.0,data/images/train/train_0609.png,True,True,False,
train,609,train_0610.png,0.0,data/images/train/train_0610.png,True,True,False,
train,610,train_0611.png,0.0,data/images/train/train_0611.png,True,True,False,
train,611,train_0612.png,0.0,data/images/train/train_0612.png,True,True,False,
train,612,train_0613.png,0.0,data/images/train/train_0613.png,True,True,False,
train,613,train_0614.png,0.0,data/images/train/train_0614.png,True,True,False,
train,614,train_0615.png,0.0,data/images/train/train_0615.png,True,True,False,
train,615,train_0616.png,0.0,data/images/train/train_0616.png,True,True,False,
train,616,train_0617.png,0.0,data/images/train/train_0617.png,True,True,False,
train,617,train_0618.png,0.0,data/images/train/train_0618.png,True,True,False,
train,618,train_0619.png,0.0,data/images/train/train_0619.png,True,True,False,
train,619,train_0620.png,0.0,data/images/train/train_0620.png,True,True,False,
train,620,train_0621.png,0.0,data/images/train/train_0621.png,True,True,False,
train,621,train_0622.png,0.0,data/images/train/train_0622.png,True,True,False,
train,622,train_0623.png,0.0,data/images/train/train_0623.png,True,True,False,
train,623,train_0624.png,0.0,data/images/train/train_0624.png,True,True,False,
train,624,train_0625.png,0.0,data/images/train/train_0625.png,True,True,False,
train,625,train_0626.png,0.0,data/images/train/train_0626.png,True,True,False,
train,626,train_0627.png,0.0,data/images/train/train_0627.png,True,True,False,
train,627,train_0628.png,0.0,data/images/train/train_0628.png,True,True,False,
train,628,train_0629.png,0.0,data/images/train/train_0629.png,True,True,False,
train,629,train_0630.png,0.0,data/images/train/train_0630.png,True,True,False,
train,630,train_0631.png,0.0,data/images/train/train_0631.png,True,True,False,
train,631,train_0632.png,0.0,data/images/train/train_0632.png,True,True,False,
train,632,train_0633.png,0.0,data/images/train/train_0633.png,True,True,False,
train,633,train_0634.png,0.0,data/images/train/train_0634.png,True,True,False,
train,634,train_0635.png,0.0,data/images/train/train_0635.png,True,True,False,
train,635,train_0636.png,0.0,data/images/train/train_0636.png,True,True,False,
train,636,train_0637.png,0.0,data/images/train/train_0637.png,True,True,False,
train,637,train_0638.png,0.0,data/images/train/train_0638.png,True,True,False,
train,638,train_0639.png,0.0,data/images/train/train_0639.png,True,True,False,
train,639,train_0640.png,0.0,data/images/train/train_0640.png,True,True,False,
train,640,train_0641.png,0.0,data/images/train/train_0641.png,True,True,False,
train,641,train_0642.png,0.0,data/images/train/train_0642.png,True,True,False,
train,642,train_0643.png,0.0,data/images/train/train_0643.png,True,True,False,
train,643,train_0644.png,0.0,data/images/train/train_0644.png,True,True,False,
train,644,train_0645.png,0.0,data/images/train/train_0645.png,True,True,False,
train,645,train_0646.png,0.0,data/images/train/train_0646.png,True,True,False,
train,646,train_0647.png,0.0,data/images/train/train_0647.png,True,True,False,
train,647,train_0648.png,0.0,data/images/train/train_0648.png,True,True,False,
train,648,train_0649.png,0.0,data/images/train/train_0649.png,True,True,False,
train,649,train_0650.png,0.0,data/images/train/train_0650.png,True,True,False,
train,650,train_0651.png,0.0,data/images/train/train_0651.png,True,True,False,
train,651,train_0652.png,0.0,data/images/train/train_0652.png,True,True,False,
train,652,train_0653.png,0.0,data/images/train/train_0653.png,True,True,False,
train,653,train_0654.png,0.0,data/images/train/train_0654.png,True,True,False,
train,654,train_0655.png,0.0,data/images/train/train_0655.png,True,True,False,
train,655,train_0656.png,0.0,data/images/train/train_0656.png,True,True,False,
train,656,train_0657.png,0.0,data/images/train/train_0657.png,True,True,False,
train,657,train_0658.png,0.0,data/images/train/train_0658.png,True,True,False,
train,658,train_0659.png,0.0,data/images/train/train_0659.png,True,True,False,
train,659,train_0660.png,0.0,data/images/train/train_0660.png,True,True,False,
train,660,train_0661.png,0.0,data/images/train/train_0661.png,True,True,False,
train,661,train_0662.png,0.0,data/images/train/train_0662.png,True,True,False,
train,662,train_0663.png,0.0,data/images/train/train_0663.png,True,True,False,
train,663,train_0664.png,0.0,data/images/train/train_0664.png,True,True,False,
train,664,train_0665.png,0.0,data/images/train/train_0665.png,True,True,False,
train,665,train_0666.png,0.0,data/images/train/train_0666.png,True,True,False,
train,666,train_0667.png,0.0,data/images/train/train_0667.png,True,True,False,
train,667,train_0668.png,0.0,data/images/train/train_0668.png,True,True,False,
train,668,train_0669.png,0.0,data/images/train/train_0669.png,True,True,False,
train,669,train_0670.png,0.0,data/images/train/train_0670.png,True,True,False,
train,670,train_0671.png,0.0,data/images/train/train_0671.png,True,True,False,
train,671,train_0672.png,0.0,data/images/train/train_0672.png,True,True,False,
train,672,train_0673.png,0.0,data/images/train/train_0673.png,True,True,False,
train,673,train_0674.png,0.0,data/images/train/train_0674.png,True,True,False,
train,674,train_0675.png,0.0,data/images/train/train_0675.png,True,True,False,
train,675,train_0676.png,0.0,data/images/train/train_0676.png,True,True,False,
train,676,train_0677.png,0.0,data/images/train/train_0677.png,True,True,False,
train,677,train_0678.png,0.0,data/images/train/train_0678.png,True,True,False,
train,678,train_0679.png,0.0,data/images/train/train_0679.png,True,True,False,
train,679,train_0680.png,0.0,data/images/train/train_0680.png,True,True,False,
train,680,train_0681.png,0.0,data/images/train/train_0681.png,True,True,False,
train,681,train_0682.png,0.0,data/images/train/train_0682.png,True,True,False,
train,682,train_0683.png,0.0,data/images/train/train_0683.png,True,True,False,
train,683,train_0684.png,0.0,data/images/train/train_0684.png,True,True,False,
train,684,train_0685.png,0.0,data/images/train/train_0685.png,True,True,False,
train,685,train_0686.png,0.0,data/images/train/train_0686.png,True,True,False,
train,686,train_0687.png,0.0,data/images/train/train_0687.png,True,True,False,
train,687,train_0688.png,0.0,data/images/train/train_0688.png,True,True,False,
train,688,train_0689.png,0.0,data/images/train/train_0689.png,True,True,False,
train,689,train_0690.png,0.0,data/images/train/train_0690.png,True,True,False,
train,690,train_0691.png,0.0,data/images/train/train_0691.png,True,True,False,
train,691,train_0692.png,0.0,data/images/train/train_0692.png,True,True,False,
train,692,train_0693.png,0.0,data/images/train/train_0693.png,True,True,False,
train,693,train_0694.png,0.0,data/images/train/train_0694.png,True,True,False,
train,694,train_0695.png,0.0,data/images/train/train_0695.png,True,True,False,
train,695,train_0696.png,0.0,data/images/train/train_0696.png,True,True,False,
train,696,train_0697.png,0.0,data/images/train/train_0697.png,True,True,False,
train,697,train_0698.png,0.0,data/images/train/train_0698.png,True,True,False,
train,698,train_0699.png,0.0,data/images/train/train_0699.png,True,True,False,
train,699,train_0700.png,0.0,data/images/train/train_0700.png,True,True,False,
train,700,train_0701.png,0.0,data/images/train/train_0701.png,True,True,False,
train,701,train_0702.png,0.0,data/images/train/train_0702.png,True,True,False,
train,702,train_0703.png,0.0,data/images/train/train_0703.png,True,True,False,
train,703,train_0704.png,0.0,data/images/train/train_0704.png,True,True,False,
train,704,train_0705.png,0.0,data/images/train/train_0705.png,True,True,False,
train,705,train_0706.png,0.0,data/images/train/train_0706.png,True,True,False,
train,706,train_0707.png,0.0,data/images/train/train_0707.png,True,True,False,
train,707,train_0708.png,0.0,data/images/train/train_0708.png,True,True,False,
train,708,train_0709.png,0.0,data/images/train/train_0709.png,True,True,False,
train,709,train_0710.png,0.0,data/images/train/train_0710.png,True,True,False,
train,710,train_0711.png,0.0,data/images/train/train_0711.png,True,True,False,
train,711,train_0712.png,0.0,data/images/train/train_0712.png,True,True,False,
train,712,train_0713.png,0.0,data/images/train/train_0713.png,True,True,False,
train,713,train_0714.png,0.0,data/images/train/train_0714.png,True,True,False,
train,714,train_0715.png,0.0,data/images/train/train_0715.png,True,True,False,
train,715,train_0716.png,0.0,data/images/train/train_0716.png,True,True,False,
train,716,train_0717.png,0.0,data/images/train/train_0717.png,True,True,False,
train,717,train_0718.png,0.0,data/images/train/train_0718.png,True,True,False,
train,718,train_0719.png,0.0,data/images/train/train_0719.png,True,True,False,
train,719,train_0720.png,0.0,data/images/train/train_0720.png,True,True,False,
train,720,train_0721.png,0.0,data/images/train/train_0721.png,True,True,False,
train,721,train_0722.png,0.0,data/images/train/train_0722.png,True,True,False,
train,722,train_0723.png,0.0,data/images/train/train_0723.png,True,True,False,
train,723,train_0724.png,0.0,data/images/train/train_0724.png,True,True,False,
train,724,train_0725.png,0.0,data/images/train/train_0725.png,True,True,False,
train,725,train_0726.png,0.0,data/images/train/train_0726.png,True,True,False,
train,726,train_0727.png,0.0,data/images/train/train_0727.png,True,True,False,
train,727,train_0728.png,0.0,data/images/train/train_0728.png,True,True,False,
train,728,train_0729.png,0.0,data/images/train/train_0729.png,True,True,False,
train,729,train_0730.png,0.0,data/images/train/train_0730.png,True,True,False,
train,730,train_0731.png,0.0,data/images/train/train_0731.png,True,True,False,
train,731,train_0732.png,0.0,data/images/train/train_0732.png,True,True,False,
train,732,train_0733.png,0.0,data/images/train/train_0733.png,True,True,False,
train,733,train_0734.png,0.0,data/images/train/train_0734.png,True,True,False,
train,734,train_0735.png,0.0,data/images/train/train_0735.png,True,True,False,
train,735,train_0736.png,0.0,data/images/train/train_0736.png,True,True,False,
train,736,train_0737.png,0.0,data/images/train/train_0737.png,True,True,False,
train,737,train_0738.png,0.0,data/images/train/train_0738.png,True,True,False,
train,738,train_0739.png,0.0,data/images/train/train_0739.png,True,True,False,
train,739,train_0740.png,0.0,data/images/train/train_0740.png,True,True,False,
train,740,train_0741.png,0.0,data/images/train/train_0741.png,True,True,False,
train,741,train_0742.png,0.0,data/images/train/train_0742.png,True,True,False,
train,742,train_0743.png,0.0,data/images/train/train_0743.png,True,True,False,
train,743,train_0744.png,0.0,data/images/train/train_0744.png,True,True,False,
train,744,train_0745.png,0.0,data/images/train/train_0745.png,True,True,False,
train,745,train_0746.png,0.0,data/images/train/train_0746.png,True,True,False,
train,746,train_0747.png,0.0,data/images/train/train_0747.png,True,True,False,
train,747,train_0748.png,0.0,data/images/train/train_0748.png,True,True,False,
train,748,train_0749.png,0.0,data/images/train/train_0749.png,True,True,False,
train,749,train_0750.png,0.0,data/images/train/train_0750.png,True,True,False,
train,750,train_0751.png,0.0,data/images/train/train_0751.png,True,True,False,
train,751,train_0752.png,0.0,data/images/train/train_0752.png,True,True,False,
train,752,train_0753.png,0.0,data/images/train/train_0753.png,True,True,False,
train,753,train_0754.png,0.0,data/images/train/train_0754.png,True,True,False,
train,754,train_0755.png,0.0,data/images/train/train_0755.png,True,True,False,
train,755,train_0756.png,0.0,data/images/train/train_0756.png,True,True,False,
train,756,train_0757.png,0.0,data/images/train/train_0757.png,True,True,False,
train,757,train_0758.png,0.0,data/images/train/train_0758.png,True,True,False,
train,758,train_0759.png,0.0,data/images/train/train_0759.png,True,True,False,
train,759,train_0760.png,0.0,data/images/train/train_0760.png,True,True,False,
train,760,train_0761.png,0.0,data/images/train/train_0761.png,True,True,False,
train,761,train_0762.png,0.0,data/images/train/train_0762.png,True,True,False,
train,762,train_0763.png,0.0,data/images/train/train_0763.png,True,True,False,
train,763,train_0764.png,0.0,data/images/train/train_0764.png,True,True,False,
train,764,train_0765.png,0.0,data/images/train/train_0765.png,True,True,False,
train,765,train_0766.png,0.0,data/images/train/train_0766.png,True,True,False,
train,766,train_0767.png,0.0,data/images/train/train_0767.png,True,True,False,
train,767,train_0768.png,0.0,data/images/train/train_0768.png,True,True,False,
train,768,train_0769.png,0.0,data/images/train/train_0769.png,True,True,False,
train,769,train_0770.png,0.0,data/images/train/train_0770.png,True,True,False,
train,770,train_0771.png,0.0,data/images/train/train_0771.png,True,True,False,
train,771,train_0772.png,0.0,data/images/train/train_0772.png,True,True,False,
train,772,train_0773.png,0.0,data/images/train/train_0773.png,True,True,False,
train,773,train_0774.png,0.0,data/images/train/train_0774.png,True,True,False,
train,774,train_0775.png,0.0,data/images/train/train_0775.png,True,True,False,
train,775,train_0776.png,0.0,data/images/train/train_0776.png,True,True,False,
train,776,train_0777.png,0.0,data/images/train/train_0777.png,True,True,False,
train,777,train_0778.png,0.0,data/images/train/train_0778.png,True,True,False,
train,778,train_0779.png,0.0,data/images/train/train_0779.png,True,True,False,
train,779,train_0780.png,0.0,data/images/train/train_0780.png,True,True,False,
train,780,train_0781.png,0.0,data/images/train/train_0781.png,True,True,False,
train,781,train_0782.png,0.0,data/images/train/train_0782.png,True,True,False,
train,782,train_0783.png,0.0,data/images/train/train_0783.png,True,True,False,
train,783,train_0784.png,0.0,data/images/train/train_0784.png,True,True,False,
train,784,train_0785.png,0.0,data/images/train/train_0785.png,True,True,False,
train,785,train_0786.png,0.0,data/images/train/train_0786.png,True,True,False,
train,786,train_0787.png,0.0,data/images/train/train_0787.png,True,True,False,
train,787,train_0788.png,0.0,data/images/train/train_0788.png,True,True,False,
train,788,train_0789.png,0.0,data/images/train/train_0789.png,True,True,False,
train,789,train_0790.png,0.0,data/images/train/train_0790.png,True,True,False,
train,790,train_0791.png,0.0,data/images/train/train_0791.png,True,True,False,
train,791,train_0792.png,0.0,data/images/train/train_0792.png,True,True,False,
train,792,train_0793.png,0.0,data/images/train/train_0793.png,True,True,False,
train,793,train_0794.png,0.0,data/images/train/train_0794.png,True,True,False,
train,794,train_0795.png,0.0,data/images/train/train_0795.png,True,True,False,
train,795,train_0796.png,0.0,data/images/train/train_0796.png,True,True,False,
train,796,train_0797.png,0.0,data/images/train/train_0797.png,True,True,False,
train,797,train_0798.png,0.0,data/images/train/train_0798.png,True,True,False,
train,798,train_0799.png,0.0,data/images/train/train_0799.png,True,True,False,
train,799,train_0800.png,0.0,data/images/train/train_0800.png,True,True,False,
train,800,train_0801.png,0.0,data/images/train/train_0801.png,True,True,False,
train,801,train_0802.png,0.0,data/images/train/train_0802.png,True,True,False,
train,802,train_0803.png,0.0,data/images/train/train_0803.png,True,True,False,
train,803,train_0804.png,0.0,data/images/train/train_0804.png,True,True,False,
train,804,train_0805.png,0.0,data/images/train/train_0805.png,True,True,False,
train,805,train_0806.png,0.0,data/images/train/train_0806.png,True,True,False,
train,806,train_0807.png,0.0,data/images/train/train_0807.png,True,True,False,
train,807,train_0808.png,0.0,data/images/train/train_0808.png,True,True,False,
train,808,train_0809.png,0.0,data/images/train/train_0809.png,True,True,False,
train,809,train_0810.png,0.0,data/images/train/train_0810.png,True,True,False,
train,810,train_0811.png,0.0,data/images/train/train_0811.png,True,True,False,
train,811,train_0812.png,0.0,data/images/train/train_0812.png,True,True,False,
train,812,train_0813.png,0.0,data/images/train/train_0813.png,True,True,False,
train,813,train_0814.png,0.0,data/images/train/train_0814.png,True,True,False,
train,814,train_0815.png,0.0,data/images/train/train_0815.png,True,True,False,
train,815,train_0816.png,0.0,data/images/train/train_0816.png,True,True,False,
train,816,train_0817.png,0.0,data/images/train/train_0817.png,True,True,False,
train,817,train_0818.png,0.0,data/images/train/train_0818.png,True,True,False,
train,818,train_0819.png,0.0,data/images/train/train_0819.png,True,True,False,
train,819,train_0820.png,0.0,data/images/train/train_0820.png,True,True,False,
train,820,train_0821.png,0.0,data/images/train/train_0821.png,True,True,False,
train,821,train_0822.png,0.0,data/images/train/train_0822.png,True,True,False,
train,822,train_0823.png,0.0,data/images/train/train_0823.png,True,True,False,
train,823,train_0824.png,0.0,data/images/train/train_0824.png,True,True,False,
train,824,train_0825.png,0.0,data/images/train/train_0825.png,True,True,False,
train,825,train_0826.png,0.0,data/images/train/train_0826.png,True,True,False,
train,826,train_0827.png,0.0,data/images/train/train_0827.png,True,True,False,
train,827,train_0828.png,0.0,data/images/train/train_0828.png,True,True,False,
train,828,train_0829.png,0.0,data/images/train/train_0829.png,True,True,False,
train,829,train_0830.png,0.0,data/images/train/train_0830.png,True,True,False,
train,830,train_0831.png,0.0,data/images/train/train_0831.png,True,True,False,
train,831,train_0832.png,0.0,data/images/train/train_0832.png,True,True,False,
train,832,train_0833.png,0.0,data/images/train/train_0833.png,True,True,False,
train,833,train_0834.png,0.0,data/images/train/train_0834.png,True,True,False,
train,834,train_0835.png,0.0,data/images/train/train_0835.png,True,True,False,
train,835,train_0836.png,0.0,data/images/train/train_0836.png,True,True,False,
train,836,train_0837.png,0.0,data/images/train/train_0837.png,True,True,False,
train,837,train_0838.png,0.0,data/images/train/train_0838.png,True,True,False,
train,838,train_0839.png,0.0,data/images/train/train_0839.png,True,True,False,
train,839,train_0840.png,0.0,data/images/train/train_0840.png,True,True,False,
train,840,train_0841.png,0.0,data/images/train/train_0841.png,True,True,False,
train,841,train_0842.png,0.0,data/images/train/train_0842.png,True,True,False,
train,842,train_0843.png,0.0,data/images/train/train_0843.png,True,True,False,
train,843,train_0844.png,0.0,data/images/train/train_0844.png,True,True,False,
train,844,train_0845.png,0.0,data/images/train/train_0845.png,True,True,False,
train,845,train_0846.png,0.0,data/images/train/train_0846.png,True,True,False,
train,846,train_0847.png,0.0,data/images/train/train_0847.png,True,True,False,
train,847,train_0848.png,0.0,data/images/train/train_0848.png,True,True,False,
train,848,train_0849.png,0.0,data/images/train/train_0849.png,True,True,False,
train,849,train_0850.png,0.0,data/images/train/train_0850.png,True,True,False,
train,850,train_0851.png,0.0,data/images/train/train_0851.png,True,True,False,
train,851,train_0852.png,0.0,data/images/train/train_0852.png,True,True,False,
train,852,train_0853.png,0.0,data/images/train/train_0853.png,True,True,False,
train,853,train_0854.png,0.0,data/images/train/train_0854.png,True,True,False,
train,854,train_0855.png,0.0,data/images/train/train_0855.png,True,True,False,
train,855,train_0856.png,0.0,data/images/train/train_0856.png,True,True,False,
train,856,train_0857.png,0.0,data/images/train/train_0857.png,True,True,False,
train,857,train_0858.png,0.0,data/images/train/train_0858.png,True,True,False,
train,858,train_0859.png,0.0,data/images/train/train_0859.png,True,True,False,
train,859,train_0860.png,0.0,data/images/train/train_0860.png,True,True,False,
train,860,train_0861.png,0.0,data/images/train/train_0861.png,True,True,False,
train,861,train_0862.png,0.0,data/images/train/train_0862.png,True,True,False,
train,862,train_0863.png,0.0,data/images/train/train_0863.png,True,True,False,
train,863,train_0864.png,0.0,data/images/train/train_0864.png,True,True,False,
train,864,train_0865.png,0.0,data/images/train/train_0865.png,True,True,False,
train,865,train_0866.png,0.0,data/images/train/train_0866.png,True,True,False,
train,866,train_0867.png,0.0,data/images/train/train_0867.png,True,True,False,
train,867,train_0868.png,0.0,data/images/train/train_0868.png,True,True,False,
train,868,train_0869.png,0.0,data/images/train/train_0869.png,True,True,False,
train,869,train_0870.png,0.0,data/images/train/train_0870.png,True,True,False,
train,870,train_0871.png,0.0,data/images/train/train_0871.png,True,True,False,
train,871,train_0872.png,0.0,data/images/train/train_0872.png,True,True,False,
train,872,train_0873.png,0.0,data/images/train/train_0873.png,True,True,False,
train,873,train_0874.png,0.0,data/images/train/train_0874.png,True,True,False,
train,874,train_0875.png,0.0,data/images/train/train_0875.png,True,True,False,
train,875,train_0876.png,0.0,data/images/train/train_0876.png,True,True,False,
train,876,train_0877.png,0.0,data/images/train/train_0877.png,True,True,False,
train,877,train_0878.png,0.0,data/images/train/train_0878.png,True,True,False,
train,878,train_0879.png,0.0,data/images/train/train_0879.png,True,True,False,
train,879,train_0880.png,0.0,data/images/train/train_0880.png,True,True,False,
train,880,train_0881.png,0.0,data/images/train/train_0881.png,True,True,False,
train,881,train_0882.png,0.0,data/images/train/train_0882.png,True,True,False,
train,882,train_0883.png,0.0,data/images/train/train_0883.png,True,True,False,
train,883,train_0884.png,0.0,data/images/train/train_0884.png,True,True,False,
train,884,train_0885.png,0.0,data/images/train/train_0885.png,True,True,False,
train,885,train_0886.png,0.0,data/images/train/train_0886.png,True,True,False,
train,886,train_0887.png,0.0,data/images/train/train_0887.png,True,True,False,
train,887,train_0888.png,0.0,data/images/train/train_0888.png,True,True,False,
train,888,train_0889.png,0.0,data/images/train/train_0889.png,True,True,False,
train,889,train_0890.png,0.0,data/images/train/train_0890.png,True,True,False,
train,890,train_0891.png,0.0,data/images/train/train_0891.png,True,True,False,
train,891,train_0892.png,0.0,data/images/train/train_0892.png,True,True,False,
train,892,train_0893.png,0.0,data/images/train/train_0893.png,True,True,False,
train,893,train_0894.png,0.0,data/images/train/train_0894.png,True,True,False,
train,894,train_0895.png,0.0,data/images/train/train_0895.png,True,True,False,
train,895,train_0896.png,0.0,data/images/train/train_0896.png,True,True,False,
train,896,train_0897.png,0.0,data/images/train/train_0897.png,True,True,False,
train,897,train_0898.png,0.0,data/images/train/train_0898.png,True,True,False,
train,898,train_0899.png,0.0,data/images/train/train_0899.png,True,True,False,
train,899,train_0900.png,0.0,data/images/train/train_0900.png,True,True,False,
train,900,train_0901.png,0.0,data/images/train/train_0901.png,True,True,False,
train,901,train_0902.png,0.0,data/images/train/train_0902.png,True,True,False,
train,902,train_0903.png,0.0,data/images/train/train_0903.png,True,True,False,
train,903,train_0904.png,0.0,data/images/train/train_0904.png,True,True,False,
train,904,train_0905.png,0.0,data/images/train/train_0905.png,True,True,False,
train,905,train_0906.png,0.0,data/images/train/train_0906.png,True,True,False,
train,906,train_0907.png,0.0,data/images/train/train_0907.png,True,True,False,
train,907,train_0908.png,0.0,data/images/train/train_0908.png,True,True,False,
train,908,train_0909.png,0.0,data/images/train/train_0909.png,True,True,False,
train,909,train_0910.png,0.0,data/images/train/train_0910.png,True,True,False,
train,910,train_0911.png,0.0,data/images/train/train_0911.png,True,True,False,
train,911,train_0912.png,0.0,data/images/train/train_0912.png,True,True,False,
train,912,train_0913.png,0.0,data/images/train/train_0913.png,True,True,False,
train,913,train_0914.png,0.0,data/images/train/train_0914.png,True,True,False,
train,914,train_0915.png,0.0,data/images/train/train_0915.png,True,True,False,
train,915,train_0916.png,0.0,data/images/train/train_0916.png,True,True,False,
train,916,train_0917.png,0.0,data/images/train/train_0917.png,True,True,False,
train,917,train_0918.png,0.0,data/images/train/train_0918.png,True,True,False,
train,918,train_0919.png,0.0,data/images/train/train_0919.png,True,True,False,
train,919,train_0920.png,0.0,data/images/train/train_0920.png,True,True,False,
train,920,train_0921.png,0.0,data/images/train/train_0921.png,True,True,False,
train,921,train_0922.png,0.0,data/images/train/train_0922.png,True,True,False,
train,922,train_0923.png,0.0,data/images/train/train_0923.png,True,True,False,
train,923,train_0924.png,0.0,data/images/train/train_0924.png,True,True,False,
train,924,train_0925.png,0.0,data/images/train/train_0925.png,True,True,False,
train,925,train_0926.png,0.0,data/images/train/train_0926.png,True,True,False,
train,926,train_0927.png,0.0,data/images/train/train_0927.png,True,True,False,
train,927,train_0928.png,0.0,data/images/train/train_0928.png,True,True,False,
train,928,train_0929.png,0.0,data/images/train/train_0929.png,True,True,False,
train,929,train_0930.png,0.0,data/images/train/train_0930.png,True,True,False,
train,930,train_0931.png,0.0,data/images/train/train_0931.png,True,True,False,
train,931,train_0932.png,0.0,data/images/train/train_0932.png,True,True,False,
train,932,train_0933.png,0.0,data/images/train/train_0933.png,True,True,False,
train,933,train_0934.png,0.0,data/images/train/train_0934.png,True,True,False,
train,934,train_0935.png,0.0,data/images/train/train_0935.png,True,True,False,
train,935,train_0936.png,0.0,data/images/train/train_0936.png,True,True,False,
train,936,train_0937.png,0.0,data/images/train/train_0937.png,True,True,False,
train,937,train_0938.png,0.0,data/images/train/train_0938.png,True,True,False,
train,938,train_0939.png,0.0,data/images/train/train_0939.png,True,True,False,
train,939,train_0940.png,0.0,data/images/train/train_0940.png,True,True,False,
train,940,train_0941.png,0.0,data/images/train/train_0941.png,True,True,False,
train,941,train_0942.png,0.0,data/images/train/train_0942.png,True,True,False,
train,942,train_0943.png,0.0,data/images/train/train_0943.png,True,True,False,
train,943,train_0944.png,0.0,data/images/train/train_0944.png,True,True,False,
train,944,train_0945.png,0.0,data/images/train/train_0945.png,True,True,False,
train,945,train_0946.png,0.0,data/images/train/train_0946.png,True,True,False,
train,946,train_0947.png,0.0,data/images/train/train_0947.png,True,True,False,
train,947,train_0948.png,0.0,data/images/train/train_0948.png,True,True,False,
train,948,train_0949.png,0.0,data/images/train/train_0949.png,True,True,False,
train,949,train_0950.png,0.0,data/images/train/train_0950.png,True,True,False,
train,950,train_0951.png,0.0,data/images/train/train_0951.png,True,True,False,
train,951,train_0952.png,0.0,data/images/train/train_0952.png,True,True,False,
train,952,train_0953.png,0.0,data/images/train/train_0953.png,True,True,False,
train,953,train_0954.png,0.0,data/images/train/train_0954.png,True,True,False,
train,954,train_0955.png,0.0,data/images/train/train_0955.png,True,True,False,
train,955,train_0956.png,0.0,data/images/train/train_0956.png,True,True,False,
train,956,train_0957.png,0.0,data/images/train/train_0957.png,True,True,False,
train,957,train_0958.png,0.0,data/images/train/train_0958.png,True,True,False,
train,958,train_0959.png,0.0,data/images/train/train_0959.png,True,True,False,
train,959,train_0960.png,0.0,data/images/train/train_0960.png,True,True,False,
train,960,train_0961.png,0.0,data/images/train/train_0961.png,True,True,False,
train,961,train_0962.png,0.0,data/images/train/train_0962.png,True,True,False,
train,962,train_0963.png,0.0,data/images/train/train_0963.png,True,True,False,
train,963,train_0964.png,0.0,data/images/train/train_0964.png,True,True,False,
train,964,train_0965.png,0.0,data/images/train/train_0965.png,True,True,False,
train,965,train_0966.png,0.0,data/images/train/train_0966.png,True,True,False,
train,966,train_0967.png,0.0,data/images/train/train_0967.png,True,True,False,
train,967,train_0968.png,0.0,data/images/train/train_0968.png,True,True,False,
train,968,train_0969.png,0.0,data/images/train/train_0969.png,True,True,False,
train,969,train_0970.png,0.0,data/images/train/train_0970.png,True,True,False,
train,970,train_0971.png,0.0,data/images/train/train_0971.png,True,True,False,
train,971,train_0972.png,0.0,data/images/train/train_0972.png,True,True,False,
train,972,train_0973.png,0.0,data/images/train/train_0973.png,True,True,False,
train,973,train_0974.png,0.0,data/images/train/train_0974.png,True,True,False,
train,974,train_0975.png,0.0,data/images/train/train_0975.png,True,True,False,
train,975,train_0976.png,0.0,data/images/train/train_0976.png,True,True,False,
train,976,train_0977.png,0.0,data/images/train/train_0977.png,True,True,False,
train,977,train_0978.png,0.0,data/images/train/train_0978.png,True,True,False,
train,978,train_0979.png,0.0,data/images/train/train_0979.png,True,True,False,
train,979,train_0980.png,0.0,data/images/train/train_0980.png,True,True,False,
train,980,train_0981.png,0.0,data/images/train/train_0981.png,True,True,False,
train,981,train_0982.png,0.0,data/images/train/train_0982.png,True,True,False,
train,982,train_0983.png,0.0,data/images/train/train_0983.png,True,True,False,
train,983,train_0984.png,0.0,data/images/train/train_0984.png,True,True,False,
train,984,train_0985.png,0.0,data/images/train/train_0985.png,True,True,False,
train,985,train_0986.png,0.0,data/images/train/train_0986.png,True,True,False,
train,986,train_0987.png,0.0,data/images/train/train_0987.png,True,True,False,
train,987,train_0988.png,0.0,data/images/train/train_0988.png,True,True,False,
train,988,train_0989.png,0.0,data/images/train/train_0989.png,True,True,False,
train,989,train_0990.png,0.0,data/images/train/train_0990.png,True,True,False,
train,990,train_0991.png,0.0,data/images/train/train_0991.png,True,True,False,
train,991,train_0992.png,0.0,data/images/train/train_0992.png,True,True,False,
train,992,train_0993.png,0.0,data/images/train/train_0993.png,True,True,False,
train,993,train_0994.png,0.0,data/images/train/train_0994.png,True,True,False,
train,994,train_0995.png,0.0,data/images/train/train_0995.png,True,True,False,
train,995,train_0996.png,0.0,data/images/train/train_0996.png,True,True,False,
train,996,train_0997.png,0.0,data/images/train/train_0997.png,True,True,False,
train,997,train_0998.png,0.0,data/images/train/train_0998.png,True,True,False,
train,998,train_0999.png,0.0,data/images/train/train_0999.png,True,True,False,
train,999,train_1000.png,0.0,data/images/train/train_1000.png,True,True,False,
train,1000,train_1001.png,0.0,data/images/train/train_1001.png,True,True,False,
train,1001,train_1002.png,0.0,data/images/train/train_1002.png,True,True,False,
train,1002,train_1003.png,0.0,data/images/train/train_1003.png,True,True,False,
train,1003,train_1004.png,0.0,data/images/train/train_1004.png,True,True,False,
train,1004,train_1005.png,0.0,data/images/train/train_1005.png,True,True,False,
train,1005,train_1006.png,0.0,data/images/train/train_1006.png,True,True,False,
train,1006,train_1007.png,0.0,data/images/train/train_1007.png,True,True,False,
train,1007,train_1008.png,0.0,data/images/train/train_1008.png,True,True,False,
train,1008,train_1009.png,0.0,data/images/train/train_1009.png,True,True,False,
train,1009,train_1010.png,0.0,data/images/train/train_1010.png,True,True,False,
train,1010,train_1011.png,0.0,data/images/train/train_1011.png,True,True,False,
train,1011,train_1012.png,0.0,data/images/train/train_1012.png,True,True,False,
train,1012,train_1013.png,0.0,data/images/train/train_1013.png,True,True,False,
train,1013,train_1014.png,0.0,data/images/train/train_1014.png,True,True,False,
train,1014,train_1015.png,0.0,data/images/train/train_1015.png,True,True,False,
train,1015,train_1016.png,0.0,data/images/train/train_1016.png,True,True,False,
train,1016,train_1017.png,0.0,data/images/train/train_1017.png,True,True,False,
train,1017,train_1018.png,0.0,data/images/train/train_1018.png,True,True,False,
train,1018,train_1019.png,0.0,data/images/train/train_1019.png,True,True,False,
train,1019,train_1020.png,0.0,data/images/train/train_1020.png,True,True,False,
train,1020,train_1021.png,0.0,data/images/train/train_1021.png,True,True,False,
train,1021,train_1022.png,0.0,data/images/train/train_1022.png,True,True,False,
train,1022,train_1023.png,0.0,data/images/train/train_1023.png,True,True,False,
train,1023,train_1024.png,0.0,data/images/train/train_1024.png,True,True,False,
train,1024,train_1025.png,0.0,data/images/train/train_1025.png,True,True,False,
train,1025,train_1026.png,0.0,data/images/train/train_1026.png,True,True,False,
train,1026,train_1027.png,0.0,data/images/train/train_1027.png,True,True,False,
train,1027,train_1028.png,0.0,data/images/train/train_1028.png,True,True,False,
train,1028,train_1029.png,0.0,data/images/train/train_1029.png,True,True,False,
train,1029,train_1030.png,0.0,data/images/train/train_1030.png,True,True,False,
train,1030,train_1031.png,0.0,data/images/train/train_1031.png,True,True,False,
train,1031,train_1032.png,0.0,data/images/train/train_1032.png,True,True,False,
train,1032,train_1033.png,0.0,data/images/train/train_1033.png,True,True,False,
train,1033,train_1034.png,0.0,data/images/train/train_1034.png,True,True,False,
train,1034,train_1035.png,0.0,data/images/train/train_1035.png,True,True,False,
train,1035,train_1036.png,0.0,data/images/train/train_1036.png,True,True,False,
train,1036,train_1037.png,0.0,data/images/train/train_1037.png,True,True,False,
train,1037,train_1038.png,0.0,data/images/train/train_1038.png,True,True,False,
train,1038,train_1039.png,0.0,data/images/train/train_1039.png,True,True,False,
train,1039,train_1040.png,0.0,data/images/train/train_1040.png,True,True,False,
train,1040,train_1041.png,0.0,data/images/train/train_1041.png,True,True,False,
train,1041,train_1042.png,0.0,data/images/train/train_1042.png,True,True,False,
train,1042,train_1043.png,0.0,data/images/train/train_1043.png,True,True,False,
train,1043,train_1044.png,0.0,data/images/train/train_1044.png,True,True,False,
train,1044,train_1045.png,0.0,data/images/train/train_1045.png,True,True,False,
train,1045,train_1046.png,0.0,data/images/train/train_1046.png,True,True,False,
train,1046,train_1047.png,0.0,data/images/train/train_1047.png,True,True,False,
train,1047,train_1048.png,0.0,data/images/train/train_1048.png,True,True,False,
train,1048,train_1049.png,0.0,data/images/train/train_1049.png,True,True,False,
train,1049,train_1050.png,0.0,data/images/train/train_1050.png,True,True,False,
train,1050,train_1051.png,0.0,data/images/train/train_1051.png,True,True,False,
train,1051,train_1052.png,0.0,data/images/train/train_1052.png,True,True,False,
train,1052,train_1053.png,0.0,data/images/train/train_1053.png,True,True,False,
train,1053,train_1054.png,0.0,data/images/train/train_1054.png,True,True,False,
train,1054,train_1055.png,0.0,data/images/train/train_1055.png,True,True,False,
train,1055,train_1056.png,0.0,data/images/train/train_1056.png,True,True,False,
train,1056,train_1057.png,0.0,data/images/train/train_1057.png,True,True,False,
train,1057,train_1058.png,0.0,data/images/train/train_1058.png,True,True,False,
train,1058,train_1059.png,0.0,data/images/train/train_1059.png,True,True,False,
train,1059,train_1060.png,0.0,data/images/train/train_1060.png,True,True,False,
train,1060,train_1061.png,0.0,data/images/train/train_1061.png,True,True,False,
train,1061,train_1062.png,0.0,data/images/train/train_1062.png,True,True,False,
train,1062,train_1063.png,0.0,data/images/train/train_1063.png,True,True,False,
train,1063,train_1064.png,0.0,data/images/train/train_1064.png,True,True,False,
train,1064,train_1065.png,0.0,data/images/train/train_1065.png,True,True,False,
train,1065,train_1066.png,0.0,data/images/train/train_1066.png,True,True,False,
train,1066,train_1067.png,0.0,data/images/train/train_1067.png,True,True,False,
train,1067,train_1068.png,0.0,data/images/train/train_1068.png,True,True,False,
train,1068,train_1069.png,0.0,data/images/train/train_1069.png,True,True,False,
train,1069,train_1070.png,0.0,data/images/train/train_1070.png,True,True,False,
train,1070,train_1071.png,0.0,data/images/train/train_1071.png,True,True,False,
train,1071,train_1072.png,0.0,data/images/train/train_1072.png,True,True,False,
train,1072,train_1073.png,0.0,data/images/train/train_1073.png,True,True,False,
train,1073,train_1074.png,0.0,data/images/train/train_1074.png,True,True,False,
train,1074,train_1075.png,0.0,data/images/train/train_1075.png,True,True,False,
train,1075,train_1076.png,0.0,data/images/train/train_1076.png,True,True,False,
train,1076,train_1077.png,0.0,data/images/train/train_1077.png,True,True,False,
train,1077,train_1078.png,0.0,data/images/train/train_1078.png,True,True,False,
train,1078,train_1079.png,0.0,data/images/train/train_1079.png,True,True,False,
train,1079,train_1080.png,0.0,data/images/train/train_1080.png,True,True,False,
train,1080,train_1081.png,0.0,data/images/train/train_1081.png,True,True,False,
train,1081,train_1082.png,0.0,data/images/train/train_1082.png,True,True,False,
train,1082,train_1083.png,0.0,data/images/train/train_1083.png,True,True,False,
train,1083,train_1084.png,0.0,data/images/train/train_1084.png,True,True,False,
train,1084,train_1085.png,0.0,data/images/train/train_1085.png,True,True,False,
train,1085,train_1086.png,0.0,data/images/train/train_1086.png,True,True,False,
train,1086,train_1087.png,0.0,data/images/train/train_1087.png,True,True,False,
train,1087,train_1088.png,0.0,data/images/train/train_1088.png,True,True,False,
train,1088,train_1089.png,0.0,data/images/train/train_1089.png,True,True,False,
train,1089,train_1090.png,0.0,data/images/train/train_1090.png,True,True,False,
train,1090,train_1091.png,0.0,data/images/train/train_1091.png,True,True,False,
train,1091,train_1092.png,0.0,data/images/train/train_1092.png,True,True,False,
train,1092,train_1093.png,0.0,data/images/train/train_1093.png,True,True,False,
train,1093,train_1094.png,0.0,data/images/train/train_1094.png,True,True,False,
train,1094,train_1095.png,0.0,data/images/train/train_1095.png,True,True,False,
train,1095,train_1096.png,0.0,data/images/train/train_1096.png,True,True,False,
train,1096,train_1097.png,0.0,data/images/train/train_1097.png,True,True,False,
train,1097,train_1098.png,0.0,data/images/train/train_1098.png,True,True,False,
train,1098,train_1099.png,0.0,data/images/train/train_1099.png,True,True,False,
train,1099,train_1100.png,0.0,data/images/train/train_1100.png,True,True,False,
train,1100,train_1101.png,0.0,data/images/train/train_1101.png,True,True,False,
train,1101,train_1102.png,0.0,data/images/train/train_1102.png,True,True,False,
train,1102,train_1103.png,0.0,data/images/train/train_1103.png,True,True,False,
train,1103,train_1104.png,0.0,data/images/train/train_1104.png,True,True,False,
train,1104,train_1105.png,0.0,data/images/train/train_1105.png,True,True,False,
train,1105,train_1106.png,0.0,data/images/train/train_1106.png,True,True,False,
train,1106,train_1107.png,0.0,data/images/train/train_1107.png,True,True,False,
train,1107,train_1108.png,0.0,data/images/train/train_1108.png,True,True,False,
train,1108,train_1109.png,0.0,data/images/train/train_1109.png,True,True,False,
train,1109,train_1110.png,0.0,data/images/train/train_1110.png,True,True,False,
train,1110,train_1111.png,0.0,data/images/train/train_1111.png,True,True,False,
train,1111,train_1112.png,0.0,data/images/train/train_1112.png,True,True,False,
train,1112,train_1113.png,0.0,data/images/train/train_1113.png,True,True,False,
train,1113,train_1114.png,0.0,data/images/train/train_1114.png,True,True,False,
train,1114,train_1115.png,0.0,data/images/train/train_1115.png,True,True,False,
train,1115,train_1116.png,0.0,data/images/train/train_1116.png,True,True,False,
train,1116,train_1117.png,0.0,data/images/train/train_1117.png,True,True,False,
train,1117,train_1118.png,0.0,data/images/train/train_1118.png,True,True,False,
train,1118,train_1119.png,0.0,data/images/train/train_1119.png,True,True,False,
train,1119,train_1120.png,0.0,data/images/train/train_1120.png,True,True,False,
train,1120,train_1121.png,0.0,data/images/train/train_1121.png,True,True,False,
train,1121,train_1122.png,0.0,data/images/train/train_1122.png,True,True,False,
train,1122,train_1123.png,0.0,data/images/train/train_1123.png,True,True,False,
train,1123,train_1124.png,0.0,data/images/train/train_1124.png,True,True,False,
train,1124,train_1125.png,0.0,data/images/train/train_1125.png,True,True,False,
train,1125,train_1126.png,0.0,data/images/train/train_1126.png,True,True,False,
train,1126,train_1127.png,0.0,data/images/train/train_1127.png,True,True,False,
train,1127,train_1128.png,0.0,data/images/train/train_1128.png,True,True,False,
train,1128,train_1129.png,0.0,data/images/train/train_1129.png,True,True,False,
train,1129,train_1130.png,0.0,data/images/train/train_1130.png,True,True,False,
train,1130,train_1131.png,0.0,data/images/train/train_1131.png,True,True,False,
train,1131,train_1132.png,0.0,data/images/train/train_1132.png,True,True,False,
train,1132,train_1133.png,0.0,data/images/train/train_1133.png,True,True,False,
train,1133,train_1134.png,0.0,data/images/train/train_1134.png,True,True,False,
train,1134,train_1135.png,0.0,data/images/train/train_1135.png,True,True,False,
train,1135,train_1136.png,0.0,data/images/train/train_1136.png,True,True,False,
train,1136,train_1137.png,0.0,data/images/train/train_1137.png,True,True,False,
train,1137,train_1138.png,0.0,data/images/train/train_1138.png,True,True,False,
train,1138,train_1139.png,0.0,data/images/train/train_1139.png,True,True,False,
train,1139,train_1140.png,0.0,data/images/train/train_1140.png,True,True,False,
train,1140,train_1141.png,0.0,data/images/train/train_1141.png,True,True,False,
train,1141,train_1142.png,0.0,data/images/train/train_1142.png,True,True,False,
train,1142,train_1143.png,0.0,data/images/train/train_1143.png,True,True,False,
train,1143,train_1144.png,0.0,data/images/train/train_1144.png,True,True,False,
train,1144,train_1145.png,0.0,data/images/train/train_1145.png,True,True,False,
train,1145,train_1146.png,0.0,data/images/train/train_1146.png,True,True,False,
train,1146,train_1147.png,0.0,data/images/train/train_1147.png,True,True,False,
train,1147,train_1148.png,0.0,data/images/train/train_1148.png,True,True,False,
train,1148,train_1149.png,0.0,data/images/train/train_1149.png,True,True,False,
train,1149,train_1150.png,0.0,data/images/train/train_1150.png,True,True,False,
train,1150,train_1151.png,0.0,data/images/train/train_1151.png,True,True,False,
train,1151,train_1152.png,0.0,data/images/train/train_1152.png,True,True,False,
train,1152,train_1153.png,0.0,data/images/train/train_1153.png,True,True,False,
train,1153,train_1154.png,0.0,data/images/train/train_1154.png,True,True,False,
train,1154,train_1155.png,0.0,data/images/train/train_1155.png,True,True,False,
train,1155,train_1156.png,0.0,data/images/train/train_1156.png,True,True,False,
train,1156,train_1157.png,0.0,data/images/train/train_1157.png,True,True,False,
train,1157,train_1158.png,0.0,data/images/train/train_1158.png,True,True,False,
train,1158,train_1159.png,0.0,data/images/train/train_1159.png,True,True,False,
train,1159,train_1160.png,0.0,data/images/train/train_1160.png,True,True,False,
train,1160,train_1161.png,0.0,data/images/train/train_1161.png,True,True,False,
train,1161,train_1162.png,0.0,data/images/train/train_1162.png,True,True,False,
train,1162,train_1163.png,0.0,data/images/train/train_1163.png,True,True,False,
train,1163,train_1164.png,0.0,data/images/train/train_1164.png,True,True,False,
train,1164,train_1165.png,0.0,data/images/train/train_1165.png,True,True,False,
train,1165,train_1166.png,0.0,data/images/train/train_1166.png,True,True,False,
train,1166,train_1167.png,0.0,data/images/train/train_1167.png,True,True,False,
train,1167,train_1168.png,0.0,data/images/train/train_1168.png,True,True,False,
train,1168,train_1169.png,0.0,data/images/train/train_1169.png,True,True,False,
train,1169,train_1170.png,0.0,data/images/train/train_1170.png,True,True,False,
train,1170,train_1171.png,0.0,data/images/train/train_1171.png,True,True,False,
train,1171,train_1172.png,0.0,data/images/train/train_1172.png,True,True,False,
train,1172,train_1173.png,0.0,data/images/train/train_1173.png,True,True,False,
train,1173,train_1174.png,0.0,data/images/train/train_1174.png,True,True,False,
train,1174,train_1175.png,0.0,data/images/train/train_1175.png,True,True,False,
train,1175,train_1176.png,0.0,data/images/train/train_1176.png,True,True,False,
train,1176,train_1177.png,0.0,data/images/train/train_1177.png,True,True,False,
train,1177,train_1178.png,0.0,data/images/train/train_1178.png,True,True,False,
train,1178,train_1179.png,0.0,data/images/train/train_1179.png,True,True,False,
train,1179,train_1180.png,0.0,data/images/train/train_1180.png,True,True,False,
train,1180,train_1181.png,0.0,data/images/train/train_1181.png,True,True,False,
train,1181,train_1182.png,0.0,data/images/train/train_1182.png,True,True,False,
train,1182,train_1183.png,0.0,data/images/train/train_1183.png,True,True,False,
train,1183,train_1184.png,0.0,data/images/train/train_1184.png,True,True,False,
train,1184,train_1185.png,0.0,data/images/train/train_1185.png,True,True,False,
train,1185,train_1186.png,0.0,data/images/train/train_1186.png,True,True,False,
train,1186,train_1187.png,0.0,data/images/train/train_1187.png,True,True,False,
train,1187,train_1188.png,0.0,data/images/train/train_1188.png,True,True,False,
train,1188,train_1189.png,0.0,data/images/train/train_1189.png,True,True,False,
train,1189,train_1190.png,0.0,data/images/train/train_1190.png,True,True,False,
train,1190,train_1191.png,0.0,data/images/train/train_1191.png,True,True,False,
train,1191,train_1192.png,0.0,data/images/train/train_1192.png,True,True,False,
train,1192,train_1193.png,0.0,data/images/train/train_1193.png,True,True,False,
train,1193,train_1194.png,0.0,data/images/train/train_1194.png,True,True,False,
train,1194,train_1195.png,0.0,data/images/train/train_1195.png,True,True,False,
train,1195,train_1196.png,0.0,data/images/train/train_1196.png,True,True,False,
train,1196,train_1197.png,0.0,data/images/train/train_1197.png,True,True,False,
train,1197,train_1198.png,0.0,data/images/train/train_1198.png,True,True,False,
train,1198,train_1199.png,0.0,data/images/train/train_1199.png,True,True,False,
train,1199,train_1200.png,0.0,data/images/train/train_1200.png,True,True,False,
train,1200,train_1201.png,0.0,data/images/train/train_1201.png,True,True,False,
train,1201,train_1202.png,0.0,data/images/train/train_1202.png,True,True,False,
train,1202,train_1203.png,0.0,data/images/train/train_1203.png,True,True,False,
train,1203,train_1204.png,0.0,data/images/train/train_1204.png,True,True,False,
train,1204,train_1205.png,0.0,data/images/train/train_1205.png,True,True,False,
train,1205,train_1206.png,0.0,data/images/train/train_1206.png,True,True,False,
train,1206,train_1207.png,0.0,data/images/train/train_1207.png,True,True,False,
train,1207,train_1208.png,0.0,data/images/train/train_1208.png,True,True,False,
train,1208,train_1209.png,0.0,data/images/train/train_1209.png,True,True,False,
train,1209,train_1210.png,0.0,data/images/train/train_1210.png,True,True,False,
train,1210,train_1211.png,0.0,data/images/train/train_1211.png,True,True,False,
train,1211,train_1212.png,0.0,data/images/train/train_1212.png,True,True,False,
train,1212,train_1213.png,0.0,data/images/train/train_1213.png,True,True,False,
train,1213,train_1214.png,0.0,data/images/train/train_1214.png,True,True,False,
train,1214,train_1215.png,0.0,data/images/train/train_1215.png,True,True,False,
train,1215,train_1216.png,0.0,data/images/train/train_1216.png,True,True,False,
train,1216,train_1217.png,0.0,data/images/train/train_1217.png,True,True,False,
train,1217,train_1218.png,0.0,data/images/train/train_1218.png,True,True,False,
train,1218,train_1219.png,0.0,data/images/train/train_1219.png,True,True,False,
train,1219,train_1220.png,0.0,data/images/train/train_1220.png,True,True,False,
train,1220,train_1221.png,0.0,data/images/train/train_1221.png,True,True,False,
train,1221,train_1222.png,0.0,data/images/train/train_1222.png,True,True,False,
train,1222,train_1223.png,0.0,data/images/train/train_1223.png,True,True,False,
train,1223,train_1224.png,0.0,data/images/train/train_1224.png,True,True,False,
train,1224,train_1225.png,0.0,data/images/train/train_1225.png,True,True,False,
train,1225,train_1226.png,0.0,data/images/train/train_1226.png,True,True,False,
train,1226,train_1227.png,0.0,data/images/train/train_1227.png,True,True,False,
train,1227,train_1228.png,0.0,data/images/train/train_1228.png,True,True,False,
train,1228,train_1229.png,0.0,data/images/train/train_1229.png,True,True,False,
train,1229,train_1230.png,0.0,data/images/train/train_1230.png,True,True,False,
train,1230,train_1231.png,0.0,data/images/train/train_1231.png,True,True,False,
train,1231,train_1232.png,0.0,data/images/train/train_1232.png,True,True,False,
train,1232,train_1233.png,0.0,data/images/train/train_1233.png,True,True,False,
train,1233,train_1234.png,0.0,data/images/train/train_1234.png,True,True,False,
train,1234,train_1235.png,0.0,data/images/train/train_1235.png,True,True,False,
train,1235,train_1236.png,0.0,data/images/train/train_1236.png,True,True,False,
train,1236,train_1237.png,0.0,data/images/train/train_1237.png,True,True,False,
train,1237,train_1238.png,0.0,data/images/train/train_1238.png,True,True,False,
train,1238,train_1239.png,0.0,data/images/train/train_1239.png,True,True,False,
train,1239,train_1240.png,0.0,data/images/train/train_1240.png,True,True,False,
train,1240,train_1241.png,0.0,data/images/train/train_1241.png,True,True,False,
train,1241,train_1242.png,0.0,data/images/train/train_1242.png,True,True,False,
train,1242,train_1243.png,0.0,data/images/train/train_1243.png,True,True,False,
train,1243,train_1244.png,0.0,data/images/train/train_1244.png,True,True,False,
train,1244,train_1245.png,0.0,data/images/train/train_1245.png,True,True,False,
train,1245,train_1246.png,0.0,data/images/train/train_1246.png,True,True,False,
train,1246,train_1247.png,0.0,data/images/train/train_1247.png,True,True,False,
train,1247,train_1248.png,0.0,data/images/train/train_1248.png,True,True,False,
train,1248,train_1249.png,0.0,data/images/train/train_1249.png,True,True,False,
train,1249,train_1250.png,0.0,data/images/train/train_1250.png,True,True,False,
train,1250,train_1251.png,0.0,data/images/train/train_1251.png,True,True,False,
train,1251,train_1252.png,0.0,data/images/train/train_1252.png,True,True,False,
train,1252,train_1253.png,0.0,data/images/train/train_1253.png,True,True,False,
train,1253,train_1254.png,0.0,data/images/train/train_1254.png,True,True,False,
train,1254,train_1255.png,0.0,data/images/train/train_1255.png,True,True,False,
train,1255,train_1256.png,0.0,data/images/train/train_1256.png,True,True,False,
train,1256,train_1257.png,0.0,data/images/train/train_1257.png,True,True,False,
train,1257,train_1258.png,0.0,data/images/train/train_1258.png,True,True,False,
train,1258,train_1259.png,0.0,data/images/train/train_1259.png,True,True,False,
train,1259,train_1260.png,0.0,data/images/train/train_1260.png,True,True,False,
train,1260,train_1261.png,0.0,data/images/train/train_1261.png,True,True,False,
train,1261,train_1262.png,0.0,data/images/train/train_1262.png,True,True,False,
train,1262,train_1263.png,0.0,data/images/train/train_1263.png,True,True,False,
train,1263,train_1264.png,0.0,data/images/train/train_1264.png,True,True,False,
train,1264,train_1265.png,0.0,data/images/train/train_1265.png,True,True,False,
train,1265,train_1266.png,0.0,data/images/train/train_1266.png,True,True,False,
train,1266,train_1267.png,0.0,data/images/train/train_1267.png,True,True,False,
train,1267,train_1268.png,0.0,data/images/train/train_1268.png,True,True,False,
train,1268,train_1269.png,0.0,data/images/train/train_1269.png,True,True,False,
train,1269,train_1270.png,0.0,data/images/train/train_1270.png,True,True,False,
train,1270,train_1271.png,0.0,data/images/train/train_1271.png,True,True,False,
train,1271,train_1272.png,0.0,data/images/train/train_1272.png,True,True,False,
train,1272,train_1273.png,0.0,data/images/train/train_1273.png,True,True,False,
train,1273,train_1274.png,0.0,data/images/train/train_1274.png,True,True,False,
train,1274,train_1275.png,0.0,data/images/train/train_1275.png,True,True,False,
train,1275,train_1276.png,0.0,data/images/train/train_1276.png,True,True,False,
train,1276,train_1277.png,0.0,data/images/train/train_1277.png,True,True,False,
train,1277,train_1278.png,0.0,data/images/train/train_1278.png,True,True,False,
train,1278,train_1279.png,0.0,data/images/train/train_1279.png,True,True,False,
train,1279,train_1280.png,0.0,data/images/train/train_1280.png,True,True,False,
train,1280,train_1281.png,0.0,data/images/train/train_1281.png,True,True,False,
train,1281,train_1282.png,0.0,data/images/train/train_1282.png,True,True,False,
train,1282,train_1283.png,0.0,data/images/train/train_1283.png,True,True,False,
train,1283,train_1284.png,0.0,data/images/train/train_1284.png,True,True,False,
train,1284,train_1285.png,0.0,data/images/train/train_1285.png,True,True,False,
train,1285,train_1286.png,0.0,data/images/train/train_1286.png,True,True,False,
train,1286,train_1287.png,0.0,data/images/train/train_1287.png,True,True,False,
train,1287,train_1288.png,0.0,data/images/train/train_1288.png,True,True,False,
train,1288,train_1289.png,0.0,data/images/train/train_1289.png,True,True,False,
train,1289,train_1290.png,0.0,data/images/train/train_1290.png,True,True,False,
train,1290,train_1291.png,0.0,data/images/train/train_1291.png,True,True,False,
train,1291,train_1292.png,0.0,data/images/train/train_1292.png,True,True,False,
train,1292,train_1293.png,0.0,data/images/train/train_1293.png,True,True,False,
train,1293,train_1294.png,0.0,data/images/train/train_1294.png,True,True,False,
train,1294,train_1295.png,0.0,data/images/train/train_1295.png,True,True,False,
train,1295,train_1296.png,0.0,data/images/train/train_1296.png,True,True,False,
train,1296,train_1297.png,0.0,data/images/train/train_1297.png,True,True,False,
train,1297,train_1298.png,0.0,data/images/train/train_1298.png,True,True,False,
train,1298,train_1299.png,0.0,data/images/train/train_1299.png,True,True,False,
train,1299,train_1300.png,0.0,data/images/train/train_1300.png,True,True,False,
train,1300,train_1301.png,0.0,data/images/train/train_1301.png,True,True,False,
train,1301,train_1302.png,0.0,data/images/train/train_1302.png,True,True,False,
train,1302,train_1303.png,0.0,data/images/train/train_1303.png,True,True,False,
train,1303,train_1304.png,0.0,data/images/train/train_1304.png,True,True,False,
train,1304,train_1305.png,0.0,data/images/train/train_1305.png,True,True,False,
train,1305,train_1306.png,0.0,data/images/train/train_1306.png,True,True,False,
train,1306,train_1307.png,0.0,data/images/train/train_1307.png,True,True,False,
train,1307,train_1308.png,0.0,data/images/train/train_1308.png,True,True,False,
train,1308,train_1309.png,0.0,data/images/train/train_1309.png,True,True,False,
train,1309,train_1310.png,0.0,data/images/train/train_1310.png,True,True,False,
train,1310,train_1311.png,0.0,data/images/train/train_1311.png,True,True,False,
train,1311,train_1312.png,0.0,data/images/train/train_1312.png,True,True,False,
train,1312,train_1313.png,0.0,data/images/train/train_1313.png,True,True,False,
train,1313,train_1314.png,0.0,data/images/train/train_1314.png,True,True,False,
train,1314,train_1315.png,0.0,data/images/train/train_1315.png,True,True,False,
train,1315,train_1316.png,0.0,data/images/train/train_1316.png,True,True,False,
train,1316,train_1317.png,0.0,data/images/train/train_1317.png,True,True,False,
train,1317,train_1318.png,0.0,data/images/train/train_1318.png,True,True,False,
train,1318,train_1319.png,0.0,data/images/train/train_1319.png,True,True,False,
train,1319,train_1320.png,0.0,data/images/train/train_1320.png,True,True,False,
train,1320,train_1321.png,0.0,data/images/train/train_1321.png,True,True,False,
train,1321,train_1322.png,0.0,data/images/train/train_1322.png,True,True,False,
train,1322,train_1323.png,0.0,data/images/train/train_1323.png,True,True,False,
train,1323,train_1324.png,0.0,data/images/train/train_1324.png,True,True,False,
train,1324,train_1325.png,0.0,data/images/train/train_1325.png,True,True,False,
train,1325,train_1326.png,0.0,data/images/train/train_1326.png,True,True,False,
train,1326,train_1327.png,0.0,data/images/train/train_1327.png,True,True,False,
train,1327,train_1328.png,0.0,data/images/train/train_1328.png,True,True,False,
train,1328,train_1329.png,0.0,data/images/train/train_1329.png,True,True,False,
train,1329,train_1330.png,0.0,data/images/train/train_1330.png,True,True,False,
train,1330,train_1331.png,0.0,data/images/train/train_1331.png,True,True,False,
train,1331,train_1332.png,0.0,data/images/train/train_1332.png,True,True,False,
train,1332,train_1333.png,0.0,data/images/train/train_1333.png,True,True,False,
train,1333,train_1334.png,0.0,data/images/train/train_1334.png,True,True,False,
train,1334,train_1335.png,0.0,data/images/train/train_1335.png,True,True,False,
train,1335,train_1336.png,0.0,data/images/train/train_1336.png,True,True,False,
train,1336,train_1337.png,0.0,data/images/train/train_1337.png,True,True,False,
train,1337,train_1338.png,0.0,data/images/train/train_1338.png,True,True,False,
train,1338,train_1339.png,0.0,data/images/train/train_1339.png,True,True,False,
train,1339,train_1340.png,0.0,data/images/train/train_1340.png,True,True,False,
train,1340,train_1341.png,0.0,data/images/train/train_1341.png,True,True,False,
train,1341,train_1342.png,1.0,data/images/train/train_1342.png,True,True,False,
train,1342,train_1343.png,1.0,data/images/train/train_1343.png,True,True,False,
train,1343,train_1344.png,1.0,data/images/train/train_1344.png,True,True,False,
train,1344,train_1345.png,1.0,data/images/train/train_1345.png,True,True,False,
train,1345,train_1346.png,1.0,data/images/train/train_1346.png,True,True,False,
train,1346,train_1347.png,1.0,data/images/train/train_1347.png,True,True,False,
train,1347,train_1348.png,1.0,data/images/train/train_1348.png,True,True,False,
train,1348,train_1349.png,1.0,data/images/train/train_1349.png,True,True,False,
train,1349,train_1350.png,1.0,data/images/train/train_1350.png,True,True,False,
train,1350,train_1351.png,1.0,data/images/train/train_1351.png,True,True,False,
train,1351,train_1352.png,1.0,data/images/train/train_1352.png,True,True,False,
train,1352,train_1353.png,1.0,data/images/train/train_1353.png,True,True,False,
train,1353,train_1354.png,1.0,data/images/train/train_1354.png,True,True,False,
train,1354,train_1355.png,1.0,data/images/train/train_1355.png,True,True,False,
train,1355,train_1356.png,1.0,data/images/train/train_1356.png,True,True,False,
train,1356,train_1357.png,1.0,data/images/train/train_1357.png,True,True,False,
train,1357,train_1358.png,1.0,data/images/train/train_1358.png,True,True,False,
train,1358,train_1359.png,1.0,data/images/train/train_1359.png,True,True,False,
train,1359,train_1360.png,1.0,data/images/train/train_1360.png,True,True,False,
train,1360,train_1361.png,1.0,data/images/train/train_1361.png,True,True,False,
train,1361,train_1362.png,1.0,data/images/train/train_1362.png,True,True,False,
train,1362,train_1363.png,1.0,data/images/train/train_1363.png,True,True,False,
train,1363,train_1364.png,1.0,data/images/train/train_1364.png,True,True,False,
train,1364,train_1365.png,1.0,data/images/train/train_1365.png,True,True,False,
train,1365,train_1366.png,1.0,data/images/train/train_1366.png,True,True,False,
train,1366,train_1367.png,1.0,data/images/train/train_1367.png,True,True,False,
train,1367,train_1368.png,1.0,data/images/train/train_1368.png,True,True,False,
train,1368,train_1369.png,1.0,data/images/train/train_1369.png,True,True,False,
train,1369,train_1370.png,1.0,data/images/train/train_1370.png,True,True,False,
train,1370,train_1371.png,1.0,data/images/train/train_1371.png,True,True,False,
train,1371,train_1372.png,1.0,data/images/train/train_1372.png,True,True,False,
train,1372,train_1373.png,1.0,data/images/train/train_1373.png,True,True,False,
train,1373,train_1374.png,1.0,data/images/train/train_1374.png,True,True,False,
train,1374,train_1375.png,1.0,data/images/train/train_1375.png,True,True,False,
train,1375,train_1376.png,1.0,data/images/train/train_1376.png,True,True,False,
train,1376,train_1377.png,1.0,data/images/train/train_1377.png,True,True,False,
train,1377,train_1378.png,1.0,data/images/train/train_1378.png,True,True,False,
train,1378,train_1379.png,1.0,data/images/train/train_1379.png,True,True,False,
train,1379,train_1380.png,1.0,data/images/train/train_1380.png,True,True,False,
train,1380,train_1381.png,1.0,data/images/train/train_1381.png,True,True,False,
train,1381,train_1382.png,1.0,data/images/train/train_1382.png,True,True,False,
train,1382,train_1383.png,1.0,data/images/train/train_1383.png,True,True,False,
train,1383,train_1384.png,1.0,data/images/train/train_1384.png,True,True,False,
train,1384,train_1385.png,1.0,data/images/train/train_1385.png,True,True,False,
train,1385,train_1386.png,1.0,data/images/train/train_1386.png,True,True,False,
train,1386,train_1387.png,1.0,data/images/train/train_1387.png,True,True,False,
train,1387,train_1388.png,1.0,data/images/train/train_1388.png,True,True,False,
train,1388,train_1389.png,1.0,data/images/train/train_1389.png,True,True,False,
train,1389,train_1390.png,1.0,data/images/train/train_1390.png,True,True,False,
train,1390,train_1391.png,1.0,data/images/train/train_1391.png,True,True,False,
train,1391,train_1392.png,1.0,data/images/train/train_1392.png,True,True,False,
train,1392,train_1393.png,1.0,data/images/train/train_1393.png,True,True,False,
train,1393,train_1394.png,1.0,data/images/train/train_1394.png,True,True,False,
train,1394,train_1395.png,1.0,data/images/train/train_1395.png,True,True,False,
train,1395,train_1396.png,1.0,data/images/train/train_1396.png,True,True,False,
train,1396,train_1397.png,1.0,data/images/train/train_1397.png,True,True,False,
train,1397,train_1398.png,1.0,data/images/train/train_1398.png,True,True,False,
train,1398,train_1399.png,1.0,data/images/train/train_1399.png,True,True,False,
train,1399,train_1400.png,1.0,data/images/train/train_1400.png,True,True,False,
train,1400,train_1401.png,1.0,data/images/train/train_1401.png,True,True,False,
train,1401,train_1402.png,1.0,data/images/train/train_1402.png,True,True,False,
train,1402,train_1403.png,1.0,data/images/train/train_1403.png,True,True,False,
train,1403,train_1404.png,1.0,data/images/train/train_1404.png,True,True,False,
train,1404,train_1405.png,1.0,data/images/train/train_1405.png,True,True,False,
train,1405,train_1406.png,1.0,data/images/train/train_1406.png,True,True,False,
train,1406,train_1407.png,1.0,data/images/train/train_1407.png,True,True,False,
train,1407,train_1408.png,1.0,data/images/train/train_1408.png,True,True,False,
train,1408,train_1409.png,1.0,data/images/train/train_1409.png,True,True,False,
train,1409,train_1410.png,1.0,data/images/train/train_1410.png,True,True,False,
train,1410,train_1411.png,1.0,data/images/train/train_1411.png,True,True,False,
train,1411,train_1412.png,1.0,data/images/train/train_1412.png,True,True,False,
train,1412,train_1413.png,1.0,data/images/train/train_1413.png,True,True,False,
train,1413,train_1414.png,1.0,data/images/train/train_1414.png,True,True,False,
train,1414,train_1415.png,1.0,data/images/train/train_1415.png,True,True,False,
train,1415,train_1416.png,1.0,data/images/train/train_1416.png,True,True,False,
train,1416,train_1417.png,1.0,data/images/train/train_1417.png,True,True,False,
train,1417,train_1418.png,1.0,data/images/train/train_1418.png,True,True,False,
train,1418,train_1419.png,1.0,data/images/train/train_1419.png,True,True,False,
train,1419,train_1420.png,1.0,data/images/train/train_1420.png,True,True,False,
train,1420,train_1421.png,1.0,data/images/train/train_1421.png,True,True,False,
train,1421,train_1422.png,1.0,data/images/train/train_1422.png,True,True,False,
train,1422,train_1423.png,1.0,data/images/train/train_1423.png,True,True,False,
train,1423,train_1424.png,1.0,data/images/train/train_1424.png,True,True,False,
train,1424,train_1425.png,1.0,data/images/train/train_1425.png,True,True,False,
train,1425,train_1426.png,1.0,data/images/train/train_1426.png,True,True,False,
train,1426,train_1427.png,1.0,data/images/train/train_1427.png,True,True,False,
train,1427,train_1428.png,1.0,data/images/train/train_1428.png,True,True,False,
train,1428,train_1429.png,1.0,data/images/train/train_1429.png,True,True,False,
train,1429,train_1430.png,1.0,data/images/train/train_1430.png,True,True,False,
train,1430,train_1431.png,1.0,data/images/train/train_1431.png,True,True,False,
train,1431,train_1432.png,1.0,data/images/train/train_1432.png,True,True,False,
train,1432,train_1433.png,1.0,data/images/train/train_1433.png,True,True,False,
train,1433,train_1434.png,1.0,data/images/train/train_1434.png,True,True,False,
train,1434,train_1435.png,1.0,data/images/train/train_1435.png,True,True,False,
train,1435,train_1436.png,1.0,data/images/train/train_1436.png,True,True,False,
train,1436,train_1437.png,1.0,data/images/train/train_1437.png,True,True,False,
train,1437,train_1438.png,1.0,data/images/train/train_1438.png,True,True,False,
train,1438,train_1439.png,1.0,data/images/train/train_1439.png,True,True,False,
train,1439,train_1440.png,1.0,data/images/train/train_1440.png,True,True,False,
train,1440,train_1441.png,1.0,data/images/train/train_1441.png,True,True,False,
train,1441,train_1442.png,1.0,data/images/train/train_1442.png,True,True,False,
train,1442,train_1443.png,1.0,data/images/train/train_1443.png,True,True,False,
train,1443,train_1444.png,1.0,data/images/train/train_1444.png,True,True,False,
train,1444,train_1445.png,1.0,data/images/train/train_1445.png,True,True,False,
train,1445,train_1446.png,1.0,data/images/train/train_1446.png,True,True,False,
train,1446,train_1447.png,1.0,data/images/train/train_1447.png,True,True,False,
train,1447,train_1448.png,1.0,data/images/train/train_1448.png,True,True,False,
train,1448,train_1449.png,1.0,data/images/train/train_1449.png,True,True,False,
train,1449,train_1450.png,1.0,data/images/train/train_1450.png,True,True,False,
train,1450,train_1451.png,1.0,data/images/train/train_1451.png,True,True,False,
train,1451,train_1452.png,1.0,data/images/train/train_1452.png,True,True,False,
train,1452,train_1453.png,1.0,data/images/train/train_1453.png,True,True,False,
train,1453,train_1454.png,1.0,data/images/train/train_1454.png,True,True,False,
train,1454,train_1455.png,1.0,data/images/train/train_1455.png,True,True,False,
train,1455,train_1456.png,1.0,data/images/train/train_1456.png,True,True,False,
train,1456,train_1457.png,1.0,data/images/train/train_1457.png,True,True,False,
train,1457,train_1458.png,1.0,data/images/train/train_1458.png,True,True,False,
train,1458,train_1459.png,1.0,data/images/train/train_1459.png,True,True,False,
train,1459,train_1460.png,1.0,data/images/train/train_1460.png,True,True,False,
train,1460,train_1461.png,1.0,data/images/train/train_1461.png,True,True,False,
train,1461,train_1462.png,1.0,data/images/train/train_1462.png,True,True,False,
train,1462,train_1463.png,1.0,data/images/train/train_1463.png,True,True,False,
train,1463,train_1464.png,1.0,data/images/train/train_1464.png,True,True,False,
train,1464,train_1465.png,1.0,data/images/train/train_1465.png,True,True,False,
train,1465,train_1466.png,1.0,data/images/train/train_1466.png,True,True,False,
train,1466,train_1467.png,1.0,data/images/train/train_1467.png,True,True,False,
train,1467,train_1468.png,1.0,data/images/train/train_1468.png,True,True,False,
train,1468,train_1469.png,1.0,data/images/train/train_1469.png,True,True,False,
train,1469,train_1470.png,1.0,data/images/train/train_1470.png,True,True,False,
train,1470,train_1471.png,1.0,data/images/train/train_1471.png,True,True,False,
train,1471,train_1472.png,1.0,data/images/train/train_1472.png,True,True,False,
train,1472,train_1473.png,1.0,data/images/train/train_1473.png,True,True,False,
train,1473,train_1474.png,1.0,data/images/train/train_1474.png,True,True,False,
train,1474,train_1475.png,1.0,data/images/train/train_1475.png,True,True,False,
train,1475,train_1476.png,1.0,data/images/train/train_1476.png,True,True,False,
train,1476,train_1477.png,1.0,data/images/train/train_1477.png,True,True,False,
train,1477,train_1478.png,1.0,data/images/train/train_1478.png,True,True,False,
train,1478,train_1479.png,1.0,data/images/train/train_1479.png,True,True,False,
train,1479,train_1480.png,1.0,data/images/train/train_1480.png,True,True,False,
train,1480,train_1481.png,1.0,data/images/train/train_1481.png,True,True,False,
train,1481,train_1482.png,1.0,data/images/train/train_1482.png,True,True,False,
train,1482,train_1483.png,1.0,data/images/train/train_1483.png,True,True,False,
train,1483,train_1484.png,1.0,data/images/train/train_1484.png,True,True,False,
train,1484,train_1485.png,1.0,data/images/train/train_1485.png,True,True,False,
train,1485,train_1486.png,1.0,data/images/train/train_1486.png,True,True,False,
train,1486,train_1487.png,1.0,data/images/train/train_1487.png,True,True,False,
train,1487,train_1488.png,1.0,data/images/train/train_1488.png,True,True,False,
train,1488,train_1489.png,1.0,data/images/train/train_1489.png,True,True,False,
train,1489,train_1490.png,1.0,data/images/train/train_1490.png,True,True,False,
train,1490,train_1491.png,1.0,data/images/train/train_1491.png,True,True,False,
train,1491,train_1492.png,1.0,data/images/train/train_1492.png,True,True,False,
train,1492,train_1493.png,1.0,data/images/train/train_1493.png,True,True,False,
train,1493,train_1494.png,1.0,data/images/train/train_1494.png,True,True,False,
train,1494,train_1495.png,1.0,data/images/train/train_1495.png,True,True,False,
train,1495,train_1496.png,1.0,data/images/train/train_1496.png,True,True,False,
train,1496,train_1497.png,1.0,data/images/train/train_1497.png,True,True,False,
train,1497,train_1498.png,1.0,data/images/train/train_1498.png,True,True,False,
train,1498,train_1499.png,1.0,data/images/train/train_1499.png,True,True,False,
train,1499,train_1500.png,1.0,data/images/train/train_1500.png,True,True,False,
train,1500,train_1501.png,1.0,data/images/train/train_1501.png,True,True,False,
train,1501,train_1502.png,1.0,data/images/train/train_1502.png,True,True,False,
train,1502,train_1503.png,1.0,data/images/train/train_1503.png,True,True,False,
train,1503,train_1504.png,1.0,data/images/train/train_1504.png,True,True,False,
train,1504,train_1505.png,1.0,data/images/train/train_1505.png,True,True,False,
train,1505,train_1506.png,1.0,data/images/train/train_1506.png,True,True,False,
train,1506,train_1507.png,1.0,data/images/train/train_1507.png,True,True,False,
train,1507,train_1508.png,1.0,data/images/train/train_1508.png,True,True,False,
train,1508,train_1509.png,1.0,data/images/train/train_1509.png,True,True,False,
train,1509,train_1510.png,1.0,data/images/train/train_1510.png,True,True,False,
train,1510,train_1511.png,1.0,data/images/train/train_1511.png,True,True,False,
train,1511,train_1512.png,1.0,data/images/train/train_1512.png,True,True,False,
train,1512,train_1513.png,1.0,data/images/train/train_1513.png,True,True,False,
train,1513,train_1514.png,1.0,data/images/train/train_1514.png,True,True,False,
train,1514,train_1515.png,1.0,data/images/train/train_1515.png,True,True,False,
train,1515,train_1516.png,1.0,data/images/train/train_1516.png,True,True,False,
train,1516,train_1517.png,1.0,data/images/train/train_1517.png,True,True,False,
train,1517,train_1518.png,1.0,data/images/train/train_1518.png,True,True,False,
train,1518,train_1519.png,1.0,data/images/train/train_1519.png,True,True,False,
train,1519,train_1520.png,1.0,data/images/train/train_1520.png,True,True,False,
train,1520,train_1521.png,1.0,data/images/train/train_1521.png,True,True,False,
train,1521,train_1522.png,1.0,data/images/train/train_1522.png,True,True,False,
train,1522,train_1523.png,1.0,data/images/train/train_1523.png,True,True,False,
train,1523,train_1524.png,1.0,data/images/train/train_1524.png,True,True,False,
train,1524,train_1525.png,1.0,data/images/train/train_1525.png,True,True,False,
train,1525,train_1526.png,1.0,data/images/train/train_1526.png,True,True,False,
train,1526,train_1527.png,1.0,data/images/train/train_1527.png,True,True,False,
train,1527,train_1528.png,1.0,data/images/train/train_1528.png,True,True,False,
train,1528,train_1529.png,1.0,data/images/train/train_1529.png,True,True,False,
train,1529,train_1530.png,1.0,data/images/train/train_1530.png,True,True,False,
train,1530,train_1531.png,1.0,data/images/train/train_1531.png,True,True,False,
train,1531,train_1532.png,1.0,data/images/train/train_1532.png,True,True,False,
train,1532,train_1533.png,1.0,data/images/train/train_1533.png,True,True,False,
train,1533,train_1534.png,1.0,data/images/train/train_1534.png,True,True,False,
train,1534,train_1535.png,1.0,data/images/train/train_1535.png,True,True,False,
train,1535,train_1536.png,1.0,data/images/train/train_1536.png,True,True,False,
train,1536,train_1537.png,1.0,data/images/train/train_1537.png,True,True,False,
train,1537,train_1538.png,1.0,data/images/train/train_1538.png,True,True,False,
train,1538,train_1539.png,1.0,data/images/train/train_1539.png,True,True,False,
train,1539,train_1540.png,1.0,data/images/train/train_1540.png,True,True,False,
train,1540,train_1541.png,1.0,data/images/train/train_1541.png,True,True,False,
train,1541,train_1542.png,1.0,data/images/train/train_1542.png,True,True,False,
train,1542,train_1543.png,1.0,data/images/train/train_1543.png,True,True,False,
train,1543,train_1544.png,1.0,data/images/train/train_1544.png,True,True,False,
train,1544,train_1545.png,1.0,data/images/train/train_1545.png,True,True,False,
train,1545,train_1546.png,1.0,data/images/train/train_1546.png,True,True,False,
train,1546,train_1547.png,1.0,data/images/train/train_1547.png,True,True,False,
train,1547,train_1548.png,1.0,data/images/train/train_1548.png,True,True,False,
train,1548,train_1549.png,1.0,data/images/train/train_1549.png,True,True,False,
train,1549,train_1550.png,1.0,data/images/train/train_1550.png,True,True,False,
train,1550,train_1551.png,1.0,data/images/train/train_1551.png,True,True,False,
train,1551,train_1552.png,1.0,data/images/train/train_1552.png,True,True,False,
train,1552,train_1553.png,1.0,data/images/train/train_1553.png,True,True,False,
train,1553,train_1554.png,1.0,data/images/train/train_1554.png,True,True,False,
train,1554,train_1555.png,1.0,data/images/train/train_1555.png,True,True,False,
train,1555,train_1556.png,1.0,data/images/train/train_1556.png,True,True,False,
train,1556,train_1557.png,1.0,data/images/train/train_1557.png,True,True,False,
train,1557,train_1558.png,1.0,data/images/train/train_1558.png,True,True,False,
train,1558,train_1559.png,1.0,data/images/train/train_1559.png,True,True,False,
train,1559,train_1560.png,1.0,data/images/train/train_1560.png,True,True,False,
train,1560,train_1561.png,1.0,data/images/train/train_1561.png,True,True,False,
train,1561,train_1562.png,1.0,data/images/train/train_1562.png,True,True,False,
train,1562,train_1563.png,1.0,data/images/train/train_1563.png,True,True,False,
train,1563,train_1564.png,1.0,data/images/train/train_1564.png,True,True,False,
train,1564,train_1565.png,1.0,data/images/train/train_1565.png,True,True,False,
train,1565,train_1566.png,1.0,data/images/train/train_1566.png,True,True,False,
train,1566,train_1567.png,1.0,data/images/train/train_1567.png,True,True,False,
train,1567,train_1568.png,1.0,data/images/train/train_1568.png,True,True,False,
train,1568,train_1569.png,1.0,data/images/train/train_1569.png,True,True,False,
train,1569,train_1570.png,1.0,data/images/train/train_1570.png,True,True,False,
train,1570,train_1571.png,1.0,data/images/train/train_1571.png,True,True,False,
train,1571,train_1572.png,1.0,data/images/train/train_1572.png,True,True,False,
train,1572,train_1573.png,1.0,data/images/train/train_1573.png,True,True,False,
train,1573,train_1574.png,1.0,data/images/train/train_1574.png,True,True,False,
train,1574,train_1575.png,1.0,data/images/train/train_1575.png,True,True,False,
train,1575,train_1576.png,1.0,data/images/train/train_1576.png,True,True,False,
train,1576,train_1577.png,1.0,data/images/train/train_1577.png,True,True,False,
train,1577,train_1578.png,1.0,data/images/train/train_1578.png,True,True,False,
train,1578,train_1579.png,1.0,data/images/train/train_1579.png,True,True,False,
train,1579,train_1580.png,1.0,data/images/train/train_1580.png,True,True,False,
train,1580,train_1581.png,1.0,data/images/train/train_1581.png,True,True,False,
train,1581,train_1582.png,1.0,data/images/train/train_1582.png,True,True,False,
train,1582,train_1583.png,1.0,data/images/train/train_1583.png,True,True,False,
train,1583,train_1584.png,1.0,data/images/train/train_1584.png,True,True,False,
train,1584,train_1585.png,1.0,data/images/train/train_1585.png,True,True,False,
train,1585,train_1586.png,1.0,data/images/train/train_1586.png,True,True,False,
train,1586,train_1587.png,1.0,data/images/train/train_1587.png,True,True,False,
train,1587,train_1588.png,1.0,data/images/train/train_1588.png,True,True,False,
train,1588,train_1589.png,1.0,data/images/train/train_1589.png,True,True,False,
train,1589,train_1590.png,1.0,data/images/train/train_1590.png,True,True,False,
train,1590,train_1591.png,1.0,data/images/train/train_1591.png,True,True,False,
train,1591,train_1592.png,1.0,data/images/train/train_1592.png,True,True,False,
train,1592,train_1593.png,1.0,data/images/train/train_1593.png,True,True,False,
train,1593,train_1594.png,1.0,data/images/train/train_1594.png,True,True,False,
train,1594,train_1595.png,1.0,data/images/train/train_1595.png,True,True,False,
train,1595,train_1596.png,1.0,data/images/train/train_1596.png,True,True,False,
train,1596,train_1597.png,1.0,data/images/train/train_1597.png,True,True,False,
train,1597,train_1598.png,1.0,data/images/train/train_1598.png,True,True,False,
train,1598,train_1599.png,1.0,data/images/train/train_1599.png,True,True,False,
train,1599,train_1600.png,1.0,data/images/train/train_1600.png,True,True,False,
train,1600,train_1601.png,1.0,data/images/train/train_1601.png,True,True,False,
train,1601,train_1602.png,1.0,data/images/train/train_1602.png,True,True,False,
train,1602,train_1603.png,1.0,data/images/train/train_1603.png,True,True,False,
train,1603,train_1604.png,1.0,data/images/train/train_1604.png,True,True,False,
train,1604,train_1605.png,1.0,data/images/train/train_1605.png,True,True,False,
train,1605,train_1606.png,1.0,data/images/train/train_1606.png,True,True,False,
train,1606,train_1607.png,1.0,data/images/train/train_1607.png,True,True,False,
train,1607,train_1608.png,1.0,data/images/train/train_1608.png,True,True,False,
train,1608,train_1609.png,1.0,data/images/train/train_1609.png,True,True,False,
train,1609,train_1610.png,1.0,data/images/train/train_1610.png,True,True,False,
train,1610,train_1611.png,1.0,data/images/train/train_1611.png,True,True,False,
train,1611,train_1612.png,1.0,data/images/train/train_1612.png,True,True,False,
train,1612,train_1613.png,1.0,data/images/train/train_1613.png,True,True,False,
train,1613,train_1614.png,1.0,data/images/train/train_1614.png,True,True,False,
train,1614,train_1615.png,1.0,data/images/train/train_1615.png,True,True,False,
train,1615,train_1616.png,1.0,data/images/train/train_1616.png,True,True,False,
train,1616,train_1617.png,1.0,data/images/train/train_1617.png,True,True,False,
train,1617,train_1618.png,1.0,data/images/train/train_1618.png,True,True,False,
train,1618,train_1619.png,1.0,data/images/train/train_1619.png,True,True,False,
train,1619,train_1620.png,1.0,data/images/train/train_1620.png,True,True,False,
train,1620,train_1621.png,1.0,data/images/train/train_1621.png,True,True,False,
train,1621,train_1622.png,1.0,data/images/train/train_1622.png,True,True,False,
train,1622,train_1623.png,1.0,data/images/train/train_1623.png,True,True,False,
train,1623,train_1624.png,1.0,data/images/train/train_1624.png,True,True,False,
train,1624,train_1625.png,1.0,data/images/train/train_1625.png,True,True,False,
train,1625,train_1626.png,1.0,data/images/train/train_1626.png,True,True,False,
train,1626,train_1627.png,1.0,data/images/train/train_1627.png,True,True,False,
train,1627,train_1628.png,1.0,data/images/train/train_1628.png,True,True,False,
train,1628,train_1629.png,1.0,data/images/train/train_1629.png,True,True,False,
train,1629,train_1630.png,1.0,data/images/train/train_1630.png,True,True,False,
train,1630,train_1631.png,1.0,data/images/train/train_1631.png,True,True,False,
train,1631,train_1632.png,1.0,data/images/train/train_1632.png,True,True,False,
train,1632,train_1633.png,1.0,data/images/train/train_1633.png,True,True,False,
train,1633,train_1634.png,1.0,data/images/train/train_1634.png,True,True,False,
train,1634,train_1635.png,1.0,data/images/train/train_1635.png,True,True,False,
train,1635,train_1636.png,1.0,data/images/train/train_1636.png,True,True,False,
train,1636,train_1637.png,1.0,data/images/train/train_1637.png,True,True,False,
train,1637,train_1638.png,1.0,data/images/train/train_1638.png,True,True,False,
train,1638,train_1639.png,1.0,data/images/train/train_1639.png,True,True,False,
train,1639,train_1640.png,1.0,data/images/train/train_1640.png,True,True,False,
train,1640,train_1641.png,1.0,data/images/train/train_1641.png,True,True,False,
train,1641,train_1642.png,1.0,data/images/train/train_1642.png,True,True,False,
train,1642,train_1643.png,1.0,data/images/train/train_1643.png,True,True,False,
train,1643,train_1644.png,1.0,data/images/train/train_1644.png,True,True,False,
train,1644,train_1645.png,1.0,data/images/train/train_1645.png,True,True,False,
train,1645,train_1646.png,1.0,data/images/train/train_1646.png,True,True,False,
train,1646,train_1647.png,1.0,data/images/train/train_1647.png,True,True,False,
train,1647,train_1648.png,1.0,data/images/train/train_1648.png,True,True,False,
train,1648,train_1649.png,1.0,data/images/train/train_1649.png,True,True,False,
train,1649,train_1650.png,1.0,data/images/train/train_1650.png,True,True,False,
train,1650,train_1651.png,1.0,data/images/train/train_1651.png,True,True,False,
train,1651,train_1652.png,1.0,data/images/train/train_1652.png,True,True,False,
train,1652,train_1653.png,1.0,data/images/train/train_1653.png,True,True,False,
train,1653,train_1654.png,1.0,data/images/train/train_1654.png,True,True,False,
train,1654,train_1655.png,1.0,data/images/train/train_1655.png,True,True,False,
train,1655,train_1656.png,1.0,data/images/train/train_1656.png,True,True,False,
train,1656,train_1657.png,1.0,data/images/train/train_1657.png,True,True,False,
train,1657,train_1658.png,1.0,data/images/train/train_1658.png,True,True,False,
train,1658,train_1659.png,1.0,data/images/train/train_1659.png,True,True,False,
train,1659,train_1660.png,1.0,data/images/train/train_1660.png,True,True,False,
train,1660,train_1661.png,1.0,data/images/train/train_1661.png,True,True,False,
train,1661,train_1662.png,1.0,data/images/train/train_1662.png,True,True,False,
train,1662,train_1663.png,1.0,data/images/train/train_1663.png,True,True,False,
train,1663,train_1664.png,1.0,data/images/train/train_1664.png,True,True,False,
train,1664,train_1665.png,1.0,data/images/train/train_1665.png,True,True,False,
train,1665,train_1666.png,1.0,data/images/train/train_1666.png,True,True,False,
train,1666,train_1667.png,1.0,data/images/train/train_1667.png,True,True,False,
train,1667,train_1668.png,1.0,data/images/train/train_1668.png,True,True,False,
train,1668,train_1669.png,1.0,data/images/train/train_1669.png,True,True,False,
train,1669,train_1670.png,1.0,data/images/train/train_1670.png,True,True,False,
train,1670,train_1671.png,1.0,data/images/train/train_1671.png,True,True,False,
train,1671,train_1672.png,1.0,data/images/train/train_1672.png,True,True,False,
train,1672,train_1673.png,1.0,data/images/train/train_1673.png,True,True,False,
train,1673,train_1674.png,1.0,data/images/train/train_1674.png,True,True,False,
train,1674,train_1675.png,1.0,data/images/train/train_1675.png,True,True,False,
train,1675,train_1676.png,1.0,data/images/train/train_1676.png,True,True,False,
train,1676,train_1677.png,1.0,data/images/train/train_1677.png,True,True,False,
train,1677,train_1678.png,1.0,data/images/train/train_1678.png,True,True,False,
train,1678,train_1679.png,1.0,data/images/train/train_1679.png,True,True,False,
train,1679,train_1680.png,1.0,data/images/train/train_1680.png,True,True,False,
train,1680,train_1681.png,1.0,data/images/train/train_1681.png,True,True,False,
train,1681,train_1682.png,1.0,data/images/train/train_1682.png,True,True,False,
train,1682,train_1683.png,1.0,data/images/train/train_1683.png,True,True,False,
train,1683,train_1684.png,1.0,data/images/train/train_1684.png,True,True,False,
train,1684,train_1685.png,1.0,data/images/train/train_1685.png,True,True,False,
train,1685,train_1686.png,1.0,data/images/train/train_1686.png,True,True,False,
train,1686,train_1687.png,1.0,data/images/train/train_1687.png,True,True,False,
train,1687,train_1688.png,1.0,data/images/train/train_1688.png,True,True,False,
train,1688,train_1689.png,1.0,data/images/train/train_1689.png,True,True,False,
train,1689,train_1690.png,1.0,data/images/train/train_1690.png,True,True,False,
train,1690,train_1691.png,1.0,data/images/train/train_1691.png,True,True,False,
train,1691,train_1692.png,1.0,data/images/train/train_1692.png,True,True,False,
train,1692,train_1693.png,1.0,data/images/train/train_1693.png,True,True,False,
train,1693,train_1694.png,1.0,data/images/train/train_1694.png,True,True,False,
train,1694,train_1695.png,1.0,data/images/train/train_1695.png,True,True,False,
train,1695,train_1696.png,1.0,data/images/train/train_1696.png,True,True,False,
train,1696,train_1697.png,1.0,data/images/train/train_1697.png,True,True,False,
train,1697,train_1698.png,1.0,data/images/train/train_1698.png,True,True,False,
train,1698,train_1699.png,1.0,data/images/train/train_1699.png,True,True,False,
train,1699,train_1700.png,1.0,data/images/train/train_1700.png,True,True,False,
train,1700,train_1701.png,1.0,data/images/train/train_1701.png,True,True,False,
train,1701,train_1702.png,1.0,data/images/train/train_1702.png,True,True,False,
train,1702,train_1703.png,1.0,data/images/train/train_1703.png,True,True,False,
train,1703,train_1704.png,1.0,data/images/train/train_1704.png,True,True,False,
train,1704,train_1705.png,1.0,data/images/train/train_1705.png,True,True,False,
train,1705,train_1706.png,1.0,data/images/train/train_1706.png,True,True,False,
train,1706,train_1707.png,1.0,data/images/train/train_1707.png,True,True,False,
train,1707,train_1708.png,1.0,data/images/train/train_1708.png,True,True,False,
train,1708,train_1709.png,1.0,data/images/train/train_1709.png,True,True,False,
train,1709,train_1710.png,1.0,data/images/train/train_1710.png,True,True,False,
train,1710,train_1711.png,1.0,data/images/train/train_1711.png,True,True,False,
train,1711,train_1712.png,1.0,data/images/train/train_1712.png,True,True,False,
train,1712,train_1713.png,1.0,data/images/train/train_1713.png,True,True,False,
train,1713,train_1714.png,1.0,data/images/train/train_1714.png,True,True,False,
train,1714,train_1715.png,1.0,data/images/train/train_1715.png,True,True,False,
train,1715,train_1716.png,1.0,data/images/train/train_1716.png,True,True,False,
train,1716,train_1717.png,1.0,data/images/train/train_1717.png,True,True,False,
train,1717,train_1718.png,1.0,data/images/train/train_1718.png,True,True,False,
train,1718,train_1719.png,1.0,data/images/train/train_1719.png,True,True,False,
train,1719,train_1720.png,1.0,data/images/train/train_1720.png,True,True,False,
train,1720,train_1721.png,1.0,data/images/train/train_1721.png,True,True,False,
train,1721,train_1722.png,1.0,data/images/train/train_1722.png,True,True,False,
train,1722,train_1723.png,1.0,data/images/train/train_1723.png,True,True,False,
train,1723,train_1724.png,1.0,data/images/train/train_1724.png,True,True,False,
train,1724,train_1725.png,1.0,data/images/train/train_1725.png,True,True,False,
train,1725,train_1726.png,1.0,data/images/train/train_1726.png,True,True,False,
train,1726,train_1727.png,1.0,data/images/train/train_1727.png,True,True,False,
train,1727,train_1728.png,1.0,data/images/train/train_1728.png,True,True,False,
train,1728,train_1729.png,1.0,data/images/train/train_1729.png,True,True,False,
train,1729,train_1730.png,1.0,data/images/train/train_1730.png,True,True,False,
train,1730,train_1731.png,1.0,data/images/train/train_1731.png,True,True,False,
train,1731,train_1732.png,1.0,data/images/train/train_1732.png,True,True,False,
train,1732,train_1733.png,1.0,data/images/train/train_1733.png,True,True,False,
train,1733,train_1734.png,1.0,data/images/train/train_1734.png,True,True,False,
train,1734,train_1735.png,1.0,data/images/train/train_1735.png,True,True,False,
train,1735,train_1736.png,1.0,data/images/train/train_1736.png,True,True,False,
train,1736,train_1737.png,1.0,data/images/train/train_1737.png,True,True,False,
train,1737,train_1738.png,1.0,data/images/train/train_1738.png,True,True,False,
train,1738,train_1739.png,1.0,data/images/train/train_1739.png,True,True,False,
train,1739,train_1740.png,1.0,data/images/train/train_1740.png,True,True,False,
train,1740,train_1741.png,1.0,data/images/train/train_1741.png,True,True,False,
train,1741,train_1742.png,1.0,data/images/train/train_1742.png,True,True,False,
train,1742,train_1743.png,1.0,data/images/train/train_1743.png,True,True,False,
train,1743,train_1744.png,1.0,data/images/train/train_1744.png,True,True,False,
train,1744,train_1745.png,1.0,data/images/train/train_1745.png,True,True,False,
train,1745,train_1746.png,1.0,data/images/train/train_1746.png,True,True,False,
train,1746,train_1747.png,1.0,data/images/train/train_1747.png,True,True,False,
train,1747,train_1748.png,1.0,data/images/train/train_1748.png,True,True,False,
train,1748,train_1749.png,1.0,data/images/train/train_1749.png,True,True,False,
train,1749,train_1750.png,1.0,data/images/train/train_1750.png,True,True,False,
train,1750,train_1751.png,1.0,data/images/train/train_1751.png,True,True,False,
train,1751,train_1752.png,1.0,data/images/train/train_1752.png,True,True,False,
train,1752,train_1753.png,1.0,data/images/train/train_1753.png,True,True,False,
train,1753,train_1754.png,1.0,data/images/train/train_1754.png,True,True,False,
train,1754,train_1755.png,1.0,data/images/train/train_1755.png,True,True,False,
train,1755,train_1756.png,1.0,data/images/train/train_1756.png,True,True,False,
train,1756,train_1757.png,1.0,data/images/train/train_1757.png,True,True,False,
train,1757,train_1758.png,1.0,data/images/train/train_1758.png,True,True,False,
train,1758,train_1759.png,1.0,data/images/train/train_1759.png,True,True,False,
train,1759,train_1760.png,1.0,data/images/train/train_1760.png,True,True,False,
train,1760,train_1761.png,1.0,data/images/train/train_1761.png,True,True,False,
train,1761,train_1762.png,1.0,data/images/train/train_1762.png,True,True,False,
train,1762,train_1763.png,1.0,data/images/train/train_1763.png,True,True,False,
train,1763,train_1764.png,1.0,data/images/train/train_1764.png,True,True,False,
train,1764,train_1765.png,1.0,data/images/train/train_1765.png,True,True,False,
train,1765,train_1766.png,1.0,data/images/train/train_1766.png,True,True,False,
train,1766,train_1767.png,1.0,data/images/train/train_1767.png,True,True,False,
train,1767,train_1768.png,1.0,data/images/train/train_1768.png,True,True,False,
train,1768,train_1769.png,1.0,data/images/train/train_1769.png,True,True,False,
train,1769,train_1770.png,1.0,data/images/train/train_1770.png,True,True,False,
train,1770,train_1771.png,1.0,data/images/train/train_1771.png,True,True,False,
train,1771,train_1772.png,1.0,data/images/train/train_1772.png,True,True,False,
train,1772,train_1773.png,1.0,data/images/train/train_1773.png,True,True,False,
train,1773,train_1774.png,1.0,data/images/train/train_1774.png,True,True,False,
train,1774,train_1775.png,1.0,data/images/train/train_1775.png,True,True,False,
train,1775,train_1776.png,1.0,data/images/train/train_1776.png,True,True,False,
train,1776,train_1777.png,1.0,data/images/train/train_1777.png,True,True,False,
train,1777,train_1778.png,1.0,data/images/train/train_1778.png,True,True,False,
train,1778,train_1779.png,1.0,data/images/train/train_1779.png,True,True,False,
train,1779,train_1780.png,1.0,data/images/train/train_1780.png,True,True,False,
train,1780,train_1781.png,1.0,data/images/train/train_1781.png,True,True,False,
train,1781,train_1782.png,1.0,data/images/train/train_1782.png,True,True,False,
train,1782,train_1783.png,1.0,data/images/train/train_1783.png,True,True,False,
train,1783,train_1784.png,1.0,data/images/train/train_1784.png,True,True,False,
train,1784,train_1785.png,1.0,data/images/train/train_1785.png,True,True,False,
train,1785,train_1786.png,1.0,data/images/train/train_1786.png,True,True,False,
train,1786,train_1787.png,1.0,data/images/train/train_1787.png,True,True,False,
train,1787,train_1788.png,1.0,data/images/train/train_1788.png,True,True,False,
train,1788,train_1789.png,1.0,data/images/train/train_1789.png,True,True,False,
train,1789,train_1790.png,1.0,data/images/train/train_1790.png,True,True,False,
train,1790,train_1791.png,1.0,data/images/train/train_1791.png,True,True,False,
train,1791,train_1792.png,1.0,data/images/train/train_1792.png,True,True,False,
train,1792,train_1793.png,1.0,data/images/train/train_1793.png,True,True,False,
train,1793,train_1794.png,1.0,data/images/train/train_1794.png,True,True,False,
train,1794,train_1795.png,1.0,data/images/train/train_1795.png,True,True,False,
train,1795,train_1796.png,1.0,data/images/train/train_1796.png,True,True,False,
train,1796,train_1797.png,1.0,data/images/train/train_1797.png,True,True,False,
train,1797,train_1798.png,1.0,data/images/train/train_1798.png,True,True,False,
train,1798,train_1799.png,1.0,data/images/train/train_1799.png,True,True,False,
train,1799,train_1800.png,1.0,data/images/train/train_1800.png,True,True,False,
train,1800,train_1801.png,1.0,data/images/train/train_1801.png,True,True,False,
train,1801,train_1802.png,1.0,data/images/train/train_1802.png,True,True,False,
train,1802,train_1803.png,1.0,data/images/train/train_1803.png,True,True,False,
train,1803,train_1804.png,1.0,data/images/train/train_1804.png,True,True,False,
train,1804,train_1805.png,1.0,data/images/train/train_1805.png,True,True,False,
train,1805,train_1806.png,1.0,data/images/train/train_1806.png,True,True,False,
train,1806,train_1807.png,1.0,data/images/train/train_1807.png,True,True,False,
train,1807,train_1808.png,1.0,data/images/train/train_1808.png,True,True,False,
train,1808,train_1809.png,1.0,data/images/train/train_1809.png,True,True,False,
train,1809,train_1810.png,1.0,data/images/train/train_1810.png,True,True,False,
train,1810,train_1811.png,1.0,data/images/train/train_1811.png,True,True,False,
train,1811,train_1812.png,1.0,data/images/train/train_1812.png,True,True,False,
train,1812,train_1813.png,1.0,data/images/train/train_1813.png,True,True,False,
train,1813,train_1814.png,1.0,data/images/train/train_1814.png,True,True,False,
train,1814,train_1815.png,1.0,data/images/train/train_1815.png,True,True,False,
train,1815,train_1816.png,1.0,data/images/train/train_1816.png,True,True,False,
train,1816,train_1817.png,1.0,data/images/train/train_1817.png,True,True,False,
train,1817,train_1818.png,1.0,data/images/train/train_1818.png,True,True,False,
train,1818,train_1819.png,1.0,data/images/train/train_1819.png,True,True,False,
train,1819,train_1820.png,1.0,data/images/train/train_1820.png,True,True,False,
train,1820,train_1821.png,1.0,data/images/train/train_1821.png,True,True,False,
train,1821,train_1822.png,1.0,data/images/train/train_1822.png,True,True,False,
train,1822,train_1823.png,1.0,data/images/train/train_1823.png,True,True,False,
train,1823,train_1824.png,1.0,data/images/train/train_1824.png,True,True,False,
train,1824,train_1825.png,1.0,data/images/train/train_1825.png,True,True,False,
train,1825,train_1826.png,1.0,data/images/train/train_1826.png,True,True,False,
train,1826,train_1827.png,1.0,data/images/train/train_1827.png,True,True,False,
train,1827,train_1828.png,1.0,data/images/train/train_1828.png,True,True,False,
train,1828,train_1829.png,1.0,data/images/train/train_1829.png,True,True,False,
train,1829,train_1830.png,1.0,data/images/train/train_1830.png,True,True,False,
train,1830,train_1831.png,1.0,data/images/train/train_1831.png,True,True,False,
train,1831,train_1832.png,1.0,data/images/train/train_1832.png,True,True,False,
train,1832,train_1833.png,1.0,data/images/train/train_1833.png,True,True,False,
train,1833,train_1834.png,1.0,data/images/train/train_1834.png,True,True,False,
train,1834,train_1835.png,1.0,data/images/train/train_1835.png,True,True,False,
train,1835,train_1836.png,1.0,data/images/train/train_1836.png,True,True,False,
train,1836,train_1837.png,1.0,data/images/train/train_1837.png,True,True,False,
train,1837,train_1838.png,1.0,data/images/train/train_1838.png,True,True,False,
train,1838,train_1839.png,1.0,data/images/train/train_1839.png,True,True,False,
train,1839,train_1840.png,1.0,data/images/train/train_1840.png,True,True,False,
train,1840,train_1841.png,1.0,data/images/train/train_1841.png,True,True,False,
train,1841,train_1842.png,1.0,data/images/train/train_1842.png,True,True,False,
train,1842,train_1843.png,1.0,data/images/train/train_1843.png,True,True,False,
train,1843,train_1844.png,1.0,data/images/train/train_1844.png,True,True,False,
train,1844,train_1845.png,1.0,data/images/train/train_1845.png,True,True,False,
train,1845,train_1846.png,1.0,data/images/train/train_1846.png,True,True,False,
train,1846,train_1847.png,1.0,data/images/train/train_1847.png,True,True,False,
train,1847,train_1848.png,1.0,data/images/train/train_1848.png,True,True,False,
train,1848,train_1849.png,1.0,data/images/train/train_1849.png,True,True,False,
train,1849,train_1850.png,1.0,data/images/train/train_1850.png,True,True,False,
train,1850,train_1851.png,1.0,data/images/train/train_1851.png,True,True,False,
train,1851,train_1852.png,1.0,data/images/train/train_1852.png,True,True,False,
train,1852,train_1853.png,1.0,data/images/train/train_1853.png,True,True,False,
train,1853,train_1854.png,1.0,data/images/train/train_1854.png,True,True,False,
train,1854,train_1855.png,1.0,data/images/train/train_1855.png,True,True,False,
train,1855,train_1856.png,1.0,data/images/train/train_1856.png,True,True,False,
train,1856,train_1857.png,1.0,data/images/train/train_1857.png,True,True,False,
train,1857,train_1858.png,1.0,data/images/train/train_1858.png,True,True,False,
train,1858,train_1859.png,1.0,data/images/train/train_1859.png,True,True,False,
train,1859,train_1860.png,1.0,data/images/train/train_1860.png,True,True,False,
train,1860,train_1861.png,1.0,data/images/train/train_1861.png,True,True,False,
train,1861,train_1862.png,1.0,data/images/train/train_1862.png,True,True,False,
train,1862,train_1863.png,1.0,data/images/train/train_1863.png,True,True,False,
train,1863,train_1864.png,1.0,data/images/train/train_1864.png,True,True,False,
train,1864,train_1865.png,1.0,data/images/train/train_1865.png,True,True,False,
train,1865,train_1866.png,1.0,data/images/train/train_1866.png,True,True,False,
train,1866,train_1867.png,1.0,data/images/train/train_1867.png,True,True,False,
train,1867,train_1868.png,1.0,data/images/train/train_1868.png,True,True,False,
train,1868,train_1869.png,1.0,data/images/train/train_1869.png,True,True,False,
train,1869,train_1870.png,1.0,data/images/train/train_1870.png,True,True,False,
train,1870,train_1871.png,1.0,data/images/train/train_1871.png,True,True,False,
train,1871,train_1872.png,1.0,data/images/train/train_1872.png,True,True,False,
train,1872,train_1873.png,1.0,data/images/train/train_1873.png,True,True,False,
train,1873,train_1874.png,1.0,data/images/train/train_1874.png,True,True,False,
train,1874,train_1875.png,1.0,data/images/train/train_1875.png,True,True,False,
train,1875,train_1876.png,1.0,data/images/train/train_1876.png,True,True,False,
train,1876,train_1877.png,1.0,data/images/train/train_1877.png,True,True,False,
train,1877,train_1878.png,1.0,data/images/train/train_1878.png,True,True,False,
train,1878,train_1879.png,1.0,data/images/train/train_1879.png,True,True,False,
train,1879,train_1880.png,1.0,data/images/train/train_1880.png,True,True,False,
train,1880,train_1881.png,1.0,data/images/train/train_1881.png,True,True,False,
train,1881,train_1882.png,1.0,data/images/train/train_1882.png,True,True,False,
train,1882,train_1883.png,1.0,data/images/train/train_1883.png,True,True,False,
train,1883,train_1884.png,1.0,data/images/train/train_1884.png,True,True,False,
train,1884,train_1885.png,1.0,data/images/train/train_1885.png,True,True,False,
train,1885,train_1886.png,1.0,data/images/train/train_1886.png,True,True,False,
train,1886,train_1887.png,1.0,data/images/train/train_1887.png,True,True,False,
train,1887,train_1888.png,1.0,data/images/train/train_1888.png,True,True,False,
train,1888,train_1889.png,1.0,data/images/train/train_1889.png,True,True,False,
train,1889,train_1890.png,1.0,data/images/train/train_1890.png,True,True,False,
train,1890,train_1891.png,1.0,data/images/train/train_1891.png,True,True,False,
train,1891,train_1892.png,1.0,data/images/train/train_1892.png,True,True,False,
train,1892,train_1893.png,1.0,data/images/train/train_1893.png,True,True,False,
train,1893,train_1894.png,1.0,data/images/train/train_1894.png,True,True,False,
train,1894,train_1895.png,1.0,data/images/train/train_1895.png,True,True,False,
train,1895,train_1896.png,1.0,data/images/train/train_1896.png,True,True,False,
train,1896,train_1897.png,1.0,data/images/train/train_1897.png,True,True,False,
train,1897,train_1898.png,1.0,data/images/train/train_1898.png,True,True,False,
train,1898,train_1899.png,1.0,data/images/train/train_1899.png,True,True,False,
train,1899,train_1900.png,1.0,data/images/train/train_1900.png,True,True,False,
train,1900,train_1901.png,1.0,data/images/train/train_1901.png,True,True,False,
train,1901,train_1902.png,1.0,data/images/train/train_1902.png,True,True,False,
train,1902,train_1903.png,1.0,data/images/train/train_1903.png,True,True,False,
train,1903,train_1904.png,1.0,data/images/train/train_1904.png,True,True,False,
train,1904,train_1905.png,1.0,data/images/train/train_1905.png,True,True,False,
train,1905,train_1906.png,1.0,data/images/train/train_1906.png,True,True,False,
train,1906,train_1907.png,1.0,data/images/train/train_1907.png,True,True,False,
train,1907,train_1908.png,1.0,data/images/train/train_1908.png,True,True,False,
train,1908,train_1909.png,1.0,data/images/train/train_1909.png,True,True,False,
train,1909,train_1910.png,1.0,data/images/train/train_1910.png,True,True,False,
train,1910,train_1911.png,1.0,data/images/train/train_1911.png,True,True,False,
train,1911,train_1912.png,1.0,data/images/train/train_1912.png,True,True,False,
train,1912,train_1913.png,1.0,data/images/train/train_1913.png,True,True,False,
train,1913,train_1914.png,1.0,data/images/train/train_1914.png,True,True,False,
train,1914,train_1915.png,1.0,data/images/train/train_1915.png,True,True,False,
train,1915,train_1916.png,1.0,data/images/train/train_1916.png,True,True,False,
train,1916,train_1917.png,1.0,data/images/train/train_1917.png,True,True,False,
train,1917,train_1918.png,1.0,data/images/train/train_1918.png,True,True,False,
train,1918,train_1919.png,1.0,data/images/train/train_1919.png,True,True,False,
train,1919,train_1920.png,1.0,data/images/train/train_1920.png,True,True,False,
train,1920,train_1921.png,1.0,data/images/train/train_1921.png,True,True,False,
train,1921,train_1922.png,1.0,data/images/train/train_1922.png,True,True,False,
train,1922,train_1923.png,1.0,data/images/train/train_1923.png,True,True,False,
train,1923,train_1924.png,1.0,data/images/train/train_1924.png,True,True,False,
train,1924,train_1925.png,1.0,data/images/train/train_1925.png,True,True,False,
train,1925,train_1926.png,1.0,data/images/train/train_1926.png,True,True,False,
train,1926,train_1927.png,1.0,data/images/train/train_1927.png,True,True,False,
train,1927,train_1928.png,1.0,data/images/train/train_1928.png,True,True,False,
train,1928,train_1929.png,1.0,data/images/train/train_1929.png,True,True,False,
train,1929,train_1930.png,1.0,data/images/train/train_1930.png,True,True,False,
train,1930,train_1931.png,1.0,data/images/train/train_1931.png,True,True,False,
train,1931,train_1932.png,1.0,data/images/train/train_1932.png,True,True,False,
train,1932,train_1933.png,1.0,data/images/train/train_1933.png,True,True,False,
train,1933,train_1934.png,1.0,data/images/train/train_1934.png,True,True,False,
train,1934,train_1935.png,1.0,data/images/train/train_1935.png,True,True,False,
train,1935,train_1936.png,1.0,data/images/train/train_1936.png,True,True,False,
train,1936,train_1937.png,1.0,data/images/train/train_1937.png,True,True,False,
train,1937,train_1938.png,1.0,data/images/train/train_1938.png,True,True,False,
train,1938,train_1939.png,1.0,data/images/train/train_1939.png,True,True,False,
train,1939,train_1940.png,1.0,data/images/train/train_1940.png,True,True,False,
train,1940,train_1941.png,1.0,data/images/train/train_1941.png,True,True,False,
train,1941,train_1942.png,1.0,data/images/train/train_1942.png,True,True,False,
train,1942,train_1943.png,1.0,data/images/train/train_1943.png,True,True,False,
train,1943,train_1944.png,1.0,data/images/train/train_1944.png,True,True,False,
train,1944,train_1945.png,1.0,data/images/train/train_1945.png,True,True,False,
train,1945,train_1946.png,1.0,data/images/train/train_1946.png,True,True,False,
train,1946,train_1947.png,1.0,data/images/train/train_1947.png,True,True,False,
train,1947,train_1948.png,1.0,data/images/train/train_1948.png,True,True,False,
train,1948,train_1949.png,1.0,data/images/train/train_1949.png,True,True,False,
train,1949,train_1950.png,1.0,data/images/train/train_1950.png,True,True,False,
train,1950,train_1951.png,1.0,data/images/train/train_1951.png,True,True,False,
train,1951,train_1952.png,1.0,data/images/train/train_1952.png,True,True,False,
train,1952,train_1953.png,1.0,data/images/train/train_1953.png,True,True,False,
train,1953,train_1954.png,1.0,data/images/train/train_1954.png,True,True,False,
train,1954,train_1955.png,1.0,data/images/train/train_1955.png,True,True,False,
train,1955,train_1956.png,1.0,data/images/train/train_1956.png,True,True,False,
train,1956,train_1957.png,1.0,data/images/train/train_1957.png,True,True,False,
train,1957,train_1958.png,1.0,data/images/train/train_1958.png,True,True,False,
train,1958,train_1959.png,1.0,data/images/train/train_1959.png,True,True,False,
train,1959,train_1960.png,1.0,data/images/train/train_1960.png,True,True,False,
train,1960,train_1961.png,1.0,data/images/train/train_1961.png,True,True,False,
train,1961,train_1962.png,1.0,data/images/train/train_1962.png,True,True,False,
train,1962,train_1963.png,1.0,data/images/train/train_1963.png,True,True,False,
train,1963,train_1964.png,1.0,data/images/train/train_1964.png,True,True,False,
train,1964,train_1965.png,1.0,data/images/train/train_1965.png,True,True,False,
train,1965,train_1966.png,1.0,data/images/train/train_1966.png,True,True,False,
train,1966,train_1967.png,1.0,data/images/train/train_1967.png,True,True,False,
train,1967,train_1968.png,1.0,data/images/train/train_1968.png,True,True,False,
train,1968,train_1969.png,1.0,data/images/train/train_1969.png,True,True,False,
train,1969,train_1970.png,1.0,data/images/train/train_1970.png,True,True,False,
train,1970,train_1971.png,1.0,data/images/train/train_1971.png,True,True,False,
train,1971,train_1972.png,1.0,data/images/train/train_1972.png,True,True,False,
train,1972,train_1973.png,1.0,data/images/train/train_1973.png,True,True,False,
train,1973,train_1974.png,1.0,data/images/train/train_1974.png,True,True,False,
train,1974,train_1975.png,1.0,data/images/train/train_1975.png,True,True,False,
train,1975,train_1976.png,1.0,data/images/train/train_1976.png,True,True,False,
train,1976,train_1977.png,1.0,data/images/train/train_1977.png,True,True,False,
train,1977,train_1978.png,1.0,data/images/train/train_1978.png,True,True,False,
train,1978,train_1979.png,1.0,data/images/train/train_1979.png,True,True,False,
train,1979,train_1980.png,1.0,data/images/train/train_1980.png,True,True,False,
train,1980,train_1981.png,1.0,data/images/train/train_1981.png,True,True,False,
train,1981,train_1982.png,1.0,data/images/train/train_1982.png,True,True,False,
train,1982,train_1983.png,1.0,data/images/train/train_1983.png,True,True,False,
train,1983,train_1984.png,1.0,data/images/train/train_1984.png,True,True,False,
train,1984,train_1985.png,1.0,data/images/train/train_1985.png,True,True,False,
train,1985,train_1986.png,1.0,data/images/train/train_1986.png,True,True,False,
train,1986,train_1987.png,1.0,data/images/train/train_1987.png,True,True,False,
train,1987,train_1988.png,1.0,data/images/train/train_1988.png,True,True,False,
train,1988,train_1989.png,1.0,data/images/train/train_1989.png,True,True,False,
train,1989,train_1990.png,1.0,data/images/train/train_1990.png,True,True,False,
train,1990,train_1991.png,1.0,data/images/train/train_1991.png,True,True,False,
train,1991,train_1992.png,1.0,data/images/train/train_1992.png,True,True,False,
train,1992,train_1993.png,1.0,data/images/train/train_1993.png,True,True,False,
train,1993,train_1994.png,1.0,data/images/train/train_1994.png,True,True,False,
train,1994,train_1995.png,1.0,data/images/train/train_1995.png,True,True,False,
train,1995,train_1996.png,1.0,data/images/train/train_1996.png,True,True,False,
train,1996,train_1997.png,1.0,data/images/train/train_1997.png,True,True,False,
train,1997,train_1998.png,1.0,data/images/train/train_1998.png,True,True,False,
train,1998,train_1999.png,1.0,data/images/train/train_1999.png,True,True,False,
train,1999,train_2000.png,1.0,data/images/train/train_2000.png,True,True,False,
train,2000,train_2001.png,1.0,data/images/train/train_2001.png,True,True,False,
train,2001,train_2002.png,1.0,data/images/train/train_2002.png,True,True,False,
train,2002,train_2003.png,1.0,data/images/train/train_2003.png,True,True,False,
train,2003,train_2004.png,1.0,data/images/train/train_2004.png,True,True,False,
train,2004,train_2005.png,1.0,data/images/train/train_2005.png,True,True,False,
train,2005,train_2006.png,1.0,data/images/train/train_2006.png,True,True,False,
train,2006,train_2007.png,1.0,data/images/train/train_2007.png,True,True,False,
train,2007,train_2008.png,1.0,data/images/train/train_2008.png,True,True,False,
train,2008,train_2009.png,1.0,data/images/train/train_2009.png,True,True,False,
train,2009,train_2010.png,1.0,data/images/train/train_2010.png,True,True,False,
train,2010,train_2011.png,1.0,data/images/train/train_2011.png,True,True,False,
train,2011,train_2012.png,1.0,data/images/train/train_2012.png,True,True,False,
train,2012,train_2013.png,1.0,data/images/train/train_2013.png,True,True,False,
train,2013,train_2014.png,1.0,data/images/train/train_2014.png,True,True,False,
train,2014,train_2015.png,1.0,data/images/train/train_2015.png,True,True,False,
train,2015,train_2016.png,1.0,data/images/train/train_2016.png,True,True,False,
train,2016,train_2017.png,1.0,data/images/train/train_2017.png,True,True,False,
train,2017,train_2018.png,1.0,data/images/train/train_2018.png,True,True,False,
train,2018,train_2019.png,1.0,data/images/train/train_2019.png,True,True,False,
train,2019,train_2020.png,1.0,data/images/train/train_2020.png,True,True,False,
train,2020,train_2021.png,1.0,data/images/train/train_2021.png,True,True,False,
train,2021,train_2022.png,1.0,data/images/train/train_2022.png,True,True,False,
train,2022,train_2023.png,1.0,data/images/train/train_2023.png,True,True,False,
train,2023,train_2024.png,1.0,data/images/train/train_2024.png,True,True,False,
train,2024,train_2025.png,1.0,data/images/train/train_2025.png,True,True,False,
train,2025,train_2026.png,1.0,data/images/train/train_2026.png,True,True,False,
train,2026,train_2027.png,1.0,data/images/train/train_2027.png,True,True,False,
train,2027,train_2028.png,1.0,data/images/train/train_2028.png,True,True,False,
train,2028,train_2029.png,1.0,data/images/train/train_2029.png,True,True,False,
train,2029,train_2030.png,1.0,data/images/train/train_2030.png,True,True,False,
train,2030,train_2031.png,1.0,data/images/train/train_2031.png,True,True,False,
train,2031,train_2032.png,1.0,data/images/train/train_2032.png,True,True,False,
train,2032,train_2033.png,1.0,data/images/train/train_2033.png,True,True,False,
train,2033,train_2034.png,1.0,data/images/train/train_2034.png,True,True,False,
train,2034,train_2035.png,1.0,data/images/train/train_2035.png,True,True,False,
train,2035,train_2036.png,1.0,data/images/train/train_2036.png,True,True,False,
train,2036,train_2037.png,1.0,data/images/train/train_2037.png,True,True,False,
train,2037,train_2038.png,1.0,data/images/train/train_2038.png,True,True,False,
train,2038,train_2039.png,1.0,data/images/train/train_2039.png,True,True,False,
train,2039,train_2040.png,1.0,data/images/train/train_2040.png,True,True,False,
train,2040,train_2041.png,1.0,data/images/train/train_2041.png,True,True,False,
train,2041,train_2042.png,1.0,data/images/train/train_2042.png,True,True,False,
train,2042,train_2043.png,1.0,data/images/train/train_2043.png,True,True,False,
train,2043,train_2044.png,1.0,data/images/train/train_2044.png,True,True,False,
train,2044,train_2045.png,1.0,data/images/train/train_2045.png,True,True,False,
train,2045,train_2046.png,1.0,data/images/train/train_2046.png,True,True,False,
train,2046,train_2047.png,1.0,data/images/train/train_2047.png,True,True,False,
train,2047,train_2048.png,1.0,data/images/train/train_2048.png,True,True,False,
train,2048,train_2049.png,1.0,data/images/train/train_2049.png,True,True,False,
train,2049,train_2050.png,1.0,data/images/train/train_2050.png,True,True,False,
train,2050,train_2051.png,1.0,data/images/train/train_2051.png,True,True,False,
train,2051,train_2052.png,1.0,data/images/train/train_2052.png,True,True,False,
train,2052,train_2053.png,1.0,data/images/train/train_2053.png,True,True,False,
train,2053,train_2054.png,1.0,data/images/train/train_2054.png,True,True,False,
train,2054,train_2055.png,1.0,data/images/train/train_2055.png,True,True,False,
train,2055,train_2056.png,1.0,data/images/train/train_2056.png,True,True,False,
train,2056,train_2057.png,1.0,data/images/train/train_2057.png,True,True,False,
train,2057,train_2058.png,1.0,data/images/train/train_2058.png,True,True,False,
train,2058,train_2059.png,1.0,data/images/train/train_2059.png,True,True,False,
train,2059,train_2060.png,1.0,data/images/train/train_2060.png,True,True,False,
train,2060,train_2061.png,1.0,data/images/train/train_2061.png,True,True,False,
train,2061,train_2062.png,1.0,data/images/train/train_2062.png,True,True,False,
train,2062,train_2063.png,1.0,data/images/train/train_2063.png,True,True,False,
train,2063,train_2064.png,1.0,data/images/train/train_2064.png,True,True,False,
train,2064,train_2065.png,1.0,data/images/train/train_2065.png,True,True,False,
train,2065,train_2066.png,1.0,data/images/train/train_2066.png,True,True,False,
train,2066,train_2067.png,1.0,data/images/train/train_2067.png,True,True,False,
train,2067,train_2068.png,1.0,data/images/train/train_2068.png,True,True,False,
train,2068,train_2069.png,1.0,data/images/train/train_2069.png,True,True,False,
train,2069,train_2070.png,1.0,data/images/train/train_2070.png,True,True,False,
train,2070,train_2071.png,1.0,data/images/train/train_2071.png,True,True,False,
train,2071,train_2072.png,1.0,data/images/train/train_2072.png,True,True,False,
train,2072,train_2073.png,1.0,data/images/train/train_2073.png,True,True,False,
train,2073,train_2074.png,1.0,data/images/train/train_2074.png,True,True,False,
train,2074,train_2075.png,1.0,data/images/train/train_2075.png,True,True,False,
train,2075,train_2076.png,1.0,data/images/train/train_2076.png,True,True,False,
train,2076,train_2077.png,1.0,data/images/train/train_2077.png,True,True,False,
train,2077,train_2078.png,1.0,data/images/train/train_2078.png,True,True,False,
train,2078,train_2079.png,1.0,data/images/train/train_2079.png,True,True,False,
train,2079,train_2080.png,1.0,data/images/train/train_2080.png,True,True,False,
train,2080,train_2081.png,1.0,data/images/train/train_2081.png,True,True,False,
train,2081,train_2082.png,1.0,data/images/train/train_2082.png,True,True,False,
train,2082,train_2083.png,1.0,data/images/train/train_2083.png,True,True,False,
train,2083,train_2084.png,1.0,data/images/train/train_2084.png,True,True,False,
train,2084,train_2085.png,1.0,data/images/train/train_2085.png,True,True,False,
train,2085,train_2086.png,1.0,data/images/train/train_2086.png,True,True,False,
train,2086,train_2087.png,1.0,data/images/train/train_2087.png,True,True,False,
train,2087,train_2088.png,1.0,data/images/train/train_2088.png,True,True,False,
train,2088,train_2089.png,1.0,data/images/train/train_2089.png,True,True,False,
train,2089,train_2090.png,1.0,data/images/train/train_2090.png,True,True,False,
train,2090,train_2091.png,1.0,data/images/train/train_2091.png,True,True,False,
train,2091,train_2092.png,1.0,data/images/train/train_2092.png,True,True,False,
train,2092,train_2093.png,1.0,data/images/train/train_2093.png,True,True,False,
train,2093,train_2094.png,1.0,data/images/train/train_2094.png,True,True,False,
train,2094,train_2095.png,1.0,data/images/train/train_2095.png,True,True,False,
train,2095,train_2096.png,1.0,data/images/train/train_2096.png,True,True,False,
train,2096,train_2097.png,1.0,data/images/train/train_2097.png,True,True,False,
train,2097,train_2098.png,1.0,data/images/train/train_2098.png,True,True,False,
train,2098,train_2099.png,1.0,data/images/train/train_2099.png,True,True,False,
train,2099,train_2100.png,1.0,data/images/train/train_2100.png,True,True,False,
train,2100,train_2101.png,1.0,data/images/train/train_2101.png,True,True,False,
train,2101,train_2102.png,1.0,data/images/train/train_2102.png,True,True,False,
train,2102,train_2103.png,1.0,data/images/train/train_2103.png,True,True,False,
train,2103,train_2104.png,1.0,data/images/train/train_2104.png,True,True,False,
train,2104,train_2105.png,1.0,data/images/train/train_2105.png,True,True,False,
train,2105,train_2106.png,1.0,data/images/train/train_2106.png,True,True,False,
train,2106,train_2107.png,1.0,data/images/train/train_2107.png,True,True,False,
train,2107,train_2108.png,1.0,data/images/train/train_2108.png,True,True,False,
train,2108,train_2109.png,1.0,data/images/train/train_2109.png,True,True,False,
train,2109,train_2110.png,1.0,data/images/train/train_2110.png,True,True,False,
train,2110,train_2111.png,1.0,data/images/train/train_2111.png,True,True,False,
train,2111,train_2112.png,1.0,data/images/train/train_2112.png,True,True,False,
train,2112,train_2113.png,1.0,data/images/train/train_2113.png,True,True,False,
train,2113,train_2114.png,1.0,data/images/train/train_2114.png,True,True,False,
train,2114,train_2115.png,1.0,data/images/train/train_2115.png,True,True,False,
train,2115,train_2116.png,1.0,data/images/train/train_2116.png,True,True,False,
train,2116,train_2117.png,1.0,data/images/train/train_2117.png,True,True,False,
train,2117,train_2118.png,1.0,data/images/train/train_2118.png,True,True,False,
train,2118,train_2119.png,1.0,data/images/train/train_2119.png,True,True,False,
train,2119,train_2120.png,1.0,data/images/train/train_2120.png,True,True,False,
train,2120,train_2121.png,1.0,data/images/train/train_2121.png,True,True,False,
train,2121,train_2122.png,1.0,data/images/train/train_2122.png,True,True,False,
train,2122,train_2123.png,1.0,data/images/train/train_2123.png,True,True,False,
train,2123,train_2124.png,1.0,data/images/train/train_2124.png,True,True,False,
train,2124,train_2125.png,1.0,data/images/train/train_2125.png,True,True,False,
train,2125,train_2126.png,1.0,data/images/train/train_2126.png,True,True,False,
train,2126,train_2127.png,1.0,data/images/train/train_2127.png,True,True,False,
train,2127,train_2128.png,1.0,data/images/train/train_2128.png,True,True,False,
train,2128,train_2129.png,1.0,data/images/train/train_2129.png,True,True,False,
train,2129,train_2130.png,1.0,data/images/train/train_2130.png,True,True,False,
train,2130,train_2131.png,1.0,data/images/train/train_2131.png,True,True,False,
train,2131,train_2132.png,1.0,data/images/train/train_2132.png,True,True,False,
train,2132,train_2133.png,1.0,data/images/train/train_2133.png,True,True,False,
train,2133,train_2134.png,1.0,data/images/train/train_2134.png,True,True,False,
train,2134,train_2135.png,1.0,data/images/train/train_2135.png,True,True,False,
train,2135,train_2136.png,1.0,data/images/train/train_2136.png,True,True,False,
train,2136,train_2137.png,1.0,data/images/train/train_2137.png,True,True,False,
train,2137,train_2138.png,1.0,data/images/train/train_2138.png,True,True,False,
train,2138,train_2139.png,1.0,data/images/train/train_2139.png,True,True,False,
train,2139,train_2140.png,1.0,data/images/train/train_2140.png,True,True,False,
train,2140,train_2141.png,1.0,data/images/train/train_2141.png,True,True,False,
train,2141,train_2142.png,1.0,data/images/train/train_2142.png,True,True,False,
train,2142,train_2143.png,1.0,data/images/train/train_2143.png,True,True,False,
train,2143,train_2144.png,1.0,data/images/train/train_2144.png,True,True,False,
train,2144,train_2145.png,1.0,data/images/train/train_2145.png,True,True,False,
train,2145,train_2146.png,1.0,data/images/train/train_2146.png,True,True,False,
train,2146,train_2147.png,1.0,data/images/train/train_2147.png,True,True,False,
train,2147,train_2148.png,1.0,data/images/train/train_2148.png,True,True,False,
train,2148,train_2149.png,1.0,data/images/train/train_2149.png,True,True,False,
train,2149,train_2150.png,1.0,data/images/train/train_2150.png,True,True,False,
train,2150,train_2151.png,1.0,data/images/train/train_2151.png,True,True,False,
train,2151,train_2152.png,1.0,data/images/train/train_2152.png,True,True,False,
train,2152,train_2153.png,1.0,data/images/train/train_2153.png,True,True,False,
train,2153,train_2154.png,1.0,data/images/train/train_2154.png,True,True,False,
train,2154,train_2155.png,1.0,data/images/train/train_2155.png,True,True,False,
train,2155,train_2156.png,1.0,data/images/train/train_2156.png,True,True,False,
train,2156,train_2157.png,1.0,data/images/train/train_2157.png,True,True,False,
train,2157,train_2158.png,1.0,data/images/train/train_2158.png,True,True,False,
train,2158,train_2159.png,1.0,data/images/train/train_2159.png,True,True,False,
train,2159,train_2160.png,1.0,data/images/train/train_2160.png,True,True,False,
train,2160,train_2161.png,1.0,data/images/train/train_2161.png,True,True,False,
train,2161,train_2162.png,1.0,data/images/train/train_2162.png,True,True,False,
train,2162,train_2163.png,1.0,data/images/train/train_2163.png,True,True,False,
train,2163,train_2164.png,1.0,data/images/train/train_2164.png,True,True,False,
train,2164,train_2165.png,1.0,data/images/train/train_2165.png,True,True,False,
train,2165,train_2166.png,1.0,data/images/train/train_2166.png,True,True,False,
train,2166,train_2167.png,1.0,data/images/train/train_2167.png,True,True,False,
train,2167,train_2168.png,1.0,data/images/train/train_2168.png,True,True,False,
train,2168,train_2169.png,1.0,data/images/train/train_2169.png,True,True,False,
train,2169,train_2170.png,1.0,data/images/train/train_2170.png,True,True,False,
train,2170,train_2171.png,1.0,data/images/train/train_2171.png,True,True,False,
train,2171,train_2172.png,1.0,data/images/train/train_2172.png,True,True,False,
train,2172,train_2173.png,1.0,data/images/train/train_2173.png,True,True,False,
train,2173,train_2174.png,1.0,data/images/train/train_2174.png,True,True,False,
train,2174,train_2175.png,1.0,data/images/train/train_2175.png,True,True,False,
train,2175,train_2176.png,1.0,data/images/train/train_2176.png,True,True,False,
train,2176,train_2177.png,1.0,data/images/train/train_2177.png,True,True,False,
train,2177,train_2178.png,1.0,data/images/train/train_2178.png,True,True,False,
train,2178,train_2179.png,1.0,data/images/train/train_2179.png,True,True,False,
train,2179,train_2180.png,1.0,data/images/train/train_2180.png,True,True,False,
train,2180,train_2181.png,1.0,data/images/train/train_2181.png,True,True,False,
train,2181,train_2182.png,1.0,data/images/train/train_2182.png,True,True,False,
train,2182,train_2183.png,1.0,data/images/train/train_2183.png,True,True,False,
train,2183,train_2184.png,1.0,data/images/train/train_2184.png,True,True,False,
train,2184,train_2185.png,1.0,data/images/train/train_2185.png,True,True,False,
train,2185,train_2186.png,1.0,data/images/train/train_2186.png,True,True,False,
train,2186,train_2187.png,1.0,data/images/train/train_2187.png,True,True,False,
train,2187,train_2188.png,1.0,data/images/train/train_2188.png,True,True,False,
train,2188,train_2189.png,1.0,data/images/train/train_2189.png,True,True,False,
train,2189,train_2190.png,1.0,data/images/train/train_2190.png,True,True,False,
train,2190,train_2191.png,1.0,data/images/train/train_2191.png,True,True,False,
train,2191,train_2192.png,1.0,data/images/train/train_2192.png,True,True,False,
train,2192,train_2193.png,1.0,data/images/train/train_2193.png,True,True,False,
train,2193,train_2194.png,1.0,data/images/train/train_2194.png,True,True,False,
train,2194,train_2195.png,1.0,data/images/train/train_2195.png,True,True,False,
train,2195,train_2196.png,1.0,data/images/train/train_2196.png,True,True,False,
train,2196,train_2197.png,1.0,data/images/train/train_2197.png,True,True,False,
train,2197,train_2198.png,1.0,data/images/train/train_2198.png,True,True,False,
train,2198,train_2199.png,1.0,data/images/train/train_2199.png,True,True,False,
train,2199,train_2200.png,1.0,data/images/train/train_2200.png,True,True,False,
train,2200,train_2201.png,1.0,data/images/train/train_2201.png,True,True,False,
train,2201,train_2202.png,1.0,data/images/train/train_2202.png,True,True,False,
train,2202,train_2203.png,1.0,data/images/train/train_2203.png,True,True,False,
train,2203,train_2204.png,1.0,data/images/train/train_2204.png,True,True,False,
train,2204,train_2205.png,1.0,data/images/train/train_2205.png,True,True,False,
train,2205,train_2206.png,1.0,data/images/train/train_2206.png,True,True,False,
train,2206,train_2207.png,1.0,data/images/train/train_2207.png,True,True,False,
train,2207,train_2208.png,1.0,data/images/train/train_2208.png,True,True,False,
train,2208,train_2209.png,1.0,data/images/train/train_2209.png,True,True,False,
train,2209,train_2210.png,1.0,data/images/train/train_2210.png,True,True,False,
train,2210,train_2211.png,1.0,data/images/train/train_2211.png,True,True,False,
train,2211,train_2212.png,1.0,data/images/train/train_2212.png,True,True,False,
train,2212,train_2213.png,1.0,data/images/train/train_2213.png,True,True,False,
train,2213,train_2214.png,1.0,data/images/train/train_2214.png,True,True,False,
train,2214,train_2215.png,1.0,data/images/train/train_2215.png,True,True,False,
train,2215,train_2216.png,1.0,data/images/train/train_2216.png,True,True,False,
train,2216,train_2217.png,1.0,data/images/train/train_2217.png,True,True,False,
train,2217,train_2218.png,1.0,data/images/train/train_2218.png,True,True,False,
train,2218,train_2219.png,1.0,data/images/train/train_2219.png,True,True,False,
train,2219,train_2220.png,1.0,data/images/train/train_2220.png,True,True,False,
train,2220,train_2221.png,1.0,data/images/train/train_2221.png,True,True,False,
train,2221,train_2222.png,1.0,data/images/train/train_2222.png,True,True,False,
train,2222,train_2223.png,1.0,data/images/train/train_2223.png,True,True,False,
train,2223,train_2224.png,1.0,data/images/train/train_2224.png,True,True,False,
train,2224,train_2225.png,1.0,data/images/train/train_2225.png,True,True,False,
train,2225,train_2226.png,1.0,data/images/train/train_2226.png,True,True,False,
train,2226,train_2227.png,1.0,data/images/train/train_2227.png,True,True,False,
train,2227,train_2228.png,1.0,data/images/train/train_2228.png,True,True,False,
train,2228,train_2229.png,1.0,data/images/train/train_2229.png,True,True,False,
train,2229,train_2230.png,1.0,data/images/train/train_2230.png,True,True,False,
train,2230,train_2231.png,1.0,data/images/train/train_2231.png,True,True,False,
train,2231,train_2232.png,1.0,data/images/train/train_2232.png,True,True,False,
train,2232,train_2233.png,1.0,data/images/train/train_2233.png,True,True,False,
train,2233,train_2234.png,1.0,data/images/train/train_2234.png,True,True,False,
train,2234,train_2235.png,1.0,data/images/train/train_2235.png,True,True,False,
train,2235,train_2236.png,1.0,data/images/train/train_2236.png,True,True,False,
train,2236,train_2237.png,1.0,data/images/train/train_2237.png,True,True,False,
train,2237,train_2238.png,1.0,data/images/train/train_2238.png,True,True,False,
train,2238,train_2239.png,1.0,data/images/train/train_2239.png,True,True,False,
train,2239,train_2240.png,1.0,data/images/train/train_2240.png,True,True,False,
train,2240,train_2241.png,1.0,data/images/train/train_2241.png,True,True,False,
train,2241,train_2242.png,1.0,data/images/train/train_2242.png,True,True,False,
train,2242,train_2243.png,1.0,data/images/train/train_2243.png,True,True,False,
train,2243,train_2244.png,1.0,data/images/train/train_2244.png,True,True,False,
train,2244,train_2245.png,1.0,data/images/train/train_2245.png,True,True,False,
train,2245,train_2246.png,1.0,data/images/train/train_2246.png,True,True,False,
train,2246,train_2247.png,1.0,data/images/train/train_2247.png,True,True,False,
train,2247,train_2248.png,1.0,data/images/train/train_2248.png,True,True,False,
train,2248,train_2249.png,1.0,data/images/train/train_2249.png,True,True,False,
train,2249,train_2250.png,1.0,data/images/train/train_2250.png,True,True,False,
train,2250,train_2251.png,1.0,data/images/train/train_2251.png,True,True,False,
train,2251,train_2252.png,1.0,data/images/train/train_2252.png,True,True,False,
train,2252,train_2253.png,1.0,data/images/train/train_2253.png,True,True,False,
train,2253,train_2254.png,1.0,data/images/train/train_2254.png,True,True,False,
train,2254,train_2255.png,1.0,data/images/train/train_2255.png,True,True,False,
train,2255,train_2256.png,1.0,data/images/train/train_2256.png,True,True,False,
train,2256,train_2257.png,1.0,data/images/train/train_2257.png,True,True,False,
train,2257,train_2258.png,1.0,data/images/train/train_2258.png,True,True,False,
train,2258,train_2259.png,1.0,data/images/train/train_2259.png,True,True,False,
train,2259,train_2260.png,1.0,data/images/train/train_2260.png,True,True,False,
train,2260,train_2261.png,1.0,data/images/train/train_2261.png,True,True,False,
train,2261,train_2262.png,1.0,data/images/train/train_2262.png,True,True,False,
train,2262,train_2263.png,1.0,data/images/train/train_2263.png,True,True,False,
train,2263,train_2264.png,1.0,data/images/train/train_2264.png,True,True,False,
train,2264,train_2265.png,1.0,data/images/train/train_2265.png,True,True,False,
train,2265,train_2266.png,1.0,data/images/train/train_2266.png,True,True,False,
train,2266,train_2267.png,1.0,data/images/train/train_2267.png,True,True,False,
train,2267,train_2268.png,1.0,data/images/train/train_2268.png,True,True,False,
train,2268,train_2269.png,1.0,data/images/train/train_2269.png,True,True,False,
train,2269,train_2270.png,1.0,data/images/train/train_2270.png,True,True,False,
train,2270,train_2271.png,1.0,data/images/train/train_2271.png,True,True,False,
train,2271,train_2272.png,1.0,data/images/train/train_2272.png,True,True,False,
train,2272,train_2273.png,1.0,data/images/train/train_2273.png,True,True,False,
train,2273,train_2274.png,1.0,data/images/train/train_2274.png,True,True,False,
train,2274,train_2275.png,1.0,data/images/train/train_2275.png,True,True,False,
train,2275,train_2276.png,1.0,data/images/train/train_2276.png,True,True,False,
train,2276,train_2277.png,1.0,data/images/train/train_2277.png,True,True,False,
train,2277,train_2278.png,1.0,data/images/train/train_2278.png,True,True,False,
train,2278,train_2279.png,1.0,data/images/train/train_2279.png,True,True,False,
train,2279,train_2280.png,1.0,data/images/train/train_2280.png,True,True,False,
train,2280,train_2281.png,1.0,data/images/train/train_2281.png,True,True,False,
train,2281,train_2282.png,1.0,data/images/train/train_2282.png,True,True,False,
train,2282,train_2283.png,1.0,data/images/train/train_2283.png,True,True,False,
train,2283,train_2284.png,1.0,data/images/train/train_2284.png,True,True,False,
train,2284,train_2285.png,1.0,data/images/train/train_2285.png,True,True,False,
train,2285,train_2286.png,1.0,data/images/train/train_2286.png,True,True,False,
train,2286,train_2287.png,1.0,data/images/train/train_2287.png,True,True,False,
train,2287,train_2288.png,1.0,data/images/train/train_2288.png,True,True,False,
train,2288,train_2289.png,1.0,data/images/train/train_2289.png,True,True,False,
train,2289,train_2290.png,1.0,data/images/train/train_2290.png,True,True,False,
train,2290,train_2291.png,1.0,data/images/train/train_2291.png,True,True,False,
train,2291,train_2292.png,1.0,data/images/train/train_2292.png,True,True,False,
train,2292,train_2293.png,1.0,data/images/train/train_2293.png,True,True,False,
train,2293,train_2294.png,1.0,data/images/train/train_2294.png,True,True,False,
train,2294,train_2295.png,1.0,data/images/train/train_2295.png,True,True,False,
train,2295,train_2296.png,1.0,data/images/train/train_2296.png,True,True,False,
train,2296,train_2297.png,1.0,data/images/train/train_2297.png,True,True,False,
train,2297,train_2298.png,1.0,data/images/train/train_2298.png,True,True,False,
train,2298,train_2299.png,1.0,data/images/train/train_2299.png,True,True,False,
train,2299,train_2300.png,1.0,data/images/train/train_2300.png,True,True,False,
train,2300,train_2301.png,1.0,data/images/train/train_2301.png,True,True,False,
train,2301,train_2302.png,1.0,data/images/train/train_2302.png,True,True,False,
train,2302,train_2303.png,1.0,data/images/train/train_2303.png,True,True,False,
train,2303,train_2304.png,1.0,data/images/train/train_2304.png,True,True,False,
train,2304,train_2305.png,1.0,data/images/train/train_2305.png,True,True,False,
train,2305,train_2306.png,1.0,data/images/train/train_2306.png,True,True,False,
train,2306,train_2307.png,1.0,data/images/train/train_2307.png,True,True,False,
train,2307,train_2308.png,1.0,data/images/train/train_2308.png,True,True,False,
train,2308,train_2309.png,1.0,data/images/train/train_2309.png,True,True,False,
train,2309,train_2310.png,1.0,data/images/train/train_2310.png,True,True,False,
train,2310,train_2311.png,1.0,data/images/train/train_2311.png,True,True,False,
train,2311,train_2312.png,1.0,data/images/train/train_2312.png,True,True,False,
train,2312,train_2313.png,1.0,data/images/train/train_2313.png,True,True,False,
train,2313,train_2314.png,1.0,data/images/train/train_2314.png,True,True,False,
train,2314,train_2315.png,1.0,data/images/train/train_2315.png,True,True,False,
train,2315,train_2316.png,1.0,data/images/train/train_2316.png,True,True,False,
train,2316,train_2317.png,1.0,data/images/train/train_2317.png,True,True,False,
train,2317,train_2318.png,1.0,data/images/train/train_2318.png,True,True,False,
train,2318,train_2319.png,1.0,data/images/train/train_2319.png,True,True,False,
train,2319,train_2320.png,1.0,data/images/train/train_2320.png,True,True,False,
train,2320,train_2321.png,1.0,data/images/train/train_2321.png,True,True,False,
train,2321,train_2322.png,1.0,data/images/train/train_2322.png,True,True,False,
train,2322,train_2323.png,1.0,data/images/train/train_2323.png,True,True,False,
train,2323,train_2324.png,1.0,data/images/train/train_2324.png,True,True,False,
train,2324,train_2325.png,1.0,data/images/train/train_2325.png,True,True,False,
train,2325,train_2326.png,1.0,data/images/train/train_2326.png,True,True,False,
train,2326,train_2327.png,1.0,data/images/train/train_2327.png,True,True,False,
train,2327,train_2328.png,1.0,data/images/train/train_2328.png,True,True,False,
train,2328,train_2329.png,1.0,data/images/train/train_2329.png,True,True,False,
train,2329,train_2330.png,1.0,data/images/train/train_2330.png,True,True,False,
train,2330,train_2331.png,1.0,data/images/train/train_2331.png,True,True,False,
train,2331,train_2332.png,1.0,data/images/train/train_2332.png,True,True,False,
train,2332,train_2333.png,1.0,data/images/train/train_2333.png,True,True,False,
train,2333,train_2334.png,1.0,data/images/train/train_2334.png,True,True,False,
train,2334,train_2335.png,1.0,data/images/train/train_2335.png,True,True,False,
train,2335,train_2336.png,1.0,data/images/train/train_2336.png,True,True,False,
train,2336,train_2337.png,1.0,data/images/train/train_2337.png,True,True,False,
train,2337,train_2338.png,1.0,data/images/train/train_2338.png,True,True,False,
train,2338,train_2339.png,1.0,data/images/train/train_2339.png,True,True,False,
train,2339,train_2340.png,1.0,data/images/train/train_2340.png,True,True,False,
train,2340,train_2341.png,1.0,data/images/train/train_2341.png,True,True,False,
train,2341,train_2342.png,1.0,data/images/train/train_2342.png,True,True,False,
train,2342,train_2343.png,1.0,data/images/train/train_2343.png,True,True,False,
train,2343,train_2344.png,1.0,data/images/train/train_2344.png,True,True,False,
train,2344,train_2345.png,1.0,data/images/train/train_2345.png,True,True,False,
train,2345,train_2346.png,1.0,data/images/train/train_2346.png,True,True,False,
train,2346,train_2347.png,1.0,data/images/train/train_2347.png,True,True,False,
train,2347,train_2348.png,1.0,data/images/train/train_2348.png,True,True,False,
train,2348,train_2349.png,1.0,data/images/train/train_2349.png,True,True,False,
train,2349,train_2350.png,1.0,data/images/train/train_2350.png,True,True,False,
train,2350,train_2351.png,1.0,data/images/train/train_2351.png,True,True,False,
train,2351,train_2352.png,1.0,data/images/train/train_2352.png,True,True,False,
train,2352,train_2353.png,1.0,data/images/train/train_2353.png,True,True,False,
train,2353,train_2354.png,1.0,data/images/train/train_2354.png,True,True,False,
train,2354,train_2355.png,1.0,data/images/train/train_2355.png,True,True,False,
train,2355,train_2356.png,1.0,data/images/train/train_2356.png,True,True,False,
train,2356,train_2357.png,1.0,data/images/train/train_2357.png,True,True,False,
train,2357,train_2358.png,1.0,data/images/train/train_2358.png,True,True,False,
train,2358,train_2359.png,1.0,data/images/train/train_2359.png,True,True,False,
train,2359,train_2360.png,1.0,data/images/train/train_2360.png,True,True,False,
train,2360,train_2361.png,1.0,data/images/train/train_2361.png,True,True,False,
train,2361,train_2362.png,1.0,data/images/train/train_2362.png,True,True,False,
train,2362,train_2363.png,1.0,data/images/train/train_2363.png,True,True,False,
train,2363,train_2364.png,1.0,data/images/train/train_2364.png,True,True,False,
train,2364,train_2365.png,1.0,data/images/train/train_2365.png,True,True,False,
train,2365,train_2366.png,1.0,data/images/train/train_2366.png,True,True,False,
train,2366,train_2367.png,1.0,data/images/train/train_2367.png,True,True,False,
train,2367,train_2368.png,1.0,data/images/train/train_2368.png,True,True,False,
train,2368,train_2369.png,1.0,data/images/train/train_2369.png,True,True,False,
train,2369,train_2370.png,1.0,data/images/train/train_2370.png,True,True,False,
train,2370,train_2371.png,1.0,data/images/train/train_2371.png,True,True,False,
train,2371,train_2372.png,1.0,data/images/train/train_2372.png,True,True,False,
train,2372,train_2373.png,1.0,data/images/train/train_2373.png,True,True,False,
train,2373,train_2374.png,1.0,data/images/train/train_2374.png,True,True,False,
train,2374,train_2375.png,1.0,data/images/train/train_2375.png,True,True,False,
train,2375,train_2376.png,1.0,data/images/train/train_2376.png,True,True,False,
train,2376,train_2377.png,1.0,data/images/train/train_2377.png,True,True,False,
train,2377,train_2378.png,1.0,data/images/train/train_2378.png,True,True,False,
train,2378,train_2379.png,1.0,data/images/train/train_2379.png,True,True,False,
train,2379,train_2380.png,1.0,data/images/train/train_2380.png,True,True,False,
train,2380,train_2381.png,1.0,data/images/train/train_2381.png,True,True,False,
train,2381,train_2382.png,1.0,data/images/train/train_2382.png,True,True,False,
train,2382,train_2383.png,1.0,data/images/train/train_2383.png,True,True,False,
train,2383,train_2384.png,1.0,data/images/train/train_2384.png,True,True,False,
train,2384,train_2385.png,1.0,data/images/train/train_2385.png,True,True,False,
train,2385,train_2386.png,1.0,data/images/train/train_2386.png,True,True,False,
train,2386,train_2387.png,1.0,data/images/train/train_2387.png,True,True,False,
train,2387,train_2388.png,1.0,data/images/train/train_2388.png,True,True,False,
train,2388,train_2389.png,1.0,data/images/train/train_2389.png,True,True,False,
train,2389,train_2390.png,1.0,data/images/train/train_2390.png,True,True,False,
train,2390,train_2391.png,1.0,data/images/train/train_2391.png,True,True,False,
train,2391,train_2392.png,1.0,data/images/train/train_2392.png,True,True,False,
train,2392,train_2393.png,1.0,data/images/train/train_2393.png,True,True,False,
train,2393,train_2394.png,1.0,data/images/train/train_2394.png,True,True,False,
train,2394,train_2395.png,1.0,data/images/train/train_2395.png,True,True,False,
train,2395,train_2396.png,1.0,data/images/train/train_2396.png,True,True,False,
train,2396,train_2397.png,1.0,data/images/train/train_2397.png,True,True,False,
train,2397,train_2398.png,1.0,data/images/train/train_2398.png,True,True,False,
train,2398,train_2399.png,1.0,data/images/train/train_2399.png,True,True,False,
train,2399,train_2400.png,1.0,data/images/train/train_2400.png,True,True,False,
train,2400,train_2401.png,1.0,data/images/train/train_2401.png,True,True,False,
train,2401,train_2402.png,1.0,data/images/train/train_2402.png,True,True,False,
train,2402,train_2403.png,1.0,data/images/train/train_2403.png,True,True,False,
train,2403,train_2404.png,1.0,data/images/train/train_2404.png,True,True,False,
train,2404,train_2405.png,1.0,data/images/train/train_2405.png,True,True,False,
train,2405,train_2406.png,1.0,data/images/train/train_2406.png,True,True,False,
train,2406,train_2407.png,1.0,data/images/train/train_2407.png,True,True,False,
train,2407,train_2408.png,1.0,data/images/train/train_2408.png,True,True,False,
train,2408,train_2409.png,1.0,data/images/train/train_2409.png,True,True,False,
train,2409,train_2410.png,1.0,data/images/train/train_2410.png,True,True,False,
train,2410,train_2411.png,1.0,data/images/train/train_2411.png,True,True,False,
train,2411,train_2412.png,1.0,data/images/train/train_2412.png,True,True,False,
train,2412,train_2413.png,1.0,data/images/train/train_2413.png,True,True,False,
train,2413,train_2414.png,1.0,data/images/train/train_2414.png,True,True,False,
train,2414,train_2415.png,1.0,data/images/train/train_2415.png,True,True,False,
train,2415,train_2416.png,1.0,data/images/train/train_2416.png,True,True,False,
train,2416,train_2417.png,1.0,data/images/train/train_2417.png,True,True,False,
train,2417,train_2418.png,1.0,data/images/train/train_2418.png,True,True,False,
train,2418,train_2419.png,1.0,data/images/train/train_2419.png,True,True,False,
train,2419,train_2420.png,1.0,data/images/train/train_2420.png,True,True,False,
train,2420,train_2421.png,1.0,data/images/train/train_2421.png,True,True,False,
train,2421,train_2422.png,1.0,data/images/train/train_2422.png,True,True,False,
train,2422,train_2423.png,1.0,data/images/train/train_2423.png,True,True,False,
train,2423,train_2424.png,1.0,data/images/train/train_2424.png,True,True,False,
train,2424,train_2425.png,1.0,data/images/train/train_2425.png,True,True,False,
train,2425,train_2426.png,1.0,data/images/train/train_2426.png,True,True,False,
train,2426,train_2427.png,1.0,data/images/train/train_2427.png,True,True,False,
train,2427,train_2428.png,1.0,data/images/train/train_2428.png,True,True,False,
train,2428,train_2429.png,1.0,data/images/train/train_2429.png,True,True,False,
train,2429,train_2430.png,1.0,data/images/train/train_2430.png,True,True,False,
train,2430,train_2431.png,1.0,data/images/train/train_2431.png,True,True,False,
train,2431,train_2432.png,1.0,data/images/train/train_2432.png,True,True,False,
train,2432,train_2433.png,1.0,data/images/train/train_2433.png,True,True,False,
train,2433,train_2434.png,1.0,data/images/train/train_2434.png,True,True,False,
train,2434,train_2435.png,1.0,data/images/train/train_2435.png,True,True,False,
train,2435,train_2436.png,1.0,data/images/train/train_2436.png,True,True,False,
train,2436,train_2437.png,1.0,data/images/train/train_2437.png,True,True,False,
train,2437,train_2438.png,1.0,data/images/train/train_2438.png,True,True,False,
train,2438,train_2439.png,1.0,data/images/train/train_2439.png,True,True,False,
train,2439,train_2440.png,1.0,data/images/train/train_2440.png,True,True,False,
train,2440,train_2441.png,1.0,data/images/train/train_2441.png,True,True,False,
train,2441,train_2442.png,1.0,data/images/train/train_2442.png,True,True,False,
train,2442,train_2443.png,1.0,data/images/train/train_2443.png,True,True,False,
train,2443,train_2444.png,1.0,data/images/train/train_2444.png,True,True,False,
train,2444,train_2445.png,1.0,data/images/train/train_2445.png,True,True,False,
train,2445,train_2446.png,1.0,data/images/train/train_2446.png,True,True,False,
train,2446,train_2447.png,1.0,data/images/train/train_2447.png,True,True,False,
train,2447,train_2448.png,1.0,data/images/train/train_2448.png,True,True,False,
train,2448,train_2449.png,1.0,data/images/train/train_2449.png,True,True,False,
train,2449,train_2450.png,1.0,data/images/train/train_2450.png,True,True,False,
train,2450,train_2451.png,1.0,data/images/train/train_2451.png,True,True,False,
train,2451,train_2452.png,1.0,data/images/train/train_2452.png,True,True,False,
train,2452,train_2453.png,1.0,data/images/train/train_2453.png,True,True,False,
train,2453,train_2454.png,1.0,data/images/train/train_2454.png,True,True,False,
train,2454,train_2455.png,1.0,data/images/train/train_2455.png,True,True,False,
train,2455,train_2456.png,1.0,data/images/train/train_2456.png,True,True,False,
train,2456,train_2457.png,1.0,data/images/train/train_2457.png,True,True,False,
train,2457,train_2458.png,1.0,data/images/train/train_2458.png,True,True,False,
train,2458,train_2459.png,1.0,data/images/train/train_2459.png,True,True,False,
train,2459,train_2460.png,1.0,data/images/train/train_2460.png,True,True,False,
train,2460,train_2461.png,1.0,data/images/train/train_2461.png,True,True,False,
train,2461,train_2462.png,1.0,data/images/train/train_2462.png,True,True,False,
train,2462,train_2463.png,1.0,data/images/train/train_2463.png,True,True,False,
train,2463,train_2464.png,1.0,data/images/train/train_2464.png,True,True,False,
train,2464,train_2465.png,1.0,data/images/train/train_2465.png,True,True,False,
train,2465,train_2466.png,1.0,data/images/train/train_2466.png,True,True,False,
train,2466,train_2467.png,1.0,data/images/train/train_2467.png,True,True,False,
train,2467,train_2468.png,1.0,data/images/train/train_2468.png,True,True,False,
train,2468,train_2469.png,1.0,data/images/train/train_2469.png,True,True,False,
train,2469,train_2470.png,1.0,data/images/train/train_2470.png,True,True,False,
train,2470,train_2471.png,1.0,data/images/train/train_2471.png,True,True,False,
train,2471,train_2472.png,1.0,data/images/train/train_2472.png,True,True,False,
train,2472,train_2473.png,1.0,data/images/train/train_2473.png,True,True,False,
train,2473,train_2474.png,1.0,data/images/train/train_2474.png,True,True,False,
train,2474,train_2475.png,1.0,data/images/train/train_2475.png,True,True,False,
train,2475,train_2476.png,1.0,data/images/train/train_2476.png,True,True,False,
train,2476,train_2477.png,1.0,data/images/train/train_2477.png,True,True,False,
train,2477,train_2478.png,1.0,data/images/train/train_2478.png,True,True,False,
train,2478,train_2479.png,1.0,data/images/train/train_2479.png,True,True,False,
train,2479,train_2480.png,1.0,data/images/train/train_2480.png,True,True,False,
train,2480,train_2481.png,1.0,data/images/train/train_2481.png,True,True,False,
train,2481,train_2482.png,1.0,data/images/train/train_2482.png,True,True,False,
train,2482,train_2483.png,1.0,data/images/train/train_2483.png,True,True,False,
train,2483,train_2484.png,1.0,data/images/train/train_2484.png,True,True,False,
train,2484,train_2485.png,1.0,data/images/train/train_2485.png,True,True,False,
train,2485,train_2486.png,1.0,data/images/train/train_2486.png,True,True,False,
train,2486,train_2487.png,1.0,data/images/train/train_2487.png,True,True,False,
train,2487,train_2488.png,1.0,data/images/train/train_2488.png,True,True,False,
train,2488,train_2489.png,1.0,data/images/train/train_2489.png,True,True,False,
train,2489,train_2490.png,1.0,data/images/train/train_2490.png,True,True,False,
train,2490,train_2491.png,1.0,data/images/train/train_2491.png,True,True,False,
train,2491,train_2492.png,1.0,data/images/train/train_2492.png,True,True,False,
train,2492,train_2493.png,1.0,data/images/train/train_2493.png,True,True,False,
train,2493,train_2494.png,1.0,data/images/train/train_2494.png,True,True,False,
train,2494,train_2495.png,1.0,data/images/train/train_2495.png,True,True,False,
train,2495,train_2496.png,1.0,data/images/train/train_2496.png,True,True,False,
train,2496,train_2497.png,1.0,data/images/train/train_2497.png,True,True,False,
train,2497,train_2498.png,1.0,data/images/train/train_2498.png,True,True,False,
train,2498,train_2499.png,1.0,data/images/train/train_2499.png,True,True,False,
train,2499,train_2500.png,1.0,data/images/train/train_2500.png,True,True,False,
train,2500,train_2501.png,1.0,data/images/train/train_2501.png,True,True,False,
train,2501,train_2502.png,1.0,data/images/train/train_2502.png,True,True,False,
train,2502,train_2503.png,1.0,data/images/train/train_2503.png,True,True,False,
train,2503,train_2504.png,1.0,data/images/train/train_2504.png,True,True,False,
train,2504,train_2505.png,1.0,data/images/train/train_2505.png,True,True,False,
train,2505,train_2506.png,1.0,data/images/train/train_2506.png,True,True,False,
train,2506,train_2507.png,1.0,data/images/train/train_2507.png,True,True,False,
train,2507,train_2508.png,1.0,data/images/train/train_2508.png,True,True,False,
train,2508,train_2509.png,1.0,data/images/train/train_2509.png,True,True,False,
train,2509,train_2510.png,1.0,data/images/train/train_2510.png,True,True,False,
train,2510,train_2511.png,1.0,data/images/train/train_2511.png,True,True,False,
train,2511,train_2512.png,1.0,data/images/train/train_2512.png,True,True,False,
train,2512,train_2513.png,1.0,data/images/train/train_2513.png,True,True,False,
train,2513,train_2514.png,1.0,data/images/train/train_2514.png,True,True,False,
train,2514,train_2515.png,1.0,data/images/train/train_2515.png,True,True,False,
train,2515,train_2516.png,1.0,data/images/train/train_2516.png,True,True,False,
train,2516,train_2517.png,1.0,data/images/train/train_2517.png,True,True,False,
train,2517,train_2518.png,1.0,data/images/train/train_2518.png,True,True,False,
train,2518,train_2519.png,1.0,data/images/train/train_2519.png,True,True,False,
train,2519,train_2520.png,1.0,data/images/train/train_2520.png,True,True,False,
train,2520,train_2521.png,1.0,data/images/train/train_2521.png,True,True,False,
train,2521,train_2522.png,1.0,data/images/train/train_2522.png,True,True,False,
train,2522,train_2523.png,1.0,data/images/train/train_2523.png,True,True,False,
train,2523,train_2524.png,1.0,data/images/train/train_2524.png,True,True,False,
train,2524,train_2525.png,1.0,data/images/train/train_2525.png,True,True,False,
train,2525,train_2526.png,1.0,data/images/train/train_2526.png,True,True,False,
train,2526,train_2527.png,1.0,data/images/train/train_2527.png,True,True,False,
train,2527,train_2528.png,1.0,data/images/train/train_2528.png,True,True,False,
train,2528,train_2529.png,1.0,data/images/train/train_2529.png,True,True,False,
train,2529,train_2530.png,1.0,data/images/train/train_2530.png,True,True,False,
train,2530,train_2531.png,1.0,data/images/train/train_2531.png,True,True,False,
train,2531,train_2532.png,1.0,data/images/train/train_2532.png,True,True,False,
train,2532,train_2533.png,1.0,data/images/train/train_2533.png,True,True,False,
train,2533,train_2534.png,1.0,data/images/train/train_2534.png,True,True,False,
train,2534,train_2535.png,1.0,data/images/train/train_2535.png,True,True,False,
train,2535,train_2536.png,1.0,data/images/train/train_2536.png,True,True,False,
train,2536,train_2537.png,1.0,data/images/train/train_2537.png,True,True,False,
train,2537,train_2538.png,1.0,data/images/train/train_2538.png,True,True,False,
train,2538,train_2539.png,1.0,data/images/train/train_2539.png,True,True,False,
train,2539,train_2540.png,1.0,data/images/train/train_2540.png,True,True,False,
train,2540,train_2541.png,1.0,data/images/train/train_2541.png,True,True,False,
train,2541,train_2542.png,1.0,data/images/train/train_2542.png,True,True,False,
train,2542,train_2543.png,1.0,data/images/train/train_2543.png,True,True,False,
train,2543,train_2544.png,1.0,data/images/train/train_2544.png,True,True,False,
train,2544,train_2545.png,1.0,data/images/train/train_2545.png,True,True,False,
train,2545,train_2546.png,1.0,data/images/train/train_2546.png,True,True,False,
train,2546,train_2547.png,1.0,data/images/train/train_2547.png,True,True,False,
train,2547,train_2548.png,1.0,data/images/train/train_2548.png,True,True,False,
train,2548,train_2549.png,1.0,data/images/train/train_2549.png,True,True,False,
train,2549,train_2550.png,1.0,data/images/train/train_2550.png,True,True,False,
train,2550,train_2551.png,1.0,data/images/train/train_2551.png,True,True,False,
train,2551,train_2552.png,1.0,data/images/train/train_2552.png,True,True,False,
train,2552,train_2553.png,1.0,data/images/train/train_2553.png,True,True,False,
train,2553,train_2554.png,1.0,data/images/train/train_2554.png,True,True,False,
train,2554,train_2555.png,1.0,data/images/train/train_2555.png,True,True,False,
train,2555,train_2556.png,1.0,data/images/train/train_2556.png,True,True,False,
train,2556,train_2557.png,1.0,data/images/train/train_2557.png,True,True,False,
train,2557,train_2558.png,1.0,data/images/train/train_2558.png,True,True,False,
train,2558,train_2559.png,1.0,data/images/train/train_2559.png,True,True,False,
train,2559,train_2560.png,1.0,data/images/train/train_2560.png,True,True,False,
train,2560,train_2561.png,1.0,data/images/train/train_2561.png,True,True,False,
train,2561,train_2562.png,1.0,data/images/train/train_2562.png,True,True,False,
train,2562,train_2563.png,1.0,data/images/train/train_2563.png,True,True,False,
train,2563,train_2564.png,1.0,data/images/train/train_2564.png,True,True,False,
train,2564,train_2565.png,1.0,data/images/train/train_2565.png,True,True,False,
train,2565,train_2566.png,1.0,data/images/train/train_2566.png,True,True,False,
train,2566,train_2567.png,1.0,data/images/train/train_2567.png,True,True,False,
train,2567,train_2568.png,1.0,data/images/train/train_2568.png,True,True,False,
train,2568,train_2569.png,1.0,data/images/train/train_2569.png,True,True,False,
train,2569,train_2570.png,1.0,data/images/train/train_2570.png,True,True,False,
train,2570,train_2571.png,1.0,data/images/train/train_2571.png,True,True,False,
train,2571,train_2572.png,1.0,data/images/train/train_2572.png,True,True,False,
train,2572,train_2573.png,1.0,data/images/train/train_2573.png,True,True,False,
train,2573,train_2574.png,1.0,data/images/train/train_2574.png,True,True,False,
train,2574,train_2575.png,1.0,data/images/train/train_2575.png,True,True,False,
train,2575,train_2576.png,1.0,data/images/train/train_2576.png,True,True,False,
train,2576,train_2577.png,1.0,data/images/train/train_2577.png,True,True,False,
train,2577,train_2578.png,1.0,data/images/train/train_2578.png,True,True,False,
train,2578,train_2579.png,1.0,data/images/train/train_2579.png,True,True,False,
train,2579,train_2580.png,1.0,data/images/train/train_2580.png,True,True,False,
train,2580,train_2581.png,1.0,data/images/train/train_2581.png,True,True,False,
train,2581,train_2582.png,1.0,data/images/train/train_2582.png,True,True,False,
train,2582,train_2583.png,1.0,data/images/train/train_2583.png,True,True,False,
train,2583,train_2584.png,1.0,data/images/train/train_2584.png,True,True,False,
train,2584,train_2585.png,1.0,data/images/train/train_2585.png,True,True,False,
train,2585,train_2586.png,1.0,data/images/train/train_2586.png,True,True,False,
train,2586,train_2587.png,1.0,data/images/train/train_2587.png,True,True,False,
train,2587,train_2588.png,1.0,data/images/train/train_2588.png,True,True,False,
train,2588,train_2589.png,1.0,data/images/train/train_2589.png,True,True,False,
train,2589,train_2590.png,1.0,data/images/train/train_2590.png,True,True,False,
train,2590,train_2591.png,1.0,data/images/train/train_2591.png,True,True,False,
train,2591,train_2592.png,1.0,data/images/train/train_2592.png,True,True,False,
train,2592,train_2593.png,1.0,data/images/train/train_2593.png,True,True,False,
train,2593,train_2594.png,1.0,data/images/train/train_2594.png,True,True,False,
train,2594,train_2595.png,1.0,data/images/train/train_2595.png,True,True,False,
train,2595,train_2596.png,1.0,data/images/train/train_2596.png,True,True,False,
train,2596,train_2597.png,1.0,data/images/train/train_2597.png,True,True,False,
train,2597,train_2598.png,1.0,data/images/train/train_2598.png,True,True,False,
train,2598,train_2599.png,1.0,data/images/train/train_2599.png,True,True,False,
train,2599,train_2600.png,1.0,data/images/train/train_2600.png,True,True,False,
train,2600,train_2601.png,1.0,data/images/train/train_2601.png,True,True,False,
train,2601,train_2602.png,1.0,data/images/train/train_2602.png,True,True,False,
train,2602,train_2603.png,1.0,data/images/train/train_2603.png,True,True,False,
train,2603,train_2604.png,1.0,data/images/train/train_2604.png,True,True,False,
train,2604,train_2605.png,1.0,data/images/train/train_2605.png,True,True,False,
train,2605,train_2606.png,1.0,data/images/train/train_2606.png,True,True,False,
train,2606,train_2607.png,1.0,data/images/train/train_2607.png,True,True,False,
train,2607,train_2608.png,1.0,data/images/train/train_2608.png,True,True,False,
train,2608,train_2609.png,1.0,data/images/train/train_2609.png,True,True,False,
train,2609,train_2610.png,1.0,data/images/train/train_2610.png,True,True,False,
train,2610,train_2611.png,1.0,data/images/train/train_2611.png,True,True,False,
train,2611,train_2612.png,1.0,data/images/train/train_2612.png,True,True,False,
train,2612,train_2613.png,1.0,data/images/train/train_2613.png,True,True,False,
train,2613,train_2614.png,1.0,data/images/train/train_2614.png,True,True,False,
train,2614,train_2615.png,1.0,data/images/train/train_2615.png,True,True,False,
train,2615,train_2616.png,1.0,data/images/train/train_2616.png,True,True,False,
train,2616,train_2617.png,1.0,data/images/train/train_2617.png,True,True,False,
train,2617,train_2618.png,1.0,data/images/train/train_2618.png,True,True,False,
train,2618,train_2619.png,1.0,data/images/train/train_2619.png,True,True,False,
train,2619,train_2620.png,1.0,data/images/train/train_2620.png,True,True,False,
train,2620,train_2621.png,1.0,data/images/train/train_2621.png,True,True,False,
train,2621,train_2622.png,1.0,data/images/train/train_2622.png,True,True,False,
train,2622,train_2623.png,1.0,data/images/train/train_2623.png,True,True,False,
train,2623,train_2624.png,1.0,data/images/train/train_2624.png,True,True,False,
train,2624,train_2625.png,1.0,data/images/train/train_2625.png,True,True,False,
train,2625,train_2626.png,1.0,data/images/train/train_2626.png,True,True,False,
train,2626,train_2627.png,1.0,data/images/train/train_2627.png,True,True,False,
train,2627,train_2628.png,1.0,data/images/train/train_2628.png,True,True,False,
train,2628,train_2629.png,1.0,data/images/train/train_2629.png,True,True,False,
train,2629,train_2630.png,1.0,data/images/train/train_2630.png,True,True,False,
train,2630,train_2631.png,1.0,data/images/train/train_2631.png,True,True,False,
train,2631,train_2632.png,1.0,data/images/train/train_2632.png,True,True,False,
train,2632,train_2633.png,1.0,data/images/train/train_2633.png,True,True,False,
train,2633,train_2634.png,1.0,data/images/train/train_2634.png,True,True,False,
train,2634,train_2635.png,1.0,data/images/train/train_2635.png,True,True,False,
train,2635,train_2636.png,1.0,data/images/train/train_2636.png,True,True,False,
train,2636,train_2637.png,1.0,data/images/train/train_2637.png,True,True,False,
train,2637,train_2638.png,1.0,data/images/train/train_2638.png,True,True,False,
train,2638,train_2639.png,1.0,data/images/train/train_2639.png,True,True,False,
train,2639,train_2640.png,1.0,data/images/train/train_2640.png,True,True,False,
train,2640,train_2641.png,1.0,data/images/train/train_2641.png,True,True,False,
train,2641,train_2642.png,1.0,data/images/train/train_2642.png,True,True,False,
train,2642,train_2643.png,1.0,data/images/train/train_2643.png,True,True,False,
train,2643,train_2644.png,1.0,data/images/train/train_2644.png,True,True,False,
train,2644,train_2645.png,1.0,data/images/train/train_2645.png,True,True,False,
train,2645,train_2646.png,1.0,data/images/train/train_2646.png,True,True,False,
train,2646,train_2647.png,1.0,data/images/train/train_2647.png,True,True,False,
train,2647,train_2648.png,1.0,data/images/train/train_2648.png,True,True,False,
train,2648,train_2649.png,1.0,data/images/train/train_2649.png,True,True,False,
train,2649,train_2650.png,1.0,data/images/train/train_2650.png,True,True,False,
train,2650,train_2651.png,1.0,data/images/train/train_2651.png,True,True,False,
train,2651,train_2652.png,1.0,data/images/train/train_2652.png,True,True,False,
train,2652,train_2653.png,1.0,data/images/train/train_2653.png,True,True,False,
train,2653,train_2654.png,1.0,data/images/train/train_2654.png,True,True,False,
train,2654,train_2655.png,1.0,data/images/train/train_2655.png,True,True,False,
train,2655,train_2656.png,1.0,data/images/train/train_2656.png,True,True,False,
train,2656,train_2657.png,1.0,data/images/train/train_2657.png,True,True,False,
train,2657,train_2658.png,1.0,data/images/train/train_2658.png,True,True,False,
train,2658,train_2659.png,1.0,data/images/train/train_2659.png,True,True,False,
train,2659,train_2660.png,1.0,data/images/train/train_2660.png,True,True,False,
train,2660,train_2661.png,1.0,data/images/train/train_2661.png,True,True,False,
train,2661,train_2662.png,1.0,data/images/train/train_2662.png,True,True,False,
train,2662,train_2663.png,1.0,data/images/train/train_2663.png,True,True,False,
train,2663,train_2664.png,1.0,data/images/train/train_2664.png,True,True,False,
train,2664,train_2665.png,1.0,data/images/train/train_2665.png,True,True,False,
train,2665,train_2666.png,1.0,data/images/train/train_2666.png,True,True,False,
train,2666,train_2667.png,1.0,data/images/train/train_2667.png,True,True,False,
train,2667,train_2668.png,1.0,data/images/train/train_2668.png,True,True,False,
train,2668,train_2669.png,1.0,data/images/train/train_2669.png,True,True,False,
train,2669,train_2670.png,1.0,data/images/train/train_2670.png,True,True,False,
train,2670,train_2671.png,1.0,data/images/train/train_2671.png,True,True,False,
train,2671,train_2672.png,1.0,data/images/train/train_2672.png,True,True,False,
train,2672,train_2673.png,1.0,data/images/train/train_2673.png,True,True,False,
train,2673,train_2674.png,1.0,data/images/train/train_2674.png,True,True,False,
train,2674,train_2675.png,1.0,data/images/train/train_2675.png,True,True,False,
train,2675,train_2676.png,1.0,data/images/train/train_2676.png,True,True,False,
train,2676,train_2677.png,1.0,data/images/train/train_2677.png,True,True,False,
train,2677,train_2678.png,1.0,data/images/train/train_2678.png,True,True,False,
train,2678,train_2679.png,1.0,data/images/train/train_2679.png,True,True,False,
train,2679,train_2680.png,1.0,data/images/train/train_2680.png,True,True,False,
train,2680,train_2681.png,1.0,data/images/train/train_2681.png,True,True,False,
train,2681,train_2682.png,1.0,data/images/train/train_2682.png,True,True,False,
train,2682,train_2683.png,1.0,data/images/train/train_2683.png,True,True,False,
train,2683,train_2684.png,1.0,data/images/train/train_2684.png,True,True,False,
train,2684,train_2685.png,1.0,data/images/train/train_2685.png,True,True,False,
train,2685,train_2686.png,1.0,data/images/train/train_2686.png,True,True,False,
train,2686,train_2687.png,1.0,data/images/train/train_2687.png,True,True,False,
train,2687,train_2688.png,1.0,data/images/train/train_2688.png,True,True,False,
train,2688,train_2689.png,1.0,data/images/train/train_2689.png,True,True,False,
train,2689,train_2690.png,1.0,data/images/train/train_2690.png,True,True,False,
train,2690,train_2691.png,1.0,data/images/train/train_2691.png,True,True,False,
train,2691,train_2692.png,1.0,data/images/train/train_2692.png,True,True,False,
train,2692,train_2693.png,1.0,data/images/train/train_2693.png,True,True,False,
train,2693,train_2694.png,1.0,data/images/train/train_2694.png,True,True,False,
train,2694,train_2695.png,1.0,data/images/train/train_2695.png,True,True,False,
train,2695,train_2696.png,1.0,data/images/train/train_2696.png,True,True,False,
train,2696,train_2697.png,1.0,data/images/train/train_2697.png,True,True,False,
train,2697,train_2698.png,1.0,data/images/train/train_2698.png,True,True,False,
train,2698,train_2699.png,1.0,data/images/train/train_2699.png,True,True,False,
train,2699,train_2700.png,1.0,data/images/train/train_2700.png,True,True,False,
train,2700,train_2701.png,1.0,data/images/train/train_2701.png,True,True,False,
train,2701,train_2702.png,1.0,data/images/train/train_2702.png,True,True,False,
train,2702,train_2703.png,1.0,data/images/train/train_2703.png,True,True,False,
train,2703,train_2704.png,1.0,data/images/train/train_2704.png,True,True,False,
train,2704,train_2705.png,1.0,data/images/train/train_2705.png,True,True,False,
train,2705,train_2706.png,1.0,data/images/train/train_2706.png,True,True,False,
train,2706,train_2707.png,1.0,data/images/train/train_2707.png,True,True,False,
train,2707,train_2708.png,1.0,data/images/train/train_2708.png,True,True,False,
train,2708,train_2709.png,1.0,data/images/train/train_2709.png,True,True,False,
train,2709,train_2710.png,1.0,data/images/train/train_2710.png,True,True,False,
train,2710,train_2711.png,1.0,data/images/train/train_2711.png,True,True,False,
train,2711,train_2712.png,1.0,data/images/train/train_2712.png,True,True,False,
train,2712,train_2713.png,1.0,data/images/train/train_2713.png,True,True,False,
train,2713,train_2714.png,1.0,data/images/train/train_2714.png,True,True,False,
train,2714,train_2715.png,1.0,data/images/train/train_2715.png,True,True,False,
train,2715,train_2716.png,1.0,data/images/train/train_2716.png,True,True,False,
train,2716,train_2717.png,1.0,data/images/train/train_2717.png,True,True,False,
train,2717,train_2718.png,1.0,data/images/train/train_2718.png,True,True,False,
train,2718,train_2719.png,1.0,data/images/train/train_2719.png,True,True,False,
train,2719,train_2720.png,1.0,data/images/train/train_2720.png,True,True,False,
train,2720,train_2721.png,1.0,data/images/train/train_2721.png,True,True,False,
train,2721,train_2722.png,1.0,data/images/train/train_2722.png,True,True,False,
train,2722,train_2723.png,1.0,data/images/train/train_2723.png,True,True,False,
train,2723,train_2724.png,1.0,data/images/train/train_2724.png,True,True,False,
train,2724,train_2725.png,1.0,data/images/train/train_2725.png,True,True,False,
train,2725,train_2726.png,1.0,data/images/train/train_2726.png,True,True,False,
train,2726,train_2727.png,1.0,data/images/train/train_2727.png,True,True,False,
train,2727,train_2728.png,1.0,data/images/train/train_2728.png,True,True,False,
train,2728,train_2729.png,1.0,data/images/train/train_2729.png,True,True,False,
train,2729,train_2730.png,1.0,data/images/train/train_2730.png,True,True,False,
train,2730,train_2731.png,1.0,data/images/train/train_2731.png,True,True,False,
train,2731,train_2732.png,1.0,data/images/train/train_2732.png,True,True,False,
train,2732,train_2733.png,1.0,data/images/train/train_2733.png,True,True,False,
train,2733,train_2734.png,1.0,data/images/train/train_2734.png,True,True,False,
train,2734,train_2735.png,1.0,data/images/train/train_2735.png,True,True,False,
train,2735,train_2736.png,1.0,data/images/train/train_2736.png,True,True,False,
train,2736,train_2737.png,1.0,data/images/train/train_2737.png,True,True,False,
train,2737,train_2738.png,1.0,data/images/train/train_2738.png,True,True,False,
train,2738,train_2739.png,1.0,data/images/train/train_2739.png,True,True,False,
train,2739,train_2740.png,1.0,data/images/train/train_2740.png,True,True,False,
train,2740,train_2741.png,1.0,data/images/train/train_2741.png,True,True,False,
train,2741,train_2742.png,1.0,data/images/train/train_2742.png,True,True,False,
train,2742,train_2743.png,1.0,data/images/train/train_2743.png,True,True,False,
train,2743,train_2744.png,1.0,data/images/train/train_2744.png,True,True,False,
train,2744,train_2745.png,1.0,data/images/train/train_2745.png,True,True,False,
train,2745,train_2746.png,1.0,data/images/train/train_2746.png,True,True,False,
train,2746,train_2747.png,1.0,data/images/train/train_2747.png,True,True,False,
train,2747,train_2748.png,1.0,data/images/train/train_2748.png,True,True,False,
train,2748,train_2749.png,1.0,data/images/train/train_2749.png,True,True,False,
train,2749,train_2750.png,1.0,data/images/train/train_2750.png,True,True,False,
train,2750,train_2751.png,1.0,data/images/train/train_2751.png,True,True,False,
train,2751,train_2752.png,1.0,data/images/train/train_2752.png,True,True,False,
train,2752,train_2753.png,1.0,data/images/train/train_2753.png,True,True,False,
train,2753,train_2754.png,1.0,data/images/train/train_2754.png,True,True,False,
train,2754,train_2755.png,1.0,data/images/train/train_2755.png,True,True,False,
train,2755,train_2756.png,1.0,data/images/train/train_2756.png,True,True,False,
train,2756,train_2757.png,1.0,data/images/train/train_2757.png,True,True,False,
train,2757,train_2758.png,1.0,data/images/train/train_2758.png,True,True,False,
train,2758,train_2759.png,1.0,data/images/train/train_2759.png,True,True,False,
train,2759,train_2760.png,1.0,data/images/train/train_2760.png,True,True,False,
train,2760,train_2761.png,1.0,data/images/train/train_2761.png,True,True,False,
train,2761,train_2762.png,1.0,data/images/train/train_2762.png,True,True,False,
train,2762,train_2763.png,1.0,data/images/train/train_2763.png,True,True,False,
train,2763,train_2764.png,1.0,data/images/train/train_2764.png,True,True,False,
train,2764,train_2765.png,1.0,data/images/train/train_2765.png,True,True,False,
train,2765,train_2766.png,1.0,data/images/train/train_2766.png,True,True,False,
train,2766,train_2767.png,1.0,data/images/train/train_2767.png,True,True,False,
train,2767,train_2768.png,1.0,data/images/train/train_2768.png,True,True,False,
train,2768,train_2769.png,1.0,data/images/train/train_2769.png,True,True,False,
train,2769,train_2770.png,1.0,data/images/train/train_2770.png,True,True,False,
train,2770,train_2771.png,1.0,data/images/train/train_2771.png,True,True,False,
train,2771,train_2772.png,1.0,data/images/train/train_2772.png,True,True,False,
train,2772,train_2773.png,1.0,data/images/train/train_2773.png,True,True,False,
train,2773,train_2774.png,1.0,data/images/train/train_2774.png,True,True,False,
train,2774,train_2775.png,1.0,data/images/train/train_2775.png,True,True,False,
train,2775,train_2776.png,1.0,data/images/train/train_2776.png,True,True,False,
train,2776,train_2777.png,1.0,data/images/train/train_2777.png,True,True,False,
train,2777,train_2778.png,1.0,data/images/train/train_2778.png,True,True,False,
train,2778,train_2779.png,1.0,data/images/train/train_2779.png,True,True,False,
train,2779,train_2780.png,1.0,data/images/train/train_2780.png,True,True,False,
train,2780,train_2781.png,1.0,data/images/train/train_2781.png,True,True,False,
train,2781,train_2782.png,1.0,data/images/train/train_2782.png,True,True,False,
train,2782,train_2783.png,1.0,data/images/train/train_2783.png,True,True,False,
train,2783,train_2784.png,1.0,data/images/train/train_2784.png,True,True,False,
train,2784,train_2785.png,1.0,data/images/train/train_2785.png,True,True,False,
train,2785,train_2786.png,1.0,data/images/train/train_2786.png,True,True,False,
train,2786,train_2787.png,1.0,data/images/train/train_2787.png,True,True,False,
train,2787,train_2788.png,1.0,data/images/train/train_2788.png,True,True,False,
train,2788,train_2789.png,1.0,data/images/train/train_2789.png,True,True,False,
train,2789,train_2790.png,1.0,data/images/train/train_2790.png,True,True,False,
train,2790,train_2791.png,1.0,data/images/train/train_2791.png,True,True,False,
train,2791,train_2792.png,1.0,data/images/train/train_2792.png,True,True,False,
train,2792,train_2793.png,1.0,data/images/train/train_2793.png,True,True,False,
train,2793,train_2794.png,1.0,data/images/train/train_2794.png,True,True,False,
train,2794,train_2795.png,1.0,data/images/train/train_2795.png,True,True,False,
train,2795,train_2796.png,1.0,data/images/train/train_2796.png,True,True,False,
train,2796,train_2797.png,1.0,data/images/train/train_2797.png,True,True,False,
train,2797,train_2798.png,1.0,data/images/train/train_2798.png,True,True,False,
train,2798,train_2799.png,1.0,data/images/train/train_2799.png,True,True,False,
train,2799,train_2800.png,1.0,data/images/train/train_2800.png,True,True,False,
train,2800,train_2801.png,1.0,data/images/train/train_2801.png,True,True,False,
train,2801,train_2802.png,1.0,data/images/train/train_2802.png,True,True,False,
train,2802,train_2803.png,1.0,data/images/train/train_2803.png,True,True,False,
train,2803,train_2804.png,1.0,data/images/train/train_2804.png,True,True,False,
train,2804,train_2805.png,1.0,data/images/train/train_2805.png,True,True,False,
train,2805,train_2806.png,1.0,data/images/train/train_2806.png,True,True,False,
train,2806,train_2807.png,1.0,data/images/train/train_2807.png,True,True,False,
train,2807,train_2808.png,1.0,data/images/train/train_2808.png,True,True,False,
train,2808,train_2809.png,1.0,data/images/train/train_2809.png,True,True,False,
train,2809,train_2810.png,1.0,data/images/train/train_2810.png,True,True,False,
train,2810,train_2811.png,1.0,data/images/train/train_2811.png,True,True,False,
train,2811,train_2812.png,1.0,data/images/train/train_2812.png,True,True,False,
train,2812,train_2813.png,1.0,data/images/train/train_2813.png,True,True,False,
train,2813,train_2814.png,1.0,data/images/train/train_2814.png,True,True,False,
train,2814,train_2815.png,1.0,data/images/train/train_2815.png,True,True,False,
train,2815,train_2816.png,1.0,data/images/train/train_2816.png,True,True,False,
train,2816,train_2817.png,1.0,data/images/train/train_2817.png,True,True,False,
train,2817,train_2818.png,1.0,data/images/train/train_2818.png,True,True,False,
train,2818,train_2819.png,1.0,data/images/train/train_2819.png,True,True,False,
train,2819,train_2820.png,1.0,data/images/train/train_2820.png,True,True,False,
train,2820,train_2821.png,1.0,data/images/train/train_2821.png,True,True,False,
train,2821,train_2822.png,1.0,data/images/train/train_2822.png,True,True,False,
train,2822,train_2823.png,1.0,data/images/train/train_2823.png,True,True,False,
train,2823,train_2824.png,1.0,data/images/train/train_2824.png,True,True,False,
train,2824,train_2825.png,1.0,data/images/train/train_2825.png,True,True,False,
train,2825,train_2826.png,1.0,data/images/train/train_2826.png,True,True,False,
train,2826,train_2827.png,1.0,data/images/train/train_2827.png,True,True,False,
train,2827,train_2828.png,1.0,data/images/train/train_2828.png,True,True,False,
train,2828,train_2829.png,1.0,data/images/train/train_2829.png,True,True,False,
train,2829,train_2830.png,1.0,data/images/train/train_2830.png,True,True,False,
train,2830,train_2831.png,1.0,data/images/train/train_2831.png,True,True,False,
train,2831,train_2832.png,1.0,data/images/train/train_2832.png,True,True,False,
train,2832,train_2833.png,1.0,data/images/train/train_2833.png,True,True,False,
train,2833,train_2834.png,1.0,data/images/train/train_2834.png,True,True,False,
train,2834,train_2835.png,1.0,data/images/train/train_2835.png,True,True,False,
train,2835,train_2836.png,1.0,data/images/train/train_2836.png,True,True,False,
train,2836,train_2837.png,1.0,data/images/train/train_2837.png,True,True,False,
train,2837,train_2838.png,1.0,data/images/train/train_2838.png,True,True,False,
train,2838,train_2839.png,1.0,data/images/train/train_2839.png,True,True,False,
train,2839,train_2840.png,1.0,data/images/train/train_2840.png,True,True,False,
train,2840,train_2841.png,1.0,data/images/train/train_2841.png,True,True,False,
train,2841,train_2842.png,1.0,data/images/train/train_2842.png,True,True,False,
train,2842,train_2843.png,1.0,data/images/train/train_2843.png,True,True,False,
train,2843,train_2844.png,1.0,data/images/train/train_2844.png,True,True,False,
train,2844,train_2845.png,1.0,data/images/train/train_2845.png,True,True,False,
train,2845,train_2846.png,1.0,data/images/train/train_2846.png,True,True,False,
train,2846,train_2847.png,1.0,data/images/train/train_2847.png,True,True,False,
train,2847,train_2848.png,1.0,data/images/train/train_2848.png,True,True,False,
train,2848,train_2849.png,1.0,data/images/train/train_2849.png,True,True,False,
train,2849,train_2850.png,1.0,data/images/train/train_2850.png,True,True,False,
train,2850,train_2851.png,1.0,data/images/train/train_2851.png,True,True,False,
train,2851,train_2852.png,1.0,data/images/train/train_2852.png,True,True,False,
train,2852,train_2853.png,1.0,data/images/train/train_2853.png,True,True,False,
train,2853,train_2854.png,1.0,data/images/train/train_2854.png,True,True,False,
train,2854,train_2855.png,1.0,data/images/train/train_2855.png,True,True,False,
train,2855,train_2856.png,1.0,data/images/train/train_2856.png,True,True,False,
train,2856,train_2857.png,1.0,data/images/train/train_2857.png,True,True,False,
train,2857,train_2858.png,1.0,data/images/train/train_2858.png,True,True,False,
train,2858,train_2859.png,1.0,data/images/train/train_2859.png,True,True,False,
train,2859,train_2860.png,1.0,data/images/train/train_2860.png,True,True,False,
train,2860,train_2861.png,1.0,data/images/train/train_2861.png,True,True,False,
train,2861,train_2862.png,1.0,data/images/train/train_2862.png,True,True,False,
train,2862,train_2863.png,1.0,data/images/train/train_2863.png,True,True,False,
train,2863,train_2864.png,1.0,data/images/train/train_2864.png,True,True,False,
train,2864,train_2865.png,1.0,data/images/train/train_2865.png,True,True,False,
train,2865,train_2866.png,1.0,data/images/train/train_2866.png,True,True,False,
train,2866,train_2867.png,1.0,data/images/train/train_2867.png,True,True,False,
train,2867,train_2868.png,1.0,data/images/train/train_2868.png,True,True,False,
train,2868,train_2869.png,1.0,data/images/train/train_2869.png,True,True,False,
train,2869,train_2870.png,1.0,data/images/train/train_2870.png,True,True,False,
train,2870,train_2871.png,1.0,data/images/train/train_2871.png,True,True,False,
train,2871,train_2872.png,1.0,data/images/train/train_2872.png,True,True,False,
train,2872,train_2873.png,1.0,data/images/train/train_2873.png,True,True,False,
train,2873,train_2874.png,1.0,data/images/train/train_2874.png,True,True,False,
train,2874,train_2875.png,1.0,data/images/train/train_2875.png,True,True,False,
train,2875,train_2876.png,1.0,data/images/train/train_2876.png,True,True,False,
train,2876,train_2877.png,1.0,data/images/train/train_2877.png,True,True,False,
train,2877,train_2878.png,1.0,data/images/train/train_2878.png,True,True,False,
train,2878,train_2879.png,1.0,data/images/train/train_2879.png,True,True,False,
train,2879,train_2880.png,1.0,data/images/train/train_2880.png,True,True,False,
train,2880,train_2881.png,1.0,data/images/train/train_2881.png,True,True,False,
train,2881,train_2882.png,1.0,data/images/train/train_2882.png,True,True,False,
train,2882,train_2883.png,1.0,data/images/train/train_2883.png,True,True,False,
train,2883,train_2884.png,1.0,data/images/train/train_2884.png,True,True,False,
train,2884,train_2885.png,1.0,data/images/train/train_2885.png,True,True,False,
train,2885,train_2886.png,1.0,data/images/train/train_2886.png,True,True,False,
train,2886,train_2887.png,1.0,data/images/train/train_2887.png,True,True,False,
train,2887,train_2888.png,1.0,data/images/train/train_2888.png,True,True,False,
train,2888,train_2889.png,1.0,data/images/train/train_2889.png,True,True,False,
train,2889,train_2890.png,1.0,data/images/train/train_2890.png,True,True,False,
train,2890,train_2891.png,1.0,data/images/train/train_2891.png,True,True,False,
train,2891,train_2892.png,1.0,data/images/train/train_2892.png,True,True,False,
train,2892,train_2893.png,1.0,data/images/train/train_2893.png,True,True,False,
train,2893,train_2894.png,1.0,data/images/train/train_2894.png,True,True,False,
train,2894,train_2895.png,1.0,data/images/train/train_2895.png,True,True,False,
train,2895,train_2896.png,1.0,data/images/train/train_2896.png,True,True,False,
train,2896,train_2897.png,1.0,data/images/train/train_2897.png,True,True,False,
train,2897,train_2898.png,1.0,data/images/train/train_2898.png,True,True,False,
train,2898,train_2899.png,1.0,data/images/train/train_2899.png,True,True,False,
train,2899,train_2900.png,1.0,data/images/train/train_2900.png,True,True,False,
train,2900,train_2901.png,1.0,data/images/train/train_2901.png,True,True,False,
train,2901,train_2902.png,1.0,data/images/train/train_2902.png,True,True,False,
train,2902,train_2903.png,1.0,data/images/train/train_2903.png,True,True,False,
train,2903,train_2904.png,1.0,data/images/train/train_2904.png,True,True,False,
train,2904,train_2905.png,1.0,data/images/train/train_2905.png,True,True,False,
train,2905,train_2906.png,1.0,data/images/train/train_2906.png,True,True,False,
train,2906,train_2907.png,1.0,data/images/train/train_2907.png,True,True,False,
train,2907,train_2908.png,1.0,data/images/train/train_2908.png,True,True,False,
train,2908,train_2909.png,1.0,data/images/train/train_2909.png,True,True,False,
train,2909,train_2910.png,1.0,data/images/train/train_2910.png,True,True,False,
train,2910,train_2911.png,1.0,data/images/train/train_2911.png,True,True,False,
train,2911,train_2912.png,1.0,data/images/train/train_2912.png,True,True,False,
train,2912,train_2913.png,1.0,data/images/train/train_2913.png,True,True,False,
train,2913,train_2914.png,1.0,data/images/train/train_2914.png,True,True,False,
train,2914,train_2915.png,1.0,data/images/train/train_2915.png,True,True,False,
train,2915,train_2916.png,1.0,data/images/train/train_2916.png,True,True,False,
train,2916,train_2917.png,1.0,data/images/train/train_2917.png,True,True,False,
train,2917,train_2918.png,1.0,data/images/train/train_2918.png,True,True,False,
train,2918,train_2919.png,1.0,data/images/train/train_2919.png,True,True,False,
train,2919,train_2920.png,1.0,data/images/train/train_2920.png,True,True,False,
train,2920,train_2921.png,1.0,data/images/train/train_2921.png,True,True,False,
train,2921,train_2922.png,1.0,data/images/train/train_2922.png,True,True,False,
train,2922,train_2923.png,1.0,data/images/train/train_2923.png,True,True,False,
train,2923,train_2924.png,1.0,data/images/train/train_2924.png,True,True,False,
train,2924,train_2925.png,1.0,data/images/train/train_2925.png,True,True,False,
train,2925,train_2926.png,1.0,data/images/train/train_2926.png,True,True,False,
train,2926,train_2927.png,1.0,data/images/train/train_2927.png,True,True,False,
train,2927,train_2928.png,1.0,data/images/train/train_2928.png,True,True,False,
train,2928,train_2929.png,1.0,data/images/train/train_2929.png,True,True,False,
train,2929,train_2930.png,1.0,data/images/train/train_2930.png,True,True,False,
train,2930,train_2931.png,1.0,data/images/train/train_2931.png,True,True,False,
train,2931,train_2932.png,1.0,data/images/train/train_2932.png,True,True,False,
train,2932,train_2933.png,1.0,data/images/train/train_2933.png,True,True,False,
train,2933,train_2934.png,1.0,data/images/train/train_2934.png,True,True,False,
train,2934,train_2935.png,1.0,data/images/train/train_2935.png,True,True,False,
train,2935,train_2936.png,1.0,data/images/train/train_2936.png,True,True,False,
train,2936,train_2937.png,1.0,data/images/train/train_2937.png,True,True,False,
train,2937,train_2938.png,1.0,data/images/train/train_2938.png,True,True,False,
train,2938,train_2939.png,1.0,data/images/train/train_2939.png,True,True,False,
train,2939,train_2940.png,1.0,data/images/train/train_2940.png,True,True,False,
train,2940,train_2941.png,1.0,data/images/train/train_2941.png,True,True,False,
train,2941,train_2942.png,1.0,data/images/train/train_2942.png,True,True,False,
train,2942,train_2943.png,1.0,data/images/train/train_2943.png,True,True,False,
train,2943,train_2944.png,1.0,data/images/train/train_2944.png,True,True,False,
train,2944,train_2945.png,1.0,data/images/train/train_2945.png,True,True,False,
train,2945,train_2946.png,1.0,data/images/train/train_2946.png,True,True,False,
train,2946,train_2947.png,1.0,data/images/train/train_2947.png,True,True,False,
train,2947,train_2948.png,1.0,data/images/train/train_2948.png,True,True,False,
train,2948,train_2949.png,1.0,data/images/train/train_2949.png,True,True,False,
train,2949,train_2950.png,1.0,data/images/train/train_2950.png,True,True,False,
train,2950,train_2951.png,1.0,data/images/train/train_2951.png,True,True,False,
train,2951,train_2952.png,1.0,data/images/train/train_2952.png,True,True,False,
train,2952,train_2953.png,1.0,data/images/train/train_2953.png,True,True,False,
train,2953,train_2954.png,1.0,data/images/train/train_2954.png,True,True,False,
train,2954,train_2955.png,1.0,data/images/train/train_2955.png,True,True,False,
train,2955,train_2956.png,1.0,data/images/train/train_2956.png,True,True,False,
train,2956,train_2957.png,1.0,data/images/train/train_2957.png,True,True,False,
train,2957,train_2958.png,1.0,data/images/train/train_2958.png,True,True,False,
train,2958,train_2959.png,1.0,data/images/train/train_2959.png,True,True,False,
train,2959,train_2960.png,1.0,data/images/train/train_2960.png,True,True,False,
train,2960,train_2961.png,1.0,data/images/train/train_2961.png,True,True,False,
train,2961,train_2962.png,1.0,data/images/train/train_2962.png,True,True,False,
train,2962,train_2963.png,1.0,data/images/train/train_2963.png,True,True,False,
train,2963,train_2964.png,1.0,data/images/train/train_2964.png,True,True,False,
train,2964,train_2965.png,1.0,data/images/train/train_2965.png,True,True,False,
train,2965,train_2966.png,1.0,data/images/train/train_2966.png,True,True,False,
train,2966,train_2967.png,1.0,data/images/train/train_2967.png,True,True,False,
train,2967,train_2968.png,1.0,data/images/train/train_2968.png,True,True,False,
train,2968,train_2969.png,1.0,data/images/train/train_2969.png,True,True,False,
train,2969,train_2970.png,1.0,data/images/train/train_2970.png,True,True,False,
train,2970,train_2971.png,1.0,data/images/train/train_2971.png,True,True,False,
train,2971,train_2972.png,1.0,data/images/train/train_2972.png,True,True,False,
train,2972,train_2973.png,1.0,data/images/train/train_2973.png,True,True,False,
train,2973,train_2974.png,1.0,data/images/train/train_2974.png,True,True,False,
train,2974,train_2975.png,1.0,data/images/train/train_2975.png,True,True,False,
train,2975,train_2976.png,1.0,data/images/train/train_2976.png,True,True,False,
train,2976,train_2977.png,1.0,data/images/train/train_2977.png,True,True,False,
train,2977,train_2978.png,1.0,data/images/train/train_2978.png,True,True,False,
train,2978,train_2979.png,1.0,data/images/train/train_2979.png,True,True,False,
train,2979,train_2980.png,1.0,data/images/train/train_2980.png,True,True,False,
train,2980,train_2981.png,1.0,data/images/train/train_2981.png,True,True,False,
train,2981,train_2982.png,1.0,data/images/train/train_2982.png,True,True,False,
train,2982,train_2983.png,1.0,data/images/train/train_2983.png,True,True,False,
train,2983,train_2984.png,1.0,data/images/train/train_2984.png,True,True,False,
train,2984,train_2985.png,1.0,data/images/train/train_2985.png,True,True,False,
train,2985,train_2986.png,1.0,data/images/train/train_2986.png,True,True,False,
train,2986,train_2987.png,1.0,data/images/train/train_2987.png,True,True,False,
train,2987,train_2988.png,1.0,data/images/train/train_2988.png,True,True,False,
train,2988,train_2989.png,1.0,data/images/train/train_2989.png,True,True,False,
train,2989,train_2990.png,1.0,data/images/train/train_2990.png,True,True,False,
train,2990,train_2991.png,1.0,data/images/train/train_2991.png,True,True,False,
train,2991,train_2992.png,1.0,data/images/train/train_2992.png,True,True,False,
train,2992,train_2993.png,1.0,data/images/train/train_2993.png,True,True,False,
train,2993,train_2994.png,1.0,data/images/train/train_2994.png,True,True,False,
train,2994,train_2995.png,1.0,data/images/train/train_2995.png,True,True,False,
train,2995,train_2996.png,1.0,data/images/train/train_2996.png,True,True,False,
train,2996,train_2997.png,1.0,data/images/train/train_2997.png,True,True,False,
train,2997,train_2998.png,1.0,data/images/train/train_2998.png,True,True,False,
train,2998,train_2999.png,1.0,data/images/train/train_2999.png,True,True,False,
train,2999,train_3000.png,1.0,data/images/train/train_3000.png,True,True,False,
train,3000,train_3001.png,1.0,data/images/train/train_3001.png,True,True,False,
train,3001,train_3002.png,1.0,data/images/train/train_3002.png,True,True,False,
train,3002,train_3003.png,1.0,data/images/train/train_3003.png,True,True,False,
train,3003,train_3004.png,1.0,data/images/train/train_3004.png,True,True,False,
train,3004,train_3005.png,1.0,data/images/train/train_3005.png,True,True,False,
train,3005,train_3006.png,1.0,data/images/train/train_3006.png,True,True,False,
train,3006,train_3007.png,1.0,data/images/train/train_3007.png,True,True,False,
train,3007,train_3008.png,1.0,data/images/train/train_3008.png,True,True,False,
train,3008,train_3009.png,1.0,data/images/train/train_3009.png,True,True,False,
train,3009,train_3010.png,1.0,data/images/train/train_3010.png,True,True,False,
train,3010,train_3011.png,1.0,data/images/train/train_3011.png,True,True,False,
train,3011,train_3012.png,1.0,data/images/train/train_3012.png,True,True,False,
train,3012,train_3013.png,1.0,data/images/train/train_3013.png,True,True,False,
train,3013,train_3014.png,1.0,data/images/train/train_3014.png,True,True,False,
train,3014,train_3015.png,1.0,data/images/train/train_3015.png,True,True,False,
train,3015,train_3016.png,1.0,data/images/train/train_3016.png,True,True,False,
train,3016,train_3017.png,1.0,data/images/train/train_3017.png,True,True,False,
train,3017,train_3018.png,1.0,data/images/train/train_3018.png,True,True,False,
train,3018,train_3019.png,1.0,data/images/train/train_3019.png,True,True,False,
train,3019,train_3020.png,1.0,data/images/train/train_3020.png,True,True,False,
train,3020,train_3021.png,1.0,data/images/train/train_3021.png,True,True,False,
train,3021,train_3022.png,1.0,data/images/train/train_3022.png,True,True,False,
train,3022,train_3023.png,1.0,data/images/train/train_3023.png,True,True,False,
train,3023,train_3024.png,1.0,data/images/train/train_3024.png,True,True,False,
train,3024,train_3025.png,1.0,data/images/train/train_3025.png,True,True,False,
train,3025,train_3026.png,1.0,data/images/train/train_3026.png,True,True,False,
train,3026,train_3027.png,1.0,data/images/train/train_3027.png,True,True,False,
train,3027,train_3028.png,1.0,data/images/train/train_3028.png,True,True,False,
train,3028,train_3029.png,1.0,data/images/train/train_3029.png,True,True,False,
train,3029,train_3030.png,1.0,data/images/train/train_3030.png,True,True,False,
train,3030,train_3031.png,1.0,data/images/train/train_3031.png,True,True,False,
train,3031,train_3032.png,1.0,data/images/train/train_3032.png,True,True,False,
train,3032,train_3033.png,1.0,data/images/train/train_3033.png,True,True,False,
train,3033,train_3034.png,1.0,data/images/train/train_3034.png,True,True,False,
train,3034,train_3035.png,1.0,data/images/train/train_3035.png,True,True,False,
train,3035,train_3036.png,1.0,data/images/train/train_3036.png,True,True,False,
train,3036,train_3037.png,1.0,data/images/train/train_3037.png,True,True,False,
train,3037,train_3038.png,1.0,data/images/train/train_3038.png,True,True,False,
train,3038,train_3039.png,1.0,data/images/train/train_3039.png,True,True,False,
train,3039,train_3040.png,1.0,data/images/train/train_3040.png,True,True,False,
train,3040,train_3041.png,1.0,data/images/train/train_3041.png,True,True,False,
train,3041,train_3042.png,1.0,data/images/train/train_3042.png,True,True,False,
train,3042,train_3043.png,1.0,data/images/train/train_3043.png,True,True,False,
train,3043,train_3044.png,1.0,data/images/train/train_3044.png,True,True,False,
train,3044,train_3045.png,1.0,data/images/train/train_3045.png,True,True,False,
train,3045,train_3046.png,1.0,data/images/train/train_3046.png,True,True,False,
train,3046,train_3047.png,1.0,data/images/train/train_3047.png,True,True,False,
train,3047,train_3048.png,1.0,data/images/train/train_3048.png,True,True,False,
train,3048,train_3049.png,1.0,data/images/train/train_3049.png,True,True,False,
train,3049,train_3050.png,1.0,data/images/train/train_3050.png,True,True,False,
train,3050,train_3051.png,1.0,data/images/train/train_3051.png,True,True,False,
train,3051,train_3052.png,1.0,data/images/train/train_3052.png,True,True,False,
train,3052,train_3053.png,1.0,data/images/train/train_3053.png,True,True,False,
train,3053,train_3054.png,1.0,data/images/train/train_3054.png,True,True,False,
train,3054,train_3055.png,1.0,data/images/train/train_3055.png,True,True,False,
train,3055,train_3056.png,1.0,data/images/train/train_3056.png,True,True,False,
train,3056,train_3057.png,1.0,data/images/train/train_3057.png,True,True,False,
train,3057,train_3058.png,1.0,data/images/train/train_3058.png,True,True,False,
train,3058,train_3059.png,1.0,data/images/train/train_3059.png,True,True,False,
train,3059,train_3060.png,1.0,data/images/train/train_3060.png,True,True,False,
train,3060,train_3061.png,1.0,data/images/train/train_3061.png,True,True,False,
train,3061,train_3062.png,1.0,data/images/train/train_3062.png,True,True,False,
train,3062,train_3063.png,1.0,data/images/train/train_3063.png,True,True,False,
train,3063,train_3064.png,1.0,data/images/train/train_3064.png,True,True,False,
train,3064,train_3065.png,1.0,data/images/train/train_3065.png,True,True,False,
train,3065,train_3066.png,1.0,data/images/train/train_3066.png,True,True,False,
train,3066,train_3067.png,1.0,data/images/train/train_3067.png,True,True,False,
train,3067,train_3068.png,1.0,data/images/train/train_3068.png,True,True,False,
train,3068,train_3069.png,1.0,data/images/train/train_3069.png,True,True,False,
train,3069,train_3070.png,1.0,data/images/train/train_3070.png,True,True,False,
train,3070,train_3071.png,1.0,data/images/train/train_3071.png,True,True,False,
train,3071,train_3072.png,1.0,data/images/train/train_3072.png,True,True,False,
train,3072,train_3073.png,1.0,data/images/train/train_3073.png,True,True,False,
train,3073,train_3074.png,1.0,data/images/train/train_3074.png,True,True,False,
train,3074,train_3075.png,1.0,data/images/train/train_3075.png,True,True,False,
train,3075,train_3076.png,1.0,data/images/train/train_3076.png,True,True,False,
train,3076,train_3077.png,1.0,data/images/train/train_3077.png,True,True,False,
train,3077,train_3078.png,1.0,data/images/train/train_3078.png,True,True,False,
train,3078,train_3079.png,1.0,data/images/train/train_3079.png,True,True,False,
train,3079,train_3080.png,1.0,data/images/train/train_3080.png,True,True,False,
train,3080,train_3081.png,1.0,data/images/train/train_3081.png,True,True,False,
train,3081,train_3082.png,1.0,data/images/train/train_3082.png,True,True,False,
train,3082,train_3083.png,1.0,data/images/train/train_3083.png,True,True,False,
train,3083,train_3084.png,1.0,data/images/train/train_3084.png,True,True,False,
train,3084,train_3085.png,1.0,data/images/train/train_3085.png,True,True,False,
train,3085,train_3086.png,1.0,data/images/train/train_3086.png,True,True,False,
train,3086,train_3087.png,1.0,data/images/train/train_3087.png,True,True,False,
train,3087,train_3088.png,1.0,data/images/train/train_3088.png,True,True,False,
train,3088,train_3089.png,1.0,data/images/train/train_3089.png,True,True,False,
train,3089,train_3090.png,1.0,data/images/train/train_3090.png,True,True,False,
train,3090,train_3091.png,1.0,data/images/train/train_3091.png,True,True,False,
train,3091,train_3092.png,1.0,data/images/train/train_3092.png,True,True,False,
train,3092,train_3093.png,1.0,data/images/train/train_3093.png,True,True,False,
train,3093,train_3094.png,1.0,data/images/train/train_3094.png,True,True,False,
train,3094,train_3095.png,1.0,data/images/train/train_3095.png,True,True,False,
train,3095,train_3096.png,1.0,data/images/train/train_3096.png,True,True,False,
train,3096,train_3097.png,1.0,data/images/train/train_3097.png,True,True,False,
train,3097,train_3098.png,1.0,data/images/train/train_3098.png,True,True,False,
train,3098,train_3099.png,1.0,data/images/train/train_3099.png,True,True,False,
train,3099,train_3100.png,1.0,data/images/train/train_3100.png,True,True,False,
train,3100,train_3101.png,1.0,data/images/train/train_3101.png,True,True,False,
train,3101,train_3102.png,1.0,data/images/train/train_3102.png,True,True,False,
train,3102,train_3103.png,1.0,data/images/train/train_3103.png,True,True,False,
train,3103,train_3104.png,1.0,data/images/train/train_3104.png,True,True,False,
train,3104,train_3105.png,1.0,data/images/train/train_3105.png,True,True,False,
train,3105,train_3106.png,1.0,data/images/train/train_3106.png,True,True,False,
train,3106,train_3107.png,1.0,data/images/train/train_3107.png,True,True,False,
train,3107,train_3108.png,1.0,data/images/train/train_3108.png,True,True,False,
train,3108,train_3109.png,1.0,data/images/train/train_3109.png,True,True,False,
train,3109,train_3110.png,1.0,data/images/train/train_3110.png,True,True,False,
train,3110,train_3111.png,1.0,data/images/train/train_3111.png,True,True,False,
train,3111,train_3112.png,1.0,data/images/train/train_3112.png,True,True,False,
train,3112,train_3113.png,1.0,data/images/train/train_3113.png,True,True,False,
train,3113,train_3114.png,1.0,data/images/train/train_3114.png,True,True,False,
train,3114,train_3115.png,1.0,data/images/train/train_3115.png,True,True,False,
train,3115,train_3116.png,1.0,data/images/train/train_3116.png,True,True,False,
train,3116,train_3117.png,1.0,data/images/train/train_3117.png,True,True,False,
train,3117,train_3118.png,1.0,data/images/train/train_3118.png,True,True,False,
train,3118,train_3119.png,1.0,data/images/train/train_3119.png,True,True,False,
train,3119,train_3120.png,1.0,data/images/train/train_3120.png,True,True,False,
train,3120,train_3121.png,1.0,data/images/train/train_3121.png,True,True,False,
train,3121,train_3122.png,1.0,data/images/train/train_3122.png,True,True,False,
train,3122,train_3123.png,1.0,data/images/train/train_3123.png,True,True,False,
train,3123,train_3124.png,1.0,data/images/train/train_3124.png,True,True,False,
train,3124,train_3125.png,1.0,data/images/train/train_3125.png,True,True,False,
train,3125,train_3126.png,1.0,data/images/train/train_3126.png,True,True,False,
train,3126,train_3127.png,1.0,data/images/train/train_3127.png,True,True,False,
train,3127,train_3128.png,1.0,data/images/train/train_3128.png,True,True,False,
train,3128,train_3129.png,1.0,data/images/train/train_3129.png,True,True,False,
train,3129,train_3130.png,1.0,data/images/train/train_3130.png,True,True,False,
train,3130,train_3131.png,1.0,data/images/train/train_3131.png,True,True,False,
train,3131,train_3132.png,1.0,data/images/train/train_3132.png,True,True,False,
train,3132,train_3133.png,1.0,data/images/train/train_3133.png,True,True,False,
train,3133,train_3134.png,1.0,data/images/train/train_3134.png,True,True,False,
train,3134,train_3135.png,1.0,data/images/train/train_3135.png,True,True,False,
train,3135,train_3136.png,1.0,data/images/train/train_3136.png,True,True,False,
train,3136,train_3137.png,1.0,data/images/train/train_3137.png,True,True,False,
train,3137,train_3138.png,1.0,data/images/train/train_3138.png,True,True,False,
train,3138,train_3139.png,1.0,data/images/train/train_3139.png,True,True,False,
train,3139,train_3140.png,1.0,data/images/train/train_3140.png,True,True,False,
train,3140,train_3141.png,1.0,data/images/train/train_3141.png,True,True,False,
train,3141,train_3142.png,1.0,data/images/train/train_3142.png,True,True,False,
train,3142,train_3143.png,1.0,data/images/train/train_3143.png,True,True,False,
train,3143,train_3144.png,1.0,data/images/train/train_3144.png,True,True,False,
train,3144,train_3145.png,1.0,data/images/train/train_3145.png,True,True,False,
train,3145,train_3146.png,1.0,data/images/train/train_3146.png,True,True,False,
train,3146,train_3147.png,1.0,data/images/train/train_3147.png,True,True,False,
train,3147,train_3148.png,1.0,data/images/train/train_3148.png,True,True,False,
train,3148,train_3149.png,1.0,data/images/train/train_3149.png,True,True,False,
train,3149,train_3150.png,1.0,data/images/train/train_3150.png,True,True,False,
train,3150,train_3151.png,1.0,data/images/train/train_3151.png,True,True,False,
train,3151,train_3152.png,1.0,data/images/train/train_3152.png,True,True,False,
train,3152,train_3153.png,1.0,data/images/train/train_3153.png,True,True,False,
train,3153,train_3154.png,1.0,data/images/train/train_3154.png,True,True,False,
train,3154,train_3155.png,1.0,data/images/train/train_3155.png,True,True,False,
train,3155,train_3156.png,1.0,data/images/train/train_3156.png,True,True,False,
train,3156,train_3157.png,1.0,data/images/train/train_3157.png,True,True,False,
train,3157,train_3158.png,1.0,data/images/train/train_3158.png,True,True,False,
train,3158,train_3159.png,1.0,data/images/train/train_3159.png,True,True,False,
train,3159,train_3160.png,1.0,data/images/train/train_3160.png,True,True,False,
train,3160,train_3161.png,1.0,data/images/train/train_3161.png,True,True,False,
train,3161,train_3162.png,1.0,data/images/train/train_3162.png,True,True,False,
train,3162,train_3163.png,1.0,data/images/train/train_3163.png,True,True,False,
train,3163,train_3164.png,1.0,data/images/train/train_3164.png,True,True,False,
train,3164,train_3165.png,1.0,data/images/train/train_3165.png,True,True,False,
train,3165,train_3166.png,1.0,data/images/train/train_3166.png,True,True,False,
train,3166,train_3167.png,1.0,data/images/train/train_3167.png,True,True,False,
train,3167,train_3168.png,1.0,data/images/train/train_3168.png,True,True,False,
train,3168,train_3169.png,1.0,data/images/train/train_3169.png,True,True,False,
train,3169,train_3170.png,1.0,data/images/train/train_3170.png,True,True,False,
train,3170,train_3171.png,1.0,data/images/train/train_3171.png,True,True,False,
train,3171,train_3172.png,1.0,data/images/train/train_3172.png,True,True,False,
train,3172,train_3173.png,1.0,data/images/train/train_3173.png,True,True,False,
train,3173,train_3174.png,1.0,data/images/train/train_3174.png,True,True,False,
train,3174,train_3175.png,1.0,data/images/train/train_3175.png,True,True,False,
train,3175,train_3176.png,1.0,data/images/train/train_3176.png,True,True,False,
train,3176,train_3177.png,1.0,data/images/train/train_3177.png,True,True,False,
train,3177,train_3178.png,1.0,data/images/train/train_3178.png,True,True,False,
train,3178,train_3179.png,1.0,data/images/train/train_3179.png,True,True,False,
train,3179,train_3180.png,1.0,data/images/train/train_3180.png,True,True,False,
train,3180,train_3181.png,1.0,data/images/train/train_3181.png,True,True,False,
train,3181,train_3182.png,1.0,data/images/train/train_3182.png,True,True,False,
train,3182,train_3183.png,1.0,data/images/train/train_3183.png,True,True,False,
train,3183,train_3184.png,1.0,data/images/train/train_3184.png,True,True,False,
train,3184,train_3185.png,1.0,data/images/train/train_3185.png,True,True,False,
train,3185,train_3186.png,1.0,data/images/train/train_3186.png,True,True,False,
train,3186,train_3187.png,1.0,data/images/train/train_3187.png,True,True,False,
train,3187,train_3188.png,1.0,data/images/train/train_3188.png,True,True,False,
train,3188,train_3189.png,1.0,data/images/train/train_3189.png,True,True,False,
train,3189,train_3190.png,1.0,data/images/train/train_3190.png,True,True,False,
train,3190,train_3191.png,1.0,data/images/train/train_3191.png,True,True,False,
train,3191,train_3192.png,1.0,data/images/train/train_3192.png,True,True,False,
train,3192,train_3193.png,1.0,data/images/train/train_3193.png,True,True,False,
train,3193,train_3194.png,1.0,data/images/train/train_3194.png,True,True,False,
train,3194,train_3195.png,1.0,data/images/train/train_3195.png,True,True,False,
train,3195,train_3196.png,1.0,data/images/train/train_3196.png,True,True,False,
train,3196,train_3197.png,1.0,data/images/train/train_3197.png,True,True,False,
train,3197,train_3198.png,1.0,data/images/train/train_3198.png,True,True,False,
train,3198,train_3199.png,1.0,data/images/train/train_3199.png,True,True,False,
train,3199,train_3200.png,1.0,data/images/train/train_3200.png,True,True,False,
train,3200,train_3201.png,1.0,data/images/train/train_3201.png,True,True,False,
train,3201,train_3202.png,1.0,data/images/train/train_3202.png,True,True,False,
train,3202,train_3203.png,1.0,data/images/train/train_3203.png,True,True,False,
train,3203,train_3204.png,1.0,data/images/train/train_3204.png,True,True,False,
train,3204,train_3205.png,1.0,data/images/train/train_3205.png,True,True,False,
train,3205,train_3206.png,1.0,data/images/train/train_3206.png,True,True,False,
train,3206,train_3207.png,1.0,data/images/train/train_3207.png,True,True,False,
train,3207,train_3208.png,1.0,data/images/train/train_3208.png,True,True,False,
train,3208,train_3209.png,1.0,data/images/train/train_3209.png,True,True,False,
train,3209,train_3210.png,1.0,data/images/train/train_3210.png,True,True,False,
train,3210,train_3211.png,1.0,data/images/train/train_3211.png,True,True,False,
train,3211,train_3212.png,1.0,data/images/train/train_3212.png,True,True,False,
train,3212,train_3213.png,1.0,data/images/train/train_3213.png,True,True,False,
train,3213,train_3214.png,1.0,data/images/train/train_3214.png,True,True,False,
train,3214,train_3215.png,1.0,data/images/train/train_3215.png,True,True,False,
train,3215,train_3216.png,1.0,data/images/train/train_3216.png,True,True,False,
train,3216,train_3217.png,1.0,data/images/train/train_3217.png,True,True,False,
train,3217,train_3218.png,1.0,data/images/train/train_3218.png,True,True,False,
train,3218,train_3219.png,1.0,data/images/train/train_3219.png,True,True,False,
train,3219,train_3220.png,1.0,data/images/train/train_3220.png,True,True,False,
train,3220,train_3221.png,1.0,data/images/train/train_3221.png,True,True,False,
train,3221,train_3222.png,1.0,data/images/train/train_3222.png,True,True,False,
train,3222,train_3223.png,1.0,data/images/train/train_3223.png,True,True,False,
train,3223,train_3224.png,1.0,data/images/train/train_3224.png,True,True,False,
train,3224,train_3225.png,1.0,data/images/train/train_3225.png,True,True,False,
train,3225,train_3226.png,1.0,data/images/train/train_3226.png,True,True,False,
train,3226,train_3227.png,1.0,data/images/train/train_3227.png,True,True,False,
train,3227,train_3228.png,1.0,data/images/train/train_3228.png,True,True,False,
train,3228,train_3229.png,1.0,data/images/train/train_3229.png,True,True,False,
train,3229,train_3230.png,1.0,data/images/train/train_3230.png,True,True,False,
train,3230,train_3231.png,1.0,data/images/train/train_3231.png,True,True,False,
train,3231,train_3232.png,1.0,data/images/train/train_3232.png,True,True,False,
train,3232,train_3233.png,1.0,data/images/train/train_3233.png,True,True,False,
train,3233,train_3234.png,1.0,data/images/train/train_3234.png,True,True,False,
train,3234,train_3235.png,1.0,data/images/train/train_3235.png,True,True,False,
train,3235,train_3236.png,1.0,data/images/train/train_3236.png,True,True,False,
train,3236,train_3237.png,1.0,data/images/train/train_3237.png,True,True,False,
train,3237,train_3238.png,1.0,data/images/train/train_3238.png,True,True,False,
train,3238,train_3239.png,1.0,data/images/train/train_3239.png,True,True,False,
train,3239,train_3240.png,1.0,data/images/train/train_3240.png,True,True,False,
train,3240,train_3241.png,1.0,data/images/train/train_3241.png,True,True,False,
train,3241,train_3242.png,1.0,data/images/train/train_3242.png,True,True,False,
train,3242,train_3243.png,1.0,data/images/train/train_3243.png,True,True,False,
train,3243,train_3244.png,1.0,data/images/train/train_3244.png,True,True,False,
train,3244,train_3245.png,1.0,data/images/train/train_3245.png,True,True,False,
train,3245,train_3246.png,1.0,data/images/train/train_3246.png,True,True,False,
train,3246,train_3247.png,1.0,data/images/train/train_3247.png,True,True,False,
train,3247,train_3248.png,1.0,data/images/train/train_3248.png,True,True,False,
train,3248,train_3249.png,1.0,data/images/train/train_3249.png,True,True,False,
train,3249,train_3250.png,1.0,data/images/train/train_3250.png,True,True,False,
train,3250,train_3251.png,1.0,data/images/train/train_3251.png,True,True,False,
train,3251,train_3252.png,1.0,data/images/train/train_3252.png,True,True,False,
train,3252,train_3253.png,1.0,data/images/train/train_3253.png,True,True,False,
train,3253,train_3254.png,1.0,data/images/train/train_3254.png,True,True,False,
train,3254,train_3255.png,1.0,data/images/train/train_3255.png,True,True,False,
train,3255,train_3256.png,1.0,data/images/train/train_3256.png,True,True,False,
train,3256,train_3257.png,1.0,data/images/train/train_3257.png,True,True,False,
train,3257,train_3258.png,1.0,data/images/train/train_3258.png,True,True,False,
train,3258,train_3259.png,1.0,data/images/train/train_3259.png,True,True,False,
train,3259,train_3260.png,1.0,data/images/train/train_3260.png,True,True,False,
train,3260,train_3261.png,1.0,data/images/train/train_3261.png,True,True,False,
train,3261,train_3262.png,1.0,data/images/train/train_3262.png,True,True,False,
train,3262,train_3263.png,1.0,data/images/train/train_3263.png,True,True,False,
train,3263,train_3264.png,1.0,data/images/train/train_3264.png,True,True,False,
train,3264,train_3265.png,1.0,data/images/train/train_3265.png,True,True,False,
train,3265,train_3266.png,1.0,data/images/train/train_3266.png,True,True,False,
train,3266,train_3267.png,1.0,data/images/train/train_3267.png,True,True,False,
train,3267,train_3268.png,1.0,data/images/train/train_3268.png,True,True,False,
train,3268,train_3269.png,1.0,data/images/train/train_3269.png,True,True,False,
train,3269,train_3270.png,1.0,data/images/train/train_3270.png,True,True,False,
train,3270,train_3271.png,1.0,data/images/train/train_3271.png,True,True,False,
train,3271,train_3272.png,1.0,data/images/train/train_3272.png,True,True,False,
train,3272,train_3273.png,1.0,data/images/train/train_3273.png,True,True,False,
train,3273,train_3274.png,1.0,data/images/train/train_3274.png,True,True,False,
train,3274,train_3275.png,1.0,data/images/train/train_3275.png,True,True,False,
train,3275,train_3276.png,1.0,data/images/train/train_3276.png,True,True,False,
train,3276,train_3277.png,1.0,data/images/train/train_3277.png,True,True,False,
train,3277,train_3278.png,1.0,data/images/train/train_3278.png,True,True,False,
train,3278,train_3279.png,1.0,data/images/train/train_3279.png,True,True,False,
train,3279,train_3280.png,1.0,data/images/train/train_3280.png,True,True,False,
train,3280,train_3281.png,1.0,data/images/train/train_3281.png,True,True,False,
train,3281,train_3282.png,1.0,data/images/train/train_3282.png,True,True,False,
train,3282,train_3283.png,1.0,data/images/train/train_3283.png,True,True,False,
train,3283,train_3284.png,1.0,data/images/train/train_3284.png,True,True,False,
train,3284,train_3285.png,1.0,data/images/train/train_3285.png,True,True,False,
train,3285,train_3286.png,1.0,data/images/train/train_3286.png,True,True,False,
train,3286,train_3287.png,1.0,data/images/train/train_3287.png,True,True,False,
train,3287,train_3288.png,1.0,data/images/train/train_3288.png,True,True,False,
train,3288,train_3289.png,1.0,data/images/train/train_3289.png,True,True,False,
train,3289,train_3290.png,1.0,data/images/train/train_3290.png,True,True,False,
train,3290,train_3291.png,1.0,data/images/train/train_3291.png,True,True,False,
train,3291,train_3292.png,1.0,data/images/train/train_3292.png,True,True,False,
train,3292,train_3293.png,1.0,data/images/train/train_3293.png,True,True,False,
train,3293,train_3294.png,1.0,data/images/train/train_3294.png,True,True,False,
train,3294,train_3295.png,1.0,data/images/train/train_3295.png,True,True,False,
train,3295,train_3296.png,1.0,data/images/train/train_3296.png,True,True,False,
train,3296,train_3297.png,1.0,data/images/train/train_3297.png,True,True,False,
train,3297,train_3298.png,1.0,data/images/train/train_3298.png,True,True,False,
train,3298,train_3299.png,1.0,data/images/train/train_3299.png,True,True,False,
train,3299,train_3300.png,1.0,data/images/train/train_3300.png,True,True,False,
train,3300,train_3301.png,1.0,data/images/train/train_3301.png,True,True,False,
train,3301,train_3302.png,1.0,data/images/train/train_3302.png,True,True,False,
train,3302,train_3303.png,1.0,data/images/train/train_3303.png,True,True,False,
train,3303,train_3304.png,1.0,data/images/train/train_3304.png,True,True,False,
train,3304,train_3305.png,1.0,data/images/train/train_3305.png,True,True,False,
train,3305,train_3306.png,1.0,data/images/train/train_3306.png,True,True,False,
train,3306,train_3307.png,1.0,data/images/train/train_3307.png,True,True,False,
train,3307,train_3308.png,1.0,data/images/train/train_3308.png,True,True,False,
train,3308,train_3309.png,1.0,data/images/train/train_3309.png,True,True,False,
train,3309,train_3310.png,1.0,data/images/train/train_3310.png,True,True,False,
train,3310,train_3311.png,1.0,data/images/train/train_3311.png,True,True,False,
train,3311,train_3312.png,1.0,data/images/train/train_3312.png,True,True,False,
train,3312,train_3313.png,1.0,data/images/train/train_3313.png,True,True,False,
train,3313,train_3314.png,1.0,data/images/train/train_3314.png,True,True,False,
train,3314,train_3315.png,1.0,data/images/train/train_3315.png,True,True,False,
train,3315,train_3316.png,1.0,data/images/train/train_3316.png,True,True,False,
train,3316,train_3317.png,1.0,data/images/train/train_3317.png,True,True,False,
train,3317,train_3318.png,1.0,data/images/train/train_3318.png,True,True,False,
train,3318,train_3319.png,1.0,data/images/train/train_3319.png,True,True,False,
train,3319,train_3320.png,1.0,data/images/train/train_3320.png,True,True,False,
train,3320,train_3321.png,1.0,data/images/train/train_3321.png,True,True,False,
train,3321,train_3322.png,1.0,data/images/train/train_3322.png,True,True,False,
train,3322,train_3323.png,1.0,data/images/train/train_3323.png,True,True,False,
train,3323,train_3324.png,1.0,data/images/train/train_3324.png,True,True,False,
train,3324,train_3325.png,1.0,data/images/train/train_3325.png,True,True,False,
train,3325,train_3326.png,1.0,data/images/train/train_3326.png,True,True,False,
train,3326,train_3327.png,1.0,data/images/train/train_3327.png,True,True,False,
train,3327,train_3328.png,1.0,data/images/train/train_3328.png,True,True,False,
train,3328,train_3329.png,1.0,data/images/train/train_3329.png,True,True,False,
train,3329,train_3330.png,1.0,data/images/train/train_3330.png,True,True,False,
train,3330,train_3331.png,1.0,data/images/train/train_3331.png,True,True,False,
train,3331,train_3332.png,1.0,data/images/train/train_3332.png,True,True,False,
train,3332,train_3333.png,1.0,data/images/train/train_3333.png,True,True,False,
train,3333,train_3334.png,1.0,data/images/train/train_3334.png,True,True,False,
train,3334,train_3335.png,1.0,data/images/train/train_3335.png,True,True,False,
train,3335,train_3336.png,1.0,data/images/train/train_3336.png,True,True,False,
train,3336,train_3337.png,1.0,data/images/train/train_3337.png,True,True,False,
train,3337,train_3338.png,1.0,data/images/train/train_3338.png,True,True,False,
train,3338,train_3339.png,1.0,data/images/train/train_3339.png,True,True,False,
train,3339,train_3340.png,1.0,data/images/train/train_3340.png,True,True,False,
train,3340,train_3341.png,1.0,data/images/train/train_3341.png,True,True,False,
train,3341,train_3342.png,1.0,data/images/train/train_3342.png,True,True,False,
train,3342,train_3343.png,1.0,data/images/train/train_3343.png,True,True,False,
train,3343,train_3344.png,1.0,data/images/train/train_3344.png,True,True,False,
train,3344,train_3345.png,1.0,data/images/train/train_3345.png,True,True,False,
train,3345,train_3346.png,1.0,data/images/train/train_3346.png,True,True,False,
train,3346,train_3347.png,1.0,data/images/train/train_3347.png,True,True,False,
train,3347,train_3348.png,1.0,data/images/train/train_3348.png,True,True,False,
train,3348,train_3349.png,1.0,data/images/train/train_3349.png,True,True,False,
train,3349,train_3350.png,1.0,data/images/train/train_3350.png,True,True,False,
train,3350,train_3351.png,1.0,data/images/train/train_3351.png,True,True,False,
train,3351,train_3352.png,1.0,data/images/train/train_3352.png,True,True,False,
train,3352,train_3353.png,1.0,data/images/train/train_3353.png,True,True,False,
train,3353,train_3354.png,1.0,data/images/train/train_3354.png,True,True,False,
train,3354,train_3355.png,1.0,data/images/train/train_3355.png,True,True,False,
train,3355,train_3356.png,1.0,data/images/train/train_3356.png,True,True,False,
train,3356,train_3357.png,1.0,data/images/train/train_3357.png,True,True,False,
train,3357,train_3358.png,1.0,data/images/train/train_3358.png,True,True,False,
train,3358,train_3359.png,1.0,data/images/train/train_3359.png,True,True,False,
train,3359,train_3360.png,1.0,data/images/train/train_3360.png,True,True,False,
train,3360,train_3361.png,1.0,data/images/train/train_3361.png,True,True,False,
train,3361,train_3362.png,1.0,data/images/train/train_3362.png,True,True,False,
train,3362,train_3363.png,1.0,data/images/train/train_3363.png,True,True,False,
train,3363,train_3364.png,1.0,data/images/train/train_3364.png,True,True,False,
train,3364,train_3365.png,1.0,data/images/train/train_3365.png,True,True,False,
train,3365,train_3366.png,1.0,data/images/train/train_3366.png,True,True,False,
train,3366,train_3367.png,1.0,data/images/train/train_3367.png,True,True,False,
train,3367,train_3368.png,1.0,data/images/train/train_3368.png,True,True,False,
train,3368,train_3369.png,1.0,data/images/train/train_3369.png,True,True,False,
train,3369,train_3370.png,1.0,data/images/train/train_3370.png,True,True,False,
train,3370,train_3371.png,1.0,data/images/train/train_3371.png,True,True,False,
train,3371,train_3372.png,1.0,data/images/train/train_3372.png,True,True,False,
train,3372,train_3373.png,1.0,data/images/train/train_3373.png,True,True,False,
train,3373,train_3374.png,1.0,data/images/train/train_3374.png,True,True,False,
train,3374,train_3375.png,1.0,data/images/train/train_3375.png,True,True,False,
train,3375,train_3376.png,1.0,data/images/train/train_3376.png,True,True,False,
train,3376,train_3377.png,1.0,data/images/train/train_3377.png,True,True,False,
train,3377,train_3378.png,1.0,data/images/train/train_3378.png,True,True,False,
train,3378,train_3379.png,1.0,data/images/train/train_3379.png,True,True,False,
train,3379,train_3380.png,1.0,data/images/train/train_3380.png,True,True,False,
train,3380,train_3381.png,1.0,data/images/train/train_3381.png,True,True,False,
train,3381,train_3382.png,1.0,data/images/train/train_3382.png,True,True,False,
train,3382,train_3383.png,1.0,data/images/train/train_3383.png,True,True,False,
train,3383,train_3384.png,1.0,data/images/train/train_3384.png,True,True,False,
train,3384,train_3385.png,1.0,data/images/train/train_3385.png,True,True,False,
train,3385,train_3386.png,1.0,data/images/train/train_3386.png,True,True,False,
train,3386,train_3387.png,1.0,data/images/train/train_3387.png,True,True,False,
train,3387,train_3388.png,1.0,data/images/train/train_3388.png,True,True,False,
train,3388,train_3389.png,1.0,data/images/train/train_3389.png,True,True,False,
train,3389,train_3390.png,1.0,data/images/train/train_3390.png,True,True,False,
train,3390,train_3391.png,1.0,data/images/train/train_3391.png,True,True,False,
train,3391,train_3392.png,1.0,data/images/train/train_3392.png,True,True,False,
train,3392,train_3393.png,1.0,data/images/train/train_3393.png,True,True,False,
train,3393,train_3394.png,1.0,data/images/train/train_3394.png,True,True,False,
train,3394,train_3395.png,1.0,data/images/train/train_3395.png,True,True,False,
train,3395,train_3396.png,1.0,data/images/train/train_3396.png,True,True,False,
train,3396,train_3397.png,1.0,data/images/train/train_3397.png,True,True,False,
train,3397,train_3398.png,1.0,data/images/train/train_3398.png,True,True,False,
train,3398,train_3399.png,1.0,data/images/train/train_3399.png,True,True,False,
train,3399,train_3400.png,1.0,data/images/train/train_3400.png,True,True,False,
train,3400,train_3401.png,1.0,data/images/train/train_3401.png,True,True,False,
train,3401,train_3402.png,1.0,data/images/train/train_3402.png,True,True,False,
train,3402,train_3403.png,1.0,data/images/train/train_3403.png,True,True,False,
train,3403,train_3404.png,1.0,data/images/train/train_3404.png,True,True,False,
train,3404,train_3405.png,1.0,data/images/train/train_3405.png,True,True,False,
train,3405,train_3406.png,1.0,data/images/train/train_3406.png,True,True,False,
train,3406,train_3407.png,1.0,data/images/train/train_3407.png,True,True,False,
train,3407,train_3408.png,1.0,data/images/train/train_3408.png,True,True,False,
train,3408,train_3409.png,1.0,data/images/train/train_3409.png,True,True,False,
train,3409,train_3410.png,1.0,data/images/train/train_3410.png,True,True,False,
train,3410,train_3411.png,1.0,data/images/train/train_3411.png,True,True,False,
train,3411,train_3412.png,1.0,data/images/train/train_3412.png,True,True,False,
train,3412,train_3413.png,1.0,data/images/train/train_3413.png,True,True,False,
train,3413,train_3414.png,1.0,data/images/train/train_3414.png,True,True,False,
train,3414,train_3415.png,1.0,data/images/train/train_3415.png,True,True,False,
train,3415,train_3416.png,1.0,data/images/train/train_3416.png,True,True,False,
train,3416,train_3417.png,1.0,data/images/train/train_3417.png,True,True,False,
train,3417,train_3418.png,1.0,data/images/train/train_3418.png,True,True,False,
train,3418,train_3419.png,1.0,data/images/train/train_3419.png,True,True,False,
train,3419,train_3420.png,1.0,data/images/train/train_3420.png,True,True,False,
train,3420,train_3421.png,1.0,data/images/train/train_3421.png,True,True,False,
train,3421,train_3422.png,1.0,data/images/train/train_3422.png,True,True,False,
train,3422,train_3423.png,1.0,data/images/train/train_3423.png,True,True,False,
train,3423,train_3424.png,1.0,data/images/train/train_3424.png,True,True,False,
train,3424,train_3425.png,1.0,data/images/train/train_3425.png,True,True,False,
train,3425,train_3426.png,1.0,data/images/train/train_3426.png,True,True,False,
train,3426,train_3427.png,1.0,data/images/train/train_3427.png,True,True,False,
train,3427,train_3428.png,1.0,data/images/train/train_3428.png,True,True,False,
train,3428,train_3429.png,1.0,data/images/train/train_3429.png,True,True,False,
train,3429,train_3430.png,1.0,data/images/train/train_3430.png,True,True,False,
train,3430,train_3431.png,1.0,data/images/train/train_3431.png,True,True,False,
train,3431,train_3432.png,1.0,data/images/train/train_3432.png,True,True,False,
train,3432,train_3433.png,1.0,data/images/train/train_3433.png,True,True,False,
train,3433,train_3434.png,1.0,data/images/train/train_3434.png,True,True,False,
train,3434,train_3435.png,1.0,data/images/train/train_3435.png,True,True,False,
train,3435,train_3436.png,1.0,data/images/train/train_3436.png,True,True,False,
train,3436,train_3437.png,1.0,data/images/train/train_3437.png,True,True,False,
train,3437,train_3438.png,1.0,data/images/train/train_3438.png,True,True,False,
train,3438,train_3439.png,1.0,data/images/train/train_3439.png,True,True,False,
train,3439,train_3440.png,1.0,data/images/train/train_3440.png,True,True,False,
train,3440,train_3441.png,1.0,data/images/train/train_3441.png,True,True,False,
train,3441,train_3442.png,1.0,data/images/train/train_3442.png,True,True,False,
train,3442,train_3443.png,1.0,data/images/train/train_3443.png,True,True,False,
train,3443,train_3444.png,1.0,data/images/train/train_3444.png,True,True,False,
train,3444,train_3445.png,1.0,data/images/train/train_3445.png,True,True,False,
train,3445,train_3446.png,1.0,data/images/train/train_3446.png,True,True,False,
train,3446,train_3447.png,1.0,data/images/train/train_3447.png,True,True,False,
train,3447,train_3448.png,1.0,data/images/train/train_3448.png,True,True,False,
train,3448,train_3449.png,1.0,data/images/train/train_3449.png,True,True,False,
train,3449,train_3450.png,1.0,data/images/train/train_3450.png,True,True,False,
train,3450,train_3451.png,1.0,data/images/train/train_3451.png,True,True,False,
train,3451,train_3452.png,1.0,data/images/train/train_3452.png,True,True,False,
train,3452,train_3453.png,1.0,data/images/train/train_3453.png,True,True,False,
train,3453,train_3454.png,1.0,data/images/train/train_3454.png,True,True,False,
train,3454,train_3455.png,1.0,data/images/train/train_3455.png,True,True,False,
train,3455,train_3456.png,1.0,data/images/train/train_3456.png,True,True,False,
train,3456,train_3457.png,1.0,data/images/train/train_3457.png,True,True,False,
train,3457,train_3458.png,1.0,data/images/train/train_3458.png,True,True,False,
train,3458,train_3459.png,1.0,data/images/train/train_3459.png,True,True,False,
train,3459,train_3460.png,1.0,data/images/train/train_3460.png,True,True,False,
train,3460,train_3461.png,1.0,data/images/train/train_3461.png,True,True,False,
train,3461,train_3462.png,1.0,data/images/train/train_3462.png,True,True,False,
train,3462,train_3463.png,1.0,data/images/train/train_3463.png,True,True,False,
train,3463,train_3464.png,1.0,data/images/train/train_3464.png,True,True,False,
train,3464,train_3465.png,1.0,data/images/train/train_3465.png,True,True,False,
train,3465,train_3466.png,1.0,data/images/train/train_3466.png,True,True,False,
train,3466,train_3467.png,1.0,data/images/train/train_3467.png,True,True,False,
train,3467,train_3468.png,1.0,data/images/train/train_3468.png,True,True,False,
train,3468,train_3469.png,1.0,data/images/train/train_3469.png,True,True,False,
train,3469,train_3470.png,1.0,data/images/train/train_3470.png,True,True,False,
train,3470,train_3471.png,1.0,data/images/train/train_3471.png,True,True,False,
train,3471,train_3472.png,1.0,data/images/train/train_3472.png,True,True,False,
train,3472,train_3473.png,1.0,data/images/train/train_3473.png,True,True,False,
train,3473,train_3474.png,1.0,data/images/train/train_3474.png,True,True,False,
train,3474,train_3475.png,1.0,data/images/train/train_3475.png,True,True,False,
train,3475,train_3476.png,1.0,data/images/train/train_3476.png,True,True,False,
train,3476,train_3477.png,1.0,data/images/train/train_3477.png,True,True,False,
train,3477,train_3478.png,1.0,data/images/train/train_3478.png,True,True,False,
train,3478,train_3479.png,1.0,data/images/train/train_3479.png,True,True,False,
train,3479,train_3480.png,1.0,data/images/train/train_3480.png,True,True,False,
train,3480,train_3481.png,1.0,data/images/train/train_3481.png,True,True,False,
train,3481,train_3482.png,1.0,data/images/train/train_3482.png,True,True,False,
train,3482,train_3483.png,1.0,data/images/train/train_3483.png,True,True,False,
train,3483,train_3484.png,1.0,data/images/train/train_3484.png,True,True,False,
train,3484,train_3485.png,1.0,data/images/train/train_3485.png,True,True,False,
train,3485,train_3486.png,1.0,data/images/train/train_3486.png,True,True,False,
train,3486,train_3487.png,1.0,data/images/train/train_3487.png,True,True,False,
train,3487,train_3488.png,1.0,data/images/train/train_3488.png,True,True,False,
train,3488,train_3489.png,1.0,data/images/train/train_3489.png,True,True,False,
train,3489,train_3490.png,1.0,data/images/train/train_3490.png,True,True,False,
train,3490,train_3491.png,1.0,data/images/train/train_3491.png,True,True,False,
train,3491,train_3492.png,1.0,data/images/train/train_3492.png,True,True,False,
train,3492,train_3493.png,1.0,data/images/train/train_3493.png,True,True,False,
train,3493,train_3494.png,1.0,data/images/train/train_3494.png,True,True,False,
train,3494,train_3495.png,1.0,data/images/train/train_3495.png,True,True,False,
train,3495,train_3496.png,1.0,data/images/train/train_3496.png,True,True,False,
train,3496,train_3497.png,1.0,data/images/train/train_3497.png,True,True,False,
train,3497,train_3498.png,1.0,data/images/train/train_3498.png,True,True,False,
train,3498,train_3499.png,1.0,data/images/train/train_3499.png,True,True,False,
train,3499,train_3500.png,1.0,data/images/train/train_3500.png,True,True,False,
train,3500,train_3501.png,1.0,data/images/train/train_3501.png,True,True,False,
train,3501,train_3502.png,1.0,data/images/train/train_3502.png,True,True,False,
train,3502,train_3503.png,1.0,data/images/train/train_3503.png,True,True,False,
train,3503,train_3504.png,1.0,data/images/train/train_3504.png,True,True,False,
train,3504,train_3505.png,1.0,data/images/train/train_3505.png,True,True,False,
train,3505,train_3506.png,1.0,data/images/train/train_3506.png,True,True,False,
train,3506,train_3507.png,1.0,data/images/train/train_3507.png,True,True,False,
train,3507,train_3508.png,1.0,data/images/train/train_3508.png,True,True,False,
train,3508,train_3509.png,1.0,data/images/train/train_3509.png,True,True,False,
train,3509,train_3510.png,1.0,data/images/train/train_3510.png,True,True,False,
train,3510,train_3511.png,1.0,data/images/train/train_3511.png,True,True,False,
train,3511,train_3512.png,1.0,data/images/train/train_3512.png,True,True,False,
train,3512,train_3513.png,1.0,data/images/train/train_3513.png,True,True,False,
train,3513,train_3514.png,1.0,data/images/train/train_3514.png,True,True,False,
train,3514,train_3515.png,1.0,data/images/train/train_3515.png,True,True,False,
train,3515,train_3516.png,1.0,data/images/train/train_3516.png,True,True,False,
train,3516,train_3517.png,1.0,data/images/train/train_3517.png,True,True,False,
train,3517,train_3518.png,1.0,data/images/train/train_3518.png,True,True,False,
train,3518,train_3519.png,1.0,data/images/train/train_3519.png,True,True,False,
train,3519,train_3520.png,1.0,data/images/train/train_3520.png,True,True,False,
train,3520,train_3521.png,1.0,data/images/train/train_3521.png,True,True,False,
train,3521,train_3522.png,1.0,data/images/train/train_3522.png,True,True,False,
train,3522,train_3523.png,1.0,data/images/train/train_3523.png,True,True,False,
train,3523,train_3524.png,1.0,data/images/train/train_3524.png,True,True,False,
train,3524,train_3525.png,1.0,data/images/train/train_3525.png,True,True,False,
train,3525,train_3526.png,1.0,data/images/train/train_3526.png,True,True,False,
train,3526,train_3527.png,1.0,data/images/train/train_3527.png,True,True,False,
train,3527,train_3528.png,1.0,data/images/train/train_3528.png,True,True,False,
train,3528,train_3529.png,1.0,data/images/train/train_3529.png,True,True,False,
train,3529,train_3530.png,1.0,data/images/train/train_3530.png,True,True,False,
train,3530,train_3531.png,1.0,data/images/train/train_3531.png,True,True,False,
train,3531,train_3532.png,1.0,data/images/train/train_3532.png,True,True,False,
train,3532,train_3533.png,1.0,data/images/train/train_3533.png,True,True,False,
train,3533,train_3534.png,1.0,data/images/train/train_3534.png,True,True,False,
train,3534,train_3535.png,1.0,data/images/train/train_3535.png,True,True,False,
train,3535,train_3536.png,1.0,data/images/train/train_3536.png,True,True,False,
train,3536,train_3537.png,1.0,data/images/train/train_3537.png,True,True,False,
train,3537,train_3538.png,1.0,data/images/train/train_3538.png,True,True,False,
train,3538,train_3539.png,1.0,data/images/train/train_3539.png,True,True,False,
train,3539,train_3540.png,1.0,data/images/train/train_3540.png,True,True,False,
train,3540,train_3541.png,1.0,data/images/train/train_3541.png,True,True,False,
train,3541,train_3542.png,1.0,data/images/train/train_3542.png,True,True,False,
train,3542,train_3543.png,1.0,data/images/train/train_3543.png,True,True,False,
train,3543,train_3544.png,1.0,data/images/train/train_3544.png,True,True,False,
train,3544,train_3545.png,1.0,data/images/train/train_3545.png,True,True,False,
train,3545,train_3546.png,1.0,data/images/train/train_3546.png,True,True,False,
train,3546,train_3547.png,1.0,data/images/train/train_3547.png,True,True,False,
train,3547,train_3548.png,1.0,data/images/train/train_3548.png,True,True,False,
train,3548,train_3549.png,1.0,data/images/train/train_3549.png,True,True,False,
train,3549,train_3550.png,1.0,data/images/train/train_3550.png,True,True,False,
train,3550,train_3551.png,1.0,data/images/train/train_3551.png,True,True,False,
train,3551,train_3552.png,1.0,data/images/train/train_3552.png,True,True,False,
train,3552,train_3553.png,1.0,data/images/train/train_3553.png,True,True,False,
train,3553,train_3554.png,1.0,data/images/train/train_3554.png,True,True,False,
train,3554,train_3555.png,1.0,data/images/train/train_3555.png,True,True,False,
train,3555,train_3556.png,1.0,data/images/train/train_3556.png,True,True,False,
train,3556,train_3557.png,1.0,data/images/train/train_3557.png,True,True,False,
train,3557,train_3558.png,1.0,data/images/train/train_3558.png,True,True,False,
train,3558,train_3559.png,1.0,data/images/train/train_3559.png,True,True,False,
train,3559,train_3560.png,1.0,data/images/train/train_3560.png,True,True,False,
train,3560,train_3561.png,1.0,data/images/train/train_3561.png,True,True,False,
train,3561,train_3562.png,1.0,data/images/train/train_3562.png,True,True,False,
train,3562,train_3563.png,1.0,data/images/train/train_3563.png,True,True,False,
train,3563,train_3564.png,1.0,data/images/train/train_3564.png,True,True,False,
train,3564,train_3565.png,1.0,data/images/train/train_3565.png,True,True,False,
train,3565,train_3566.png,1.0,data/images/train/train_3566.png,True,True,False,
train,3566,train_3567.png,1.0,data/images/train/train_3567.png,True,True,False,
train,3567,train_3568.png,1.0,data/images/train/train_3568.png,True,True,False,
train,3568,train_3569.png,1.0,data/images/train/train_3569.png,True,True,False,
train,3569,train_3570.png,1.0,data/images/train/train_3570.png,True,True,False,
train,3570,train_3571.png,1.0,data/images/train/train_3571.png,True,True,False,
train,3571,train_3572.png,1.0,data/images/train/train_3572.png,True,True,False,
train,3572,train_3573.png,1.0,data/images/train/train_3573.png,True,True,False,
train,3573,train_3574.png,1.0,data/images/train/train_3574.png,True,True,False,
train,3574,train_3575.png,1.0,data/images/train/train_3575.png,True,True,False,
train,3575,train_3576.png,1.0,data/images/train/train_3576.png,True,True,False,
train,3576,train_3577.png,1.0,data/images/train/train_3577.png,True,True,False,
train,3577,train_3578.png,1.0,data/images/train/train_3578.png,True,True,False,
train,3578,train_3579.png,1.0,data/images/train/train_3579.png,True,True,False,
train,3579,train_3580.png,1.0,data/images/train/train_3580.png,True,True,False,
train,3580,train_3581.png,1.0,data/images/train/train_3581.png,True,True,False,
train,3581,train_3582.png,1.0,data/images/train/train_3582.png,True,True,False,
train,3582,train_3583.png,1.0,data/images/train/train_3583.png,True,True,False,
train,3583,train_3584.png,1.0,data/images/train/train_3584.png,True,True,False,
train,3584,train_3585.png,1.0,data/images/train/train_3585.png,True,True,False,
train,3585,train_3586.png,1.0,data/images/train/train_3586.png,True,True,False,
train,3586,train_3587.png,1.0,data/images/train/train_3587.png,True,True,False,
train,3587,train_3588.png,1.0,data/images/train/train_3588.png,True,True,False,
train,3588,train_3589.png,1.0,data/images/train/train_3589.png,True,True,False,
train,3589,train_3590.png,1.0,data/images/train/train_3590.png,True,True,False,
train,3590,train_3591.png,1.0,data/images/train/train_3591.png,True,True,False,
train,3591,train_3592.png,1.0,data/images/train/train_3592.png,True,True,False,
train,3592,train_3593.png,1.0,data/images/train/train_3593.png,True,True,False,
train,3593,train_3594.png,1.0,data/images/train/train_3594.png,True,True,False,
train,3594,train_3595.png,1.0,data/images/train/train_3595.png,True,True,False,
train,3595,train_3596.png,1.0,data/images/train/train_3596.png,True,True,False,
train,3596,train_3597.png,1.0,data/images/train/train_3597.png,True,True,False,
train,3597,train_3598.png,1.0,data/images/train/train_3598.png,True,True,False,
train,3598,train_3599.png,1.0,data/images/train/train_3599.png,True,True,False,
train,3599,train_3600.png,1.0,data/images/train/train_3600.png,True,True,False,
train,3600,train_3601.png,1.0,data/images/train/train_3601.png,True,True,False,
train,3601,train_3602.png,1.0,data/images/train/train_3602.png,True,True,False,
train,3602,train_3603.png,1.0,data/images/train/train_3603.png,True,True,False,
train,3603,train_3604.png,1.0,data/images/train/train_3604.png,True,True,False,
train,3604,train_3605.png,1.0,data/images/train/train_3605.png,True,True,False,
train,3605,train_3606.png,1.0,data/images/train/train_3606.png,True,True,False,
train,3606,train_3607.png,1.0,data/images/train/train_3607.png,True,True,False,
train,3607,train_3608.png,1.0,data/images/train/train_3608.png,True,True,False,
train,3608,train_3609.png,1.0,data/images/train/train_3609.png,True,True,False,
train,3609,train_3610.png,1.0,data/images/train/train_3610.png,True,True,False,
train,3610,train_3611.png,1.0,data/images/train/train_3611.png,True,True,False,
train,3611,train_3612.png,1.0,data/images/train/train_3612.png,True,True,False,
train,3612,train_3613.png,1.0,data/images/train/train_3613.png,True,True,False,
train,3613,train_3614.png,1.0,data/images/train/train_3614.png,True,True,False,
train,3614,train_3615.png,1.0,data/images/train/train_3615.png,True,True,False,
train,3615,train_3616.png,1.0,data/images/train/train_3616.png,True,True,False,
train,3616,train_3617.png,1.0,data/images/train/train_3617.png,True,True,False,
train,3617,train_3618.png,1.0,data/images/train/train_3618.png,True,True,False,
train,3618,train_3619.png,1.0,data/images/train/train_3619.png,True,True,False,
train,3619,train_3620.png,1.0,data/images/train/train_3620.png,True,True,False,
train,3620,train_3621.png,1.0,data/images/train/train_3621.png,True,True,False,
train,3621,train_3622.png,1.0,data/images/train/train_3622.png,True,True,False,
train,3622,train_3623.png,1.0,data/images/train/train_3623.png,True,True,False,
train,3623,train_3624.png,1.0,data/images/train/train_3624.png,True,True,False,
train,3624,train_3625.png,1.0,data/images/train/train_3625.png,True,True,False,
train,3625,train_3626.png,1.0,data/images/train/train_3626.png,True,True,False,
train,3626,train_3627.png,1.0,data/images/train/train_3627.png,True,True,False,
train,3627,train_3628.png,1.0,data/images/train/train_3628.png,True,True,False,
train,3628,train_3629.png,1.0,data/images/train/train_3629.png,True,True,False,
train,3629,train_3630.png,1.0,data/images/train/train_3630.png,True,True,False,
train,3630,train_3631.png,1.0,data/images/train/train_3631.png,True,True,False,
train,3631,train_3632.png,1.0,data/images/train/train_3632.png,True,True,False,
train,3632,train_3633.png,1.0,data/images/train/train_3633.png,True,True,False,
train,3633,train_3634.png,1.0,data/images/train/train_3634.png,True,True,False,
train,3634,train_3635.png,1.0,data/images/train/train_3635.png,True,True,False,
train,3635,train_3636.png,1.0,data/images/train/train_3636.png,True,True,False,
train,3636,train_3637.png,1.0,data/images/train/train_3637.png,True,True,False,
train,3637,train_3638.png,1.0,data/images/train/train_3638.png,True,True,False,
train,3638,train_3639.png,1.0,data/images/train/train_3639.png,True,True,False,
train,3639,train_3640.png,1.0,data/images/train/train_3640.png,True,True,False,
train,3640,train_3641.png,1.0,data/images/train/train_3641.png,True,True,False,
train,3641,train_3642.png,1.0,data/images/train/train_3642.png,True,True,False,
train,3642,train_3643.png,1.0,data/images/train/train_3643.png,True,True,False,
train,3643,train_3644.png,1.0,data/images/train/train_3644.png,True,True,False,
train,3644,train_3645.png,1.0,data/images/train/train_3645.png,True,True,False,
train,3645,train_3646.png,1.0,data/images/train/train_3646.png,True,True,False,
train,3646,train_3647.png,1.0,data/images/train/train_3647.png,True,True,False,
train,3647,train_3648.png,1.0,data/images/train/train_3648.png,True,True,False,
train,3648,train_3649.png,1.0,data/images/train/train_3649.png,True,True,False,
train,3649,train_3650.png,1.0,data/images/train/train_3650.png,True,True,False,
train,3650,train_3651.png,1.0,data/images/train/train_3651.png,True,True,False,
train,3651,train_3652.png,1.0,data/images/train/train_3652.png,True,True,False,
train,3652,train_3653.png,1.0,data/images/train/train_3653.png,True,True,False,
train,3653,train_3654.png,1.0,data/images/train/train_3654.png,True,True,False,
train,3654,train_3655.png,1.0,data/images/train/train_3655.png,True,True,False,
train,3655,train_3656.png,1.0,data/images/train/train_3656.png,True,True,False,
train,3656,train_3657.png,1.0,data/images/train/train_3657.png,True,True,False,
train,3657,train_3658.png,1.0,data/images/train/train_3658.png,True,True,False,
train,3658,train_3659.png,1.0,data/images/train/train_3659.png,True,True,False,
train,3659,train_3660.png,1.0,data/images/train/train_3660.png,True,True,False,
train,3660,train_3661.png,1.0,data/images/train/train_3661.png,True,True,False,
train,3661,train_3662.png,1.0,data/images/train/train_3662.png,True,True,False,
train,3662,train_3663.png,1.0,data/images/train/train_3663.png,True,True,False,
train,3663,train_3664.png,1.0,data/images/train/train_3664.png,True,True,False,
train,3664,train_3665.png,1.0,data/images/train/train_3665.png,True,True,False,
train,3665,train_3666.png,1.0,data/images/train/train_3666.png,True,True,False,
train,3666,train_3667.png,1.0,data/images/train/train_3667.png,True,True,False,
train,3667,train_3668.png,1.0,data/images/train/train_3668.png,True,True,False,
train,3668,train_3669.png,1.0,data/images/train/train_3669.png,True,True,False,
train,3669,train_3670.png,1.0,data/images/train/train_3670.png,True,True,False,
train,3670,train_3671.png,1.0,data/images/train/train_3671.png,True,True,False,
train,3671,train_3672.png,1.0,data/images/train/train_3672.png,True,True,False,
train,3672,train_3673.png,1.0,data/images/train/train_3673.png,True,True,False,
train,3673,train_3674.png,1.0,data/images/train/train_3674.png,True,True,False,
train,3674,train_3675.png,1.0,data/images/train/train_3675.png,True,True,False,
train,3675,train_3676.png,1.0,data/images/train/train_3676.png,True,True,False,
train,3676,train_3677.png,1.0,data/images/train/train_3677.png,True,True,False,
train,3677,train_3678.png,1.0,data/images/train/train_3678.png,True,True,False,
train,3678,train_3679.png,1.0,data/images/train/train_3679.png,True,True,False,
train,3679,train_3680.png,1.0,data/images/train/train_3680.png,True,True,False,
train,3680,train_3681.png,1.0,data/images/train/train_3681.png,True,True,False,
train,3681,train_3682.png,1.0,data/images/train/train_3682.png,True,True,False,
train,3682,train_3683.png,1.0,data/images/train/train_3683.png,True,True,False,
train,3683,train_3684.png,1.0,data/images/train/train_3684.png,True,True,False,
train,3684,train_3685.png,1.0,data/images/train/train_3685.png,True,True,False,
train,3685,train_3686.png,1.0,data/images/train/train_3686.png,True,True,False,
train,3686,train_3687.png,1.0,data/images/train/train_3687.png,True,True,False,
train,3687,train_3688.png,1.0,data/images/train/train_3688.png,True,True,False,
train,3688,train_3689.png,1.0,data/images/train/train_3689.png,True,True,False,
train,3689,train_3690.png,1.0,data/images/train/train_3690.png,True,True,False,
train,3690,train_3691.png,1.0,data/images/train/train_3691.png,True,True,False,
train,3691,train_3692.png,1.0,data/images/train/train_3692.png,True,True,False,
train,3692,train_3693.png,1.0,data/images/train/train_3693.png,True,True,False,
train,3693,train_3694.png,1.0,data/images/train/train_3694.png,True,True,False,
train,3694,train_3695.png,1.0,data/images/train/train_3695.png,True,True,False,
train,3695,train_3696.png,1.0,data/images/train/train_3696.png,True,True,False,
train,3696,train_3697.png,1.0,data/images/train/train_3697.png,True,True,False,
train,3697,train_3698.png,1.0,data/images/train/train_3698.png,True,True,False,
train,3698,train_3699.png,1.0,data/images/train/train_3699.png,True,True,False,
train,3699,train_3700.png,1.0,data/images/train/train_3700.png,True,True,False,
train,3700,train_3701.png,1.0,data/images/train/train_3701.png,True,True,False,
train,3701,train_3702.png,1.0,data/images/train/train_3702.png,True,True,False,
train,3702,train_3703.png,1.0,data/images/train/train_3703.png,True,True,False,
train,3703,train_3704.png,1.0,data/images/train/train_3704.png,True,True,False,
train,3704,train_3705.png,1.0,data/images/train/train_3705.png,True,True,False,
train,3705,train_3706.png,1.0,data/images/train/train_3706.png,True,True,False,
train,3706,train_3707.png,1.0,data/images/train/train_3707.png,True,True,False,
train,3707,train_3708.png,1.0,data/images/train/train_3708.png,True,True,False,
train,3708,train_3709.png,1.0,data/images/train/train_3709.png,True,True,False,
train,3709,train_3710.png,1.0,data/images/train/train_3710.png,True,True,False,
train,3710,train_3711.png,1.0,data/images/train/train_3711.png,True,True,False,
train,3711,train_3712.png,1.0,data/images/train/train_3712.png,True,True,False,
train,3712,train_3713.png,1.0,data/images/train/train_3713.png,True,True,False,
train,3713,train_3714.png,1.0,data/images/train/train_3714.png,True,True,False,
train,3714,train_3715.png,1.0,data/images/train/train_3715.png,True,True,False,
train,3715,train_3716.png,1.0,data/images/train/train_3716.png,True,True,False,
train,3716,train_3717.png,1.0,data/images/train/train_3717.png,True,True,False,
train,3717,train_3718.png,1.0,data/images/train/train_3718.png,True,True,False,
train,3718,train_3719.png,1.0,data/images/train/train_3719.png,True,True,False,
train,3719,train_3720.png,1.0,data/images/train/train_3720.png,True,True,False,
train,3720,train_3721.png,1.0,data/images/train/train_3721.png,True,True,False,
train,3721,train_3722.png,1.0,data/images/train/train_3722.png,True,True,False,
train,3722,train_3723.png,1.0,data/images/train/train_3723.png,True,True,False,
train,3723,train_3724.png,1.0,data/images/train/train_3724.png,True,True,False,
train,3724,train_3725.png,1.0,data/images/train/train_3725.png,True,True,False,
train,3725,train_3726.png,1.0,data/images/train/train_3726.png,True,True,False,
train,3726,train_3727.png,1.0,data/images/train/train_3727.png,True,True,False,
train,3727,train_3728.png,1.0,data/images/train/train_3728.png,True,True,False,
train,3728,train_3729.png,1.0,data/images/train/train_3729.png,True,True,False,
train,3729,train_3730.png,1.0,data/images/train/train_3730.png,True,True,False,
train,3730,train_3731.png,1.0,data/images/train/train_3731.png,True,True,False,
train,3731,train_3732.png,1.0,data/images/train/train_3732.png,True,True,False,
train,3732,train_3733.png,1.0,data/images/train/train_3733.png,True,True,False,
train,3733,train_3734.png,1.0,data/images/train/train_3734.png,True,True,False,
train,3734,train_3735.png,1.0,data/images/train/train_3735.png,True,True,False,
train,3735,train_3736.png,1.0,data/images/train/train_3736.png,True,True,False,
train,3736,train_3737.png,1.0,data/images/train/train_3737.png,True,True,False,
train,3737,train_3738.png,1.0,data/images/train/train_3738.png,True,True,False,
train,3738,train_3739.png,1.0,data/images/train/train_3739.png,True,True,False,
train,3739,train_3740.png,1.0,data/images/train/train_3740.png,True,True,False,
train,3740,train_3741.png,1.0,data/images/train/train_3741.png,True,True,False,
train,3741,train_3742.png,1.0,data/images/train/train_3742.png,True,True,False,
train,3742,train_3743.png,1.0,data/images/train/train_3743.png,True,True,False,
train,3743,train_3744.png,1.0,data/images/train/train_3744.png,True,True,False,
train,3744,train_3745.png,1.0,data/images/train/train_3745.png,True,True,False,
train,3745,train_3746.png,1.0,data/images/train/train_3746.png,True,True,False,
train,3746,train_3747.png,1.0,data/images/train/train_3747.png,True,True,False,
train,3747,train_3748.png,1.0,data/images/train/train_3748.png,True,True,False,
train,3748,train_3749.png,1.0,data/images/train/train_3749.png,True,True,False,
train,3749,train_3750.png,1.0,data/images/train/train_3750.png,True,True,False,
train,3750,train_3751.png,1.0,data/images/train/train_3751.png,True,True,False,
train,3751,train_3752.png,1.0,data/images/train/train_3752.png,True,True,False,
train,3752,train_3753.png,1.0,data/images/train/train_3753.png,True,True,False,
train,3753,train_3754.png,1.0,data/images/train/train_3754.png,True,True,False,
train,3754,train_3755.png,1.0,data/images/train/train_3755.png,True,True,False,
train,3755,train_3756.png,1.0,data/images/train/train_3756.png,True,True,False,
train,3756,train_3757.png,1.0,data/images/train/train_3757.png,True,True,False,
train,3757,train_3758.png,1.0,data/images/train/train_3758.png,True,True,False,
train,3758,train_3759.png,1.0,data/images/train/train_3759.png,True,True,False,
train,3759,train_3760.png,1.0,data/images/train/train_3760.png,True,True,False,
train,3760,train_3761.png,1.0,data/images/train/train_3761.png,True,True,False,
train,3761,train_3762.png,1.0,data/images/train/train_3762.png,True,True,False,
train,3762,train_3763.png,1.0,data/images/train/train_3763.png,True,True,False,
train,3763,train_3764.png,1.0,data/images/train/train_3764.png,True,True,False,
train,3764,train_3765.png,1.0,data/images/train/train_3765.png,True,True,False,
train,3765,train_3766.png,1.0,data/images/train/train_3766.png,True,True,False,
train,3766,train_3767.png,1.0,data/images/train/train_3767.png,True,True,False,
train,3767,train_3768.png,1.0,data/images/train/train_3768.png,True,True,False,
train,3768,train_3769.png,1.0,data/images/train/train_3769.png,True,True,False,
train,3769,train_3770.png,1.0,data/images/train/train_3770.png,True,True,False,
train,3770,train_3771.png,1.0,data/images/train/train_3771.png,True,True,False,
train,3771,train_3772.png,1.0,data/images/train/train_3772.png,True,True,False,
train,3772,train_3773.png,1.0,data/images/train/train_3773.png,True,True,False,
train,3773,train_3774.png,1.0,data/images/train/train_3774.png,True,True,False,
train,3774,train_3775.png,1.0,data/images/train/train_3775.png,True,True,False,
train,3775,train_3776.png,1.0,data/images/train/train_3776.png,True,True,False,
train,3776,train_3777.png,1.0,data/images/train/train_3777.png,True,True,False,
train,3777,train_3778.png,1.0,data/images/train/train_3778.png,True,True,False,
train,3778,train_3779.png,1.0,data/images/train/train_3779.png,True,True,False,
train,3779,train_3780.png,1.0,data/images/train/train_3780.png,True,True,False,
train,3780,train_3781.png,1.0,data/images/train/train_3781.png,True,True,False,
train,3781,train_3782.png,1.0,data/images/train/train_3782.png,True,True,False,
train,3782,train_3783.png,1.0,data/images/train/train_3783.png,True,True,False,
train,3783,train_3784.png,1.0,data/images/train/train_3784.png,True,True,False,
train,3784,train_3785.png,1.0,data/images/train/train_3785.png,True,True,False,
train,3785,train_3786.png,1.0,data/images/train/train_3786.png,True,True,False,
train,3786,train_3787.png,1.0,data/images/train/train_3787.png,True,True,False,
train,3787,train_3788.png,1.0,data/images/train/train_3788.png,True,True,False,
train,3788,train_3789.png,1.0,data/images/train/train_3789.png,True,True,False,
train,3789,train_3790.png,1.0,data/images/train/train_3790.png,True,True,False,
train,3790,train_3791.png,1.0,data/images/train/train_3791.png,True,True,False,
train,3791,train_3792.png,1.0,data/images/train/train_3792.png,True,True,False,
train,3792,train_3793.png,1.0,data/images/train/train_3793.png,True,True,False,
train,3793,train_3794.png,1.0,data/images/train/train_3794.png,True,True,False,
train,3794,train_3795.png,1.0,data/images/train/train_3795.png,True,True,False,
train,3795,train_3796.png,1.0,data/images/train/train_3796.png,True,True,False,
train,3796,train_3797.png,1.0,data/images/train/train_3797.png,True,True,False,
train,3797,train_3798.png,1.0,data/images/train/train_3798.png,True,True,False,
train,3798,train_3799.png,1.0,data/images/train/train_3799.png,True,True,False,
train,3799,train_3800.png,1.0,data/images/train/train_3800.png,True,True,False,
train,3800,train_3801.png,1.0,data/images/train/train_3801.png,True,True,False,
train,3801,train_3802.png,1.0,data/images/train/train_3802.png,True,True,False,
train,3802,train_3803.png,1.0,data/images/train/train_3803.png,True,True,False,
train,3803,train_3804.png,1.0,data/images/train/train_3804.png,True,True,False,
train,3804,train_3805.png,1.0,data/images/train/train_3805.png,True,True,False,
train,3805,train_3806.png,1.0,data/images/train/train_3806.png,True,True,False,
train,3806,train_3807.png,1.0,data/images/train/train_3807.png,True,True,False,
train,3807,train_3808.png,1.0,data/images/train/train_3808.png,True,True,False,
train,3808,train_3809.png,1.0,data/images/train/train_3809.png,True,True,False,
train,3809,train_3810.png,1.0,data/images/train/train_3810.png,True,True,False,
train,3810,train_3811.png,1.0,data/images/train/train_3811.png,True,True,False,
train,3811,train_3812.png,1.0,data/images/train/train_3812.png,True,True,False,
train,3812,train_3813.png,1.0,data/images/train/train_3813.png,True,True,False,
train,3813,train_3814.png,1.0,data/images/train/train_3814.png,True,True,False,
train,3814,train_3815.png,1.0,data/images/train/train_3815.png,True,True,False,
train,3815,train_3816.png,1.0,data/images/train/train_3816.png,True,True,False,
train,3816,train_3817.png,1.0,data/images/train/train_3817.png,True,True,False,
train,3817,train_3818.png,1.0,data/images/train/train_3818.png,True,True,False,
train,3818,train_3819.png,1.0,data/images/train/train_3819.png,True,True,False,
train,3819,train_3820.png,1.0,data/images/train/train_3820.png,True,True,False,
train,3820,train_3821.png,1.0,data/images/train/train_3821.png,True,True,False,
train,3821,train_3822.png,1.0,data/images/train/train_3822.png,True,True,False,
train,3822,train_3823.png,1.0,data/images/train/train_3823.png,True,True,False,
train,3823,train_3824.png,1.0,data/images/train/train_3824.png,True,True,False,
train,3824,train_3825.png,1.0,data/images/train/train_3825.png,True,True,False,
train,3825,train_3826.png,1.0,data/images/train/train_3826.png,True,True,False,
train,3826,train_3827.png,1.0,data/images/train/train_3827.png,True,True,False,
train,3827,train_3828.png,1.0,data/images/train/train_3828.png,True,True,False,
train,3828,train_3829.png,1.0,data/images/train/train_3829.png,True,True,False,
train,3829,train_3830.png,1.0,data/images/train/train_3830.png,True,True,False,
train,3830,train_3831.png,1.0,data/images/train/train_3831.png,True,True,False,
train,3831,train_3832.png,1.0,data/images/train/train_3832.png,True,True,False,
train,3832,train_3833.png,1.0,data/images/train/train_3833.png,True,True,False,
train,3833,train_3834.png,1.0,data/images/train/train_3834.png,True,True,False,
train,3834,train_3835.png,1.0,data/images/train/train_3835.png,True,True,False,
train,3835,train_3836.png,1.0,data/images/train/train_3836.png,True,True,False,
train,3836,train_3837.png,1.0,data/images/train/train_3837.png,True,True,False,
train,3837,train_3838.png,1.0,data/images/train/train_3838.png,True,True,False,
train,3838,train_3839.png,1.0,data/images/train/train_3839.png,True,True,False,
train,3839,train_3840.png,1.0,data/images/train/train_3840.png,True,True,False,
train,3840,train_3841.png,1.0,data/images/train/train_3841.png,True,True,False,
train,3841,train_3842.png,1.0,data/images/train/train_3842.png,True,True,False,
train,3842,train_3843.png,1.0,data/images/train/train_3843.png,True,True,False,
train,3843,train_3844.png,1.0,data/images/train/train_3844.png,True,True,False,
train,3844,train_3845.png,1.0,data/images/train/train_3845.png,True,True,False,
train,3845,train_3846.png,1.0,data/images/train/train_3846.png,True,True,False,
train,3846,train_3847.png,1.0,data/images/train/train_3847.png,True,True,False,
train,3847,train_3848.png,1.0,data/images/train/train_3848.png,True,True,False,
train,3848,train_3849.png,1.0,data/images/train/train_3849.png,True,True,False,
train,3849,train_3850.png,1.0,data/images/train/train_3850.png,True,True,False,
train,3850,train_3851.png,1.0,data/images/train/train_3851.png,True,True,False,
train,3851,train_3852.png,1.0,data/images/train/train_3852.png,True,True,False,
train,3852,train_3853.png,1.0,data/images/train/train_3853.png,True,True,False,
train,3853,train_3854.png,1.0,data/images/train/train_3854.png,True,True,False,
train,3854,train_3855.png,1.0,data/images/train/train_3855.png,True,True,False,
train,3855,train_3856.png,1.0,data/images/train/train_3856.png,True,True,False,
train,3856,train_3857.png,1.0,data/images/train/train_3857.png,True,True,False,
train,3857,train_3858.png,1.0,data/images/train/train_3858.png,True,True,False,
train,3858,train_3859.png,1.0,data/images/train/train_3859.png,True,True,False,
train,3859,train_3860.png,1.0,data/images/train/train_3860.png,True,True,False,
train,3860,train_3861.png,1.0,data/images/train/train_3861.png,True,True,False,
train,3861,train_3862.png,1.0,data/images/train/train_3862.png,True,True,False,
train,3862,train_3863.png,1.0,data/images/train/train_3863.png,True,True,False,
train,3863,train_3864.png,1.0,data/images/train/train_3864.png,True,True,False,
train,3864,train_3865.png,1.0,data/images/train/train_3865.png,True,True,False,
train,3865,train_3866.png,1.0,data/images/train/train_3866.png,True,True,False,
train,3866,train_3867.png,1.0,data/images/train/train_3867.png,True,True,False,
train,3867,train_3868.png,1.0,data/images/train/train_3868.png,True,True,False,
train,3868,train_3869.png,1.0,data/images/train/train_3869.png,True,True,False,
train,3869,train_3870.png,1.0,data/images/train/train_3870.png,True,True,False,
train,3870,train_3871.png,1.0,data/images/train/train_3871.png,True,True,False,
train,3871,train_3872.png,1.0,data/images/train/train_3872.png,True,True,False,
train,3872,train_3873.png,1.0,data/images/train/train_3873.png,True,True,False,
train,3873,train_3874.png,1.0,data/images/train/train_3874.png,True,True,False,
train,3874,train_3875.png,1.0,data/images/train/train_3875.png,True,True,False,
train,3875,train_3876.png,1.0,data/images/train/train_3876.png,True,True,False,
train,3876,train_3877.png,1.0,data/images/train/train_3877.png,True,True,False,
train,3877,train_3878.png,1.0,data/images/train/train_3878.png,True,True,False,
train,3878,train_3879.png,1.0,data/images/train/train_3879.png,True,True,False,
train,3879,train_3880.png,1.0,data/images/train/train_3880.png,True,True,False,
train,3880,train_3881.png,1.0,data/images/train/train_3881.png,True,True,False,
train,3881,train_3882.png,1.0,data/images/train/train_3882.png,True,True,False,
train,3882,train_3883.png,1.0,data/images/train/train_3883.png,True,True,False,
train,3883,train_3884.png,1.0,data/images/train/train_3884.png,True,True,False,
train,3884,train_3885.png,1.0,data/images/train/train_3885.png,True,True,False,
train,3885,train_3886.png,1.0,data/images/train/train_3886.png,True,True,False,
train,3886,train_3887.png,1.0,data/images/train/train_3887.png,True,True,False,
train,3887,train_3888.png,1.0,data/images/train/train_3888.png,True,True,False,
train,3888,train_3889.png,1.0,data/images/train/train_3889.png,True,True,False,
train,3889,train_3890.png,1.0,data/images/train/train_3890.png,True,True,False,
train,3890,train_3891.png,1.0,data/images/train/train_3891.png,True,True,False,
train,3891,train_3892.png,1.0,data/images/train/train_3892.png,True,True,False,
train,3892,train_3893.png,1.0,data/images/train/train_3893.png,True,True,False,
train,3893,train_3894.png,1.0,data/images/train/train_3894.png,True,True,False,
train,3894,train_3895.png,1.0,data/images/train/train_3895.png,True,True,False,
train,3895,train_3896.png,1.0,data/images/train/train_3896.png,True,True,False,
train,3896,train_3897.png,1.0,data/images/train/train_3897.png,True,True,False,
train,3897,train_3898.png,1.0,data/images/train/train_3898.png,True,True,False,
train,3898,train_3899.png,1.0,data/images/train/train_3899.png,True,True,False,
train,3899,train_3900.png,1.0,data/images/train/train_3900.png,True,True,False,
train,3900,train_3901.png,1.0,data/images/train/train_3901.png,True,True,False,
train,3901,train_3902.png,1.0,data/images/train/train_3902.png,True,True,False,
train,3902,train_3903.png,1.0,data/images/train/train_3903.png,True,True,False,
train,3903,train_3904.png,1.0,data/images/train/train_3904.png,True,True,False,
train,3904,train_3905.png,1.0,data/images/train/train_3905.png,True,True,False,
train,3905,train_3906.png,1.0,data/images/train/train_3906.png,True,True,False,
train,3906,train_3907.png,1.0,data/images/train/train_3907.png,True,True,False,
train,3907,train_3908.png,1.0,data/images/train/train_3908.png,True,True,False,
train,3908,train_3909.png,1.0,data/images/train/train_3909.png,True,True,False,
train,3909,train_3910.png,1.0,data/images/train/train_3910.png,True,True,False,
train,3910,train_3911.png,1.0,data/images/train/train_3911.png,True,True,False,
train,3911,train_3912.png,1.0,data/images/train/train_3912.png,True,True,False,
train,3912,train_3913.png,1.0,data/images/train/train_3913.png,True,True,False,
train,3913,train_3914.png,1.0,data/images/train/train_3914.png,True,True,False,
train,3914,train_3915.png,1.0,data/images/train/train_3915.png,True,True,False,
train,3915,train_3916.png,1.0,data/images/train/train_3916.png,True,True,False,
train,3916,train_3917.png,1.0,data/images/train/train_3917.png,True,True,False,
train,3917,train_3918.png,1.0,data/images/train/train_3918.png,True,True,False,
train,3918,train_3919.png,1.0,data/images/train/train_3919.png,True,True,False,
train,3919,train_3920.png,1.0,data/images/train/train_3920.png,True,True,False,
train,3920,train_3921.png,1.0,data/images/train/train_3921.png,True,True,False,
train,3921,train_3922.png,1.0,data/images/train/train_3922.png,True,True,False,
train,3922,train_3923.png,1.0,data/images/train/train_3923.png,True,True,False,
train,3923,train_3924.png,1.0,data/images/train/train_3924.png,True,True,False,
train,3924,train_3925.png,1.0,data/images/train/train_3925.png,True,True,False,
train,3925,train_3926.png,1.0,data/images/train/train_3926.png,True,True,False,
train,3926,train_3927.png,1.0,data/images/train/train_3927.png,True,True,False,
train,3927,train_3928.png,1.0,data/images/train/train_3928.png,True,True,False,
train,3928,train_3929.png,1.0,data/images/train/train_3929.png,True,True,False,
train,3929,train_3930.png,1.0,data/images/train/train_3930.png,True,True,False,
train,3930,train_3931.png,1.0,data/images/train/train_3931.png,True,True,False,
train,3931,train_3932.png,1.0,data/images/train/train_3932.png,True,True,False,
train,3932,train_3933.png,1.0,data/images/train/train_3933.png,True,True,False,
train,3933,train_3934.png,1.0,data/images/train/train_3934.png,True,True,False,
train,3934,train_3935.png,1.0,data/images/train/train_3935.png,True,True,False,
train,3935,train_3936.png,1.0,data/images/train/train_3936.png,True,True,False,
train,3936,train_3937.png,1.0,data/images/train/train_3937.png,True,True,False,
train,3937,train_3938.png,1.0,data/images/train/train_3938.png,True,True,False,
train,3938,train_3939.png,1.0,data/images/train/train_3939.png,True,True,False,
train,3939,train_3940.png,1.0,data/images/train/train_3940.png,True,True,False,
train,3940,train_3941.png,1.0,data/images/train/train_3941.png,True,True,False,
train,3941,train_3942.png,1.0,data/images/train/train_3942.png,True,True,False,
train,3942,train_3943.png,1.0,data/images/train/train_3943.png,True,True,False,
train,3943,train_3944.png,1.0,data/images/train/train_3944.png,True,True,False,
train,3944,train_3945.png,1.0,data/images/train/train_3945.png,True,True,False,
train,3945,train_3946.png,1.0,data/images/train/train_3946.png,True,True,False,
train,3946,train_3947.png,1.0,data/images/train/train_3947.png,True,True,False,
train,3947,train_3948.png,1.0,data/images/train/train_3948.png,True,True,False,
train,3948,train_3949.png,1.0,data/images/train/train_3949.png,True,True,False,
train,3949,train_3950.png,1.0,data/images/train/train_3950.png,True,True,False,
train,3950,train_3951.png,1.0,data/images/train/train_3951.png,True,True,False,
train,3951,train_3952.png,1.0,data/images/train/train_3952.png,True,True,False,
train,3952,train_3953.png,1.0,data/images/train/train_3953.png,True,True,False,
train,3953,train_3954.png,1.0,data/images/train/train_3954.png,True,True,False,
train,3954,train_3955.png,1.0,data/images/train/train_3955.png,True,True,False,
train,3955,train_3956.png,1.0,data/images/train/train_3956.png,True,True,False,
train,3956,train_3957.png,1.0,data/images/train/train_3957.png,True,True,False,
train,3957,train_3958.png,1.0,data/images/train/train_3958.png,True,True,False,
train,3958,train_3959.png,1.0,data/images/train/train_3959.png,True,True,False,
train,3959,train_3960.png,1.0,data/images/train/train_3960.png,True,True,False,
train,3960,train_3961.png,1.0,data/images/train/train_3961.png,True,True,False,
train,3961,train_3962.png,1.0,data/images/train/train_3962.png,True,True,False,
train,3962,train_3963.png,1.0,data/images/train/train_3963.png,True,True,False,
train,3963,train_3964.png,1.0,data/images/train/train_3964.png,True,True,False,
train,3964,train_3965.png,1.0,data/images/train/train_3965.png,True,True,False,
train,3965,train_3966.png,1.0,data/images/train/train_3966.png,True,True,False,
train,3966,train_3967.png,1.0,data/images/train/train_3967.png,True,True,False,
train,3967,train_3968.png,1.0,data/images/train/train_3968.png,True,True,False,
train,3968,train_3969.png,1.0,data/images/train/train_3969.png,True,True,False,
train,3969,train_3970.png,1.0,data/images/train/train_3970.png,True,True,False,
train,3970,train_3971.png,1.0,data/images/train/train_3971.png,True,True,False,
train,3971,train_3972.png,1.0,data/images/train/train_3972.png,True,True,False,
train,3972,train_3973.png,1.0,data/images/train/train_3973.png,True,True,False,
train,3973,train_3974.png,1.0,data/images/train/train_3974.png,True,True,False,
train,3974,train_3975.png,1.0,data/images/train/train_3975.png,True,True,False,
train,3975,train_3976.png,1.0,data/images/train/train_3976.png,True,True,False,
train,3976,train_3977.png,1.0,data/images/train/train_3977.png,True,True,False,
train,3977,train_3978.png,1.0,data/images/train/train_3978.png,True,True,False,
train,3978,train_3979.png,1.0,data/images/train/train_3979.png,True,True,False,
train,3979,train_3980.png,1.0,data/images/train/train_3980.png,True,True,False,
train,3980,train_3981.png,1.0,data/images/train/train_3981.png,True,True,False,
train,3981,train_3982.png,1.0,data/images/train/train_3982.png,True,True,False,
train,3982,train_3983.png,1.0,data/images/train/train_3983.png,True,True,False,
train,3983,train_3984.png,1.0,data/images/train/train_3984.png,True,True,False,
train,3984,train_3985.png,1.0,data/images/train/train_3985.png,True,True,False,
train,3985,train_3986.png,1.0,data/images/train/train_3986.png,True,True,False,
train,3986,train_3987.png,1.0,data/images/train/train_3987.png,True,True,False,
train,3987,train_3988.png,1.0,data/images/train/train_3988.png,True,True,False,
train,3988,train_3989.png,1.0,data/images/train/train_3989.png,True,True,False,
train,3989,train_3990.png,1.0,data/images/train/train_3990.png,True,True,False,
train,3990,train_3991.png,1.0,data/images/train/train_3991.png,True,True,False,
train,3991,train_3992.png,1.0,data/images/train/train_3992.png,True,True,False,
train,3992,train_3993.png,1.0,data/images/train/train_3993.png,True,True,False,
train,3993,train_3994.png,1.0,data/images/train/train_3994.png,True,True,False,
train,3994,train_3995.png,1.0,data/images/train/train_3995.png,True,True,False,
train,3995,train_3996.png,1.0,data/images/train/train_3996.png,True,True,False,
train,3996,train_3997.png,1.0,data/images/train/train_3997.png,True,True,False,
train,3997,train_3998.png,1.0,data/images/train/train_3998.png,True,True,False,
train,3998,train_3999.png,1.0,data/images/train/train_3999.png,True,True,False,
train,3999,train_4000.png,1.0,data/images/train/train_4000.png,True,True,False,
train,4000,train_4001.png,1.0,data/images/train/train_4001.png,True,True,False,
train,4001,train_4002.png,1.0,data/images/train/train_4002.png,True,True,False,
train,4002,train_4003.png,1.0,data/images/train/train_4003.png,True,True,False,
train,4003,train_4004.png,1.0,data/images/train/train_4004.png,True,True,False,
train,4004,train_4005.png,1.0,data/images/train/train_4005.png,True,True,False,
train,4005,train_4006.png,1.0,data/images/train/train_4006.png,True,True,False,
train,4006,train_4007.png,1.0,data/images/train/train_4007.png,True,True,False,
train,4007,train_4008.png,1.0,data/images/train/train_4008.png,True,True,False,
train,4008,train_4009.png,1.0,data/images/train/train_4009.png,True,True,False,
train,4009,train_4010.png,1.0,data/images/train/train_4010.png,True,True,False,
train,4010,train_4011.png,1.0,data/images/train/train_4011.png,True,True,False,
train,4011,train_4012.png,1.0,data/images/train/train_4012.png,True,True,False,
train,4012,train_4013.png,1.0,data/images/train/train_4013.png,True,True,False,
train,4013,train_4014.png,1.0,data/images/train/train_4014.png,True,True,False,
train,4014,train_4015.png,1.0,data/images/train/train_4015.png,True,True,False,
train,4015,train_4016.png,1.0,data/images/train/train_4016.png,True,True,False,
train,4016,train_4017.png,1.0,data/images/train/train_4017.png,True,True,False,
train,4017,train_4018.png,1.0,data/images/train/train_4018.png,True,True,False,
train,4018,train_4019.png,1.0,data/images/train/train_4019.png,True,True,False,
train,4019,train_4020.png,1.0,data/images/train/train_4020.png,True,True,False,
train,4020,train_4021.png,1.0,data/images/train/train_4021.png,True,True,False,
train,4021,train_4022.png,1.0,data/images/train/train_4022.png,True,True,False,
train,4022,train_4023.png,1.0,data/images/train/train_4023.png,True,True,False,
train,4023,train_4024.png,1.0,data/images/train/train_4024.png,True,True,False,
train,4024,train_4025.png,1.0,data/images/train/train_4025.png,True,True,False,
train,4025,train_4026.png,1.0,data/images/train/train_4026.png,True,True,False,
train,4026,train_4027.png,1.0,data/images/train/train_4027.png,True,True,False,
train,4027,train_4028.png,1.0,data/images/train/train_4028.png,True,True,False,
train,4028,train_4029.png,1.0,data/images/train/train_4029.png,True,True,False,
train,4029,train_4030.png,1.0,data/images/train/train_4030.png,True,True,False,
train,4030,train_4031.png,1.0,data/images/train/train_4031.png,True,True,False,
train,4031,train_4032.png,1.0,data/images/train/train_4032.png,True,True,False,
train,4032,train_4033.png,1.0,data/images/train/train_4033.png,True,True,False,
train,4033,train_4034.png,1.0,data/images/train/train_4034.png,True,True,False,
train,4034,train_4035.png,1.0,data/images/train/train_4035.png,True,True,False,
train,4035,train_4036.png,1.0,data/images/train/train_4036.png,True,True,False,
train,4036,train_4037.png,1.0,data/images/train/train_4037.png,True,True,False,
train,4037,train_4038.png,1.0,data/images/train/train_4038.png,True,True,False,
train,4038,train_4039.png,1.0,data/images/train/train_4039.png,True,True,False,
train,4039,train_4040.png,1.0,data/images/train/train_4040.png,True,True,False,
train,4040,train_4041.png,1.0,data/images/train/train_4041.png,True,True,False,
train,4041,train_4042.png,1.0,data/images/train/train_4042.png,True,True,False,
train,4042,train_4043.png,1.0,data/images/train/train_4043.png,True,True,False,
train,4043,train_4044.png,1.0,data/images/train/train_4044.png,True,True,False,
train,4044,train_4045.png,1.0,data/images/train/train_4045.png,True,True,False,
train,4045,train_4046.png,1.0,data/images/train/train_4046.png,True,True,False,
train,4046,train_4047.png,1.0,data/images/train/train_4047.png,True,True,False,
train,4047,train_4048.png,1.0,data/images/train/train_4048.png,True,True,False,
train,4048,train_4049.png,1.0,data/images/train/train_4049.png,True,True,False,
train,4049,train_4050.png,1.0,data/images/train/train_4050.png,True,True,False,
train,4050,train_4051.png,1.0,data/images/train/train_4051.png,True,True,False,
train,4051,train_4052.png,1.0,data/images/train/train_4052.png,True,True,False,
train,4052,train_4053.png,1.0,data/images/train/train_4053.png,True,True,False,
train,4053,train_4054.png,1.0,data/images/train/train_4054.png,True,True,False,
train,4054,train_4055.png,1.0,data/images/train/train_4055.png,True,True,False,
train,4055,train_4056.png,1.0,data/images/train/train_4056.png,True,True,False,
train,4056,train_4057.png,1.0,data/images/train/train_4057.png,True,True,False,
train,4057,train_4058.png,1.0,data/images/train/train_4058.png,True,True,False,
train,4058,train_4059.png,1.0,data/images/train/train_4059.png,True,True,False,
train,4059,train_4060.png,1.0,data/images/train/train_4060.png,True,True,False,
train,4060,train_4061.png,1.0,data/images/train/train_4061.png,True,True,False,
train,4061,train_4062.png,1.0,data/images/train/train_4062.png,True,True,False,
train,4062,train_4063.png,1.0,data/images/train/train_4063.png,True,True,False,
train,4063,train_4064.png,1.0,data/images/train/train_4064.png,True,True,False,
train,4064,train_4065.png,1.0,data/images/train/train_4065.png,True,True,False,
train,4065,train_4066.png,1.0,data/images/train/train_4066.png,True,True,False,
train,4066,train_4067.png,1.0,data/images/train/train_4067.png,True,True,False,
train,4067,train_4068.png,1.0,data/images/train/train_4068.png,True,True,False,
train,4068,train_4069.png,1.0,data/images/train/train_4069.png,True,True,False,
train,4069,train_4070.png,1.0,data/images/train/train_4070.png,True,True,False,
train,4070,train_4071.png,1.0,data/images/train/train_4071.png,True,True,False,
train,4071,train_4072.png,1.0,data/images/train/train_4072.png,True,True,False,
train,4072,train_4073.png,1.0,data/images/train/train_4073.png,True,True,False,
train,4073,train_4074.png,1.0,data/images/train/train_4074.png,True,True,False,
train,4074,train_4075.png,1.0,data/images/train/train_4075.png,True,True,False,
train,4075,train_4076.png,1.0,data/images/train/train_4076.png,True,True,False,
train,4076,train_4077.png,1.0,data/images/train/train_4077.png,True,True,False,
train,4077,train_4078.png,1.0,data/images/train/train_4078.png,True,True,False,
train,4078,train_4079.png,1.0,data/images/train/train_4079.png,True,True,False,
train,4079,train_4080.png,1.0,data/images/train/train_4080.png,True,True,False,
train,4080,train_4081.png,1.0,data/images/train/train_4081.png,True,True,False,
train,4081,train_4082.png,1.0,data/images/train/train_4082.png,True,True,False,
train,4082,train_4083.png,1.0,data/images/train/train_4083.png,True,True,False,
train,4083,train_4084.png,1.0,data/images/train/train_4084.png,True,True,False,
train,4084,train_4085.png,1.0,data/images/train/train_4085.png,True,True,False,
train,4085,train_4086.png,1.0,data/images/train/train_4086.png,True,True,False,
train,4086,train_4087.png,1.0,data/images/train/train_4087.png,True,True,False,
train,4087,train_4088.png,1.0,data/images/train/train_4088.png,True,True,False,
train,4088,train_4089.png,1.0,data/images/train/train_4089.png,True,True,False,
train,4089,train_4090.png,1.0,data/images/train/train_4090.png,True,True,False,
train,4090,train_4091.png,1.0,data/images/train/train_4091.png,True,True,False,
train,4091,train_4092.png,1.0,data/images/train/train_4092.png,True,True,False,
train,4092,train_4093.png,1.0,data/images/train/train_4093.png,True,True,False,
train,4093,train_4094.png,1.0,data/images/train/train_4094.png,True,True,False,
train,4094,train_4095.png,1.0,data/images/train/train_4095.png,True,True,False,
train,4095,train_4096.png,1.0,data/images/train/train_4096.png,True,True,False,
train,4096,train_4097.png,1.0,data/images/train/train_4097.png,True,True,False,
train,4097,train_4098.png,1.0,data/images/train/train_4098.png,True,True,False,
train,4098,train_4099.png,1.0,data/images/train/train_4099.png,True,True,False,
train,4099,train_4100.png,1.0,data/images/train/train_4100.png,True,True,False,
train,4100,train_4101.png,1.0,data/images/train/train_4101.png,True,True,False,
train,4101,train_4102.png,1.0,data/images/train/train_4102.png,True,True,False,
train,4102,train_4103.png,1.0,data/images/train/train_4103.png,True,True,False,
train,4103,train_4104.png,1.0,data/images/train/train_4104.png,True,True,False,
train,4104,train_4105.png,1.0,data/images/train/train_4105.png,True,True,False,
train,4105,train_4106.png,1.0,data/images/train/train_4106.png,True,True,False,
train,4106,train_4107.png,1.0,data/images/train/train_4107.png,True,True,False,
train,4107,train_4108.png,1.0,data/images/train/train_4108.png,True,True,False,
train,4108,train_4109.png,1.0,data/images/train/train_4109.png,True,True,False,
train,4109,train_4110.png,1.0,data/images/train/train_4110.png,True,True,False,
train,4110,train_4111.png,1.0,data/images/train/train_4111.png,True,True,False,
train,4111,train_4112.png,1.0,data/images/train/train_4112.png,True,True,False,
train,4112,train_4113.png,1.0,data/images/train/train_4113.png,True,True,False,
train,4113,train_4114.png,1.0,data/images/train/train_4114.png,True,True,False,
train,4114,train_4115.png,1.0,data/images/train/train_4115.png,True,True,False,
train,4115,train_4116.png,1.0,data/images/train/train_4116.png,True,True,False,
train,4116,train_4117.png,1.0,data/images/train/train_4117.png,True,True,False,
train,4117,train_4118.png,1.0,data/images/train/train_4118.png,True,True,False,
train,4118,train_4119.png,1.0,data/images/train/train_4119.png,True,True,False,
train,4119,train_4120.png,1.0,data/images/train/train_4120.png,True,True,False,
train,4120,train_4121.png,1.0,data/images/train/train_4121.png,True,True,False,
train,4121,train_4122.png,1.0,data/images/train/train_4122.png,True,True,False,
train,4122,train_4123.png,1.0,data/images/train/train_4123.png,True,True,False,
train,4123,train_4124.png,1.0,data/images/train/train_4124.png,True,True,False,
train,4124,train_4125.png,1.0,data/images/train/train_4125.png,True,True,False,
train,4125,train_4126.png,1.0,data/images/train/train_4126.png,True,True,False,
train,4126,train_4127.png,1.0,data/images/train/train_4127.png,True,True,False,
train,4127,train_4128.png,1.0,data/images/train/train_4128.png,True,True,False,
train,4128,train_4129.png,1.0,data/images/train/train_4129.png,True,True,False,
train,4129,train_4130.png,1.0,data/images/train/train_4130.png,True,True,False,
train,4130,train_4131.png,1.0,data/images/train/train_4131.png,True,True,False,
train,4131,train_4132.png,1.0,data/images/train/train_4132.png,True,True,False,
train,4132,train_4133.png,1.0,data/images/train/train_4133.png,True,True,False,
train,4133,train_4134.png,1.0,data/images/train/train_4134.png,True,True,False,
train,4134,train_4135.png,1.0,data/images/train/train_4135.png,True,True,False,
train,4135,train_4136.png,1.0,data/images/train/train_4136.png,True,True,False,
train,4136,train_4137.png,1.0,data/images/train/train_4137.png,True,True,False,
train,4137,train_4138.png,1.0,data/images/train/train_4138.png,True,True,False,
train,4138,train_4139.png,1.0,data/images/train/train_4139.png,True,True,False,
train,4139,train_4140.png,1.0,data/images/train/train_4140.png,True,True,False,
train,4140,train_4141.png,1.0,data/images/train/train_4141.png,True,True,False,
train,4141,train_4142.png,1.0,data/images/train/train_4142.png,True,True,False,
train,4142,train_4143.png,1.0,data/images/train/train_4143.png,True,True,False,
train,4143,train_4144.png,1.0,data/images/train/train_4144.png,True,True,False,
train,4144,train_4145.png,1.0,data/images/train/train_4145.png,True,True,False,
train,4145,train_4146.png,1.0,data/images/train/train_4146.png,True,True,False,
train,4146,train_4147.png,1.0,data/images/train/train_4147.png,True,True,False,
train,4147,train_4148.png,1.0,data/images/train/train_4148.png,True,True,False,
train,4148,train_4149.png,1.0,data/images/train/train_4149.png,True,True,False,
train,4149,train_4150.png,1.0,data/images/train/train_4150.png,True,True,False,
train,4150,train_4151.png,1.0,data/images/train/train_4151.png,True,True,False,
train,4151,train_4152.png,1.0,data/images/train/train_4152.png,True,True,False,
train,4152,train_4153.png,1.0,data/images/train/train_4153.png,True,True,False,
train,4153,train_4154.png,1.0,data/images/train/train_4154.png,True,True,False,
train,4154,train_4155.png,1.0,data/images/train/train_4155.png,True,True,False,
train,4155,train_4156.png,1.0,data/images/train/train_4156.png,True,True,False,
train,4156,train_4157.png,1.0,data/images/train/train_4157.png,True,True,False,
train,4157,train_4158.png,1.0,data/images/train/train_4158.png,True,True,False,
train,4158,train_4159.png,1.0,data/images/train/train_4159.png,True,True,False,
train,4159,train_4160.png,1.0,data/images/train/train_4160.png,True,True,False,
train,4160,train_4161.png,1.0,data/images/train/train_4161.png,True,True,False,
train,4161,train_4162.png,1.0,data/images/train/train_4162.png,True,True,False,
train,4162,train_4163.png,1.0,data/images/train/train_4163.png,True,True,False,
train,4163,train_4164.png,1.0,data/images/train/train_4164.png,True,True,False,
train,4164,train_4165.png,1.0,data/images/train/train_4165.png,True,True,False,
train,4165,train_4166.png,1.0,data/images/train/train_4166.png,True,True,False,
train,4166,train_4167.png,1.0,data/images/train/train_4167.png,True,True,False,
train,4167,train_4168.png,1.0,data/images/train/train_4168.png,True,True,False,
train,4168,train_4169.png,1.0,data/images/train/train_4169.png,True,True,False,
train,4169,train_4170.png,1.0,data/images/train/train_4170.png,True,True,False,
train,4170,train_4171.png,1.0,data/images/train/train_4171.png,True,True,False,
train,4171,train_4172.png,1.0,data/images/train/train_4172.png,True,True,False,
train,4172,train_4173.png,1.0,data/images/train/train_4173.png,True,True,False,
train,4173,train_4174.png,1.0,data/images/train/train_4174.png,True,True,False,
train,4174,train_4175.png,1.0,data/images/train/train_4175.png,True,True,False,
train,4175,train_4176.png,1.0,data/images/train/train_4176.png,True,True,False,
train,4176,train_4177.png,1.0,data/images/train/train_4177.png,True,True,False,
train,4177,train_4178.png,1.0,data/images/train/train_4178.png,True,True,False,
train,4178,train_4179.png,1.0,data/images/train/train_4179.png,True,True,False,
train,4179,train_4180.png,1.0,data/images/train/train_4180.png,True,True,False,
train,4180,train_4181.png,1.0,data/images/train/train_4181.png,True,True,False,
train,4181,train_4182.png,1.0,data/images/train/train_4182.png,True,True,False,
train,4182,train_4183.png,1.0,data/images/train/train_4183.png,True,True,False,
train,4183,train_4184.png,1.0,data/images/train/train_4184.png,True,True,False,
train,4184,train_4185.png,1.0,data/images/train/train_4185.png,True,True,False,
train,4185,train_4186.png,1.0,data/images/train/train_4186.png,True,True,False,
train,4186,train_4187.png,1.0,data/images/train/train_4187.png,True,True,False,
train,4187,train_4188.png,1.0,data/images/train/train_4188.png,True,True,False,
train,4188,train_4189.png,1.0,data/images/train/train_4189.png,True,True,False,
train,4189,train_4190.png,1.0,data/images/train/train_4190.png,True,True,False,
train,4190,train_4191.png,1.0,data/images/train/train_4191.png,True,True,False,
train,4191,train_4192.png,1.0,data/images/train/train_4192.png,True,True,False,
train,4192,train_4193.png,1.0,data/images/train/train_4193.png,True,True,False,
train,4193,train_4194.png,1.0,data/images/train/train_4194.png,True,True,False,
train,4194,train_4195.png,1.0,data/images/train/train_4195.png,True,True,False,
train,4195,train_4196.png,1.0,data/images/train/train_4196.png,True,True,False,
train,4196,train_4197.png,1.0,data/images/train/train_4197.png,True,True,False,
train,4197,train_4198.png,1.0,data/images/train/train_4198.png,True,True,False,
train,4198,train_4199.png,1.0,data/images/train/train_4199.png,True,True,False,
train,4199,train_4200.png,1.0,data/images/train/train_4200.png,True,True,False,
train,4200,train_4201.png,1.0,data/images/train/train_4201.png,True,True,False,
train,4201,train_4202.png,1.0,data/images/train/train_4202.png,True,True,False,
train,4202,train_4203.png,1.0,data/images/train/train_4203.png,True,True,False,
train,4203,train_4204.png,1.0,data/images/train/train_4204.png,True,True,False,
train,4204,train_4205.png,1.0,data/images/train/train_4205.png,True,True,False,
train,4205,train_4206.png,1.0,data/images/train/train_4206.png,True,True,False,
train,4206,train_4207.png,1.0,data/images/train/train_4207.png,True,True,False,
train,4207,train_4208.png,1.0,data/images/train/train_4208.png,True,True,False,
train,4208,train_4209.png,1.0,data/images/train/train_4209.png,True,True,False,
train,4209,train_4210.png,1.0,data/images/train/train_4210.png,True,True,False,
train,4210,train_4211.png,1.0,data/images/train/train_4211.png,True,True,False,
train,4211,train_4212.png,1.0,data/images/train/train_4212.png,True,True,False,
train,4212,train_4213.png,1.0,data/images/train/train_4213.png,True,True,False,
train,4213,train_4214.png,1.0,data/images/train/train_4214.png,True,True,False,
train,4214,train_4215.png,1.0,data/images/train/train_4215.png,True,True,False,
train,4215,train_4216.png,1.0,data/images/train/train_4216.png,True,True,False,
train,4216,train_4217.png,1.0,data/images/train/train_4217.png,True,True,False,
train,4217,train_4218.png,1.0,data/images/train/train_4218.png,True,True,False,
train,4218,train_4219.png,1.0,data/images/train/train_4219.png,True,True,False,
train,4219,train_4220.png,1.0,data/images/train/train_4220.png,True,True,False,
train,4220,train_4221.png,1.0,data/images/train/train_4221.png,True,True,False,
train,4221,train_4222.png,1.0,data/images/train/train_4222.png,True,True,False,
train,4222,train_4223.png,1.0,data/images/train/train_4223.png,True,True,False,
train,4223,train_4224.png,1.0,data/images/train/train_4224.png,True,True,False,
train,4224,train_4225.png,1.0,data/images/train/train_4225.png,True,True,False,
train,4225,train_4226.png,1.0,data/images/train/train_4226.png,True,True,False,
train,4226,train_4227.png,1.0,data/images/train/train_4227.png,True,True,False,
train,4227,train_4228.png,1.0,data/images/train/train_4228.png,True,True,False,
train,4228,train_4229.png,1.0,data/images/train/train_4229.png,True,True,False,
train,4229,train_4230.png,1.0,data/images/train/train_4230.png,True,True,False,
train,4230,train_4231.png,1.0,data/images/train/train_4231.png,True,True,False,
train,4231,train_4232.png,1.0,data/images/train/train_4232.png,True,True,False,
train,4232,train_4233.png,1.0,data/images/train/train_4233.png,True,True,False,
train,4233,train_4234.png,1.0,data/images/train/train_4234.png,True,True,False,
train,4234,train_4235.png,1.0,data/images/train/train_4235.png,True,True,False,
train,4235,train_4236.png,1.0,data/images/train/train_4236.png,True,True,False,
train,4236,train_4237.png,1.0,data/images/train/train_4237.png,True,True,False,
train,4237,train_4238.png,1.0,data/images/train/train_4238.png,True,True,False,
train,4238,train_4239.png,1.0,data/images/train/train_4239.png,True,True,False,
train,4239,train_4240.png,1.0,data/images/train/train_4240.png,True,True,False,
train,4240,train_4241.png,1.0,data/images/train/train_4241.png,True,True,False,
train,4241,train_4242.png,1.0,data/images/train/train_4242.png,True,True,False,
train,4242,train_4243.png,1.0,data/images/train/train_4243.png,True,True,False,
train,4243,train_4244.png,1.0,data/images/train/train_4244.png,True,True,False,
train,4244,train_4245.png,1.0,data/images/train/train_4245.png,True,True,False,
train,4245,train_4246.png,1.0,data/images/train/train_4246.png,True,True,False,
train,4246,train_4247.png,1.0,data/images/train/train_4247.png,True,True,False,
train,4247,train_4248.png,1.0,data/images/train/train_4248.png,True,True,False,
train,4248,train_4249.png,1.0,data/images/train/train_4249.png,True,True,False,
train,4249,train_4250.png,1.0,data/images/train/train_4250.png,True,True,False,
train,4250,train_4251.png,1.0,data/images/train/train_4251.png,True,True,False,
train,4251,train_4252.png,1.0,data/images/train/train_4252.png,True,True,False,
train,4252,train_4253.png,1.0,data/images/train/train_4253.png,True,True,False,
train,4253,train_4254.png,1.0,data/images/train/train_4254.png,True,True,False,
train,4254,train_4255.png,1.0,data/images/train/train_4255.png,True,True,False,
train,4255,train_4256.png,1.0,data/images/train/train_4256.png,True,True,False,
train,4256,train_4257.png,1.0,data/images/train/train_4257.png,True,True,False,
train,4257,train_4258.png,1.0,data/images/train/train_4258.png,True,True,False,
train,4258,train_4259.png,1.0,data/images/train/train_4259.png,True,True,False,
train,4259,train_4260.png,1.0,data/images/train/train_4260.png,True,True,False,
train,4260,train_4261.png,1.0,data/images/train/train_4261.png,True,True,False,
train,4261,train_4262.png,1.0,data/images/train/train_4262.png,True,True,False,
train,4262,train_4263.png,1.0,data/images/train/train_4263.png,True,True,False,
train,4263,train_4264.png,1.0,data/images/train/train_4264.png,True,True,False,
train,4264,train_4265.png,1.0,data/images/train/train_4265.png,True,True,False,
train,4265,train_4266.png,1.0,data/images/train/train_4266.png,True,True,False,
train,4266,train_4267.png,1.0,data/images/train/train_4267.png,True,True,False,
train,4267,train_4268.png,1.0,data/images/train/train_4268.png,True,True,False,
train,4268,train_4269.png,1.0,data/images/train/train_4269.png,True,True,False,
train,4269,train_4270.png,1.0,data/images/train/train_4270.png,True,True,False,
train,4270,train_4271.png,1.0,data/images/train/train_4271.png,True,True,False,
train,4271,train_4272.png,1.0,data/images/train/train_4272.png,True,True,False,
train,4272,train_4273.png,1.0,data/images/train/train_4273.png,True,True,False,
train,4273,train_4274.png,1.0,data/images/train/train_4274.png,True,True,False,
train,4274,train_4275.png,1.0,data/images/train/train_4275.png,True,True,False,
train,4275,train_4276.png,1.0,data/images/train/train_4276.png,True,True,False,
train,4276,train_4277.png,1.0,data/images/train/train_4277.png,True,True,False,
train,4277,train_4278.png,1.0,data/images/train/train_4278.png,True,True,False,
train,4278,train_4279.png,1.0,data/images/train/train_4279.png,True,True,False,
train,4279,train_4280.png,1.0,data/images/train/train_4280.png,True,True,False,
train,4280,train_4281.png,1.0,data/images/train/train_4281.png,True,True,False,
train,4281,train_4282.png,1.0,data/images/train/train_4282.png,True,True,False,
train,4282,train_4283.png,1.0,data/images/train/train_4283.png,True,True,False,
train,4283,train_4284.png,1.0,data/images/train/train_4284.png,True,True,False,
train,4284,train_4285.png,1.0,data/images/train/train_4285.png,True,True,False,
train,4285,train_4286.png,1.0,data/images/train/train_4286.png,True,True,False,
train,4286,train_4287.png,1.0,data/images/train/train_4287.png,True,True,False,
train,4287,train_4288.png,1.0,data/images/train/train_4288.png,True,True,False,
train,4288,train_4289.png,1.0,data/images/train/train_4289.png,True,True,False,
train,4289,train_4290.png,1.0,data/images/train/train_4290.png,True,True,False,
train,4290,train_4291.png,1.0,data/images/train/train_4291.png,True,True,False,
train,4291,train_4292.png,1.0,data/images/train/train_4292.png,True,True,False,
train,4292,train_4293.png,1.0,data/images/train/train_4293.png,True,True,False,
train,4293,train_4294.png,1.0,data/images/train/train_4294.png,True,True,False,
train,4294,train_4295.png,1.0,data/images/train/train_4295.png,True,True,False,
train,4295,train_4296.png,1.0,data/images/train/train_4296.png,True,True,False,
train,4296,train_4297.png,1.0,data/images/train/train_4297.png,True,True,False,
train,4297,train_4298.png,1.0,data/images/train/train_4298.png,True,True,False,
train,4298,train_4299.png,1.0,data/images/train/train_4299.png,True,True,False,
train,4299,train_4300.png,1.0,data/images/train/train_4300.png,True,True,False,
train,4300,train_4301.png,1.0,data/images/train/train_4301.png,True,True,False,
train,4301,train_4302.png,1.0,data/images/train/train_4302.png,True,True,False,
train,4302,train_4303.png,1.0,data/images/train/train_4303.png,True,True,False,
train,4303,train_4304.png,1.0,data/images/train/train_4304.png,True,True,False,
train,4304,train_4305.png,1.0,data/images/train/train_4305.png,True,True,False,
train,4305,train_4306.png,1.0,data/images/train/train_4306.png,True,True,False,
train,4306,train_4307.png,1.0,data/images/train/train_4307.png,True,True,False,
train,4307,train_4308.png,1.0,data/images/train/train_4308.png,True,True,False,
train,4308,train_4309.png,1.0,data/images/train/train_4309.png,True,True,False,
train,4309,train_4310.png,1.0,data/images/train/train_4310.png,True,True,False,
train,4310,train_4311.png,1.0,data/images/train/train_4311.png,True,True,False,
train,4311,train_4312.png,1.0,data/images/train/train_4312.png,True,True,False,
train,4312,train_4313.png,1.0,data/images/train/train_4313.png,True,True,False,
train,4313,train_4314.png,1.0,data/images/train/train_4314.png,True,True,False,
train,4314,train_4315.png,1.0,data/images/train/train_4315.png,True,True,False,
train,4315,train_4316.png,1.0,data/images/train/train_4316.png,True,True,False,
train,4316,train_4317.png,1.0,data/images/train/train_4317.png,True,True,False,
train,4317,train_4318.png,1.0,data/images/train/train_4318.png,True,True,False,
train,4318,train_4319.png,1.0,data/images/train/train_4319.png,True,True,False,
train,4319,train_4320.png,1.0,data/images/train/train_4320.png,True,True,False,
train,4320,train_4321.png,1.0,data/images/train/train_4321.png,True,True,False,
train,4321,train_4322.png,1.0,data/images/train/train_4322.png,True,True,False,
train,4322,train_4323.png,1.0,data/images/train/train_4323.png,True,True,False,
train,4323,train_4324.png,1.0,data/images/train/train_4324.png,True,True,False,
train,4324,train_4325.png,1.0,data/images/train/train_4325.png,True,True,False,
train,4325,train_4326.png,1.0,data/images/train/train_4326.png,True,True,False,
train,4326,train_4327.png,1.0,data/images/train/train_4327.png,True,True,False,
train,4327,train_4328.png,1.0,data/images/train/train_4328.png,True,True,False,
train,4328,train_4329.png,1.0,data/images/train/train_4329.png,True,True,False,
train,4329,train_4330.png,1.0,data/images/train/train_4330.png,True,True,False,
train,4330,train_4331.png,1.0,data/images/train/train_4331.png,True,True,False,
train,4331,train_4332.png,1.0,data/images/train/train_4332.png,True,True,False,
train,4332,train_4333.png,1.0,data/images/train/train_4333.png,True,True,False,
train,4333,train_4334.png,1.0,data/images/train/train_4334.png,True,True,False,
train,4334,train_4335.png,1.0,data/images/train/train_4335.png,True,True,False,
train,4335,train_4336.png,1.0,data/images/train/train_4336.png,True,True,False,
train,4336,train_4337.png,1.0,data/images/train/train_4337.png,True,True,False,
train,4337,train_4338.png,1.0,data/images/train/train_4338.png,True,True,False,
train,4338,train_4339.png,1.0,data/images/train/train_4339.png,True,True,False,
train,4339,train_4340.png,1.0,data/images/train/train_4340.png,True,True,False,
train,4340,train_4341.png,1.0,data/images/train/train_4341.png,True,True,False,
train,4341,train_4342.png,1.0,data/images/train/train_4342.png,True,True,False,
train,4342,train_4343.png,1.0,data/images/train/train_4343.png,True,True,False,
train,4343,train_4344.png,1.0,data/images/train/train_4344.png,True,True,False,
train,4344,train_4345.png,1.0,data/images/train/train_4345.png,True,True,False,
train,4345,train_4346.png,1.0,data/images/train/train_4346.png,True,True,False,
train,4346,train_4347.png,1.0,data/images/train/train_4347.png,True,True,False,
train,4347,train_4348.png,1.0,data/images/train/train_4348.png,True,True,False,
train,4348,train_4349.png,1.0,data/images/train/train_4349.png,True,True,False,
train,4349,train_4350.png,1.0,data/images/train/train_4350.png,True,True,False,
train,4350,train_4351.png,1.0,data/images/train/train_4351.png,True,True,False,
train,4351,train_4352.png,1.0,data/images/train/train_4352.png,True,True,False,
train,4352,train_4353.png,1.0,data/images/train/train_4353.png,True,True,False,
train,4353,train_4354.png,1.0,data/images/train/train_4354.png,True,True,False,
train,4354,train_4355.png,1.0,data/images/train/train_4355.png,True,True,False,
train,4355,train_4356.png,1.0,data/images/train/train_4356.png,True,True,False,
train,4356,train_4357.png,1.0,data/images/train/train_4357.png,True,True,False,
train,4357,train_4358.png,1.0,data/images/train/train_4358.png,True,True,False,
train,4358,train_4359.png,1.0,data/images/train/train_4359.png,True,True,False,
train,4359,train_4360.png,1.0,data/images/train/train_4360.png,True,True,False,
train,4360,train_4361.png,1.0,data/images/train/train_4361.png,True,True,False,
train,4361,train_4362.png,1.0,data/images/train/train_4362.png,True,True,False,
train,4362,train_4363.png,1.0,data/images/train/train_4363.png,True,True,False,
train,4363,train_4364.png,1.0,data/images/train/train_4364.png,True,True,False,
train,4364,train_4365.png,1.0,data/images/train/train_4365.png,True,True,False,
train,4365,train_4366.png,1.0,data/images/train/train_4366.png,True,True,False,
train,4366,train_4367.png,1.0,data/images/train/train_4367.png,True,True,False,
train,4367,train_4368.png,1.0,data/images/train/train_4368.png,True,True,False,
train,4368,train_4369.png,1.0,data/images/train/train_4369.png,True,True,False,
train,4369,train_4370.png,1.0,data/images/train/train_4370.png,True,True,False,
train,4370,train_4371.png,1.0,data/images/train/train_4371.png,True,True,False,
train,4371,train_4372.png,1.0,data/images/train/train_4372.png,True,True,False,
train,4372,train_4373.png,1.0,data/images/train/train_4373.png,True,True,False,
train,4373,train_4374.png,1.0,data/images/train/train_4374.png,True,True,False,
train,4374,train_4375.png,1.0,data/images/train/train_4375.png,True,True,False,
train,4375,train_4376.png,1.0,data/images/train/train_4376.png,True,True,False,
train,4376,train_4377.png,1.0,data/images/train/train_4377.png,True,True,False,
train,4377,train_4378.png,1.0,data/images/train/train_4378.png,True,True,False,
train,4378,train_4379.png,1.0,data/images/train/train_4379.png,True,True,False,
train,4379,train_4380.png,1.0,data/images/train/train_4380.png,True,True,False,
train,4380,train_4381.png,1.0,data/images/train/train_4381.png,True,True,False,
train,4381,train_4382.png,1.0,data/images/train/train_4382.png,True,True,False,
train,4382,train_4383.png,1.0,data/images/train/train_4383.png,True,True,False,
train,4383,train_4384.png,1.0,data/images/train/train_4384.png,True,True,False,
train,4384,train_4385.png,1.0,data/images/train/train_4385.png,True,True,False,
train,4385,train_4386.png,1.0,data/images/train/train_4386.png,True,True,False,
train,4386,train_4387.png,1.0,data/images/train/train_4387.png,True,True,False,
train,4387,train_4388.png,1.0,data/images/train/train_4388.png,True,True,False,
train,4388,train_4389.png,1.0,data/images/train/train_4389.png,True,True,False,
train,4389,train_4390.png,1.0,data/images/train/train_4390.png,True,True,False,
train,4390,train_4391.png,1.0,data/images/train/train_4391.png,True,True,False,
train,4391,train_4392.png,1.0,data/images/train/train_4392.png,True,True,False,
train,4392,train_4393.png,1.0,data/images/train/train_4393.png,True,True,False,
train,4393,train_4394.png,1.0,data/images/train/train_4394.png,True,True,False,
train,4394,train_4395.png,1.0,data/images/train/train_4395.png,True,True,False,
train,4395,train_4396.png,1.0,data/images/train/train_4396.png,True,True,False,
train,4396,train_4397.png,1.0,data/images/train/train_4397.png,True,True,False,
train,4397,train_4398.png,1.0,data/images/train/train_4398.png,True,True,False,
train,4398,train_4399.png,1.0,data/images/train/train_4399.png,True,True,False,
train,4399,train_4400.png,1.0,data/images/train/train_4400.png,True,True,False,
train,4400,train_4401.png,1.0,data/images/train/train_4401.png,True,True,False,
train,4401,train_4402.png,1.0,data/images/train/train_4402.png,True,True,False,
train,4402,train_4403.png,1.0,data/images/train/train_4403.png,True,True,False,
train,4403,train_4404.png,1.0,data/images/train/train_4404.png,True,True,False,
train,4404,train_4405.png,1.0,data/images/train/train_4405.png,True,True,False,
train,4405,train_4406.png,1.0,data/images/train/train_4406.png,True,True,False,
train,4406,train_4407.png,1.0,data/images/train/train_4407.png,True,True,False,
train,4407,train_4408.png,1.0,data/images/train/train_4408.png,True,True,False,
train,4408,train_4409.png,1.0,data/images/train/train_4409.png,True,True,False,
train,4409,train_4410.png,1.0,data/images/train/train_4410.png,True,True,False,
train,4410,train_4411.png,1.0,data/images/train/train_4411.png,True,True,False,
train,4411,train_4412.png,1.0,data/images/train/train_4412.png,True,True,False,
train,4412,train_4413.png,1.0,data/images/train/train_4413.png,True,True,False,
train,4413,train_4414.png,1.0,data/images/train/train_4414.png,True,True,False,
train,4414,train_4415.png,1.0,data/images/train/train_4415.png,True,True,False,
train,4415,train_4416.png,1.0,data/images/train/train_4416.png,True,True,False,
train,4416,train_4417.png,1.0,data/images/train/train_4417.png,True,True,False,
train,4417,train_4418.png,1.0,data/images/train/train_4418.png,True,True,False,
train,4418,train_4419.png,1.0,data/images/train/train_4419.png,True,True,False,
train,4419,train_4420.png,1.0,data/images/train/train_4420.png,True,True,False,
train,4420,train_4421.png,1.0,data/images/train/train_4421.png,True,True,False,
train,4421,train_4422.png,1.0,data/images/train/train_4422.png,True,True,False,
train,4422,train_4423.png,1.0,data/images/train/train_4423.png,True,True,False,
train,4423,train_4424.png,1.0,data/images/train/train_4424.png,True,True,False,
train,4424,train_4425.png,1.0,data/images/train/train_4425.png,True,True,False,
train,4425,train_4426.png,1.0,data/images/train/train_4426.png,True,True,False,
train,4426,train_4427.png,1.0,data/images/train/train_4427.png,True,True,False,
train,4427,train_4428.png,1.0,data/images/train/train_4428.png,True,True,False,
train,4428,train_4429.png,1.0,data/images/train/train_4429.png,True,True,False,
train,4429,train_4430.png,1.0,data/images/train/train_4430.png,True,True,False,
train,4430,train_4431.png,1.0,data/images/train/train_4431.png,True,True,False,
train,4431,train_4432.png,1.0,data/images/train/train_4432.png,True,True,False,
train,4432,train_4433.png,1.0,data/images/train/train_4433.png,True,True,False,
train,4433,train_4434.png,1.0,data/images/train/train_4434.png,True,True,False,
train,4434,train_4435.png,1.0,data/images/train/train_4435.png,True,True,False,
train,4435,train_4436.png,1.0,data/images/train/train_4436.png,True,True,False,
train,4436,train_4437.png,1.0,data/images/train/train_4437.png,True,True,False,
train,4437,train_4438.png,1.0,data/images/train/train_4438.png,True,True,False,
train,4438,train_4439.png,1.0,data/images/train/train_4439.png,True,True,False,
train,4439,train_4440.png,1.0,data/images/train/train_4440.png,True,True,False,
train,4440,train_4441.png,1.0,data/images/train/train_4441.png,True,True,False,
train,4441,train_4442.png,1.0,data/images/train/train_4442.png,True,True,False,
train,4442,train_4443.png,1.0,data/images/train/train_4443.png,True,True,False,
train,4443,train_4444.png,1.0,data/images/train/train_4444.png,True,True,False,
train,4444,train_4445.png,1.0,data/images/train/train_4445.png,True,True,False,
train,4445,train_4446.png,1.0,data/images/train/train_4446.png,True,True,False,
train,4446,train_4447.png,1.0,data/images/train/train_4447.png,True,True,False,
train,4447,train_4448.png,1.0,data/images/train/train_4448.png,True,True,False,
train,4448,train_4449.png,1.0,data/images/train/train_4449.png,True,True,False,
train,4449,train_4450.png,1.0,data/images/train/train_4450.png,True,True,False,
train,4450,train_4451.png,1.0,data/images/train/train_4451.png,True,True,False,
train,4451,train_4452.png,1.0,data/images/train/train_4452.png,True,True,False,
train,4452,train_4453.png,1.0,data/images/train/train_4453.png,True,True,False,
train,4453,train_4454.png,1.0,data/images/train/train_4454.png,True,True,False,
train,4454,train_4455.png,1.0,data/images/train/train_4455.png,True,True,False,
train,4455,train_4456.png,1.0,data/images/train/train_4456.png,True,True,False,
train,4456,train_4457.png,1.0,data/images/train/train_4457.png,True,True,False,
train,4457,train_4458.png,1.0,data/images/train/train_4458.png,True,True,False,
train,4458,train_4459.png,1.0,data/images/train/train_4459.png,True,True,False,
train,4459,train_4460.png,1.0,data/images/train/train_4460.png,True,True,False,
train,4460,train_4461.png,1.0,data/images/train/train_4461.png,True,True,False,
train,4461,train_4462.png,1.0,data/images/train/train_4462.png,True,True,False,
train,4462,train_4463.png,1.0,data/images/train/train_4463.png,True,True,False,
train,4463,train_4464.png,1.0,data/images/train/train_4464.png,True,True,False,
train,4464,train_4465.png,1.0,data/images/train/train_4465.png,True,True,False,
train,4465,train_4466.png,1.0,data/images/train/train_4466.png,True,True,False,
train,4466,train_4467.png,1.0,data/images/train/train_4467.png,True,True,False,
train,4467,train_4468.png,1.0,data/images/train/train_4468.png,True,True,False,
train,4468,train_4469.png,1.0,data/images/train/train_4469.png,True,True,False,
train,4469,train_4470.png,1.0,data/images/train/train_4470.png,True,True,False,
train,4470,train_4471.png,1.0,data/images/train/train_4471.png,True,True,False,
train,4471,train_4472.png,1.0,data/images/train/train_4472.png,True,True,False,
train,4472,train_4473.png,1.0,data/images/train/train_4473.png,True,True,False,
train,4473,train_4474.png,1.0,data/images/train/train_4474.png,True,True,False,
train,4474,train_4475.png,1.0,data/images/train/train_4475.png,True,True,False,
train,4475,train_4476.png,1.0,data/images/train/train_4476.png,True,True,False,
train,4476,train_4477.png,1.0,data/images/train/train_4477.png,True,True,False,
train,4477,train_4478.png,1.0,data/images/train/train_4478.png,True,True,False,
train,4478,train_4479.png,1.0,data/images/train/train_4479.png,True,True,False,
train,4479,train_4480.png,1.0,data/images/train/train_4480.png,True,True,False,
train,4480,train_4481.png,1.0,data/images/train/train_4481.png,True,True,False,
train,4481,train_4482.png,1.0,data/images/train/train_4482.png,True,True,False,
train,4482,train_4483.png,1.0,data/images/train/train_4483.png,True,True,False,
train,4483,train_4484.png,1.0,data/images/train/train_4484.png,True,True,False,
train,4484,train_4485.png,1.0,data/images/train/train_4485.png,True,True,False,
train,4485,train_4486.png,1.0,data/images/train/train_4486.png,True,True,False,
train,4486,train_4487.png,1.0,data/images/train/train_4487.png,True,True,False,
train,4487,train_4488.png,1.0,data/images/train/train_4488.png,True,True,False,
train,4488,train_4489.png,1.0,data/images/train/train_4489.png,True,True,False,
train,4489,train_4490.png,1.0,data/images/train/train_4490.png,True,True,False,
train,4490,train_4491.png,1.0,data/images/train/train_4491.png,True,True,False,
train,4491,train_4492.png,1.0,data/images/train/train_4492.png,True,True,False,
train,4492,train_4493.png,1.0,data/images/train/train_4493.png,True,True,False,
train,4493,train_4494.png,1.0,data/images/train/train_4494.png,True,True,False,
train,4494,train_4495.png,1.0,data/images/train/train_4495.png,True,True,False,
train,4495,train_4496.png,1.0,data/images/train/train_4496.png,True,True,False,
train,4496,train_4497.png,1.0,data/images/train/train_4497.png,True,True,False,
train,4497,train_4498.png,1.0,data/images/train/train_4498.png,True,True,False,
train,4498,train_4499.png,1.0,data/images/train/train_4499.png,True,True,False,
train,4499,train_4500.png,1.0,data/images/train/train_4500.png,True,True,False,
train,4500,train_4501.png,1.0,data/images/train/train_4501.png,True,True,False,
train,4501,train_4502.png,1.0,data/images/train/train_4502.png,True,True,False,
train,4502,train_4503.png,1.0,data/images/train/train_4503.png,True,True,False,
train,4503,train_4504.png,1.0,data/images/train/train_4504.png,True,True,False,
train,4504,train_4505.png,1.0,data/images/train/train_4505.png,True,True,False,
train,4505,train_4506.png,1.0,data/images/train/train_4506.png,True,True,False,
train,4506,train_4507.png,1.0,data/images/train/train_4507.png,True,True,False,
train,4507,train_4508.png,1.0,data/images/train/train_4508.png,True,True,False,
train,4508,train_4509.png,1.0,data/images/train/train_4509.png,True,True,False,
train,4509,train_4510.png,1.0,data/images/train/train_4510.png,True,True,False,
train,4510,train_4511.png,1.0,data/images/train/train_4511.png,True,True,False,
train,4511,train_4512.png,1.0,data/images/train/train_4512.png,True,True,False,
train,4512,train_4513.png,1.0,data/images/train/train_4513.png,True,True,False,
train,4513,train_4514.png,1.0,data/images/train/train_4514.png,True,True,False,
train,4514,train_4515.png,1.0,data/images/train/train_4515.png,True,True,False,
train,4515,train_4516.png,1.0,data/images/train/train_4516.png,True,True,False,
train,4516,train_4517.png,1.0,data/images/train/train_4517.png,True,True,False,
train,4517,train_4518.png,1.0,data/images/train/train_4518.png,True,True,False,
train,4518,train_4519.png,1.0,data/images/train/train_4519.png,True,True,False,
train,4519,train_4520.png,1.0,data/images/train/train_4520.png,True,True,False,
train,4520,train_4521.png,1.0,data/images/train/train_4521.png,True,True,False,
train,4521,train_4522.png,1.0,data/images/train/train_4522.png,True,True,False,
train,4522,train_4523.png,1.0,data/images/train/train_4523.png,True,True,False,
train,4523,train_4524.png,1.0,data/images/train/train_4524.png,True,True,False,
train,4524,train_4525.png,1.0,data/images/train/train_4525.png,True,True,False,
train,4525,train_4526.png,1.0,data/images/train/train_4526.png,True,True,False,
train,4526,train_4527.png,1.0,data/images/train/train_4527.png,True,True,False,
train,4527,train_4528.png,1.0,data/images/train/train_4528.png,True,True,False,
train,4528,train_4529.png,1.0,data/images/train/train_4529.png,True,True,False,
train,4529,train_4530.png,1.0,data/images/train/train_4530.png,True,True,False,
train,4530,train_4531.png,1.0,data/images/train/train_4531.png,True,True,False,
train,4531,train_4532.png,1.0,data/images/train/train_4532.png,True,True,False,
train,4532,train_4533.png,1.0,data/images/train/train_4533.png,True,True,False,
train,4533,train_4534.png,1.0,data/images/train/train_4534.png,True,True,False,
train,4534,train_4535.png,1.0,data/images/train/train_4535.png,True,True,False,
train,4535,train_4536.png,1.0,data/images/train/train_4536.png,True,True,False,
train,4536,train_4537.png,1.0,data/images/train/train_4537.png,True,True,False,
train,4537,train_4538.png,1.0,data/images/train/train_4538.png,True,True,False,
train,4538,train_4539.png,1.0,data/images/train/train_4539.png,True,True,False,
train,4539,train_4540.png,1.0,data/images/train/train_4540.png,True,True,False,
train,4540,train_4541.png,1.0,data/images/train/train_4541.png,True,True,False,
train,4541,train_4542.png,1.0,data/images/train/train_4542.png,True,True,False,
train,4542,train_4543.png,1.0,data/images/train/train_4543.png,True,True,False,
train,4543,train_4544.png,1.0,data/images/train/train_4544.png,True,True,False,
train,4544,train_4545.png,1.0,data/images/train/train_4545.png,True,True,False,
train,4545,train_4546.png,1.0,data/images/train/train_4546.png,True,True,False,
train,4546,train_4547.png,1.0,data/images/train/train_4547.png,True,True,False,
train,4547,train_4548.png,1.0,data/images/train/train_4548.png,True,True,False,
train,4548,train_4549.png,1.0,data/images/train/train_4549.png,True,True,False,
train,4549,train_4550.png,1.0,data/images/train/train_4550.png,True,True,False,
train,4550,train_4551.png,1.0,data/images/train/train_4551.png,True,True,False,
train,4551,train_4552.png,1.0,data/images/train/train_4552.png,True,True,False,
train,4552,train_4553.png,1.0,data/images/train/train_4553.png,True,True,False,
train,4553,train_4554.png,1.0,data/images/train/train_4554.png,True,True,False,
train,4554,train_4555.png,1.0,data/images/train/train_4555.png,True,True,False,
train,4555,train_4556.png,1.0,data/images/train/train_4556.png,True,True,False,
train,4556,train_4557.png,1.0,data/images/train/train_4557.png,True,True,False,
train,4557,train_4558.png,1.0,data/images/train/train_4558.png,True,True,False,
train,4558,train_4559.png,1.0,data/images/train/train_4559.png,True,True,False,
train,4559,train_4560.png,1.0,data/images/train/train_4560.png,True,True,False,
train,4560,train_4561.png,1.0,data/images/train/train_4561.png,True,True,False,
train,4561,train_4562.png,1.0,data/images/train/train_4562.png,True,True,False,
train,4562,train_4563.png,1.0,data/images/train/train_4563.png,True,True,False,
train,4563,train_4564.png,1.0,data/images/train/train_4564.png,True,True,False,
train,4564,train_4565.png,1.0,data/images/train/train_4565.png,True,True,False,
train,4565,train_4566.png,1.0,data/images/train/train_4566.png,True,True,False,
train,4566,train_4567.png,1.0,data/images/train/train_4567.png,True,True,False,
train,4567,train_4568.png,1.0,data/images/train/train_4568.png,True,True,False,
train,4568,train_4569.png,1.0,data/images/train/train_4569.png,True,True,False,
train,4569,train_4570.png,1.0,data/images/train/train_4570.png,True,True,False,
train,4570,train_4571.png,1.0,data/images/train/train_4571.png,True,True,False,
train,4571,train_4572.png,1.0,data/images/train/train_4572.png,True,True,False,
train,4572,train_4573.png,1.0,data/images/train/train_4573.png,True,True,False,
train,4573,train_4574.png,1.0,data/images/train/train_4574.png,True,True,False,
train,4574,train_4575.png,1.0,data/images/train/train_4575.png,True,True,False,
train,4575,train_4576.png,1.0,data/images/train/train_4576.png,True,True,False,
train,4576,train_4577.png,1.0,data/images/train/train_4577.png,True,True,False,
train,4577,train_4578.png,1.0,data/images/train/train_4578.png,True,True,False,
train,4578,train_4579.png,1.0,data/images/train/train_4579.png,True,True,False,
train,4579,train_4580.png,1.0,data/images/train/train_4580.png,True,True,False,
train,4580,train_4581.png,1.0,data/images/train/train_4581.png,True,True,False,
train,4581,train_4582.png,1.0,data/images/train/train_4582.png,True,True,False,
train,4582,train_4583.png,1.0,data/images/train/train_4583.png,True,True,False,
train,4583,train_4584.png,1.0,data/images/train/train_4584.png,True,True,False,
train,4584,train_4585.png,1.0,data/images/train/train_4585.png,True,True,False,
train,4585,train_4586.png,1.0,data/images/train/train_4586.png,True,True,False,
train,4586,train_4587.png,1.0,data/images/train/train_4587.png,True,True,False,
train,4587,train_4588.png,1.0,data/images/train/train_4588.png,True,True,False,
train,4588,train_4589.png,1.0,data/images/train/train_4589.png,True,True,False,
train,4589,train_4590.png,1.0,data/images/train/train_4590.png,True,True,False,
train,4590,train_4591.png,1.0,data/images/train/train_4591.png,True,True,False,
train,4591,train_4592.png,1.0,data/images/train/train_4592.png,True,True,False,
train,4592,train_4593.png,1.0,data/images/train/train_4593.png,True,True,False,
train,4593,train_4594.png,1.0,data/images/train/train_4594.png,True,True,False,
train,4594,train_4595.png,1.0,data/images/train/train_4595.png,True,True,False,
train,4595,train_4596.png,1.0,data/images/train/train_4596.png,True,True,False,
train,4596,train_4597.png,1.0,data/images/train/train_4597.png,True,True,False,
train,4597,train_4598.png,1.0,data/images/train/train_4598.png,True,True,False,
train,4598,train_4599.png,1.0,data/images/train/train_4599.png,True,True,False,
train,4599,train_4600.png,1.0,data/images/train/train_4600.png,True,True,False,
train,4600,train_4601.png,1.0,data/images/train/train_4601.png,True,True,False,
train,4601,train_4602.png,1.0,data/images/train/train_4602.png,True,True,False,
train,4602,train_4603.png,1.0,data/images/train/train_4603.png,True,True,False,
train,4603,train_4604.png,1.0,data/images/train/train_4604.png,True,True,False,
train,4604,train_4605.png,1.0,data/images/train/train_4605.png,True,True,False,
train,4605,train_4606.png,1.0,data/images/train/train_4606.png,True,True,False,
train,4606,train_4607.png,1.0,data/images/train/train_4607.png,True,True,False,
train,4607,train_4608.png,1.0,data/images/train/train_4608.png,True,True,False,
train,4608,train_4609.png,1.0,data/images/train/train_4609.png,True,True,False,
train,4609,train_4610.png,1.0,data/images/train/train_4610.png,True,True,False,
train,4610,train_4611.png,1.0,data/images/train/train_4611.png,True,True,False,
train,4611,train_4612.png,1.0,data/images/train/train_4612.png,True,True,False,
train,4612,train_4613.png,1.0,data/images/train/train_4613.png,True,True,False,
train,4613,train_4614.png,1.0,data/images/train/train_4614.png,True,True,False,
train,4614,train_4615.png,1.0,data/images/train/train_4615.png,True,True,False,
train,4615,train_4616.png,1.0,data/images/train/train_4616.png,True,True,False,
train,4616,train_4617.png,1.0,data/images/train/train_4617.png,True,True,False,
train,4617,train_4618.png,1.0,data/images/train/train_4618.png,True,True,False,
train,4618,train_4619.png,1.0,data/images/train/train_4619.png,True,True,False,
train,4619,train_4620.png,1.0,data/images/train/train_4620.png,True,True,False,
train,4620,train_4621.png,1.0,data/images/train/train_4621.png,True,True,False,
train,4621,train_4622.png,1.0,data/images/train/train_4622.png,True,True,False,
train,4622,train_4623.png,1.0,data/images/train/train_4623.png,True,True,False,
train,4623,train_4624.png,1.0,data/images/train/train_4624.png,True,True,False,
train,4624,train_4625.png,1.0,data/images/train/train_4625.png,True,True,False,
train,4625,train_4626.png,1.0,data/images/train/train_4626.png,True,True,False,
train,4626,train_4627.png,1.0,data/images/train/train_4627.png,True,True,False,
train,4627,train_4628.png,1.0,data/images/train/train_4628.png,True,True,False,
train,4628,train_4629.png,1.0,data/images/train/train_4629.png,True,True,False,
train,4629,train_4630.png,1.0,data/images/train/train_4630.png,True,True,False,
train,4630,train_4631.png,1.0,data/images/train/train_4631.png,True,True,False,
train,4631,train_4632.png,1.0,data/images/train/train_4632.png,True,True,False,
train,4632,train_4633.png,1.0,data/images/train/train_4633.png,True,True,False,
train,4633,train_4634.png,1.0,data/images/train/train_4634.png,True,True,False,
train,4634,train_4635.png,1.0,data/images/train/train_4635.png,True,True,False,
train,4635,train_4636.png,1.0,data/images/train/train_4636.png,True,True,False,
train,4636,train_4637.png,1.0,data/images/train/train_4637.png,True,True,False,
train,4637,train_4638.png,1.0,data/images/train/train_4638.png,True,True,False,
train,4638,train_4639.png,1.0,data/images/train/train_4639.png,True,True,False,
train,4639,train_4640.png,1.0,data/images/train/train_4640.png,True,True,False,
train,4640,train_4641.png,1.0,data/images/train/train_4641.png,True,True,False,
train,4641,train_4642.png,1.0,data/images/train/train_4642.png,True,True,False,
train,4642,train_4643.png,1.0,data/images/train/train_4643.png,True,True,False,
train,4643,train_4644.png,1.0,data/images/train/train_4644.png,True,True,False,
train,4644,train_4645.png,1.0,data/images/train/train_4645.png,True,True,False,
train,4645,train_4646.png,1.0,data/images/train/train_4646.png,True,True,False,
train,4646,train_4647.png,1.0,data/images/train/train_4647.png,True,True,False,
train,4647,train_4648.png,1.0,data/images/train/train_4648.png,True,True,False,
train,4648,train_4649.png,1.0,data/images/train/train_4649.png,True,True,False,
train,4649,train_4650.png,1.0,data/images/train/train_4650.png,True,True,False,
train,4650,train_4651.png,1.0,data/images/train/train_4651.png,True,True,False,
train,4651,train_4652.png,1.0,data/images/train/train_4652.png,True,True,False,
train,4652,train_4653.png,1.0,data/images/train/train_4653.png,True,True,False,
train,4653,train_4654.png,1.0,data/images/train/train_4654.png,True,True,False,
train,4654,train_4655.png,1.0,data/images/train/train_4655.png,True,True,False,
train,4655,train_4656.png,1.0,data/images/train/train_4656.png,True,True,False,
train,4656,train_4657.png,1.0,data/images/train/train_4657.png,True,True,False,
train,4657,train_4658.png,1.0,data/images/train/train_4658.png,True,True,False,
train,4658,train_4659.png,1.0,data/images/train/train_4659.png,True,True,False,
train,4659,train_4660.png,1.0,data/images/train/train_4660.png,True,True,False,
train,4660,train_4661.png,1.0,data/images/train/train_4661.png,True,True,False,
train,4661,train_4662.png,1.0,data/images/train/train_4662.png,True,True,False,
train,4662,train_4663.png,1.0,data/images/train/train_4663.png,True,True,False,
train,4663,train_4664.png,1.0,data/images/train/train_4664.png,True,True,False,
train,4664,train_4665.png,1.0,data/images/train/train_4665.png,True,True,False,
train,4665,train_4666.png,1.0,data/images/train/train_4666.png,True,True,False,
train,4666,train_4667.png,1.0,data/images/train/train_4667.png,True,True,False,
train,4667,train_4668.png,1.0,data/images/train/train_4668.png,True,True,False,
train,4668,train_4669.png,1.0,data/images/train/train_4669.png,True,True,False,
train,4669,train_4670.png,1.0,data/images/train/train_4670.png,True,True,False,
train,4670,train_4671.png,1.0,data/images/train/train_4671.png,True,True,False,
train,4671,train_4672.png,1.0,data/images/train/train_4672.png,True,True,False,
train,4672,train_4673.png,1.0,data/images/train/train_4673.png,True,True,False,
train,4673,train_4674.png,1.0,data/images/train/train_4674.png,True,True,False,
train,4674,train_4675.png,1.0,data/images/train/train_4675.png,True,True,False,
train,4675,train_4676.png,1.0,data/images/train/train_4676.png,True,True,False,
train,4676,train_4677.png,1.0,data/images/train/train_4677.png,True,True,False,
train,4677,train_4678.png,1.0,data/images/train/train_4678.png,True,True,False,
train,4678,train_4679.png,1.0,data/images/train/train_4679.png,True,True,False,
train,4679,train_4680.png,1.0,data/images/train/train_4680.png,True,True,False,
train,4680,train_4681.png,1.0,data/images/train/train_4681.png,True,True,False,
train,4681,train_4682.png,1.0,data/images/train/train_4682.png,True,True,False,
train,4682,train_4683.png,1.0,data/images/train/train_4683.png,True,True,False,
train,4683,train_4684.png,1.0,data/images/train/train_4684.png,True,True,False,
train,4684,train_4685.png,1.0,data/images/train/train_4685.png,True,True,False,
train,4685,train_4686.png,1.0,data/images/train/train_4686.png,True,True,False,
train,4686,train_4687.png,1.0,data/images/train/train_4687.png,True,True,False,
train,4687,train_4688.png,1.0,data/images/train/train_4688.png,True,True,False,
train,4688,train_4689.png,1.0,data/images/train/train_4689.png,True,True,False,
train,4689,train_4690.png,1.0,data/images/train/train_4690.png,True,True,False,
train,4690,train_4691.png,1.0,data/images/train/train_4691.png,True,True,False,
train,4691,train_4692.png,1.0,data/images/train/train_4692.png,True,True,False,
train,4692,train_4693.png,1.0,data/images/train/train_4693.png,True,True,False,
train,4693,train_4694.png,1.0,data/images/train/train_4694.png,True,True,False,
train,4694,train_4695.png,1.0,data/images/train/train_4695.png,True,True,False,
train,4695,train_4696.png,1.0,data/images/train/train_4696.png,True,True,False,
train,4696,train_4697.png,1.0,data/images/train/train_4697.png,True,True,False,
train,4697,train_4698.png,1.0,data/images/train/train_4698.png,True,True,False,
train,4698,train_4699.png,1.0,data/images/train/train_4699.png,True,True,False,
train,4699,train_4700.png,1.0,data/images/train/train_4700.png,True,True,False,
train,4700,train_4701.png,1.0,data/images/train/train_4701.png,True,True,False,
train,4701,train_4702.png,1.0,data/images/train/train_4702.png,True,True,False,
train,4702,train_4703.png,1.0,data/images/train/train_4703.png,True,True,False,
train,4703,train_4704.png,1.0,data/images/train/train_4704.png,True,True,False,
train,4704,train_4705.png,1.0,data/images/train/train_4705.png,True,True,False,
train,4705,train_4706.png,1.0,data/images/train/train_4706.png,True,True,False,
train,4706,train_4707.png,1.0,data/images/train/train_4707.png,True,True,False,
train,4707,train_4708.png,1.0,data/images/train/train_4708.png,True,True,False,
train,4708,train_4709.png,1.0,data/images/train/train_4709.png,True,True,False,
train,4709,train_4710.png,1.0,data/images/train/train_4710.png,True,True,False,
train,4710,train_4711.png,1.0,data/images/train/train_4711.png,True,True,False,
train,4711,train_4712.png,1.0,data/images/train/train_4712.png,True,True,False,
train,4712,train_4713.png,1.0,data/images/train/train_4713.png,True,True,False,
train,4713,train_4714.png,1.0,data/images/train/train_4714.png,True,True,False,
train,4714,train_4715.png,1.0,data/images/train/train_4715.png,True,True,False,
train,4715,train_4716.png,1.0,data/images/train/train_4716.png,True,True,False,
train,4716,train_4717.png,1.0,data/images/train/train_4717.png,True,True,False,
train,4717,train_4718.png,1.0,data/images/train/train_4718.png,True,True,False,
train,4718,train_4719.png,1.0,data/images/train/train_4719.png,True,True,False,
train,4719,train_4720.png,1.0,data/images/train/train_4720.png,True,True,False,
train,4720,train_4721.png,1.0,data/images/train/train_4721.png,True,True,False,
train,4721,train_4722.png,1.0,data/images/train/train_4722.png,True,True,False,
train,4722,train_4723.png,1.0,data/images/train/train_4723.png,True,True,False,
train,4723,train_4724.png,1.0,data/images/train/train_4724.png,True,True,False,
train,4724,train_4725.png,1.0,data/images/train/train_4725.png,True,True,False,
train,4725,train_4726.png,1.0,data/images/train/train_4726.png,True,True,False,
train,4726,train_4727.png,1.0,data/images/train/train_4727.png,True,True,False,
train,4727,train_4728.png,1.0,data/images/train/train_4728.png,True,True,False,
train,4728,train_4729.png,1.0,data/images/train/train_4729.png,True,True,False,
train,4729,train_4730.png,1.0,data/images/train/train_4730.png,True,True,False,
train,4730,train_4731.png,1.0,data/images/train/train_4731.png,True,True,False,
train,4731,train_4732.png,1.0,data/images/train/train_4732.png,True,True,False,
train,4732,train_4733.png,1.0,data/images/train/train_4733.png,True,True,False,
train,4733,train_4734.png,1.0,data/images/train/train_4734.png,True,True,False,
train,4734,train_4735.png,1.0,data/images/train/train_4735.png,True,True,False,
train,4735,train_4736.png,1.0,data/images/train/train_4736.png,True,True,False,
train,4736,train_4737.png,1.0,data/images/train/train_4737.png,True,True,False,
train,4737,train_4738.png,1.0,data/images/train/train_4738.png,True,True,False,
train,4738,train_4739.png,1.0,data/images/train/train_4739.png,True,True,False,
train,4739,train_4740.png,1.0,data/images/train/train_4740.png,True,True,False,
train,4740,train_4741.png,1.0,data/images/train/train_4741.png,True,True,False,
train,4741,train_4742.png,1.0,data/images/train/train_4742.png,True,True,False,
train,4742,train_4743.png,1.0,data/images/train/train_4743.png,True,True,False,
train,4743,train_4744.png,1.0,data/images/train/train_4744.png,True,True,False,
train,4744,train_4745.png,1.0,data/images/train/train_4745.png,True,True,False,
train,4745,train_4746.png,1.0,data/images/train/train_4746.png,True,True,False,
train,4746,train_4747.png,1.0,data/images/train/train_4747.png,True,True,False,
train,4747,train_4748.png,1.0,data/images/train/train_4748.png,True,True,False,
train,4748,train_4749.png,1.0,data/images/train/train_4749.png,True,True,False,
train,4749,train_4750.png,1.0,data/images/train/train_4750.png,True,True,False,
train,4750,train_4751.png,1.0,data/images/train/train_4751.png,True,True,False,
train,4751,train_4752.png,1.0,data/images/train/train_4752.png,True,True,False,
train,4752,train_4753.png,1.0,data/images/train/train_4753.png,True,True,False,
train,4753,train_4754.png,1.0,data/images/train/train_4754.png,True,True,False,
train,4754,train_4755.png,1.0,data/images/train/train_4755.png,True,True,False,
train,4755,train_4756.png,1.0,data/images/train/train_4756.png,True,True,False,
train,4756,train_4757.png,1.0,data/images/train/train_4757.png,True,True,False,
train,4757,train_4758.png,1.0,data/images/train/train_4758.png,True,True,False,
train,4758,train_4759.png,1.0,data/images/train/train_4759.png,True,True,False,
train,4759,train_4760.png,1.0,data/images/train/train_4760.png,True,True,False,
train,4760,train_4761.png,1.0,data/images/train/train_4761.png,True,True,False,
train,4761,train_4762.png,1.0,data/images/train/train_4762.png,True,True,False,
train,4762,train_4763.png,1.0,data/images/train/train_4763.png,True,True,False,
train,4763,train_4764.png,1.0,data/images/train/train_4764.png,True,True,False,
train,4764,train_4765.png,1.0,data/images/train/train_4765.png,True,True,False,
train,4765,train_4766.png,1.0,data/images/train/train_4766.png,True,True,False,
train,4766,train_4767.png,1.0,data/images/train/train_4767.png,True,True,False,
train,4767,train_4768.png,1.0,data/images/train/train_4768.png,True,True,False,
train,4768,train_4769.png,1.0,data/images/train/train_4769.png,True,True,False,
train,4769,train_4770.png,1.0,data/images/train/train_4770.png,True,True,False,
train,4770,train_4771.png,1.0,data/images/train/train_4771.png,True,True,False,
train,4771,train_4772.png,1.0,data/images/train/train_4772.png,True,True,False,
train,4772,train_4773.png,1.0,data/images/train/train_4773.png,True,True,False,
train,4773,train_4774.png,1.0,data/images/train/train_4774.png,True,True,False,
train,4774,train_4775.png,1.0,data/images/train/train_4775.png,True,True,False,
train,4775,train_4776.png,1.0,data/images/train/train_4776.png,True,True,False,
train,4776,train_4777.png,1.0,data/images/train/train_4777.png,True,True,False,
train,4777,train_4778.png,1.0,data/images/train/train_4778.png,True,True,False,
train,4778,train_4779.png,1.0,data/images/train/train_4779.png,True,True,False,
train,4779,train_4780.png,1.0,data/images/train/train_4780.png,True,True,False,
train,4780,train_4781.png,1.0,data/images/train/train_4781.png,True,True,False,
train,4781,train_4782.png,1.0,data/images/train/train_4782.png,True,True,False,
train,4782,train_4783.png,1.0,data/images/train/train_4783.png,True,True,False,
train,4783,train_4784.png,1.0,data/images/train/train_4784.png,True,True,False,
train,4784,train_4785.png,1.0,data/images/train/train_4785.png,True,True,False,
train,4785,train_4786.png,1.0,data/images/train/train_4786.png,True,True,False,
train,4786,train_4787.png,1.0,data/images/train/train_4787.png,True,True,False,
train,4787,train_4788.png,1.0,data/images/train/train_4788.png,True,True,False,
train,4788,train_4789.png,1.0,data/images/train/train_4789.png,True,True,False,
train,4789,train_4790.png,1.0,data/images/train/train_4790.png,True,True,False,
train,4790,train_4791.png,1.0,data/images/train/train_4791.png,True,True,False,
train,4791,train_4792.png,1.0,data/images/train/train_4792.png,True,True,False,
train,4792,train_4793.png,1.0,data/images/train/train_4793.png,True,True,False,
train,4793,train_4794.png,1.0,data/images/train/train_4794.png,True,True,False,
train,4794,train_4795.png,1.0,data/images/train/train_4795.png,True,True,False,
train,4795,train_4796.png,1.0,data/images/train/train_4796.png,True,True,False,
train,4796,train_4797.png,1.0,data/images/train/train_4797.png,True,True,False,
train,4797,train_4798.png,1.0,data/images/train/train_4798.png,True,True,False,
train,4798,train_4799.png,1.0,data/images/train/train_4799.png,True,True,False,
train,4799,train_4800.png,1.0,data/images/train/train_4800.png,True,True,False,
train,4800,train_4801.png,1.0,data/images/train/train_4801.png,True,True,False,
train,4801,train_4802.png,1.0,data/images/train/train_4802.png,True,True,False,
train,4802,train_4803.png,1.0,data/images/train/train_4803.png,True,True,False,
train,4803,train_4804.png,1.0,data/images/train/train_4804.png,True,True,False,
train,4804,train_4805.png,1.0,data/images/train/train_4805.png,True,True,False,
train,4805,train_4806.png,1.0,data/images/train/train_4806.png,True,True,False,
train,4806,train_4807.png,1.0,data/images/train/train_4807.png,True,True,False,
train,4807,train_4808.png,1.0,data/images/train/train_4808.png,True,True,False,
train,4808,train_4809.png,1.0,data/images/train/train_4809.png,True,True,False,
train,4809,train_4810.png,1.0,data/images/train/train_4810.png,True,True,False,
train,4810,train_4811.png,1.0,data/images/train/train_4811.png,True,True,False,
train,4811,train_4812.png,1.0,data/images/train/train_4812.png,True,True,False,
train,4812,train_4813.png,1.0,data/images/train/train_4813.png,True,True,False,
train,4813,train_4814.png,1.0,data/images/train/train_4814.png,True,True,False,
train,4814,train_4815.png,1.0,data/images/train/train_4815.png,True,True,False,
train,4815,train_4816.png,1.0,data/images/train/train_4816.png,True,True,False,
train,4816,train_4817.png,1.0,data/images/train/train_4817.png,True,True,False,
train,4817,train_4818.png,1.0,data/images/train/train_4818.png,True,True,False,
train,4818,train_4819.png,1.0,data/images/train/train_4819.png,True,True,False,
train,4819,train_4820.png,1.0,data/images/train/train_4820.png,True,True,False,
train,4820,train_4821.png,1.0,data/images/train/train_4821.png,True,True,False,
train,4821,train_4822.png,1.0,data/images/train/train_4822.png,True,True,False,
train,4822,train_4823.png,1.0,data/images/train/train_4823.png,True,True,False,
train,4823,train_4824.png,1.0,data/images/train/train_4824.png,True,True,False,
train,4824,train_4825.png,1.0,data/images/train/train_4825.png,True,True,False,
train,4825,train_4826.png,1.0,data/images/train/train_4826.png,True,True,False,
train,4826,train_4827.png,1.0,data/images/train/train_4827.png,True,True,False,
train,4827,train_4828.png,1.0,data/images/train/train_4828.png,True,True,False,
train,4828,train_4829.png,1.0,data/images/train/train_4829.png,True,True,False,
train,4829,train_4830.png,1.0,data/images/train/train_4830.png,True,True,False,
train,4830,train_4831.png,1.0,data/images/train/train_4831.png,True,True,False,
train,4831,train_4832.png,1.0,data/images/train/train_4832.png,True,True,False,
train,4832,train_4833.png,1.0,data/images/train/train_4833.png,True,True,False,
train,4833,train_4834.png,1.0,data/images/train/train_4834.png,True,True,False,
train,4834,train_4835.png,1.0,data/images/train/train_4835.png,True,True,False,
train,4835,train_4836.png,1.0,data/images/train/train_4836.png,True,True,False,
train,4836,train_4837.png,1.0,data/images/train/train_4837.png,True,True,False,
train,4837,train_4838.png,1.0,data/images/train/train_4838.png,True,True,False,
train,4838,train_4839.png,1.0,data/images/train/train_4839.png,True,True,False,
train,4839,train_4840.png,1.0,data/images/train/train_4840.png,True,True,False,
train,4840,train_4841.png,1.0,data/images/train/train_4841.png,True,True,False,
train,4841,train_4842.png,1.0,data/images/train/train_4842.png,True,True,False,
train,4842,train_4843.png,1.0,data/images/train/train_4843.png,True,True,False,
train,4843,train_4844.png,1.0,data/images/train/train_4844.png,True,True,False,
train,4844,train_4845.png,1.0,data/images/train/train_4845.png,True,True,False,
train,4845,train_4846.png,1.0,data/images/train/train_4846.png,True,True,False,
train,4846,train_4847.png,1.0,data/images/train/train_4847.png,True,True,False,
train,4847,train_4848.png,1.0,data/images/train/train_4848.png,True,True,False,
train,4848,train_4849.png,1.0,data/images/train/train_4849.png,True,True,False,
train,4849,train_4850.png,1.0,data/images/train/train_4850.png,True,True,False,
train,4850,train_4851.png,1.0,data/images/train/train_4851.png,True,True,False,
train,4851,train_4852.png,1.0,data/images/train/train_4852.png,True,True,False,
train,4852,train_4853.png,1.0,data/images/train/train_4853.png,True,True,False,
train,4853,train_4854.png,1.0,data/images/train/train_4854.png,True,True,False,
train,4854,train_4855.png,1.0,data/images/train/train_4855.png,True,True,False,
train,4855,train_4856.png,1.0,data/images/train/train_4856.png,True,True,False,
train,4856,train_4857.png,1.0,data/images/train/train_4857.png,True,True,False,
train,4857,train_4858.png,1.0,data/images/train/train_4858.png,True,True,False,
train,4858,train_4859.png,1.0,data/images/train/train_4859.png,True,True,False,
train,4859,train_4860.png,1.0,data/images/train/train_4860.png,True,True,False,
train,4860,train_4861.png,1.0,data/images/train/train_4861.png,True,True,False,
train,4861,train_4862.png,1.0,data/images/train/train_4862.png,True,True,False,
train,4862,train_4863.png,1.0,data/images/train/train_4863.png,True,True,False,
train,4863,train_4864.png,1.0,data/images/train/train_4864.png,True,True,False,
train,4864,train_4865.png,1.0,data/images/train/train_4865.png,True,True,False,
train,4865,train_4866.png,1.0,data/images/train/train_4866.png,True,True,False,
train,4866,train_4867.png,1.0,data/images/train/train_4867.png,True,True,False,
train,4867,train_4868.png,1.0,data/images/train/train_4868.png,True,True,False,
train,4868,train_4869.png,1.0,data/images/train/train_4869.png,True,True,False,
train,4869,train_4870.png,1.0,data/images/train/train_4870.png,True,True,False,
train,4870,train_4871.png,1.0,data/images/train/train_4871.png,True,True,False,
train,4871,train_4872.png,1.0,data/images/train/train_4872.png,True,True,False,
train,4872,train_4873.png,1.0,data/images/train/train_4873.png,True,True,False,
train,4873,train_4874.png,1.0,data/images/train/train_4874.png,True,True,False,
train,4874,train_4875.png,1.0,data/images/train/train_4875.png,True,True,False,
train,4875,train_4876.png,1.0,data/images/train/train_4876.png,True,True,False,
train,4876,train_4877.png,1.0,data/images/train/train_4877.png,True,True,False,
train,4877,train_4878.png,1.0,data/images/train/train_4878.png,True,True,False,
train,4878,train_4879.png,1.0,data/images/train/train_4879.png,True,True,False,
train,4879,train_4880.png,1.0,data/images/train/train_4880.png,True,True,False,
train,4880,train_4881.png,1.0,data/images/train/train_4881.png,True,True,False,
train,4881,train_4882.png,1.0,data/images/train/train_4882.png,True,True,False,
train,4882,train_4883.png,1.0,data/images/train/train_4883.png,True,True,False,
train,4883,train_4884.png,1.0,data/images/train/train_4884.png,True,True,False,
train,4884,train_4885.png,1.0,data/images/train/train_4885.png,True,True,False,
train,4885,train_4886.png,1.0,data/images/train/train_4886.png,True,True,False,
train,4886,train_4887.png,1.0,data/images/train/train_4887.png,True,True,False,
train,4887,train_4888.png,1.0,data/images/train/train_4888.png,True,True,False,
train,4888,train_4889.png,1.0,data/images/train/train_4889.png,True,True,False,
train,4889,train_4890.png,1.0,data/images/train/train_4890.png,True,True,False,
train,4890,train_4891.png,1.0,data/images/train/train_4891.png,True,True,False,
train,4891,train_4892.png,1.0,data/images/train/train_4892.png,True,True,False,
train,4892,train_4893.png,1.0,data/images/train/train_4893.png,True,True,False,
train,4893,train_4894.png,1.0,data/images/train/train_4894.png,True,True,False,
train,4894,train_4895.png,1.0,data/images/train/train_4895.png,True,True,False,
train,4895,train_4896.png,1.0,data/images/train/train_4896.png,True,True,False,
train,4896,train_4897.png,1.0,data/images/train/train_4897.png,True,True,False,
train,4897,train_4898.png,1.0,data/images/train/train_4898.png,True,True,False,
train,4898,train_4899.png,1.0,data/images/train/train_4899.png,True,True,False,
train,4899,train_4900.png,1.0,data/images/train/train_4900.png,True,True,False,
train,4900,train_4901.png,1.0,data/images/train/train_4901.png,True,True,False,
train,4901,train_4902.png,1.0,data/images/train/train_4902.png,True,True,False,
train,4902,train_4903.png,1.0,data/images/train/train_4903.png,True,True,False,
train,4903,train_4904.png,1.0,data/images/train/train_4904.png,True,True,False,
train,4904,train_4905.png,1.0,data/images/train/train_4905.png,True,True,False,
train,4905,train_4906.png,1.0,data/images/train/train_4906.png,True,True,False,
train,4906,train_4907.png,1.0,data/images/train/train_4907.png,True,True,False,
train,4907,train_4908.png,1.0,data/images/train/train_4908.png,True,True,False,
train,4908,train_4909.png,1.0,data/images/train/train_4909.png,True,True,False,
train,4909,train_4910.png,1.0,data/images/train/train_4910.png,True,True,False,
train,4910,train_4911.png,1.0,data/images/train/train_4911.png,True,True,False,
train,4911,train_4912.png,1.0,data/images/train/train_4912.png,True,True,False,
train,4912,train_4913.png,1.0,data/images/train/train_4913.png,True,True,False,
train,4913,train_4914.png,1.0,data/images/train/train_4914.png,True,True,False,
train,4914,train_4915.png,1.0,data/images/train/train_4915.png,True,True,False,
train,4915,train_4916.png,1.0,data/images/train/train_4916.png,True,True,False,
train,4916,train_4917.png,1.0,data/images/train/train_4917.png,True,True,False,
train,4917,train_4918.png,1.0,data/images/train/train_4918.png,True,True,False,
train,4918,train_4919.png,1.0,data/images/train/train_4919.png,True,True,False,
train,4919,train_4920.png,1.0,data/images/train/train_4920.png,True,True,False,
train,4920,train_4921.png,1.0,data/images/train/train_4921.png,True,True,False,
train,4921,train_4922.png,1.0,data/images/train/train_4922.png,True,True,False,
train,4922,train_4923.png,1.0,data/images/train/train_4923.png,True,True,False,
train,4923,train_4924.png,1.0,data/images/train/train_4924.png,True,True,False,
train,4924,train_4925.png,1.0,data/images/train/train_4925.png,True,True,False,
train,4925,train_4926.png,1.0,data/images/train/train_4926.png,True,True,False,
train,4926,train_4927.png,1.0,data/images/train/train_4927.png,True,True,False,
train,4927,train_4928.png,1.0,data/images/train/train_4928.png,True,True,False,
train,4928,train_4929.png,1.0,data/images/train/train_4929.png,True,True,False,
train,4929,train_4930.png,1.0,data/images/train/train_4930.png,True,True,False,
train,4930,train_4931.png,1.0,data/images/train/train_4931.png,True,True,False,
train,4931,train_4932.png,1.0,data/images/train/train_4932.png,True,True,False,
train,4932,train_4933.png,1.0,data/images/train/train_4933.png,True,True,False,
train,4933,train_4934.png,1.0,data/images/train/train_4934.png,True,True,False,
train,4934,train_4935.png,1.0,data/images/train/train_4935.png,True,True,False,
train,4935,train_4936.png,1.0,data/images/train/train_4936.png,True,True,False,
train,4936,train_4937.png,1.0,data/images/train/train_4937.png,True,True,False,
train,4937,train_4938.png,1.0,data/images/train/train_4938.png,True,True,False,
train,4938,train_4939.png,1.0,data/images/train/train_4939.png,True,True,False,
train,4939,train_4940.png,1.0,data/images/train/train_4940.png,True,True,False,
train,4940,train_4941.png,1.0,data/images/train/train_4941.png,True,True,False,
train,4941,train_4942.png,1.0,data/images/train/train_4942.png,True,True,False,
train,4942,train_4943.png,1.0,data/images/train/train_4943.png,True,True,False,
train,4943,train_4944.png,1.0,data/images/train/train_4944.png,True,True,False,
train,4944,train_4945.png,1.0,data/images/train/train_4945.png,True,True,False,
train,4945,train_4946.png,1.0,data/images/train/train_4946.png,True,True,False,
train,4946,train_4947.png,1.0,data/images/train/train_4947.png,True,True,False,
train,4947,train_4948.png,1.0,data/images/train/train_4948.png,True,True,False,
train,4948,train_4949.png,1.0,data/images/train/train_4949.png,True,True,False,
train,4949,train_4950.png,1.0,data/images/train/train_4950.png,True,True,False,
train,4950,train_4951.png,1.0,data/images/train/train_4951.png,True,True,False,
train,4951,train_4952.png,1.0,data/images/train/train_4952.png,True,True,False,
train,4952,train_4953.png,1.0,data/images/train/train_4953.png,True,True,False,
train,4953,train_4954.png,1.0,data/images/train/train_4954.png,True,True,False,
train,4954,train_4955.png,1.0,data/images/train/train_4955.png,True,True,False,
train,4955,train_4956.png,1.0,data/images/train/train_4956.png,True,True,False,
train,4956,train_4957.png,1.0,data/images/train/train_4957.png,True,True,False,
train,4957,train_4958.png,1.0,data/images/train/train_4958.png,True,True,False,
train,4958,train_4959.png,1.0,data/images/train/train_4959.png,True,True,False,
train,4959,train_4960.png,1.0,data/images/train/train_4960.png,True,True,False,
train,4960,train_4961.png,1.0,data/images/train/train_4961.png,True,True,False,
train,4961,train_4962.png,1.0,data/images/train/train_4962.png,True,True,False,
train,4962,train_4963.png,1.0,data/images/train/train_4963.png,True,True,False,
train,4963,train_4964.png,1.0,data/images/train/train_4964.png,True,True,False,
train,4964,train_4965.png,1.0,data/images/train/train_4965.png,True,True,False,
train,4965,train_4966.png,1.0,data/images/train/train_4966.png,True,True,False,
train,4966,train_4967.png,1.0,data/images/train/train_4967.png,True,True,False,
train,4967,train_4968.png,1.0,data/images/train/train_4968.png,True,True,False,
train,4968,train_4969.png,1.0,data/images/train/train_4969.png,True,True,False,
train,4969,train_4970.png,1.0,data/images/train/train_4970.png,True,True,False,
train,4970,train_4971.png,1.0,data/images/train/train_4971.png,True,True,False,
train,4971,train_4972.png,1.0,data/images/train/train_4972.png,True,True,False,
train,4972,train_4973.png,1.0,data/images/train/train_4973.png,True,True,False,
train,4973,train_4974.png,1.0,data/images/train/train_4974.png,True,True,False,
train,4974,train_4975.png,1.0,data/images/train/train_4975.png,True,True,False,
train,4975,train_4976.png,1.0,data/images/train/train_4976.png,True,True,False,
train,4976,train_4977.png,1.0,data/images/train/train_4977.png,True,True,False,
train,4977,train_4978.png,1.0,data/images/train/train_4978.png,True,True,False,
train,4978,train_4979.png,1.0,data/images/train/train_4979.png,True,True,False,
train,4979,train_4980.png,1.0,data/images/train/train_4980.png,True,True,False,
train,4980,train_4981.png,1.0,data/images/train/train_4981.png,True,True,False,
train,4981,train_4982.png,1.0,data/images/train/train_4982.png,True,True,False,
train,4982,train_4983.png,1.0,data/images/train/train_4983.png,True,True,False,
train,4983,train_4984.png,1.0,data/images/train/train_4984.png,True,True,False,
train,4984,train_4985.png,1.0,data/images/train/train_4985.png,True,True,False,
train,4985,train_4986.png,1.0,data/images/train/train_4986.png,True,True,False,
train,4986,train_4987.png,1.0,data/images/train/train_4987.png,True,True,False,
train,4987,train_4988.png,1.0,data/images/train/train_4988.png,True,True,False,
train,4988,train_4989.png,1.0,data/images/train/train_4989.png,True,True,False,
train,4989,train_4990.png,1.0,data/images/train/train_4990.png,True,True,False,
train,4990,train_4991.png,1.0,data/images/train/train_4991.png,True,True,False,
train,4991,train_4992.png,1.0,data/images/train/train_4992.png,True,True,False,
train,4992,train_4993.png,1.0,data/images/train/train_4993.png,True,True,False,
train,4993,train_4994.png,1.0,data/images/train/train_4994.png,True,True,False,
train,4994,train_4995.png,1.0,data/images/train/train_4995.png,True,True,False,
train,4995,train_4996.png,1.0,data/images/train/train_4996.png,True,True,False,
train,4996,train_4997.png,1.0,data/images/train/train_4997.png,True,True,False,
train,4997,train_4998.png,1.0,data/images/train/train_4998.png,True,True,False,
train,4998,train_4999.png,1.0,data/images/train/train_4999.png,True,True,False,
train,4999,train_5000.png,1.0,data/images/train/train_5000.png,True,True,False,
train,5000,train_5001.png,1.0,data/images/train/train_5001.png,True,True,False,
train,5001,train_5002.png,1.0,data/images/train/train_5002.png,True,True,False,
train,5002,train_5003.png,1.0,data/images/train/train_5003.png,True,True,False,
train,5003,train_5004.png,1.0,data/images/train/train_5004.png,True,True,False,
train,5004,train_5005.png,1.0,data/images/train/train_5005.png,True,True,False,
train,5005,train_5006.png,1.0,data/images/train/train_5006.png,True,True,False,
train,5006,train_5007.png,1.0,data/images/train/train_5007.png,True,True,False,
train,5007,train_5008.png,1.0,data/images/train/train_5008.png,True,True,False,
train,5008,train_5009.png,1.0,data/images/train/train_5009.png,True,True,False,
train,5009,train_5010.png,1.0,data/images/train/train_5010.png,True,True,False,
train,5010,train_5011.png,1.0,data/images/train/train_5011.png,True,True,False,
train,5011,train_5012.png,1.0,data/images/train/train_5012.png,True,True,False,
train,5012,train_5013.png,1.0,data/images/train/train_5013.png,True,True,False,
train,5013,train_5014.png,1.0,data/images/train/train_5014.png,True,True,False,
train,5014,train_5015.png,1.0,data/images/train/train_5015.png,True,True,False,
train,5015,train_5016.png,1.0,data/images/train/train_5016.png,True,True,False,
train,5016,train_5017.png,1.0,data/images/train/train_5017.png,True,True,False,
train,5017,train_5018.png,1.0,data/images/train/train_5018.png,True,True,False,
train,5018,train_5019.png,1.0,data/images/train/train_5019.png,True,True,False,
train,5019,train_5020.png,1.0,data/images/train/train_5020.png,True,True,False,
train,5020,train_5021.png,1.0,data/images/train/train_5021.png,True,True,False,
train,5021,train_5022.png,1.0,data/images/train/train_5022.png,True,True,False,
train,5022,train_5023.png,1.0,data/images/train/train_5023.png,True,True,False,
train,5023,train_5024.png,1.0,data/images/train/train_5024.png,True,True,False,
train,5024,train_5025.png,1.0,data/images/train/train_5025.png,True,True,False,
train,5025,train_5026.png,1.0,data/images/train/train_5026.png,True,True,False,
train,5026,train_5027.png,1.0,data/images/train/train_5027.png,True,True,False,
train,5027,train_5028.png,1.0,data/images/train/train_5028.png,True,True,False,
train,5028,train_5029.png,1.0,data/images/train/train_5029.png,True,True,False,
train,5029,train_5030.png,1.0,data/images/train/train_5030.png,True,True,False,
train,5030,train_5031.png,1.0,data/images/train/train_5031.png,True,True,False,
train,5031,train_5032.png,1.0,data/images/train/train_5032.png,True,True,False,
train,5032,train_5033.png,1.0,data/images/train/train_5033.png,True,True,False,
train,5033,train_5034.png,1.0,data/images/train/train_5034.png,True,True,False,
train,5034,train_5035.png,1.0,data/images/train/train_5035.png,True,True,False,
train,5035,train_5036.png,1.0,data/images/train/train_5036.png,True,True,False,
train,5036,train_5037.png,1.0,data/images/train/train_5037.png,True,True,False,
train,5037,train_5038.png,1.0,data/images/train/train_5038.png,True,True,False,
train,5038,train_5039.png,1.0,data/images/train/train_5039.png,True,True,False,
train,5039,train_5040.png,1.0,data/images/train/train_5040.png,True,True,False,
train,5040,train_5041.png,1.0,data/images/train/train_5041.png,True,True,False,
train,5041,train_5042.png,1.0,data/images/train/train_5042.png,True,True,False,
train,5042,train_5043.png,1.0,data/images/train/train_5043.png,True,True,False,
train,5043,train_5044.png,1.0,data/images/train/train_5044.png,True,True,False,
train,5044,train_5045.png,1.0,data/images/train/train_5045.png,True,True,False,
train,5045,train_5046.png,1.0,data/images/train/train_5046.png,True,True,False,
train,5046,train_5047.png,1.0,data/images/train/train_5047.png,True,True,False,
train,5047,train_5048.png,1.0,data/images/train/train_5048.png,True,True,False,
train,5048,train_5049.png,1.0,data/images/train/train_5049.png,True,True,False,
train,5049,train_5050.png,1.0,data/images/train/train_5050.png,True,True,False,
train,5050,train_5051.png,1.0,data/images/train/train_5051.png,True,True,False,
train,5051,train_5052.png,1.0,data/images/train/train_5052.png,True,True,False,
train,5052,train_5053.png,1.0,data/images/train/train_5053.png,True,True,False,
train,5053,train_5054.png,1.0,data/images/train/train_5054.png,True,True,False,
train,5054,train_5055.png,1.0,data/images/train/train_5055.png,True,True,False,
train,5055,train_5056.png,1.0,data/images/train/train_5056.png,True,True,False,
train,5056,train_5057.png,1.0,data/images/train/train_5057.png,True,True,False,
train,5057,train_5058.png,1.0,data/images/train/train_5058.png,True,True,False,
train,5058,train_5059.png,1.0,data/images/train/train_5059.png,True,True,False,
train,5059,train_5060.png,1.0,data/images/train/train_5060.png,True,True,False,
train,5060,train_5061.png,1.0,data/images/train/train_5061.png,True,True,False,
train,5061,train_5062.png,1.0,data/images/train/train_5062.png,True,True,False,
train,5062,train_5063.png,1.0,data/images/train/train_5063.png,True,True,False,
train,5063,train_5064.png,1.0,data/images/train/train_5064.png,True,True,False,
train,5064,train_5065.png,1.0,data/images/train/train_5065.png,True,True,False,
train,5065,train_5066.png,1.0,data/images/train/train_5066.png,True,True,False,
train,5066,train_5067.png,1.0,data/images/train/train_5067.png,True,True,False,
train,5067,train_5068.png,1.0,data/images/train/train_5068.png,True,True,False,
train,5068,train_5069.png,1.0,data/images/train/train_5069.png,True,True,False,
train,5069,train_5070.png,1.0,data/images/train/train_5070.png,True,True,False,
train,5070,train_5071.png,1.0,data/images/train/train_5071.png,True,True,False,
train,5071,train_5072.png,1.0,data/images/train/train_5072.png,True,True,False,
train,5072,train_5073.png,1.0,data/images/train/train_5073.png,True,True,False,
train,5073,train_5074.png,1.0,data/images/train/train_5074.png,True,True,False,
train,5074,train_5075.png,1.0,data/images/train/train_5075.png,True,True,False,
train,5075,train_5076.png,1.0,data/images/train/train_5076.png,True,True,False,
train,5076,train_5077.png,1.0,data/images/train/train_5077.png,True,True,False,
train,5077,train_5078.png,1.0,data/images/train/train_5078.png,True,True,False,
train,5078,train_5079.png,1.0,data/images/train/train_5079.png,True,True,False,
train,5079,train_5080.png,1.0,data/images/train/train_5080.png,True,True,False,
train,5080,train_5081.png,1.0,data/images/train/train_5081.png,True,True,False,
train,5081,train_5082.png,1.0,data/images/train/train_5082.png,True,True,False,
train,5082,train_5083.png,1.0,data/images/train/train_5083.png,True,True,False,
train,5083,train_5084.png,1.0,data/images/train/train_5084.png,True,True,False,
train,5084,train_5085.png,1.0,data/images/train/train_5085.png,True,True,False,
train,5085,train_5086.png,1.0,data/images/train/train_5086.png,True,True,False,
train,5086,train_5087.png,1.0,data/images/train/train_5087.png,True,True,False,
train,5087,train_5088.png,1.0,data/images/train/train_5088.png,True,True,False,
train,5088,train_5089.png,1.0,data/images/train/train_5089.png,True,True,False,
train,5089,train_5090.png,1.0,data/images/train/train_5090.png,True,True,False,
train,5090,train_5091.png,1.0,data/images/train/train_5091.png,True,True,False,
train,5091,train_5092.png,1.0,data/images/train/train_5092.png,True,True,False,
train,5092,train_5093.png,1.0,data/images/train/train_5093.png,True,True,False,
train,5093,train_5094.png,1.0,data/images/train/train_5094.png,True,True,False,
train,5094,train_5095.png,1.0,data/images/train/train_5095.png,True,True,False,
train,5095,train_5096.png,1.0,data/images/train/train_5096.png,True,True,False,
train,5096,train_5097.png,1.0,data/images/train/train_5097.png,True,True,False,
train,5097,train_5098.png,1.0,data/images/train/train_5098.png,True,True,False,
train,5098,train_5099.png,1.0,data/images/train/train_5099.png,True,True,False,
train,5099,train_5100.png,1.0,data/images/train/train_5100.png,True,True,False,
train,5100,train_5101.png,1.0,data/images/train/train_5101.png,True,True,False,
train,5101,train_5102.png,1.0,data/images/train/train_5102.png,True,True,False,
train,5102,train_5103.png,1.0,data/images/train/train_5103.png,True,True,False,
train,5103,train_5104.png,1.0,data/images/train/train_5104.png,True,True,False,
train,5104,train_5105.png,1.0,data/images/train/train_5105.png,True,True,False,
train,5105,train_5106.png,1.0,data/images/train/train_5106.png,True,True,False,
train,5106,train_5107.png,1.0,data/images/train/train_5107.png,True,True,False,
train,5107,train_5108.png,1.0,data/images/train/train_5108.png,True,True,False,
train,5108,train_5109.png,1.0,data/images/train/train_5109.png,True,True,False,
train,5109,train_5110.png,1.0,data/images/train/train_5110.png,True,True,False,
train,5110,train_5111.png,1.0,data/images/train/train_5111.png,True,True,False,
train,5111,train_5112.png,1.0,data/images/train/train_5112.png,True,True,False,
train,5112,train_5113.png,1.0,data/images/train/train_5113.png,True,True,False,
train,5113,train_5114.png,1.0,data/images/train/train_5114.png,True,True,False,
train,5114,train_5115.png,1.0,data/images/train/train_5115.png,True,True,False,
train,5115,train_5116.png,1.0,data/images/train/train_5116.png,True,True,False,
train,5116,train_5117.png,1.0,data/images/train/train_5117.png,True,True,False,
train,5117,train_5118.png,1.0,data/images/train/train_5118.png,True,True,False,
train,5118,train_5119.png,1.0,data/images/train/train_5119.png,True,True,False,
train,5119,train_5120.png,1.0,data/images/train/train_5120.png,True,True,False,
train,5120,train_5121.png,1.0,data/images/train/train_5121.png,True,True,False,
train,5121,train_5122.png,1.0,data/images/train/train_5122.png,True,True,False,
train,5122,train_5123.png,1.0,data/images/train/train_5123.png,True,True,False,
train,5123,train_5124.png,1.0,data/images/train/train_5124.png,True,True,False,
train,5124,train_5125.png,1.0,data/images/train/train_5125.png,True,True,False,
train,5125,train_5126.png,1.0,data/images/train/train_5126.png,True,True,False,
train,5126,train_5127.png,1.0,data/images/train/train_5127.png,True,True,False,
train,5127,train_5128.png,1.0,data/images/train/train_5128.png,True,True,False,
train,5128,train_5129.png,1.0,data/images/train/train_5129.png,True,True,False,
train,5129,train_5130.png,1.0,data/images/train/train_5130.png,True,True,False,
train,5130,train_5131.png,1.0,data/images/train/train_5131.png,True,True,False,
train,5131,train_5132.png,1.0,data/images/train/train_5132.png,True,True,False,
train,5132,train_5133.png,1.0,data/images/train/train_5133.png,True,True,False,
train,5133,train_5134.png,1.0,data/images/train/train_5134.png,True,True,False,
train,5134,train_5135.png,1.0,data/images/train/train_5135.png,True,True,False,
train,5135,train_5136.png,1.0,data/images/train/train_5136.png,True,True,False,
train,5136,train_5137.png,1.0,data/images/train/train_5137.png,True,True,False,
train,5137,train_5138.png,1.0,data/images/train/train_5138.png,True,True,False,
train,5138,train_5139.png,1.0,data/images/train/train_5139.png,True,True,False,
train,5139,train_5140.png,1.0,data/images/train/train_5140.png,True,True,False,
train,5140,train_5141.png,1.0,data/images/train/train_5141.png,True,True,False,
train,5141,train_5142.png,1.0,data/images/train/train_5142.png,True,True,False,
train,5142,train_5143.png,1.0,data/images/train/train_5143.png,True,True,False,
train,5143,train_5144.png,1.0,data/images/train/train_5144.png,True,True,False,
train,5144,train_5145.png,1.0,data/images/train/train_5145.png,True,True,False,
train,5145,train_5146.png,1.0,data/images/train/train_5146.png,True,True,False,
train,5146,train_5147.png,1.0,data/images/train/train_5147.png,True,True,False,
train,5147,train_5148.png,1.0,data/images/train/train_5148.png,True,True,False,
train,5148,train_5149.png,1.0,data/images/train/train_5149.png,True,True,False,
train,5149,train_5150.png,1.0,data/images/train/train_5150.png,True,True,False,
train,5150,train_5151.png,1.0,data/images/train/train_5151.png,True,True,False,
train,5151,train_5152.png,1.0,data/images/train/train_5152.png,True,True,False,
train,5152,train_5153.png,1.0,data/images/train/train_5153.png,True,True,False,
train,5153,train_5154.png,1.0,data/images/train/train_5154.png,True,True,False,
train,5154,train_5155.png,1.0,data/images/train/train_5155.png,True,True,False,
train,5155,train_5156.png,1.0,data/images/train/train_5156.png,True,True,False,
train,5156,train_5157.png,1.0,data/images/train/train_5157.png,True,True,False,
train,5157,train_5158.png,1.0,data/images/train/train_5158.png,True,True,False,
train,5158,train_5159.png,1.0,data/images/train/train_5159.png,True,True,False,
train,5159,train_5160.png,1.0,data/images/train/train_5160.png,True,True,False,
train,5160,train_5161.png,1.0,data/images/train/train_5161.png,True,True,False,
train,5161,train_5162.png,1.0,data/images/train/train_5162.png,True,True,False,
train,5162,train_5163.png,1.0,data/images/train/train_5163.png,True,True,False,
train,5163,train_5164.png,1.0,data/images/train/train_5164.png,True,True,False,
train,5164,train_5165.png,1.0,data/images/train/train_5165.png,True,True,False,
train,5165,train_5166.png,1.0,data/images/train/train_5166.png,True,True,False,
train,5166,train_5167.png,1.0,data/images/train/train_5167.png,True,True,False,
train,5167,train_5168.png,1.0,data/images/train/train_5168.png,True,True,False,
train,5168,train_5169.png,1.0,data/images/train/train_5169.png,True,True,False,
train,5169,train_5170.png,1.0,data/images/train/train_5170.png,True,True,False,
train,5170,train_5171.png,1.0,data/images/train/train_5171.png,True,True,False,
train,5171,train_5172.png,1.0,data/images/train/train_5172.png,True,True,False,
train,5172,train_5173.png,1.0,data/images/train/train_5173.png,True,True,False,
train,5173,train_5174.png,1.0,data/images/train/train_5174.png,True,True,False,
train,5174,train_5175.png,1.0,data/images/train/train_5175.png,True,True,False,
train,5175,train_5176.png,1.0,data/images/train/train_5176.png,True,True,False,
train,5176,train_5177.png,1.0,data/images/train/train_5177.png,True,True,False,
train,5177,train_5178.png,1.0,data/images/train/train_5178.png,True,True,False,
train,5178,train_5179.png,1.0,data/images/train/train_5179.png,True,True,False,
train,5179,train_5180.png,1.0,data/images/train/train_5180.png,True,True,False,
train,5180,train_5181.png,1.0,data/images/train/train_5181.png,True,True,False,
train,5181,train_5182.png,1.0,data/images/train/train_5182.png,True,True,False,
train,5182,train_5183.png,1.0,data/images/train/train_5183.png,True,True,False,
train,5183,train_5184.png,1.0,data/images/train/train_5184.png,True,True,False,
train,5184,train_5185.png,1.0,data/images/train/train_5185.png,True,True,False,
train,5185,train_5186.png,1.0,data/images/train/train_5186.png,True,True,False,
train,5186,train_5187.png,1.0,data/images/train/train_5187.png,True,True,False,
train,5187,train_5188.png,1.0,data/images/train/train_5188.png,True,True,False,
train,5188,train_5189.png,1.0,data/images/train/train_5189.png,True,True,False,
train,5189,train_5190.png,1.0,data/images/train/train_5190.png,True,True,False,
train,5190,train_5191.png,1.0,data/images/train/train_5191.png,True,True,False,
train,5191,train_5192.png,1.0,data/images/train/train_5192.png,True,True,False,
train,5192,train_5193.png,1.0,data/images/train/train_5193.png,True,True,False,
train,5193,train_5194.png,1.0,data/images/train/train_5194.png,True,True,False,
train,5194,train_5195.png,1.0,data/images/train/train_5195.png,True,True,False,
train,5195,train_5196.png,1.0,data/images/train/train_5196.png,True,True,False,
train,5196,train_5197.png,1.0,data/images/train/train_5197.png,True,True,False,
train,5197,train_5198.png,1.0,data/images/train/train_5198.png,True,True,False,
train,5198,train_5199.png,1.0,data/images/train/train_5199.png,True,True,False,
train,5199,train_5200.png,1.0,data/images/train/train_5200.png,True,True,False,
train,5200,train_5201.png,1.0,data/images/train/train_5201.png,True,True,False,
train,5201,train_5202.png,1.0,data/images/train/train_5202.png,True,True,False,
train,5202,train_5203.png,1.0,data/images/train/train_5203.png,True,True,False,
train,5203,train_5204.png,1.0,data/images/train/train_5204.png,True,True,False,
train,5204,train_5205.png,1.0,data/images/train/train_5205.png,True,True,False,
train,5205,train_5206.png,1.0,data/images/train/train_5206.png,True,True,False,
train,5206,train_5207.png,1.0,data/images/train/train_5207.png,True,True,False,
train,5207,train_5208.png,1.0,data/images/train/train_5208.png,True,True,False,
train,5208,train_5209.png,1.0,data/images/train/train_5209.png,True,True,False,
train,5209,train_5210.png,1.0,data/images/train/train_5210.png,True,True,False,
train,5210,train_5211.png,1.0,data/images/train/train_5211.png,True,True,False,
train,5211,train_5212.png,1.0,data/images/train/train_5212.png,True,True,False,
train,5212,train_5213.png,1.0,data/images/train/train_5213.png,True,True,False,
train,5213,train_5214.png,1.0,data/images/train/train_5214.png,True,True,False,
train,5214,train_5215.png,1.0,data/images/train/train_5215.png,True,True,False,
train,5215,train_5216.png,1.0,data/images/train/train_5216.png,True,True,False,
test,0,test_0001.png,,data/images/test/test_0001.png,True,True,False,
test,1,test_0002.png,,data/images/test/test_0002.png,True,True,False,
test,2,test_0003.png,,data/images/test/test_0003.png,True,True,False,
test,3,test_0004.png,,data/images/test/test_0004.png,True,True,False,
test,4,test_0005.png,,data/images/test/test_0005.png,True,True,False,
test,5,test_0006.png,,data/images/test/test_0006.png,True,True,False,
test,6,test_0007.png,,data/images/test/test_0007.png,True,True,False,
test,7,test_0008.png,,data/images/test/test_0008.png,True,True,False,
test,8,test_0009.png,,data/images/test/test_0009.png,True,True,False,
test,9,test_0010.png,,data/images/test/test_0010.png,True,True,False,
test,10,test_0011.png,,data/images/test/test_0011.png,True,True,False,
test,11,test_0012.png,,data/images/test/test_0012.png,True,True,False,
test,12,test_0013.png,,data/images/test/test_0013.png,True,True,False,
test,13,test_0014.png,,data/images/test/test_0014.png,True,True,False,
test,14,test_0015.png,,data/images/test/test_0015.png,True,True,False,
test,15,test_0016.png,,data/images/test/test_0016.png,True,True,False,
test,16,test_0017.png,,data/images/test/test_0017.png,True,True,False,
test,17,test_0018.png,,data/images/test/test_0018.png,True,True,False,
test,18,test_0019.png,,data/images/test/test_0019.png,True,True,False,
test,19,test_0020.png,,data/images/test/test_0020.png,True,True,False,
test,20,test_0021.png,,data/images/test/test_0021.png,True,True,False,
test,21,test_0022.png,,data/images/test/test_0022.png,True,True,False,
test,22,test_0023.png,,data/images/test/test_0023.png,True,True,False,
test,23,test_0024.png,,data/images/test/test_0024.png,True,True,False,
test,24,test_0025.png,,data/images/test/test_0025.png,True,True,False,
test,25,test_0026.png,,data/images/test/test_0026.png,True,True,False,
test,26,test_0027.png,,data/images/test/test_0027.png,True,True,False,
test,27,test_0028.png,,data/images/test/test_0028.png,True,True,False,
test,28,test_0029.png,,data/images/test/test_0029.png,True,True,False,
test,29,test_0030.png,,data/images/test/test_0030.png,True,True,False,
test,30,test_0031.png,,data/images/test/test_0031.png,True,True,False,
test,31,test_0032.png,,data/images/test/test_0032.png,True,True,False,
test,32,test_0033.png,,data/images/test/test_0033.png,True,True,False,
test,33,test_0034.png,,data/images/test/test_0034.png,True,True,False,
test,34,test_0035.png,,data/images/test/test_0035.png,True,True,False,
test,35,test_0036.png,,data/images/test/test_0036.png,True,True,False,
test,36,test_0037.png,,data/images/test/test_0037.png,True,True,False,
test,37,test_0038.png,,data/images/test/test_0038.png,True,True,False,
test,38,test_0039.png,,data/images/test/test_0039.png,True,True,False,
test,39,test_0040.png,,data/images/test/test_0040.png,True,True,False,
test,40,test_0041.png,,data/images/test/test_0041.png,True,True,False,
test,41,test_0042.png,,data/images/test/test_0042.png,True,True,False,
test,42,test_0043.png,,data/images/test/test_0043.png,True,True,False,
test,43,test_0044.png,,data/images/test/test_0044.png,True,True,False,
test,44,test_0045.png,,data/images/test/test_0045.png,True,True,False,
test,45,test_0046.png,,data/images/test/test_0046.png,True,True,False,
test,46,test_0047.png,,data/images/test/test_0047.png,True,True,False,
test,47,test_0048.png,,data/images/test/test_0048.png,True,True,False,
test,48,test_0049.png,,data/images/test/test_0049.png,True,True,False,
test,49,test_0050.png,,data/images/test/test_0050.png,True,True,False,
test,50,test_0051.png,,data/images/test/test_0051.png,True,True,False,
test,51,test_0052.png,,data/images/test/test_0052.png,True,True,False,
test,52,test_0053.png,,data/images/test/test_0053.png,True,True,False,
test,53,test_0054.png,,data/images/test/test_0054.png,True,True,False,
test,54,test_0055.png,,data/images/test/test_0055.png,True,True,False,
test,55,test_0056.png,,data/images/test/test_0056.png,True,True,False,
test,56,test_0057.png,,data/images/test/test_0057.png,True,True,False,
test,57,test_0058.png,,data/images/test/test_0058.png,True,True,False,
test,58,test_0059.png,,data/images/test/test_0059.png,True,True,False,
test,59,test_0060.png,,data/images/test/test_0060.png,True,True,False,
test,60,test_0061.png,,data/images/test/test_0061.png,True,True,False,
test,61,test_0062.png,,data/images/test/test_0062.png,True,True,False,
test,62,test_0063.png,,data/images/test/test_0063.png,True,True,False,
test,63,test_0064.png,,data/images/test/test_0064.png,True,True,False,
test,64,test_0065.png,,data/images/test/test_0065.png,True,True,False,
test,65,test_0066.png,,data/images/test/test_0066.png,True,True,False,
test,66,test_0067.png,,data/images/test/test_0067.png,True,True,False,
test,67,test_0068.png,,data/images/test/test_0068.png,True,True,False,
test,68,test_0069.png,,data/images/test/test_0069.png,True,True,False,
test,69,test_0070.png,,data/images/test/test_0070.png,True,True,False,
test,70,test_0071.png,,data/images/test/test_0071.png,True,True,False,
test,71,test_0072.png,,data/images/test/test_0072.png,True,True,False,
test,72,test_0073.png,,data/images/test/test_0073.png,True,True,False,
test,73,test_0074.png,,data/images/test/test_0074.png,True,True,False,
test,74,test_0075.png,,data/images/test/test_0075.png,True,True,False,
test,75,test_0076.png,,data/images/test/test_0076.png,True,True,False,
test,76,test_0077.png,,data/images/test/test_0077.png,True,True,False,
test,77,test_0078.png,,data/images/test/test_0078.png,True,True,False,
test,78,test_0079.png,,data/images/test/test_0079.png,True,True,False,
test,79,test_0080.png,,data/images/test/test_0080.png,True,True,False,
test,80,test_0081.png,,data/images/test/test_0081.png,True,True,False,
test,81,test_0082.png,,data/images/test/test_0082.png,True,True,False,
test,82,test_0083.png,,data/images/test/test_0083.png,True,True,False,
test,83,test_0084.png,,data/images/test/test_0084.png,True,True,False,
test,84,test_0085.png,,data/images/test/test_0085.png,True,True,False,
test,85,test_0086.png,,data/images/test/test_0086.png,True,True,False,
test,86,test_0087.png,,data/images/test/test_0087.png,True,True,False,
test,87,test_0088.png,,data/images/test/test_0088.png,True,True,False,
test,88,test_0089.png,,data/images/test/test_0089.png,True,True,False,
test,89,test_0090.png,,data/images/test/test_0090.png,True,True,False,
test,90,test_0091.png,,data/images/test/test_0091.png,True,True,False,
test,91,test_0092.png,,data/images/test/test_0092.png,True,True,False,
test,92,test_0093.png,,data/images/test/test_0093.png,True,True,False,
test,93,test_0094.png,,data/images/test/test_0094.png,True,True,False,
test,94,test_0095.png,,data/images/test/test_0095.png,True,True,False,
test,95,test_0096.png,,data/images/test/test_0096.png,True,True,False,
test,96,test_0097.png,,data/images/test/test_0097.png,True,True,False,
test,97,test_0098.png,,data/images/test/test_0098.png,True,True,False,
test,98,test_0099.png,,data/images/test/test_0099.png,True,True,False,
test,99,test_0100.png,,data/images/test/test_0100.png,True,True,False,
test,100,test_0101.png,,data/images/test/test_0101.png,True,True,False,
test,101,test_0102.png,,data/images/test/test_0102.png,True,True,False,
test,102,test_0103.png,,data/images/test/test_0103.png,True,True,False,
test,103,test_0104.png,,data/images/test/test_0104.png,True,True,False,
test,104,test_0105.png,,data/images/test/test_0105.png,True,True,False,
test,105,test_0106.png,,data/images/test/test_0106.png,True,True,False,
test,106,test_0107.png,,data/images/test/test_0107.png,True,True,False,
test,107,test_0108.png,,data/images/test/test_0108.png,True,True,False,
test,108,test_0109.png,,data/images/test/test_0109.png,True,True,False,
test,109,test_0110.png,,data/images/test/test_0110.png,True,True,False,
test,110,test_0111.png,,data/images/test/test_0111.png,True,True,False,
test,111,test_0112.png,,data/images/test/test_0112.png,True,True,False,
test,112,test_0113.png,,data/images/test/test_0113.png,True,True,False,
test,113,test_0114.png,,data/images/test/test_0114.png,True,True,False,
test,114,test_0115.png,,data/images/test/test_0115.png,True,True,False,
test,115,test_0116.png,,data/images/test/test_0116.png,True,True,False,
test,116,test_0117.png,,data/images/test/test_0117.png,True,True,False,
test,117,test_0118.png,,data/images/test/test_0118.png,True,True,False,
test,118,test_0119.png,,data/images/test/test_0119.png,True,True,False,
test,119,test_0120.png,,data/images/test/test_0120.png,True,True,False,
test,120,test_0121.png,,data/images/test/test_0121.png,True,True,False,
test,121,test_0122.png,,data/images/test/test_0122.png,True,True,False,
test,122,test_0123.png,,data/images/test/test_0123.png,True,True,False,
test,123,test_0124.png,,data/images/test/test_0124.png,True,True,False,
test,124,test_0125.png,,data/images/test/test_0125.png,True,True,False,
test,125,test_0126.png,,data/images/test/test_0126.png,True,True,False,
test,126,test_0127.png,,data/images/test/test_0127.png,True,True,False,
test,127,test_0128.png,,data/images/test/test_0128.png,True,True,False,
test,128,test_0129.png,,data/images/test/test_0129.png,True,True,False,
test,129,test_0130.png,,data/images/test/test_0130.png,True,True,False,
test,130,test_0131.png,,data/images/test/test_0131.png,True,True,False,
test,131,test_0132.png,,data/images/test/test_0132.png,True,True,False,
test,132,test_0133.png,,data/images/test/test_0133.png,True,True,False,
test,133,test_0134.png,,data/images/test/test_0134.png,True,True,False,
test,134,test_0135.png,,data/images/test/test_0135.png,True,True,False,
test,135,test_0136.png,,data/images/test/test_0136.png,True,True,False,
test,136,test_0137.png,,data/images/test/test_0137.png,True,True,False,
test,137,test_0138.png,,data/images/test/test_0138.png,True,True,False,
test,138,test_0139.png,,data/images/test/test_0139.png,True,True,False,
test,139,test_0140.png,,data/images/test/test_0140.png,True,True,False,
test,140,test_0141.png,,data/images/test/test_0141.png,True,True,False,
test,141,test_0142.png,,data/images/test/test_0142.png,True,True,False,
test,142,test_0143.png,,data/images/test/test_0143.png,True,True,False,
test,143,test_0144.png,,data/images/test/test_0144.png,True,True,False,
test,144,test_0145.png,,data/images/test/test_0145.png,True,True,False,
test,145,test_0146.png,,data/images/test/test_0146.png,True,True,False,
test,146,test_0147.png,,data/images/test/test_0147.png,True,True,False,
test,147,test_0148.png,,data/images/test/test_0148.png,True,True,False,
test,148,test_0149.png,,data/images/test/test_0149.png,True,True,False,
test,149,test_0150.png,,data/images/test/test_0150.png,True,True,False,
test,150,test_0151.png,,data/images/test/test_0151.png,True,True,False,
test,151,test_0152.png,,data/images/test/test_0152.png,True,True,False,
test,152,test_0153.png,,data/images/test/test_0153.png,True,True,False,
test,153,test_0154.png,,data/images/test/test_0154.png,True,True,False,
test,154,test_0155.png,,data/images/test/test_0155.png,True,True,False,
test,155,test_0156.png,,data/images/test/test_0156.png,True,True,False,
test,156,test_0157.png,,data/images/test/test_0157.png,True,True,False,
test,157,test_0158.png,,data/images/test/test_0158.png,True,True,False,
test,158,test_0159.png,,data/images/test/test_0159.png,True,True,False,
test,159,test_0160.png,,data/images/test/test_0160.png,True,True,False,
test,160,test_0161.png,,data/images/test/test_0161.png,True,True,False,
test,161,test_0162.png,,data/images/test/test_0162.png,True,True,False,
test,162,test_0163.png,,data/images/test/test_0163.png,True,True,False,
test,163,test_0164.png,,data/images/test/test_0164.png,True,True,False,
test,164,test_0165.png,,data/images/test/test_0165.png,True,True,False,
test,165,test_0166.png,,data/images/test/test_0166.png,True,True,False,
test,166,test_0167.png,,data/images/test/test_0167.png,True,True,False,
test,167,test_0168.png,,data/images/test/test_0168.png,True,True,False,
test,168,test_0169.png,,data/images/test/test_0169.png,True,True,False,
test,169,test_0170.png,,data/images/test/test_0170.png,True,True,False,
test,170,test_0171.png,,data/images/test/test_0171.png,True,True,False,
test,171,test_0172.png,,data/images/test/test_0172.png,True,True,False,
test,172,test_0173.png,,data/images/test/test_0173.png,True,True,False,
test,173,test_0174.png,,data/images/test/test_0174.png,True,True,False,
test,174,test_0175.png,,data/images/test/test_0175.png,True,True,False,
test,175,test_0176.png,,data/images/test/test_0176.png,True,True,False,
test,176,test_0177.png,,data/images/test/test_0177.png,True,True,False,
test,177,test_0178.png,,data/images/test/test_0178.png,True,True,False,
test,178,test_0179.png,,data/images/test/test_0179.png,True,True,False,
test,179,test_0180.png,,data/images/test/test_0180.png,True,True,False,
test,180,test_0181.png,,data/images/test/test_0181.png,True,True,False,
test,181,test_0182.png,,data/images/test/test_0182.png,True,True,False,
test,182,test_0183.png,,data/images/test/test_0183.png,True,True,False,
test,183,test_0184.png,,data/images/test/test_0184.png,True,True,False,
test,184,test_0185.png,,data/images/test/test_0185.png,True,True,False,
test,185,test_0186.png,,data/images/test/test_0186.png,True,True,False,
test,186,test_0187.png,,data/images/test/test_0187.png,True,True,False,
test,187,test_0188.png,,data/images/test/test_0188.png,True,True,False,
test,188,test_0189.png,,data/images/test/test_0189.png,True,True,False,
test,189,test_0190.png,,data/images/test/test_0190.png,True,True,False,
test,190,test_0191.png,,data/images/test/test_0191.png,True,True,False,
test,191,test_0192.png,,data/images/test/test_0192.png,True,True,False,
test,192,test_0193.png,,data/images/test/test_0193.png,True,True,False,
test,193,test_0194.png,,data/images/test/test_0194.png,True,True,False,
test,194,test_0195.png,,data/images/test/test_0195.png,True,True,False,
test,195,test_0196.png,,data/images/test/test_0196.png,True,True,False,
test,196,test_0197.png,,data/images/test/test_0197.png,True,True,False,
test,197,test_0198.png,,data/images/test/test_0198.png,True,True,False,
test,198,test_0199.png,,data/images/test/test_0199.png,True,True,False,
test,199,test_0200.png,,data/images/test/test_0200.png,True,True,False,
test,200,test_0201.png,,data/images/test/test_0201.png,True,True,False,
test,201,test_0202.png,,data/images/test/test_0202.png,True,True,False,
test,202,test_0203.png,,data/images/test/test_0203.png,True,True,False,
test,203,test_0204.png,,data/images/test/test_0204.png,True,True,False,
test,204,test_0205.png,,data/images/test/test_0205.png,True,True,False,
test,205,test_0206.png,,data/images/test/test_0206.png,True,True,False,
test,206,test_0207.png,,data/images/test/test_0207.png,True,True,False,
test,207,test_0208.png,,data/images/test/test_0208.png,True,True,False,
test,208,test_0209.png,,data/images/test/test_0209.png,True,True,False,
test,209,test_0210.png,,data/images/test/test_0210.png,True,True,False,
test,210,test_0211.png,,data/images/test/test_0211.png,True,True,False,
test,211,test_0212.png,,data/images/test/test_0212.png,True,True,False,
test,212,test_0213.png,,data/images/test/test_0213.png,True,True,False,
test,213,test_0214.png,,data/images/test/test_0214.png,True,True,False,
test,214,test_0215.png,,data/images/test/test_0215.png,True,True,False,
test,215,test_0216.png,,data/images/test/test_0216.png,True,True,False,
test,216,test_0217.png,,data/images/test/test_0217.png,True,True,False,
test,217,test_0218.png,,data/images/test/test_0218.png,True,True,False,
test,218,test_0219.png,,data/images/test/test_0219.png,True,True,False,
test,219,test_0220.png,,data/images/test/test_0220.png,True,True,False,
test,220,test_0221.png,,data/images/test/test_0221.png,True,True,False,
test,221,test_0222.png,,data/images/test/test_0222.png,True,True,False,
test,222,test_0223.png,,data/images/test/test_0223.png,True,True,False,
test,223,test_0224.png,,data/images/test/test_0224.png,True,True,False,
test,224,test_0225.png,,data/images/test/test_0225.png,True,True,False,
test,225,test_0226.png,,data/images/test/test_0226.png,True,True,False,
test,226,test_0227.png,,data/images/test/test_0227.png,True,True,False,
test,227,test_0228.png,,data/images/test/test_0228.png,True,True,False,
test,228,test_0229.png,,data/images/test/test_0229.png,True,True,False,
test,229,test_0230.png,,data/images/test/test_0230.png,True,True,False,
test,230,test_0231.png,,data/images/test/test_0231.png,True,True,False,
test,231,test_0232.png,,data/images/test/test_0232.png,True,True,False,
test,232,test_0233.png,,data/images/test/test_0233.png,True,True,False,
test,233,test_0234.png,,data/images/test/test_0234.png,True,True,False,
test,234,test_0235.png,,data/images/test/test_0235.png,True,True,False,
test,235,test_0236.png,,data/images/test/test_0236.png,True,True,False,
test,236,test_0237.png,,data/images/test/test_0237.png,True,True,False,
test,237,test_0238.png,,data/images/test/test_0238.png,True,True,False,
test,238,test_0239.png,,data/images/test/test_0239.png,True,True,False,
test,239,test_0240.png,,data/images/test/test_0240.png,True,True,False,
test,240,test_0241.png,,data/images/test/test_0241.png,True,True,False,
test,241,test_0242.png,,data/images/test/test_0242.png,True,True,False,
test,242,test_0243.png,,data/images/test/test_0243.png,True,True,False,
test,243,test_0244.png,,data/images/test/test_0244.png,True,True,False,
test,244,test_0245.png,,data/images/test/test_0245.png,True,True,False,
test,245,test_0246.png,,data/images/test/test_0246.png,True,True,False,
test,246,test_0247.png,,data/images/test/test_0247.png,True,True,False,
test,247,test_0248.png,,data/images/test/test_0248.png,True,True,False,
test,248,test_0249.png,,data/images/test/test_0249.png,True,True,False,
test,249,test_0250.png,,data/images/test/test_0250.png,True,True,False,
test,250,test_0251.png,,data/images/test/test_0251.png,True,True,False,
test,251,test_0252.png,,data/images/test/test_0252.png,True,True,False,
test,252,test_0253.png,,data/images/test/test_0253.png,True,True,False,
test,253,test_0254.png,,data/images/test/test_0254.png,True,True,False,
test,254,test_0255.png,,data/images/test/test_0255.png,True,True,False,
test,255,test_0256.png,,data/images/test/test_0256.png,True,True,False,
test,256,test_0257.png,,data/images/test/test_0257.png,True,True,False,
test,257,test_0258.png,,data/images/test/test_0258.png,True,True,False,
test,258,test_0259.png,,data/images/test/test_0259.png,True,True,False,
test,259,test_0260.png,,data/images/test/test_0260.png,True,True,False,
test,260,test_0261.png,,data/images/test/test_0261.png,True,True,False,
test,261,test_0262.png,,data/images/test/test_0262.png,True,True,False,
test,262,test_0263.png,,data/images/test/test_0263.png,True,True,False,
test,263,test_0264.png,,data/images/test/test_0264.png,True,True,False,
test,264,test_0265.png,,data/images/test/test_0265.png,True,True,False,
test,265,test_0266.png,,data/images/test/test_0266.png,True,True,False,
test,266,test_0267.png,,data/images/test/test_0267.png,True,True,False,
test,267,test_0268.png,,data/images/test/test_0268.png,True,True,False,
test,268,test_0269.png,,data/images/test/test_0269.png,True,True,False,
test,269,test_0270.png,,data/images/test/test_0270.png,True,True,False,
test,270,test_0271.png,,data/images/test/test_0271.png,True,True,False,
test,271,test_0272.png,,data/images/test/test_0272.png,True,True,False,
test,272,test_0273.png,,data/images/test/test_0273.png,True,True,False,
test,273,test_0274.png,,data/images/test/test_0274.png,True,True,False,
test,274,test_0275.png,,data/images/test/test_0275.png,True,True,False,
test,275,test_0276.png,,data/images/test/test_0276.png,True,True,False,
test,276,test_0277.png,,data/images/test/test_0277.png,True,True,False,
test,277,test_0278.png,,data/images/test/test_0278.png,True,True,False,
test,278,test_0279.png,,data/images/test/test_0279.png,True,True,False,
test,279,test_0280.png,,data/images/test/test_0280.png,True,True,False,
test,280,test_0281.png,,data/images/test/test_0281.png,True,True,False,
test,281,test_0282.png,,data/images/test/test_0282.png,True,True,False,
test,282,test_0283.png,,data/images/test/test_0283.png,True,True,False,
test,283,test_0284.png,,data/images/test/test_0284.png,True,True,False,
test,284,test_0285.png,,data/images/test/test_0285.png,True,True,False,
test,285,test_0286.png,,data/images/test/test_0286.png,True,True,False,
test,286,test_0287.png,,data/images/test/test_0287.png,True,True,False,
test,287,test_0288.png,,data/images/test/test_0288.png,True,True,False,
test,288,test_0289.png,,data/images/test/test_0289.png,True,True,False,
test,289,test_0290.png,,data/images/test/test_0290.png,True,True,False,
test,290,test_0291.png,,data/images/test/test_0291.png,True,True,False,
test,291,test_0292.png,,data/images/test/test_0292.png,True,True,False,
test,292,test_0293.png,,data/images/test/test_0293.png,True,True,False,
test,293,test_0294.png,,data/images/test/test_0294.png,True,True,False,
test,294,test_0295.png,,data/images/test/test_0295.png,True,True,False,
test,295,test_0296.png,,data/images/test/test_0296.png,True,True,False,
test,296,test_0297.png,,data/images/test/test_0297.png,True,True,False,
test,297,test_0298.png,,data/images/test/test_0298.png,True,True,False,
test,298,test_0299.png,,data/images/test/test_0299.png,True,True,False,
test,299,test_0300.png,,data/images/test/test_0300.png,True,True,False,
test,300,test_0301.png,,data/images/test/test_0301.png,True,True,False,
test,301,test_0302.png,,data/images/test/test_0302.png,True,True,False,
test,302,test_0303.png,,data/images/test/test_0303.png,True,True,False,
test,303,test_0304.png,,data/images/test/test_0304.png,True,True,False,
test,304,test_0305.png,,data/images/test/test_0305.png,True,True,False,
test,305,test_0306.png,,data/images/test/test_0306.png,True,True,False,
test,306,test_0307.png,,data/images/test/test_0307.png,True,True,False,
test,307,test_0308.png,,data/images/test/test_0308.png,True,True,False,
test,308,test_0309.png,,data/images/test/test_0309.png,True,True,False,
test,309,test_0310.png,,data/images/test/test_0310.png,True,True,False,
test,310,test_0311.png,,data/images/test/test_0311.png,True,True,False,
test,311,test_0312.png,,data/images/test/test_0312.png,True,True,False,
test,312,test_0313.png,,data/images/test/test_0313.png,True,True,False,
test,313,test_0314.png,,data/images/test/test_0314.png,True,True,False,
test,314,test_0315.png,,data/images/test/test_0315.png,True,True,False,
test,315,test_0316.png,,data/images/test/test_0316.png,True,True,False,
test,316,test_0317.png,,data/images/test/test_0317.png,True,True,False,
test,317,test_0318.png,,data/images/test/test_0318.png,True,True,False,
test,318,test_0319.png,,data/images/test/test_0319.png,True,True,False,
test,319,test_0320.png,,data/images/test/test_0320.png,True,True,False,
test,320,test_0321.png,,data/images/test/test_0321.png,True,True,False,
test,321,test_0322.png,,data/images/test/test_0322.png,True,True,False,
test,322,test_0323.png,,data/images/test/test_0323.png,True,True,False,
test,323,test_0324.png,,data/images/test/test_0324.png,True,True,False,
test,324,test_0325.png,,data/images/test/test_0325.png,True,True,False,
test,325,test_0326.png,,data/images/test/test_0326.png,True,True,False,
test,326,test_0327.png,,data/images/test/test_0327.png,True,True,False,
test,327,test_0328.png,,data/images/test/test_0328.png,True,True,False,
test,328,test_0329.png,,data/images/test/test_0329.png,True,True,False,
test,329,test_0330.png,,data/images/test/test_0330.png,True,True,False,
test,330,test_0331.png,,data/images/test/test_0331.png,True,True,False,
test,331,test_0332.png,,data/images/test/test_0332.png,True,True,False,
test,332,test_0333.png,,data/images/test/test_0333.png,True,True,False,
test,333,test_0334.png,,data/images/test/test_0334.png,True,True,False,
test,334,test_0335.png,,data/images/test/test_0335.png,True,True,False,
test,335,test_0336.png,,data/images/test/test_0336.png,True,True,False,
test,336,test_0337.png,,data/images/test/test_0337.png,True,True,False,
test,337,test_0338.png,,data/images/test/test_0338.png,True,True,False,
test,338,test_0339.png,,data/images/test/test_0339.png,True,True,False,
test,339,test_0340.png,,data/images/test/test_0340.png,True,True,False,
test,340,test_0341.png,,data/images/test/test_0341.png,True,True,False,
test,341,test_0342.png,,data/images/test/test_0342.png,True,True,False,
test,342,test_0343.png,,data/images/test/test_0343.png,True,True,False,
test,343,test_0344.png,,data/images/test/test_0344.png,True,True,False,
test,344,test_0345.png,,data/images/test/test_0345.png,True,True,False,
test,345,test_0346.png,,data/images/test/test_0346.png,True,True,False,
test,346,test_0347.png,,data/images/test/test_0347.png,True,True,False,
test,347,test_0348.png,,data/images/test/test_0348.png,True,True,False,
test,348,test_0349.png,,data/images/test/test_0349.png,True,True,False,
test,349,test_0350.png,,data/images/test/test_0350.png,True,True,False,
test,350,test_0351.png,,data/images/test/test_0351.png,True,True,False,
test,351,test_0352.png,,data/images/test/test_0352.png,True,True,False,
test,352,test_0353.png,,data/images/test/test_0353.png,True,True,False,
test,353,test_0354.png,,data/images/test/test_0354.png,True,True,False,
test,354,test_0355.png,,data/images/test/test_0355.png,True,True,False,
test,355,test_0356.png,,data/images/test/test_0356.png,True,True,False,
test,356,test_0357.png,,data/images/test/test_0357.png,True,True,False,
test,357,test_0358.png,,data/images/test/test_0358.png,True,True,False,
test,358,test_0359.png,,data/images/test/test_0359.png,True,True,False,
test,359,test_0360.png,,data/images/test/test_0360.png,True,True,False,
test,360,test_0361.png,,data/images/test/test_0361.png,True,True,False,
test,361,test_0362.png,,data/images/test/test_0362.png,True,True,False,
test,362,test_0363.png,,data/images/test/test_0363.png,True,True,False,
test,363,test_0364.png,,data/images/test/test_0364.png,True,True,False,
test,364,test_0365.png,,data/images/test/test_0365.png,True,True,False,
test,365,test_0366.png,,data/images/test/test_0366.png,True,True,False,
test,366,test_0367.png,,data/images/test/test_0367.png,True,True,False,
test,367,test_0368.png,,data/images/test/test_0368.png,True,True,False,
test,368,test_0369.png,,data/images/test/test_0369.png,True,True,False,
test,369,test_0370.png,,data/images/test/test_0370.png,True,True,False,
test,370,test_0371.png,,data/images/test/test_0371.png,True,True,False,
test,371,test_0372.png,,data/images/test/test_0372.png,True,True,False,
test,372,test_0373.png,,data/images/test/test_0373.png,True,True,False,
test,373,test_0374.png,,data/images/test/test_0374.png,True,True,False,
test,374,test_0375.png,,data/images/test/test_0375.png,True,True,False,
test,375,test_0376.png,,data/images/test/test_0376.png,True,True,False,
test,376,test_0377.png,,data/images/test/test_0377.png,True,True,False,
test,377,test_0378.png,,data/images/test/test_0378.png,True,True,False,
test,378,test_0379.png,,data/images/test/test_0379.png,True,True,False,
test,379,test_0380.png,,data/images/test/test_0380.png,True,True,False,
test,380,test_0381.png,,data/images/test/test_0381.png,True,True,False,
test,381,test_0382.png,,data/images/test/test_0382.png,True,True,False,
test,382,test_0383.png,,data/images/test/test_0383.png,True,True,False,
test,383,test_0384.png,,data/images/test/test_0384.png,True,True,False,
test,384,test_0385.png,,data/images/test/test_0385.png,True,True,False,
test,385,test_0386.png,,data/images/test/test_0386.png,True,True,False,
test,386,test_0387.png,,data/images/test/test_0387.png,True,True,False,
test,387,test_0388.png,,data/images/test/test_0388.png,True,True,False,
test,388,test_0389.png,,data/images/test/test_0389.png,True,True,False,
test,389,test_0390.png,,data/images/test/test_0390.png,True,True,False,
test,390,test_0391.png,,data/images/test/test_0391.png,True,True,False,
test,391,test_0392.png,,data/images/test/test_0392.png,True,True,False,
test,392,test_0393.png,,data/images/test/test_0393.png,True,True,False,
test,393,test_0394.png,,data/images/test/test_0394.png,True,True,False,
test,394,test_0395.png,,data/images/test/test_0395.png,True,True,False,
test,395,test_0396.png,,data/images/test/test_0396.png,True,True,False,
test,396,test_0397.png,,data/images/test/test_0397.png,True,True,False,
test,397,test_0398.png,,data/images/test/test_0398.png,True,True,False,
test,398,test_0399.png,,data/images/test/test_0399.png,True,True,False,
test,399,test_0400.png,,data/images/test/test_0400.png,True,True,False,
test,400,test_0401.png,,data/images/test/test_0401.png,True,True,False,
test,401,test_0402.png,,data/images/test/test_0402.png,True,True,False,
test,402,test_0403.png,,data/images/test/test_0403.png,True,True,False,
test,403,test_0404.png,,data/images/test/test_0404.png,True,True,False,
test,404,test_0405.png,,data/images/test/test_0405.png,True,True,False,
test,405,test_0406.png,,data/images/test/test_0406.png,True,True,False,
test,406,test_0407.png,,data/images/test/test_0407.png,True,True,False,
test,407,test_0408.png,,data/images/test/test_0408.png,True,True,False,
test,408,test_0409.png,,data/images/test/test_0409.png,True,True,False,
test,409,test_0410.png,,data/images/test/test_0410.png,True,True,False,
test,410,test_0411.png,,data/images/test/test_0411.png,True,True,False,
test,411,test_0412.png,,data/images/test/test_0412.png,True,True,False,
test,412,test_0413.png,,data/images/test/test_0413.png,True,True,False,
test,413,test_0414.png,,data/images/test/test_0414.png,True,True,False,
test,414,test_0415.png,,data/images/test/test_0415.png,True,True,False,
test,415,test_0416.png,,data/images/test/test_0416.png,True,True,False,
test,416,test_0417.png,,data/images/test/test_0417.png,True,True,False,
test,417,test_0418.png,,data/images/test/test_0418.png,True,True,False,
test,418,test_0419.png,,data/images/test/test_0419.png,True,True,False,
test,419,test_0420.png,,data/images/test/test_0420.png,True,True,False,
test,420,test_0421.png,,data/images/test/test_0421.png,True,True,False,
test,421,test_0422.png,,data/images/test/test_0422.png,True,True,False,
test,422,test_0423.png,,data/images/test/test_0423.png,True,True,False,
test,423,test_0424.png,,data/images/test/test_0424.png,True,True,False,
test,424,test_0425.png,,data/images/test/test_0425.png,True,True,False,
test,425,test_0426.png,,data/images/test/test_0426.png,True,True,False,
test,426,test_0427.png,,data/images/test/test_0427.png,True,True,False,
test,427,test_0428.png,,data/images/test/test_0428.png,True,True,False,
test,428,test_0429.png,,data/images/test/test_0429.png,True,True,False,
test,429,test_0430.png,,data/images/test/test_0430.png,True,True,False,
test,430,test_0431.png,,data/images/test/test_0431.png,True,True,False,
test,431,test_0432.png,,data/images/test/test_0432.png,True,True,False,
test,432,test_0433.png,,data/images/test/test_0433.png,True,True,False,
test,433,test_0434.png,,data/images/test/test_0434.png,True,True,False,
test,434,test_0435.png,,data/images/test/test_0435.png,True,True,False,
test,435,test_0436.png,,data/images/test/test_0436.png,True,True,False,
test,436,test_0437.png,,data/images/test/test_0437.png,True,True,False,
test,437,test_0438.png,,data/images/test/test_0438.png,True,True,False,
test,438,test_0439.png,,data/images/test/test_0439.png,True,True,False,
test,439,test_0440.png,,data/images/test/test_0440.png,True,True,False,
test,440,test_0441.png,,data/images/test/test_0441.png,True,True,False,
test,441,test_0442.png,,data/images/test/test_0442.png,True,True,False,
test,442,test_0443.png,,data/images/test/test_0443.png,True,True,False,
test,443,test_0444.png,,data/images/test/test_0444.png,True,True,False,
test,444,test_0445.png,,data/images/test/test_0445.png,True,True,False,
test,445,test_0446.png,,data/images/test/test_0446.png,True,True,False,
test,446,test_0447.png,,data/images/test/test_0447.png,True,True,False,
test,447,test_0448.png,,data/images/test/test_0448.png,True,True,False,
test,448,test_0449.png,,data/images/test/test_0449.png,True,True,False,
test,449,test_0450.png,,data/images/test/test_0450.png,True,True,False,
test,450,test_0451.png,,data/images/test/test_0451.png,True,True,False,
test,451,test_0452.png,,data/images/test/test_0452.png,True,True,False,
test,452,test_0453.png,,data/images/test/test_0453.png,True,True,False,
test,453,test_0454.png,,data/images/test/test_0454.png,True,True,False,
test,454,test_0455.png,,data/images/test/test_0455.png,True,True,False,
test,455,test_0456.png,,data/images/test/test_0456.png,True,True,False,
test,456,test_0457.png,,data/images/test/test_0457.png,True,True,False,
test,457,test_0458.png,,data/images/test/test_0458.png,True,True,False,
test,458,test_0459.png,,data/images/test/test_0459.png,True,True,False,
test,459,test_0460.png,,data/images/test/test_0460.png,True,True,False,
test,460,test_0461.png,,data/images/test/test_0461.png,True,True,False,
test,461,test_0462.png,,data/images/test/test_0462.png,True,True,False,
test,462,test_0463.png,,data/images/test/test_0463.png,True,True,False,
test,463,test_0464.png,,data/images/test/test_0464.png,True,True,False,
test,464,test_0465.png,,data/images/test/test_0465.png,True,True,False,
test,465,test_0466.png,,data/images/test/test_0466.png,True,True,False,
test,466,test_0467.png,,data/images/test/test_0467.png,True,True,False,
test,467,test_0468.png,,data/images/test/test_0468.png,True,True,False,
test,468,test_0469.png,,data/images/test/test_0469.png,True,True,False,
test,469,test_0470.png,,data/images/test/test_0470.png,True,True,False,
test,470,test_0471.png,,data/images/test/test_0471.png,True,True,False,
test,471,test_0472.png,,data/images/test/test_0472.png,True,True,False,
test,472,test_0473.png,,data/images/test/test_0473.png,True,True,False,
test,473,test_0474.png,,data/images/test/test_0474.png,True,True,False,
test,474,test_0475.png,,data/images/test/test_0475.png,True,True,False,
test,475,test_0476.png,,data/images/test/test_0476.png,True,True,False,
test,476,test_0477.png,,data/images/test/test_0477.png,True,True,False,
test,477,test_0478.png,,data/images/test/test_0478.png,True,True,False,
test,478,test_0479.png,,data/images/test/test_0479.png,True,True,False,
test,479,test_0480.png,,data/images/test/test_0480.png,True,True,False,
test,480,test_0481.png,,data/images/test/test_0481.png,True,True,False,
test,481,test_0482.png,,data/images/test/test_0482.png,True,True,False,
test,482,test_0483.png,,data/images/test/test_0483.png,True,True,False,
test,483,test_0484.png,,data/images/test/test_0484.png,True,True,False,
test,484,test_0485.png,,data/images/test/test_0485.png,True,True,False,
test,485,test_0486.png,,data/images/test/test_0486.png,True,True,False,
test,486,test_0487.png,,data/images/test/test_0487.png,True,True,False,
test,487,test_0488.png,,data/images/test/test_0488.png,True,True,False,
test,488,test_0489.png,,data/images/test/test_0489.png,True,True,False,
test,489,test_0490.png,,data/images/test/test_0490.png,True,True,False,
test,490,test_0491.png,,data/images/test/test_0491.png,True,True,False,
test,491,test_0492.png,,data/images/test/test_0492.png,True,True,False,
test,492,test_0493.png,,data/images/test/test_0493.png,True,True,False,
test,493,test_0494.png,,data/images/test/test_0494.png,True,True,False,
test,494,test_0495.png,,data/images/test/test_0495.png,True,True,False,
test,495,test_0496.png,,data/images/test/test_0496.png,True,True,False,
test,496,test_0497.png,,data/images/test/test_0497.png,True,True,False,
test,497,test_0498.png,,data/images/test/test_0498.png,True,True,False,
test,498,test_0499.png,,data/images/test/test_0499.png,True,True,False,
test,499,test_0500.png,,data/images/test/test_0500.png,True,True,False,
test,500,test_0501.png,,data/images/test/test_0501.png,True,True,False,
test,501,test_0502.png,,data/images/test/test_0502.png,True,True,False,
test,502,test_0503.png,,data/images/test/test_0503.png,True,True,False,
test,503,test_0504.png,,data/images/test/test_0504.png,True,True,False,
test,504,test_0505.png,,data/images/test/test_0505.png,True,True,False,
test,505,test_0506.png,,data/images/test/test_0506.png,True,True,False,
test,506,test_0507.png,,data/images/test/test_0507.png,True,True,False,
test,507,test_0508.png,,data/images/test/test_0508.png,True,True,False,
test,508,test_0509.png,,data/images/test/test_0509.png,True,True,False,
test,509,test_0510.png,,data/images/test/test_0510.png,True,True,False,
test,510,test_0511.png,,data/images/test/test_0511.png,True,True,False,
test,511,test_0512.png,,data/images/test/test_0512.png,True,True,False,
test,512,test_0513.png,,data/images/test/test_0513.png,True,True,False,
test,513,test_0514.png,,data/images/test/test_0514.png,True,True,False,
test,514,test_0515.png,,data/images/test/test_0515.png,True,True,False,
test,515,test_0516.png,,data/images/test/test_0516.png,True,True,False,
test,516,test_0517.png,,data/images/test/test_0517.png,True,True,False,
test,517,test_0518.png,,data/images/test/test_0518.png,True,True,False,
test,518,test_0519.png,,data/images/test/test_0519.png,True,True,False,
test,519,test_0520.png,,data/images/test/test_0520.png,True,True,False,
test,520,test_0521.png,,data/images/test/test_0521.png,True,True,False,
test,521,test_0522.png,,data/images/test/test_0522.png,True,True,False,
test,522,test_0523.png,,data/images/test/test_0523.png,True,True,False,
test,523,test_0524.png,,data/images/test/test_0524.png,True,True,False,
test,524,test_0525.png,,data/images/test/test_0525.png,True,True,False,
test,525,test_0526.png,,data/images/test/test_0526.png,True,True,False,
test,526,test_0527.png,,data/images/test/test_0527.png,True,True,False,
test,527,test_0528.png,,data/images/test/test_0528.png,True,True,False,
test,528,test_0529.png,,data/images/test/test_0529.png,True,True,False,
test,529,test_0530.png,,data/images/test/test_0530.png,True,True,False,
test,530,test_0531.png,,data/images/test/test_0531.png,True,True,False,
test,531,test_0532.png,,data/images/test/test_0532.png,True,True,False,
test,532,test_0533.png,,data/images/test/test_0533.png,True,True,False,
test,533,test_0534.png,,data/images/test/test_0534.png,True,True,False,
test,534,test_0535.png,,data/images/test/test_0535.png,True,True,False,
test,535,test_0536.png,,data/images/test/test_0536.png,True,True,False,
test,536,test_0537.png,,data/images/test/test_0537.png,True,True,False,
test,537,test_0538.png,,data/images/test/test_0538.png,True,True,False,
test,538,test_0539.png,,data/images/test/test_0539.png,True,True,False,
test,539,test_0540.png,,data/images/test/test_0540.png,True,True,False,
test,540,test_0541.png,,data/images/test/test_0541.png,True,True,False,
test,541,test_0542.png,,data/images/test/test_0542.png,True,True,False,
test,542,test_0543.png,,data/images/test/test_0543.png,True,True,False,
test,543,test_0544.png,,data/images/test/test_0544.png,True,True,False,
test,544,test_0545.png,,data/images/test/test_0545.png,True,True,False,
test,545,test_0546.png,,data/images/test/test_0546.png,True,True,False,
test,546,test_0547.png,,data/images/test/test_0547.png,True,True,False,
test,547,test_0548.png,,data/images/test/test_0548.png,True,True,False,
test,548,test_0549.png,,data/images/test/test_0549.png,True,True,False,
test,549,test_0550.png,,data/images/test/test_0550.png,True,True,False,
test,550,test_0551.png,,data/images/test/test_0551.png,True,True,False,
test,551,test_0552.png,,data/images/test/test_0552.png,True,True,False,
test,552,test_0553.png,,data/images/test/test_0553.png,True,True,False,
test,553,test_0554.png,,data/images/test/test_0554.png,True,True,False,
test,554,test_0555.png,,data/images/test/test_0555.png,True,True,False,
test,555,test_0556.png,,data/images/test/test_0556.png,True,True,False,
test,556,test_0557.png,,data/images/test/test_0557.png,True,True,False,
test,557,test_0558.png,,data/images/test/test_0558.png,True,True,False,
test,558,test_0559.png,,data/images/test/test_0559.png,True,True,False,
test,559,test_0560.png,,data/images/test/test_0560.png,True,True,False,
test,560,test_0561.png,,data/images/test/test_0561.png,True,True,False,
test,561,test_0562.png,,data/images/test/test_0562.png,True,True,False,
test,562,test_0563.png,,data/images/test/test_0563.png,True,True,False,
test,563,test_0564.png,,data/images/test/test_0564.png,True,True,False,
test,564,test_0565.png,,data/images/test/test_0565.png,True,True,False,
test,565,test_0566.png,,data/images/test/test_0566.png,True,True,False,
test,566,test_0567.png,,data/images/test/test_0567.png,True,True,False,
test,567,test_0568.png,,data/images/test/test_0568.png,True,True,False,
test,568,test_0569.png,,data/images/test/test_0569.png,True,True,False,
test,569,test_0570.png,,data/images/test/test_0570.png,True,True,False,
test,570,test_0571.png,,data/images/test/test_0571.png,True,True,False,
test,571,test_0572.png,,data/images/test/test_0572.png,True,True,False,
test,572,test_0573.png,,data/images/test/test_0573.png,True,True,False,
test,573,test_0574.png,,data/images/test/test_0574.png,True,True,False,
test,574,test_0575.png,,data/images/test/test_0575.png,True,True,False,
test,575,test_0576.png,,data/images/test/test_0576.png,True,True,False,
test,576,test_0577.png,,data/images/test/test_0577.png,True,True,False,
test,577,test_0578.png,,data/images/test/test_0578.png,True,True,False,
test,578,test_0579.png,,data/images/test/test_0579.png,True,True,False,
test,579,test_0580.png,,data/images/test/test_0580.png,True,True,False,
test,580,test_0581.png,,data/images/test/test_0581.png,True,True,False,
test,581,test_0582.png,,data/images/test/test_0582.png,True,True,False,
test,582,test_0583.png,,data/images/test/test_0583.png,True,True,False,
test,583,test_0584.png,,data/images/test/test_0584.png,True,True,False,
test,584,test_0585.png,,data/images/test/test_0585.png,True,True,False,
test,585,test_0586.png,,data/images/test/test_0586.png,True,True,False,
test,586,test_0587.png,,data/images/test/test_0587.png,True,True,False,
test,587,test_0588.png,,data/images/test/test_0588.png,True,True,False,
test,588,test_0589.png,,data/images/test/test_0589.png,True,True,False,
test,589,test_0590.png,,data/images/test/test_0590.png,True,True,False,
test,590,test_0591.png,,data/images/test/test_0591.png,True,True,False,
test,591,test_0592.png,,data/images/test/test_0592.png,True,True,False,
test,592,test_0593.png,,data/images/test/test_0593.png,True,True,False,
test,593,test_0594.png,,data/images/test/test_0594.png,True,True,False,
test,594,test_0595.png,,data/images/test/test_0595.png,True,True,False,
test,595,test_0596.png,,data/images/test/test_0596.png,True,True,False,
test,596,test_0597.png,,data/images/test/test_0597.png,True,True,False,
test,597,test_0598.png,,data/images/test/test_0598.png,True,True,False,
test,598,test_0599.png,,data/images/test/test_0599.png,True,True,False,
test,599,test_0600.png,,data/images/test/test_0600.png,True,True,False,
test,600,test_0601.png,,data/images/test/test_0601.png,True,True,False,
test,601,test_0602.png,,data/images/test/test_0602.png,True,True,False,
test,602,test_0603.png,,data/images/test/test_0603.png,True,True,False,
test,603,test_0604.png,,data/images/test/test_0604.png,True,True,False,
test,604,test_0605.png,,data/images/test/test_0605.png,True,True,False,
test,605,test_0606.png,,data/images/test/test_0606.png,True,True,False,
test,606,test_0607.png,,data/images/test/test_0607.png,True,True,False,
test,607,test_0608.png,,data/images/test/test_0608.png,True,True,False,
test,608,test_0609.png,,data/images/test/test_0609.png,True,True,False,
test,609,test_0610.png,,data/images/test/test_0610.png,True,True,False,
test,610,test_0611.png,,data/images/test/test_0611.png,True,True,False,
test,611,test_0612.png,,data/images/test/test_0612.png,True,True,False,
test,612,test_0613.png,,data/images/test/test_0613.png,True,True,False,
test,613,test_0614.png,,data/images/test/test_0614.png,True,True,False,
test,614,test_0615.png,,data/images/test/test_0615.png,True,True,False,
test,615,test_0616.png,,data/images/test/test_0616.png,True,True,False,
test,616,test_0617.png,,data/images/test/test_0617.png,True,True,False,
test,617,test_0618.png,,data/images/test/test_0618.png,True,True,False,
test,618,test_0619.png,,data/images/test/test_0619.png,True,True,False,
test,619,test_0620.png,,data/images/test/test_0620.png,True,True,False,
test,620,test_0621.png,,data/images/test/test_0621.png,True,True,False,
test,621,test_0622.png,,data/images/test/test_0622.png,True,True,False,
test,622,test_0623.png,,data/images/test/test_0623.png,True,True,False,
test,623,test_0624.png,,data/images/test/test_0624.png,True,True,False,
